generation,best_fitness,mean_fitness,mean_reward,mean_survival,mean_floor_reached,mean_bosses_defeated,mean_chests_opened,mean_powerups_picked,mean_damage_powerups,mean_range_powerups,mean_speed_powerups,mean_diagonal_powerups,mean_vitality_powerups,mean_damage,mean_gate_distance,mean_best_gate_distance,mean_gate_tile_visits,mean_use_gate_attempts,mean_invalid_use_gate_attempts,mean_boss_damage,mean_boss_hits,mean_boss_health_remaining,mean_floor5_entry_alive,mean_floor5_entry_power_score,mean_alive_attack_bonus,mean_alive_range_bonus,mean_powered_agent_deaths,mean_miniboss_defeated,success_rate,champion_id,elite_ids
0,-25.796875,-25.796875,-27.615154266357422,60.609375,1.0,0.0,0.0,0.0,0.0,0.0,0.0,0.0,0.0,0.0,54.03125,52.5,0.0,24.484375,0.0,0.0,0.0,0.0,0.0,0.0,0.0,0.0,0.0,0.0,0.0,0,4 3
1,-24.756250381469727,-24.756250381469727,-26.823436737060547,68.90625,1.0,0.0,0.0,0.0,0.0,0.0,0.0,0.0,0.0,0.0,52.28125,50.953125,0.0,27.796875,0.0,0.0,0.0,0.0,0.0,0.0,0.0,0.0,0.0,0.0,0.0,0,4 3
2,-25.192813873291016,-25.7161865234375,-28.275409698486328,83.81562805175781,1.0,0.0,0.015625,0.015625,0.0,0.0,0.0,0.0,0.015625,0.07500000298023224,49.203125,48.421875,0.0,34.34375,0.0,0.0,0.0,0.0,0.0,0.0,0.0,0.0,0.015625,0.0,0.0,1,1 0
3,-24.834142684936523,-25.808643341064453,-28.923175811767578,100.5250015258789,1.0,0.0,0.03125,0.046875,0.015625,0.0,0.0,0.0,0.03125,0.20156249403953552,48.3125,46.734375,0.0,39.140625,0.0,0.0,0.0,0.0,0.0,0.0,0.0,0.0,0.015625,0.0,0.0,2,2 3
4,-23.691564559936523,-24.616376876831055,-27.652782440185547,99.5718765258789,1.0,0.0,0.015625,0.03125,0.015625,0.0,0.0,0.0,0.015625,0.10000000149011612,48.28125,46.921875,0.0,35.96875,0.0,0.0,0.0,0.0,0.0,0.0,0.0078125,0.0,0.0,0.0,0.0,3,3 4
5,-20.715625762939453,-22.109375,-24.938907623291016,85.984375,1.0,0.0,0.125,0.1875,0.0625,0.0,0.0,0.0,0.125,0.0,49.125,47.703125,0.0,28.53125,0.0,0.0,0.0,0.0,0.0,0.0,0.03125,0.0,0.0,0.0,0.0,3,3 1
6,-11.946868896484375,-18.62187385559082,-22.92953109741211,123.796875,1.0,0.0,0.296875,0.546875,0.25,0.0,0.0,0.0,0.296875,0.0,43.125,41.65625,0.0,42.5,0.0,0.0,0.0,0.0,0.0,0.0,0.125,0.0,0.0,0.0,0.0,3,3 0
7,-2.8031113147735596,-12.440619468688965,-17.2020263671875,123.296875,1.0,0.0,0.53125,1.0,0.46875,0.0,0.0,0.0,0.53125,0.0,41.28125,39.984375,0.0,44.453125,0.0,0.0,0.0,0.0,0.0,0.0,0.234375,0.0,0.0,0.0,0.0,3,3 4
8,11.150019645690918,-5.574992656707764,-11.213899612426758,133.796875,1.0,0.0,0.8125,1.59375,0.78125,0.0,0.0,0.0,0.8125,0.0,39.140625,37.734375,0.0,49.015625,0.0,0.0,0.0,0.0,0.0,0.0,0.390625,0.0,0.0,0.0,0.0,3,3 4
9,16.356277465820312,0.3812639117240906,-5.261236190795898,126.625,1.0,0.0,0.921875,1.84375,0.921875,0.0,0.0,0.0,0.921875,0.0,37.796875,35.84375,0.0,45.046875,0.0,0.0,0.0,0.0,0.0,0.0,0.4609375,0.0,0.0,0.0,0.0,3,3 1
10,14.956274032592773,1.9062645435333252,-3.527641773223877,116.546875,1.0,0.0,0.96875,1.9375,0.96875,0.0,0.0,0.0,0.96875,0.0,37.65625,36.3125,0.0,41.65625,0.0,0.0,0.0,0.0,0.0,0.0,0.484375,0.0,0.0,0.0,0.0,3,3 1
11,18.36565399169922,3.2718918323516846,-2.0637331008911133,111.1875,1.0,0.0,1.0,1.984375,0.984375,0.0,0.0,0.0,1.0,0.0,37.34375,35.640625,0.0,38.296875,0.0,0.0,0.0,0.0,0.0,0.0,0.4921875,0.0,0.0,0.0,0.0,1,1 3
12,22.428163528442383,2.8531439304351807,-2.529512882232666,113.796875,1.0,0.0,0.984375,1.96875,0.984375,0.0,0.0,0.0,0.984375,0.0,36.984375,35.375,0.0,39.734375,0.0,0.0,0.0,0.0,0.0,0.0,0.4921875,0.0,0.0,0.0,0.0,3,3 1
13,23.88753318786621,3.1875176429748535,-2.007169723510742,107.53125,1.0,0.0,0.984375,1.96875,0.984375,0.0,0.0,0.0,0.984375,0.0,37.09375,35.65625,0.0,34.875,0.0,0.0,0.0,0.0,0.0,0.0,0.4921875,0.0,0.0,0.0,0.0,1,1 3
14,39.175052642822266,3.6062724590301514,-1.4307595491409302,101.234375,1.0,0.0,1.0,2.0,1.0,0.0,0.0,0.0,1.0,0.0,36.890625,35.59375,0.0,32.40625,0.0,0.0,0.0,0.0,0.0,0.0,0.5,0.0,0.0,0.0,0.0,3,3 4
15,44.34380340576172,4.212521553039551,-0.5718531608581543,92.8125,1.0,0.0,1.0,2.0,1.0,0.0,0.0,0.0,1.0,0.0,36.71875,35.3125,0.0,26.109375,0.0,0.0,0.0,0.0,0.0,0.0,0.5,0.0,0.0,0.0,0.0,3,3 4
16,45.46880340576172,3.681272506713867,-1.1898212432861328,95.703125,1.0,0.0,1.0,2.0,1.0,0.0,0.0,0.0,1.0,0.0,36.96875,35.46875,0.0,32.390625,0.0,0.0,0.0,0.0,0.0,0.0,0.5,0.0,0.0,0.0,0.0,3,3 1
17,50.6594352722168,4.3718976974487305,-0.2920083999633789,88.796875,1.0,0.0,1.0,2.0,1.0,0.0,0.0,0.0,1.0,0.0,36.09375,35.046875,0.0,29.21875,0.0,0.0,0.0,0.0,0.0,0.0,0.5,0.0,0.0,0.0,0.0,3,3 4
18,48.728187561035156,5.34689998626709,0.5850257873535156,92.0625,1.0,0.0,1.0,2.0,1.0,0.0,0.0,0.0,1.0,0.0,35.1875,34.046875,0.0,34.0,0.0,0.0,0.0,0.0,0.0,0.0,0.5,0.0,0.0,0.0,0.0,3,3 1
19,45.93130874633789,6.084604740142822,1.2631984949111938,93.6624984741211,1.0,0.0,1.0,2.0,1.0,0.0,0.0,0.0,1.0,0.06406249850988388,34.296875,33.5,0.0,33.359375,0.0,0.0,0.0,0.0,0.0,0.0,0.513671875,0.0,0.0,0.0,0.0,3,3 4
20,38.042869567871094,5.205527305603027,0.17168378829956055,100.52812194824219,1.0,0.0,1.0,2.0,1.0,0.0,0.0,0.0,1.0,0.10000000149011612,33.671875,32.96875,0.0,39.109375,0.0,0.0,0.0,0.0,0.0,0.0,0.501953125,0.0,0.0,0.0,0.0,3,3 4
21,52.512962341308594,4.914933681488037,-0.1344730406999588,100.4468765258789,1.0,0.0,1.0,2.0,1.0,0.0,0.0,0.0,1.0,0.20000000298023224,33.84375,33.359375,0.0,35.890625,0.0,0.0,0.0,0.0,0.0,0.0,0.50390625,0.0,0.015625,0.0,0.0,3,3 1
22,46.00318908691406,5.303151607513428,0.32837048172950745,99.15937805175781,1.0,0.0,1.0,2.0,1.0,0.0,0.0,0.0,1.0,0.0,33.578125,33.015625,0.0,35.40625,0.0,0.0,0.0,0.0,0.0,0.0,0.501953125,0.0,0.0,0.0,0.0,3,3 1
23,43.70584487915039,2.990229606628418,-2.0805516242980957,100.3812484741211,1.0,0.0,1.0,2.0,1.0,0.0,0.0,0.0,1.0,0.3296875059604645,32.203125,32.84375,0.0,34.28125,0.0,0.0,0.0,0.0,0.0,0.0,0.4817708432674408,0.0,0.046875,0.0,0.0,3,3 1
24,51.70068359375,6.178524017333984,1.2792108058929443,91.7874984741211,1.0,0.0,1.0,2.0,1.0,0.0,0.0,0.0,1.0,0.809374988079071,33.25,32.46875,0.0,25.375,0.0,0.0,0.0,0.0,0.0,0.0,0.4401041567325592,0.0,0.140625,0.0,0.0,3,3 1
25,49.30303192138672,4.022573947906494,-1.1894896030426025,99.09062194824219,1.0,0.0,1.0,2.0,1.0,0.0,0.0,0.0,1.0,1.329687476158142,32.46875,32.34375,0.0,25.6875,0.0,0.0,0.0,0.0,0.0,0.0,0.435546875,0.0,0.234375,0.0,0.0,3,3 1
26,50.13631820678711,3.49822998046875,-1.8780826330184937,100.87187194824219,1.0,0.0,1.0,2.0,1.0,0.0,0.0,0.0,1.0,1.9453125,33.53125,32.234375,0.0,24.796875,0.0,0.0,0.0,0.0,0.0,0.0,0.4290364682674408,0.0,0.21875,0.0,0.0,3,3 1
27,47.09490203857422,2.6240735054016113,-3.1314892768859863,103.7718734741211,1.0,0.0,1.015625,2.015625,1.015625,0.0,0.0,0.0,1.0,3.395312547683716,31.796875,31.515625,0.0,22.515625,0.0,0.0,0.0,0.0,0.0,0.0,0.4296875,0.0,0.375,0.0,0.0,3,3 1
28,55.817405700683594,6.754508972167969,0.3257902264595032,115.92500305175781,1.0,0.0,1.03125,2.03125,1.03125,0.0,0.0,0.0,1.0,4.935937404632568,29.703125,26.6875,0.0,25.875,0.0,0.0,0.0,0.0,0.0,0.0,0.3235677182674408,0.0,0.578125,0.0,0.0,3,3 1
29,68.1824951171875,10.41303825378418,1.8071321249008179,122.875,1.03125,0.0,1.046875,2.046875,1.046875,0.0,0.0,0.0,1.0,5.282812595367432,26.484375,23.5625,0.03125,26.203125,0.0,0.0,0.0,0.0,0.0,0.0,0.3307291567325592,0.0,0.671875,0.0,0.0,3,3 1
30,63.45914840698242,10.744467735290527,3.7442798614501953,131.02499389648438,1.0,0.0,1.0625,2.078125,1.0625,0.0,0.0,0.0,1.015625,5.246874809265137,29.609375,23.890625,0.0,33.84375,0.0,0.0,0.0,0.0,0.0,0.0,0.3704427182674408,0.0,0.484375,0.0,0.0,3,3 2
31,73.58760833740234,9.794672966003418,2.501579523086548,134.0500030517578,1.0,0.0,1.171875,2.203125,1.171875,0.0,0.0,0.0,1.03125,5.154687404632568,29.765625,25.6875,0.0,32.515625,0.0,0.0,0.0,0.0,0.0,0.0,0.5032551884651184,0.0,0.34375,0.0,0.0,3,3 1
32,102.14442443847656,27.6569881439209,16.695926666259766,142.88436889648438,1.046875,0.0,1.359375,2.578125,1.359375,0.0,0.0,0.0,1.21875,6.3515625,27.0625,18.96875,0.046875,35.171875,0.0,0.0,0.0,0.0,0.0,0.0,0.46484375,0.0,0.625,0.0,0.0,3,3 1
33,203.13734436035156,113.49212646484375,80.95207214355469,188.94375610351562,1.359375,0.0,1.875,3.65625,1.84375,0.0,0.03125,0.015625,1.765625,8.662500381469727,28.9375,8.140625,0.359375,53.46875,0.0,0.0,0.0,0.0,0.0,0.0,0.54296875,0.0,0.921875,0.0,0.0,3,3 4
34,221.88946533203125,129.56027221679688,93.70366668701172,193.109375,1.40625,0.0,1.984375,3.890625,1.921875,0.0,0.0625,0.0,1.90625,9.553125381469727,31.59375,7.390625,0.40625,62.171875,0.0,0.0,0.0,0.0,0.0,0.0,0.5598958134651184,0.0,0.921875,0.0,0.0,3,3 1
35,247.17137145996094,143.54351806640625,104.48828125,195.5500030517578,1.453125,0.0,2.078125,4.140625,1.96875,0.0,0.109375,0.03125,2.03125,10.25,29.953125,6.921875,0.453125,58.75,0.0,0.0,0.0,0.0,0.0,0.0,0.53125,0.0,0.828125,0.0,0.0,3,3 4
36,253.88232421875,151.54483032226562,110.187255859375,202.85000610351562,1.484375,0.0,2.171875,4.296875,1.96875,0.0,0.1875,0.046875,2.09375,10.365625381469727,31.90625,7.5,0.484375,52.984375,0.0,0.0,0.0,0.0,0.0,0.0,0.5572916865348816,0.0,0.78125,0.0,0.0,3,3 1
37,332.73785400390625,210.276611328125,155.52377319335938,234.4343719482422,1.671875,0.0,2.53125,4.984375,2.0,0.0,0.484375,0.109375,2.390625,13.026562690734863,31.1875,5.5,0.671875,70.203125,0.0,0.0,0.0,0.0,0.0,0.0,0.568359375,0.0,0.734375,0.0,0.0,3,3 4
38,429.203369140625,286.614501953125,215.4291534423828,262.5249938964844,1.90625,0.0,3.015625,6.015625,2.125,0.0,0.875,0.28125,2.734375,16.129688262939453,30.9375,4.25,0.90625,82.71875,0.0,0.0,0.0,0.0,0.0,0.0,0.5546875,0.0,1.015625,0.0,0.0,3,3 4
39,518.04833984375,354.40875244140625,269.23956298828125,292.4156188964844,2.109375,0.0,3.25,6.484375,2.203125,0.0,1.03125,0.375,2.875,18.5234375,34.71875,3.96875,1.109375,106.140625,0.0,0.0,0.0,0.0,0.0,0.0,0.5533854365348816,0.0,0.953125,0.0,0.0,3,3 1
40,488.1076354980469,338.6851501464844,256.0867004394531,274.12811279296875,2.078125,0.0,3.25,6.484375,2.125,0.0,1.109375,0.25,3.0,17.706249237060547,34.390625,2.640625,1.078125,97.671875,0.0,0.0,0.0,0.0,0.0,0.0,0.4127604067325592,0.0,1.09375,0.0,0.0,3,3 4
41,499.15667724609375,361.13482666015625,274.62457275390625,245.75625610351562,2.15625,0.0,3.390625,6.734375,2.109375,0.0,1.234375,0.34375,3.046875,16.5625,35.71875,2.34375,1.15625,73.46875,0.0,0.0,0.0,0.0,0.0,0.0,0.5638020634651184,0.0,1.25,0.0,0.0,3,3 4
42,601.2987670898438,448.3152770996094,346.058349609375,278.421875,2.375,0.0,3.875,7.609375,2.359375,0.0,1.390625,0.546875,3.3125,20.301563262939453,35.40625,2.0,1.375,77.4375,0.0,0.0,0.0,0.0,0.0,0.0,0.5182291865348816,0.0,1.453125,0.0,0.0,3,3 1
43,657.959228515625,499.25726318359375,388.1288146972656,288.4750061035156,2.5,0.0,4.171875,8.34375,2.484375,0.015625,1.6875,0.734375,3.421875,22.946874618530273,29.21875,2.0,1.5,95.921875,0.0,0.0,0.0,0.0,0.0,0.0,0.6256510615348816,0.015625,1.59375,0.0,0.0,3,3 1
44,657.440185546875,484.00506591796875,377.29376220703125,252.5593719482422,2.453125,0.0,3.984375,7.90625,2.4375,0.015625,1.515625,0.609375,3.328125,22.1015625,34.734375,2.0,1.453125,95.078125,0.0,0.0,0.0,0.0,0.0,0.0,0.2760416567325592,0.0,1.625,0.0,0.0,3,3 1
45,724.788818359375,549.5311889648438,429.4750061035156,281.72186279296875,2.640625,0.0,4.359375,8.6875,2.640625,0.015625,1.6875,0.703125,3.640625,24.712499618530273,30.34375,2.0,1.640625,90.421875,0.0,0.0,0.0,0.0,0.0,0.0,0.5442708134651184,0.0,1.65625,0.0,0.0,3,3 1
46,710.6478881835938,514.0623779296875,401.03948974609375,264.421875,2.546875,0.0,4.109375,8.15625,2.515625,0.0,1.546875,0.609375,3.484375,22.549999237060547,33.671875,2.0,1.546875,85.125,0.0,0.0,0.0,0.0,0.0,0.0,0.4147135317325592,0.0,1.5625,0.0,0.0,3,3 1
47,752.6765747070312,567.99267578125,445.82818603515625,279.9468688964844,2.671875,0.0,4.5,9.0,2.671875,0.015625,1.828125,0.8125,3.671875,24.7421875,30.0625,2.0,1.671875,77.3125,0.0,0.0,0.0,0.0,0.0,0.0,0.4544270932674408,0.0031250000465661287,1.65625,0.0,0.0,3,3 2
48,759.4697265625,573.5244750976562,450.7203674316406,274.3812561035156,2.6875,0.0,4.453125,8.890625,2.640625,0.03125,1.796875,0.78125,3.640625,24.535938262939453,31.921875,2.0,1.6875,77.34375,0.0,0.0,0.0,0.0,0.0,0.0,0.48828125,0.0052083334885537624,1.34375,0.0,0.0,3,3 1
49,746.7493896484375,550.5829467773438,432.04351806640625,269.05938720703125,2.625,0.0,4.40625,8.765625,2.609375,0.015625,1.75,0.78125,3.609375,23.084375381469727,31.8125,2.0,1.625,82.0625,0.0,0.0,0.0,0.0,0.0,0.0,0.8997395634651184,0.00390625,1.1875,0.0,0.0,3,3 1
50,739.8848266601562,531.29541015625,416.34234619140625,249.21875,2.578125,0.0,4.359375,8.671875,2.546875,0.03125,1.765625,0.78125,3.546875,22.612499237060547,31.828125,2.0,1.578125,86.75,0.0,0.0,0.0,0.0,0.0,0.0,0.6796875,0.00390625,1.390625,0.0,0.0,3,3 1
51,734.0999145507812,525.87548828125,411.0724182128906,247.96249389648438,2.578125,0.0,4.34375,8.625,2.53125,0.015625,1.75,0.796875,3.53125,22.162500381469727,26.953125,2.0,1.578125,94.59375,0.0,0.0,0.0,0.0,0.0,0.0,0.55078125,0.0,1.4375,0.0,0.0,3,3 1
52,737.2924194335938,558.205322265625,436.430908203125,273.0843811035156,2.671875,0.0,4.5,8.984375,2.609375,0.03125,1.875,0.859375,3.609375,23.71875,26.609375,2.0,1.671875,106.09375,0.0,0.0,0.0,0.0,0.0,0.0,0.40625,0.0,1.640625,0.0,0.0,3,3 1
53,803.4760131835938,599.8502197265625,472.68505859375,285.953125,2.75,0.0,4.4375,8.84375,2.734375,0.046875,1.671875,0.671875,3.71875,26.174999237060547,33.78125,2.03125,1.75,102.84375,0.0,0.0,0.0,0.0,0.0,0.0,0.5319010615348816,0.0031250000465661287,1.46875,0.0,0.0,3,3 2
54,774.02685546875,571.5602416992188,449.2323303222656,256.70623779296875,2.6875,0.0,4.453125,8.875,2.609375,0.046875,1.8125,0.796875,3.609375,24.8359375,28.9375,2.0,1.6875,94.28125,0.0,0.0,0.0,0.0,0.0,0.0,0.482421875,0.0,1.625,0.0,0.0,3,3 2
55,837.947265625,647.9249267578125,512.2261962890625,309.63751220703125,2.859375,0.0,4.859375,9.703125,2.84375,0.0625,2.0,0.953125,3.84375,28.490625381469727,32.78125,2.0,1.859375,118.140625,0.0,0.0,0.0,0.0,0.0,0.0,0.8541666865348816,0.007031249813735485,1.3125,0.0,0.0,3,3 1
56,838.1535034179688,641.2251586914062,506.86163330078125,305.22186279296875,2.84375,0.0,4.734375,9.4375,2.828125,0.078125,1.875,0.828125,3.828125,28.40625,33.65625,2.0,1.84375,138.703125,0.0,0.0,0.0,0.0,0.0,0.0,1.0123697519302368,0.0052083334885537624,1.25,0.0,0.0,3,3 2
57,835.2896118164062,622.890869140625,492.40545654296875,285.8031311035156,2.796875,0.0,4.640625,9.265625,2.78125,0.078125,1.84375,0.78125,3.78125,26.764062881469727,32.15625,2.0,1.796875,114.21875,0.0,0.0,0.0,0.0,0.0,0.0,0.9602864384651184,0.00911458395421505,1.03125,0.0,0.0,3,3 2
58,854.7743530273438,639.5513916015625,505.07904052734375,281.53125,2.859375,0.0,4.796875,9.59375,2.84375,0.046875,1.953125,0.90625,3.84375,27.056249618530273,25.71875,2.0,1.859375,110.578125,0.0,0.0,0.0,0.0,0.0,0.0,0.8912760615348816,0.00390625,1.390625,0.0,0.0,3,3 2
59,850.5057983398438,632.1025390625,499.26837158203125,265.0093688964844,2.84375,0.0,4.828125,9.609375,2.828125,0.046875,1.953125,0.953125,3.828125,25.5703125,28.3125,2.0,1.84375,108.53125,0.0,0.0,0.0,0.0,0.0,0.0,0.9856770634651184,0.0,1.453125,0.0,0.0,3,3 2
60,827.85400390625,635.5457763671875,503.5497131347656,267.9781188964844,2.828125,0.0,4.78125,9.5625,2.8125,0.03125,1.96875,0.9375,3.8125,26.1484375,32.765625,2.0,1.828125,103.703125,0.0,0.0,0.0,0.0,0.0,0.0,1.205078125,0.010416666977107525,1.203125,0.0,0.0,3,3 2
61,874.8460693359375,673.9276733398438,536.6950073242188,268.5406188964844,2.90625,0.0,4.96875,9.9375,2.90625,0.078125,2.0625,0.984375,3.90625,27.021875381469727,34.21875,2.0,1.90625,107.359375,0.0,0.0,0.0,0.0,0.0,0.0,0.9759114384651184,0.01692708395421505,1.15625,0.0,0.0,3,3 2
62,864.04150390625,680.6672973632812,541.9600830078125,275.30938720703125,2.921875,0.0,5.03125,10.015625,2.90625,0.171875,2.078125,0.953125,3.90625,28.182811737060547,31.578125,2.0,1.921875,77.640625,0.0,0.0,0.0,0.0,0.0,0.0,1.0872396230697632,0.02656250074505806,1.046875,0.0,0.0,3,3 1
63,925.6470947265625,704.21630859375,562.0001220703125,268.5874938964844,2.984375,0.0,5.078125,10.140625,2.984375,0.09375,2.078125,1.0,3.984375,27.443750381469727,32.21875,2.0,1.984375,76.140625,0.734375,0.0,0.0,3.75,0.109375,0.5078125,1.3548177480697632,0.01875000074505806,1.21875,0.0,0.0,3,3 2
64,914.0380249023438,701.019287109375,558.991455078125,261.6000061035156,2.984375,0.0,5.0,9.9375,2.96875,0.078125,1.96875,0.953125,3.96875,28.4296875,32.625,2.0,1.984375,73.640625,0.0,0.0,0.0,0.0,0.0,0.0,0.853515625,0.00390625,1.296875,0.0,0.0,3,3 1
65,1012.9513549804688,762.0358276367188,610.0286865234375,287.5375061035156,3.125,0.0,5.296875,10.578125,3.125,0.1875,2.15625,0.984375,4.125,29.373437881469727,28.609375,2.0,2.125,80.546875,0.0,0.0,0.0,0.0,0.0,0.0,0.90625,0.0078125,1.421875,0.0,0.0,3,3 1
66,1142.940673828125,869.4149169921875,702.7674560546875,307.8812561035156,3.328125,0.0,5.765625,11.46875,3.328125,0.46875,2.375,0.96875,4.328125,34.40156173706055,24.90625,2.0,2.328125,90.5625,1.5625,0.0,0.0,7.5,0.234375,0.6875,0.71875,0.01953125,1.546875,0.0,0.0,3,3 4
67,1161.181396484375,905.3443603515625,733.2864379882812,322.24688720703125,3.40625,0.0,5.9375,11.828125,3.40625,0.53125,2.484375,1.0,4.40625,34.11406326293945,23.28125,2.0,2.40625,106.921875,1.65625,0.0,0.0,15.0,0.34375,0.8828125,0.693359375,0.0651041641831398,1.828125,0.0,0.0,3,3 1
68,1008.048095703125,771.7218627929688,617.9495849609375,301.43438720703125,3.140625,0.0,5.375,10.703125,3.109375,0.296875,2.21875,0.96875,4.109375,30.787500381469727,18.03125,2.0,2.140625,108.671875,0.015625,0.0,0.0,3.75,0.0625,0.359375,0.6015625,0.01692708395421505,1.765625,0.0,0.0,3,3 1
69,1036.97802734375,781.7111206054688,627.06005859375,297.92498779296875,3.15625,0.0,5.4375,10.8125,3.125,0.359375,2.25,0.953125,4.125,30.3515625,20.046875,2.0,2.15625,105.84375,0.8125,0.0,0.0,7.5,0.171875,0.6640625,0.7838541865348816,0.02864583395421505,1.75,0.0,0.0,3,3 1
70,995.029296875,725.4099731445312,579.9436645507812,270.1812438964844,3.03125,0.0,5.1875,10.328125,3.0,0.234375,2.140625,0.953125,4.0,28.393749237060547,23.515625,2.0,2.03125,95.28125,0.0,0.0,0.0,0.0,0.0,0.0,0.8033854365348816,0.01302083395421505,1.375,0.0,0.0,3,3 4
71,1045.036376953125,817.8914184570312,660.0228881835938,281.5843811035156,3.21875,0.0,5.5,10.96875,3.15625,0.375,2.3125,0.96875,4.15625,29.421875,26.796875,2.0,2.21875,87.03125,1.203125,0.0,0.0,9.375,0.234375,0.9296875,0.9798176884651184,0.0533854179084301,1.59375,0.0,0.0,3,3 1
72,1002.586181640625,741.5256958007812,593.751220703125,263.984375,3.078125,0.0,5.140625,10.25,3.03125,0.140625,2.078125,0.96875,4.03125,27.145313262939453,29.015625,2.0,2.078125,92.625,0.46875,0.0,0.0,1.875,0.0625,0.0625,1.0677083730697632,0.0078125,1.421875,0.0,0.0,3,3 1
73,1105.4888916015625,857.5271606445312,691.4420776367188,287.98748779296875,3.34375,0.0,5.609375,11.203125,3.328125,0.34375,2.265625,0.9375,4.328125,31.120311737060547,24.796875,2.0,2.34375,93.640625,1.046875,0.0,0.0,7.5,0.15625,0.65625,0.833984375,0.0494791679084301,1.890625,0.0,0.0,3,3 1
74,1161.7244873046875,886.7232666015625,718.2314453125,297.0843811035156,3.375,0.0,5.671875,11.328125,3.328125,0.390625,2.328125,0.953125,4.328125,31.864063262939453,26.765625,2.0,2.375,86.53125,1.65625,0.0,0.0,13.125,0.328125,1.4296875,0.830078125,0.0651041641831398,1.546875,0.0,0.0,3,3 1
75,1163.79541015625,896.85009765625,728.0471801757812,305.48126220703125,3.375,0.0,5.734375,11.453125,3.375,0.359375,2.34375,1.0,4.375,31.498437881469727,26.265625,2.0,2.375,104.328125,2.890625,0.0,0.0,16.875,0.46875,1.921875,1.0358072519302368,0.05130208283662796,1.328125,0.0,0.0,3,3 4
76,1181.069091796875,899.4625244140625,729.2872924804688,313.39373779296875,3.390625,0.0,5.71875,11.4375,3.390625,0.328125,2.328125,1.0,4.390625,32.76874923706055,25.140625,2.0,2.390625,124.40625,1.421875,0.0,0.0,11.25,0.28125,1.0234375,0.8040364384651184,0.0416666679084301,1.390625,0.0,0.0,3,3 2
77,1280.109619140625,983.9363403320312,801.7960205078125,320.6937561035156,3.578125,0.0,5.890625,11.765625,3.53125,0.34375,2.34375,1.0,4.546875,33.615623474121094,25.3125,2.0,2.578125,110.671875,2.53125,0.0,0.0,18.75,0.53125,1.984375,0.8795573115348816,0.046875,1.40625,0.0,0.0,3,3 2
78,1188.547119140625,904.56494140625,733.8042602539062,337.890625,3.390625,0.0,5.671875,11.34375,3.390625,0.328125,2.28125,0.96875,4.375,32.459373474121094,27.3125,2.125,2.390625,107.09375,1.453125,0.0,0.0,9.375,0.296875,0.75,0.888671875,0.03593749925494194,1.1875,0.0,0.0,3,3 1
79,1086.3209228515625,867.8449096679688,700.3971557617188,358.04376220703125,3.328125,0.0,5.609375,11.171875,3.34375,0.34375,2.21875,0.9375,4.328125,32.22343826293945,24.0,2.203125,2.328125,105.21875,0.5,0.0,0.0,1.875,0.0625,0.28125,0.9322916865348816,0.05026041716337204,1.3125,0.0,0.0,3,3 1
80,1342.523193359375,1049.025146484375,858.8050537109375,377.11248779296875,3.671875,0.0,6.0625,12.09375,3.671875,0.421875,2.359375,0.984375,4.65625,35.94062423706055,26.90625,2.171875,2.671875,123.1875,4.0625,0.0,0.0,26.25,0.8125,4.0078125,0.8274739384651184,0.07265625149011612,1.296875,0.0,0.0,3,3 1
81,1184.528076171875,967.7750244140625,787.51904296875,370.3218688964844,3.515625,0.0,5.828125,11.625,3.484375,0.359375,2.3125,0.984375,4.484375,36.40312576293945,25.78125,2.0,2.515625,106.6875,1.59375,0.0,0.0,13.125,0.40625,1.6796875,0.970703125,0.06276042014360428,1.3125,0.0,0.0,3,3 1
82,1300.424072265625,1017.87255859375,831.77392578125,372.84375,3.609375,0.0,5.96875,11.921875,3.59375,0.46875,2.359375,0.9375,4.5625,35.62968826293945,24.65625,2.453125,2.609375,110.46875,3.140625,0.0,0.0,22.5,0.6875,2.984375,0.9140625,0.07604166865348816,1.3125,0.0,0.0,3,3 1
83,1388.215576171875,1078.6263427734375,884.3701171875,367.1937561035156,3.734375,0.0,6.21875,12.375,3.671875,0.546875,2.484375,1.0,4.671875,37.446876525878906,26.46875,1.96875,2.734375,108.265625,4.765625,0.0546875,0.0031250000465661287,29.7265625,0.90625,3.453125,1.203125,0.07656250149011612,1.40625,0.0,0.0,3,3 1
84,1414.0758056640625,1109.0992431640625,909.6361083984375,361.2093811035156,3.8125,0.0,6.5,13.0,3.8125,0.6875,2.6875,1.0,4.8125,38.204689025878906,23.859375,1.984375,2.8125,97.25,3.234375,0.015625,0.0031250000465661287,22.421875,0.71875,3.203125,0.9173176884651184,0.10078124701976776,1.390625,0.0,0.0,3,3 1
85,1337.223388671875,1065.980224609375,873.8502197265625,359.640625,3.703125,0.0,6.28125,12.5625,3.703125,0.578125,2.578125,1.0,4.703125,36.615623474121094,27.90625,2.0,2.703125,107.96875,4.3125,0.0,0.0,26.25,0.84375,3.703125,1.103515625,0.07369791716337204,1.34375,0.0,0.0,3,3 1
86,1185.1239013671875,999.6393432617188,815.5233154296875,365.140625,3.578125,0.0,6.0,12.0,3.53125,0.484375,2.46875,0.984375,4.53125,35.96875,26.65625,1.96875,2.578125,127.171875,3.234375,0.0,0.0,18.75,0.671875,2.9140625,1.0345052480697632,0.07317708432674408,1.3125,0.0,0.0,3,3 1
87,1238.5367431640625,1024.32275390625,837.5103759765625,360.9281311035156,3.625,0.0,5.9375,11.875,3.578125,0.375,2.359375,0.984375,4.578125,36.720314025878906,30.203125,1.96875,2.625,116.078125,4.234375,0.0,0.0,24.375,0.859375,3.3984375,0.9095051884651184,0.0611979179084301,1.203125,0.0,0.0,3,3 1
88,1324.877197265625,1086.8349609375,891.9544677734375,369.2562561035156,3.734375,0.0,6.375,12.671875,3.71875,0.640625,2.59375,1.0,4.71875,38.834373474121094,29.484375,1.953125,2.734375,133.515625,5.390625,0.0859375,0.00937500037252903,25.8203125,0.953125,3.8125,0.9466145634651184,0.09843750298023224,1.359375,0.0,0.0,3,3 1
89,1317.0267333984375,1102.810791015625,907.1422119140625,371.734375,3.75,0.0,6.3125,12.625,3.765625,0.65625,2.546875,0.9375,4.71875,38.28593826293945,28.90625,2.75,2.75,128.71875,5.078125,0.03125,0.0062500000931322575,31.71875,1.109375,4.6640625,0.8333333134651184,0.06093750149011612,1.203125,0.0,0.0,3,3 1
90,1487.533935546875,1197.598388671875,988.1199951171875,381.0218811035156,3.953125,0.0,6.765625,13.5,3.9375,0.828125,2.796875,1.0,4.9375,40.717185974121094,28.640625,1.9375,2.953125,128.1875,8.265625,0.09375,0.012500000186264515,38.90625,1.40625,6.2734375,0.7916666865348816,0.08489583432674408,1.28125,0.0,0.0,3,3 1
91,1538.455810546875,1224.3350830078125,1011.7697143554688,396.26873779296875,4.0,0.0,6.78125,13.5625,3.953125,0.828125,2.828125,1.0,4.953125,39.52656173706055,27.09375,2.0,3.0,142.296875,10.46875,0.0,0.0,46.875,1.765625,7.9453125,1.3450521230697632,0.13307291269302368,1.015625,0.0,0.0,3,3 1
92,1710.5198974609375,1345.6702880859375,1116.847900390625,407.2124938964844,4.25,0.0,7.078125,14.140625,4.109375,0.953125,2.96875,1.0,5.109375,41.38750076293945,29.296875,1.96875,3.25,147.71875,12.359375,0.2734375,0.01875000074505806,58.6328125,2.25,9.765625,0.8977864384651184,0.10989584028720856,1.046875,0.0,0.0,3,3 1
93,1570.9342041015625,1217.1082763671875,1006.4465942382812,376.34063720703125,3.984375,0.0,6.578125,13.140625,3.96875,0.640625,2.609375,0.96875,4.953125,39.73749923706055,28.609375,2.1875,2.984375,120.9375,11.03125,0.0,0.0,45.0,1.71875,7.578125,1.0970052480697632,0.10546875,1.046875,0.0,0.0,3,3 1
94,1800.4459228515625,1395.7880859375,1162.2099609375,370.9281311035156,4.34375,0.0,7.125,14.25,4.1875,0.953125,2.9375,0.984375,5.1875,42.0859375,31.03125,2.0,3.34375,117.984375,13.90625,0.0,0.0,69.375,2.421875,10.9140625,1.349609375,0.1731770783662796,1.03125,0.0,0.0,3,3 1
95,1859.0540771484375,1419.7010498046875,1183.884521484375,380.0218811035156,4.375,0.0,7.171875,14.34375,4.25,0.96875,2.921875,0.96875,5.234375,42.06718826293945,29.4375,2.140625,3.375,123.203125,15.625,0.21875,0.012500000186264515,72.03125,2.71875,11.5234375,1.0481771230697632,0.1302083283662796,1.0,0.0,0.0,3,3 1
96,1852.7940673828125,1415.3975830078125,1180.2113037109375,368.640625,4.359375,0.0,7.5,14.984375,4.359375,1.125,3.140625,1.0,5.359375,42.025001525878906,25.421875,1.953125,3.359375,128.265625,21.3125,0.1796875,0.01875000074505806,70.3515625,2.765625,12.2421875,1.12890625,0.15416666865348816,0.953125,0.0,0.0,3,3 1
97,1861.2926025390625,1428.5640869140625,1191.6143798828125,372.46563720703125,4.390625,0.0,7.390625,14.78125,4.34375,1.046875,3.046875,1.0,5.34375,41.982810974121094,28.5625,1.96875,3.390625,137.0,23.65625,0.0546875,0.0031250000465661287,74.7265625,2.875,12.328125,1.19140625,0.13697916269302368,0.9375,0.0,0.0,3,3 1
98,1824.4620361328125,1424.5972900390625,1188.133544921875,358.4750061035156,4.390625,0.0,7.359375,14.671875,4.375,0.96875,2.96875,0.984375,5.375,41.9609375,30.25,1.953125,3.390625,120.234375,21.703125,0.203125,0.015625,72.109375,2.734375,11.65625,1.056640625,0.12421874701976776,1.140625,0.0,0.0,3,3 1
99,1909.1962890625,1446.0816650390625,1208.38525390625,340.0843811035156,4.421875,0.0,7.328125,14.65625,4.390625,0.953125,2.9375,0.984375,5.390625,41.806251525878906,30.046875,1.953125,3.421875,122.0625,31.578125,0.1640625,0.00937500037252903,77.9296875,3.078125,13.703125,0.8548176884651184,0.10260416567325592,1.046875,0.0,0.0,3,3 1
100,1872.8404541015625,1453.1959228515625,1214.3641357421875,348.42498779296875,4.4375,0.0,7.296875,14.59375,4.375,0.921875,2.921875,1.0,5.375,41.86249923706055,32.0,1.96875,3.4375,112.390625,25.609375,0.2421875,0.01875000074505806,77.5390625,3.0,13.671875,1.224609375,0.14088541269302368,0.90625,0.0,0.0,3,3 1
101,1838.0479736328125,1399.253662109375,1168.010986328125,335.078125,4.328125,0.0,7.1875,14.359375,4.265625,0.921875,2.90625,1.0,5.265625,39.59843826293945,33.109375,2.0,3.328125,108.875,24.421875,0.390625,0.02500000037252903,73.046875,2.921875,13.0859375,0.92578125,0.08281250298023224,1.0,0.0,0.0,3,3 1
102,1988.9354248046875,1510.768310546875,1264.580810546875,350.98126220703125,4.546875,0.0,7.546875,15.046875,4.4375,1.09375,3.078125,1.0,5.4375,43.06562423706055,30.1875,1.921875,3.546875,109.15625,29.484375,0.6328125,0.04062499850988388,81.2109375,3.328125,14.4140625,0.927734375,0.12734374403953552,0.984375,0.0,0.0,3,3 2
103,2039.6763916015625,1554.4583740234375,1302.831298828125,352.79376220703125,4.625,0.0,7.828125,15.640625,4.578125,1.25,3.234375,1.0,5.578125,43.81718826293945,27.109375,1.921875,3.625,130.234375,39.1875,1.328125,0.08437500149011612,81.484375,3.34375,15.5703125,1.0397135019302368,0.15026041865348816,0.953125,0.0,0.0,3,3 2
104,1907.829833984375,1464.489990234375,1224.093505859375,344.95001220703125,4.453125,0.0,7.5625,15.125,4.40625,1.171875,3.15625,0.984375,5.40625,42.974998474121094,25.28125,1.9375,3.453125,144.65625,33.75,1.140625,0.08124999701976776,65.546875,2.75,13.3984375,0.9342448115348816,0.14687499403953552,1.09375,0.0,0.0,3,3 2
105,1989.1494140625,1524.219970703125,1277.298095703125,334.1968688964844,4.5625,0.0,7.6875,15.359375,4.546875,1.140625,3.140625,0.984375,5.546875,43.171875,26.671875,1.875,3.5625,134.546875,33.65625,0.8671875,0.05937499925494194,80.0390625,3.171875,15.515625,0.9798176884651184,0.15859374403953552,1.03125,0.0,0.0,3,3 2
106,2099.664306640625,1598.265869140625,1341.0853271484375,358.8812561035156,4.703125,0.0,8.125,16.21875,4.640625,1.484375,3.46875,0.984375,5.640625,44.314064025878906,26.640625,1.84375,3.703125,157.125,49.34375,1.609375,0.11874999850988388,87.578125,3.65625,16.9453125,1.0592447519302368,0.15182292461395264,1.03125,0.0,0.0,3,3 1
107,2026.7021484375,1525.8082275390625,1275.6409912109375,353.1312561035156,4.515625,0.03125,7.765625,15.515625,4.484375,1.296875,3.265625,1.0,5.46875,45.025001525878906,22.53125,1.96875,3.515625,141.96875,42.0,2.7421875,0.18437500298023224,61.2890625,2.96875,14.1484375,1.4635416269302368,0.19088542461395264,0.78125,0.03125,0.0,3,3 2
108,2052.6728515625,1566.614990234375,1313.505126953125,358.63751220703125,4.640625,0.0,7.90625,15.796875,4.609375,1.296875,3.28125,1.0,5.609375,45.00468826293945,28.0625,1.90625,3.640625,167.40625,51.765625,2.21875,0.14374999701976776,77.03125,3.375,15.4609375,1.310546875,0.19218750298023224,1.0,0.0,0.0,3,3 2
109,1988.07470703125,1527.6968994140625,1278.506103515625,353.85626220703125,4.546875,0.015625,7.640625,15.28125,4.515625,1.109375,3.125,1.015625,5.515625,44.34062576293945,26.109375,2.0,3.546875,166.484375,44.46875,2.4453125,0.16249999403953552,68.3984375,3.1875,14.734375,0.9973958134651184,0.12864583730697632,0.953125,0.015625,0.0,3,3 2
110,2326.489501953125,1760.885009765625,1476.003662109375,361.31561279296875,4.890625,0.09375,8.265625,16.515625,4.8125,1.40625,3.4375,1.0625,5.796875,50.40625,27.296875,1.984375,3.890625,183.34375,54.625,5.71875,0.3968749940395355,72.65625,4.0,19.4296875,1.15625,0.15078124403953552,0.921875,0.09375,0.0,3,3 2
111,2215.226806640625,1691.8238525390625,1421.23779296875,344.82501220703125,4.828125,0.03125,8.265625,16.515625,4.78125,1.453125,3.484375,1.015625,5.78125,50.125,27.59375,2.0,3.828125,157.90625,50.203125,5.9296875,0.43437498807907104,73.4765625,3.828125,17.28125,0.6998698115348816,0.13776041567325592,1.28125,0.03125,0.0,3,3 1
112,2320.382080078125,1739.0855712890625,1460.989990234375,347.73126220703125,4.875,0.0625,8.09375,16.171875,4.828125,1.234375,3.25,1.046875,5.8125,49.8671875,27.234375,1.921875,3.875,161.59375,53.09375,5.6796875,0.40312498807907104,74.7265625,4.0,18.828125,0.7506510615348816,0.08489583432674408,1.296875,0.0625,0.0,3,3 2
113,2337.459228515625,1739.955322265625,1461.25390625,338.23126220703125,4.84375,0.078125,8.0625,16.125,4.84375,1.15625,3.21875,1.078125,5.828125,51.69218826293945,28.28125,1.96875,3.84375,139.65625,42.28125,7.328125,0.4781250059604645,60.859375,3.78125,17.78125,0.9713541865348816,0.09427083283662796,1.0625,0.078125,0.0,3,3 2
114,2301.97802734375,1722.681640625,1446.668701171875,352.49688720703125,4.828125,0.0625,8.1875,16.3125,4.8125,1.3125,3.328125,1.0625,5.796875,52.087501525878906,28.421875,2.0,3.828125,161.484375,51.109375,7.171875,0.4781250059604645,61.640625,3.640625,17.390625,0.9895833134651184,0.10260416567325592,1.328125,0.0625,0.0,3,3 1
115,2414.135498046875,1760.434814453125,1471.888427734375,341.87188720703125,4.828125,0.140625,8.1875,16.3125,4.828125,1.234375,3.359375,1.09375,5.796875,54.04218673706055,27.796875,1.96875,3.828125,143.71875,43.734375,8.7421875,0.565625011920929,50.0390625,3.640625,16.4765625,0.5930989384651184,0.0716145858168602,1.21875,0.140625,0.0,3,3 1
116,2444.746826171875,1810.0986328125,1520.4801025390625,339.85626220703125,4.9375,0.109375,8.109375,16.203125,4.875,1.1875,3.234375,1.09375,5.8125,52.5234375,30.90625,2.0,3.9375,133.609375,43.421875,7.578125,0.4781250059604645,63.359375,3.90625,17.6484375,1.0240885019302368,0.15442708134651184,1.125,0.109375,0.0,3,3 1
117,2364.645751953125,1765.2838134765625,1480.583740234375,352.6656188964844,4.859375,0.109375,7.890625,15.78125,4.734375,1.09375,3.15625,1.109375,5.6875,51.53593826293945,32.953125,1.890625,3.859375,150.515625,41.421875,7.84375,0.46875,56.40625,3.640625,16.515625,0.65625,0.11770834028720856,1.171875,0.109375,0.0,3,3 4
118,2169.832763671875,1621.9869384765625,1360.4776611328125,340.984375,4.703125,0.03125,7.734375,15.46875,4.578125,1.15625,3.15625,1.0,5.578125,47.907814025878906,33.703125,1.984375,3.703125,150.578125,46.1875,4.8515625,0.33125001192092896,69.4921875,3.53125,16.4921875,0.71875,0.0729166641831398,1.09375,0.03125,0.0,3,3 1
119,2570.84814453125,1845.987060546875,1548.10498046875,363.29998779296875,4.96875,0.140625,8.25,16.5,4.921875,1.234375,3.328125,1.125,5.890625,54.767189025878906,35.28125,1.96875,3.96875,161.375,59.0625,9.84375,0.596875011920929,55.78125,4.015625,18.2265625,0.5338541865348816,0.07500000298023224,1.046875,0.140625,0.0,3,3 2
120,2450.53515625,1819.3564453125,1522.7022705078125,367.59375,4.875,0.171875,8.078125,16.15625,4.8125,1.203125,3.265625,1.140625,5.734375,52.61249923706055,34.71875,1.984375,3.875,176.21875,55.6875,9.125,0.596875011920929,48.125,3.6875,16.4921875,0.755859375,0.07057292014360428,1.078125,0.171875,0.0,3,3 1
121,2207.615478515625,1618.907958984375,1350.5382080078125,340.6499938964844,4.5625,0.125,7.546875,15.078125,4.5,0.96875,3.03125,1.109375,5.46875,51.703125,28.78125,1.953125,3.5625,137.59375,33.234375,8.21875,0.5406249761581421,30.15625,2.71875,12.9453125,0.833984375,0.06015624850988388,1.0625,0.125,0.0,3,3 4
122,2250.29638671875,1708.424560546875,1425.1190185546875,349.4125061035156,4.71875,0.15625,7.828125,15.625,4.59375,1.125,3.21875,1.125,5.5625,50.232810974121094,29.890625,1.953125,3.71875,121.390625,30.25,6.390625,0.40937501192092896,48.671875,2.921875,14.6875,0.939453125,0.09218750149011612,1.0625,0.15625,0.0,3,3 1
123,2508.970458984375,1856.4371337890625,1552.6285400390625,369.88751220703125,4.9375,0.1875,8.1875,16.34375,4.8125,1.25,3.359375,1.15625,5.765625,56.037498474121094,32.9375,1.96875,3.9375,145.265625,39.0,9.7734375,0.6187499761581421,46.7578125,3.609375,17.6328125,0.763671875,0.09791667014360428,1.0625,0.1875,0.0,3,3 1
124,2503.970458984375,1817.297607421875,1516.8486328125,366.7250061035156,4.890625,0.1875,7.890625,15.78125,4.78125,1.015625,3.109375,1.09375,5.78125,56.82500076293945,33.359375,1.96875,3.890625,145.09375,38.96875,10.4375,0.643750011920929,43.4375,3.75,16.7265625,0.6236979365348816,0.07500000298023224,0.96875,0.1875,0.0,3,3 2
125,2321.00927734375,1749.1898193359375,1463.5941162109375,382.22186279296875,4.8125,0.125,7.796875,15.578125,4.6875,1.0625,3.109375,1.0625,5.65625,54.36249923706055,33.390625,1.984375,3.8125,135.984375,34.984375,8.359375,0.534375011920929,51.953125,3.640625,17.015625,0.8170573115348816,0.09687499701976776,1.109375,0.125,0.0,3,3 1
126,2361.27880859375,1730.5423583984375,1450.604248046875,363.859375,4.734375,0.125,7.640625,15.265625,4.640625,0.984375,2.984375,1.0625,5.59375,53.77031326293945,33.796875,2.171875,3.734375,135.046875,30.78125,8.59375,0.528124988079071,43.28125,3.3125,15.796875,0.8059895634651184,0.0716145858168602,1.015625,0.125,0.0,3,3 2
127,2132.957275390625,1572.328369140625,1312.4893798828125,347.9750061035156,4.515625,0.09375,7.265625,14.484375,4.40625,0.8125,2.859375,1.046875,5.359375,49.615623474121094,32.8125,2.171875,3.515625,114.296875,23.359375,6.25,0.4000000059604645,45.625,3.015625,13.84375,0.9388020634651184,0.07578124850988388,0.96875,0.09375,0.0,3,3 1
128,2310.306884765625,1684.359375,1405.995361328125,363.96875,4.671875,0.140625,7.4375,14.875,4.515625,0.84375,2.921875,1.09375,5.5,54.20781326293945,33.828125,1.96875,3.671875,119.453125,26.453125,9.6015625,0.6031249761581421,34.4921875,3.265625,15.1640625,0.9095051884651184,0.05520833283662796,0.9375,0.140625,0.0,3,3 2
129,2238.701171875,1618.864990234375,1350.3636474609375,342.24688720703125,4.53125,0.140625,7.28125,14.5625,4.4375,0.796875,2.84375,1.078125,5.40625,51.646873474121094,31.359375,2.21875,3.53125,108.453125,25.34375,8.6796875,0.5406249761581421,35.3515625,3.234375,15.0625,0.6783854365348816,0.03802083432674408,0.9375,0.140625,0.0,3,3 2
130,2476.221923828125,1834.2320556640625,1535.8380126953125,395.87811279296875,4.890625,0.171875,7.734375,15.390625,4.703125,0.953125,3.015625,1.109375,5.609375,56.17499923706055,31.9375,1.984375,3.890625,153.09375,39.640625,8.8984375,0.550000011920929,43.6328125,3.546875,16.1015625,0.9309895634651184,0.08828125149011612,0.859375,0.171875,0.0,3,3 1
131,2240.71337890625,1638.6549072265625,1370.89501953125,389.01873779296875,4.609375,0.09375,7.390625,14.71875,4.53125,0.890625,2.84375,1.015625,5.4375,54.142189025878906,34.234375,2.625,3.609375,162.375,39.484375,8.4375,0.515625,44.0625,3.390625,15.6640625,0.8294270634651184,0.0794270858168602,0.921875,0.09375,0.0,3,3 1
132,2263.611328125,1665.931640625,1388.214111328125,401.1781311035156,4.640625,0.140625,7.5625,15.109375,4.578125,0.921875,2.984375,1.078125,5.546875,53.44218826293945,31.640625,2.1875,3.640625,172.6875,30.6875,7.7421875,0.503125011920929,40.0390625,3.171875,14.625,0.95703125,0.10312499850988388,0.953125,0.140625,0.0,3,3 1
133,2203.256103515625,1636.058837890625,1362.8668212890625,371.46563720703125,4.546875,0.15625,7.375,14.75,4.421875,0.890625,2.953125,1.109375,5.375,52.69843673706055,35.546875,2.265625,3.546875,139.15625,29.15625,8.4453125,0.534375011920929,34.6484375,2.9375,14.59375,0.9251301884651184,0.05833332985639572,1.046875,0.15625,0.0,3,3 1
134,2420.394287109375,1804.693359375,1507.7864990234375,400.7749938964844,4.859375,0.171875,7.78125,15.53125,4.6875,1.015625,3.078125,1.125,5.625,56.9921875,32.828125,2.0,3.859375,162.640625,28.453125,9.140625,0.5687500238418579,38.671875,3.140625,15.7421875,0.755859375,0.07083333283662796,1.125,0.171875,0.0,3,3 1
135,2320.8125,1719.3251953125,1439.209228515625,389.5093688964844,4.71875,0.125,7.71875,15.4375,4.625,1.125,3.09375,1.0625,5.53125,54.82343673706055,32.828125,2.234375,3.71875,182.609375,41.40625,8.1640625,0.528124988079071,39.8046875,3.296875,15.078125,0.841796875,0.05624999850988388,1.046875,0.125,0.0,3,3 1
136,2194.620849609375,1632.374755859375,1360.2069091796875,379.0874938964844,4.484375,0.171875,7.296875,14.59375,4.4375,1.015625,2.859375,0.984375,5.296875,53.54999923706055,27.796875,3.140625,3.484375,166.546875,31.890625,8.875,0.59375,26.875,2.59375,12.921875,1.4661458730697632,0.13880208134651184,0.96875,0.171875,0.0,3,3 1
137,2366.157958984375,1723.5316162109375,1431.968017578125,406.48126220703125,4.609375,0.234375,7.546875,15.046875,4.515625,1.015625,3.0,1.078125,5.4375,56.73749923706055,29.4375,2.3125,3.609375,212.453125,37.125,9.8515625,0.612500011920929,20.1171875,2.84375,13.6875,1.0026041269302368,0.07630208134651184,0.875,0.234375,0.0,3,3 1
138,2359.967041015625,1771.255126953125,1475.096435546875,398.46875,4.6875,0.234375,7.65625,15.296875,4.578125,1.078125,3.0625,1.109375,5.46875,56.345314025878906,29.921875,2.28125,3.6875,194.984375,33.5625,9.21875,0.612500011920929,25.15625,2.75,12.6484375,1.1731771230697632,0.0872395858168602,0.921875,0.234375,0.0,3,3 1
139,2571.793701171875,1900.3980712890625,1586.2384033203125,403.23748779296875,4.921875,0.25,7.90625,15.78125,4.765625,1.0625,3.109375,1.125,5.71875,60.764060974121094,33.875,1.953125,3.921875,201.03125,47.109375,11.6875,0.7124999761581421,31.5625,3.59375,16.9140625,0.8515625,0.08828125149011612,0.953125,0.25,0.0,3,3 2
140,2732.211669921875,2015.2005615234375,1683.2825927734375,394.3968811035156,5.046875,0.3125,8.09375,16.171875,4.90625,1.1875,3.171875,1.171875,5.734375,61.58906173706055,31.625,2.203125,4.046875,203.453125,38.6875,12.3515625,0.7593749761581421,28.2421875,3.390625,16.7421875,1.4895833730697632,0.12734375894069672,0.921875,0.3125,0.0,3,3 1
141,2992.12109375,2184.1904296875,1824.8466796875,411.21563720703125,5.265625,0.390625,8.40625,16.78125,5.078125,1.234375,3.296875,1.234375,5.9375,65.31718444824219,32.0625,1.96875,4.265625,226.875,48.15625,13.703125,0.862500011920929,25.234375,3.5625,17.8359375,1.345703125,0.12968750298023224,0.921875,0.390625,0.0,3,3 1
142,2828.114013671875,2039.262451171875,1698.9638671875,404.40936279296875,5.015625,0.375,7.921875,15.828125,4.890625,1.078125,3.015625,1.09375,5.75,63.25,30.546875,2.1875,4.015625,201.8125,38.265625,12.2421875,0.753125011920929,19.4140625,3.109375,15.1328125,1.2955728769302368,0.1236979216337204,0.75,0.375,0.0,3,3 2
143,3020.107421875,2255.399658203125,1884.3511962890625,432.60626220703125,5.328125,0.4375,8.3125,16.609375,5.0625,1.09375,3.25,1.25,5.953125,65.3203125,32.578125,1.9375,4.328125,203.28125,36.109375,13.3671875,0.815625011920929,23.1640625,3.578125,16.9921875,1.078125,0.10989584028720856,0.90625,0.4375,0.0,3,3 1
144,3185.665283203125,2286.0810546875,1904.9371337890625,422.3343811035156,5.359375,0.484375,8.5,16.984375,5.140625,1.140625,3.34375,1.34375,6.015625,68.9515609741211,32.625,2.0,4.359375,209.515625,40.21875,15.328125,0.9281250238418579,15.234375,3.75,17.265625,0.833984375,0.07265625149011612,0.84375,0.484375,0.0,3,3 1
145,3330.82275390625,2423.858154296875,2026.428466796875,411.35626220703125,5.578125,0.5,8.78125,17.546875,5.328125,1.4375,3.453125,1.203125,6.125,71.328125,32.546875,2.0,4.578125,153.625,31.625,14.578125,0.887499988079071,28.359375,4.015625,19.2578125,1.37890625,0.15390625596046448,0.75,0.5,0.0,3,3 1
146,2798.45556640625,1993.4332275390625,1660.425537109375,374.5249938964844,4.984375,0.34375,8.265625,16.484375,4.859375,1.21875,3.390625,1.25,5.765625,62.099998474121094,34.96875,2.0,3.984375,122.21875,25.546875,12.0703125,0.71875,24.0234375,3.484375,16.5859375,0.685546875,0.06484375149011612,0.953125,0.34375,0.0,3,3 2
147,2953.420166015625,2149.68017578125,1785.7109375,409.140625,5.140625,0.46875,8.265625,16.53125,5.03125,1.09375,3.234375,1.21875,5.953125,65.14530944824219,29.703125,2.0,4.140625,114.75,16.203125,14.5390625,0.893750011920929,17.3046875,3.640625,17.4921875,1.126953125,0.09218750149011612,0.859375,0.46875,0.0,3,3 1
148,3201.10009765625,2293.661865234375,1921.1402587890625,409.2749938964844,5.421875,0.40625,8.796875,17.578125,5.1875,1.46875,3.59375,1.265625,6.0625,68.5406265258789,35.1875,1.953125,4.421875,126.53125,20.234375,15.125,0.921875,23.75,4.015625,19.5546875,1.1217447519302368,0.10911458730697632,0.796875,0.40625,0.0,3,3 2
149,3054.225341796875,2232.8876953125,1868.9635009765625,410.859375,5.296875,0.40625,8.53125,17.046875,5.125,1.328125,3.40625,1.234375,5.953125,65.1312484741211,33.546875,2.0,4.296875,146.671875,22.484375,13.0,0.7906249761581421,23.125,3.5625,17.171875,1.1145833730697632,0.12552084028720856,0.78125,0.40625,0.0,3,3 1
150,3072.1064453125,2256.239990234375,1887.1185302734375,409.4375,5.296875,0.4375,8.515625,17.0,5.1875,1.21875,3.265625,1.265625,6.0625,66.63594055175781,35.078125,1.953125,4.296875,157.078125,23.171875,14.265625,0.856249988079071,22.421875,3.859375,17.609375,0.8873698115348816,0.08020833134651184,0.921875,0.4375,0.0,3,3 4
151,3326.854736328125,2426.885009765625,2034.1519775390625,431.23748779296875,5.5625,0.46875,9.015625,17.96875,5.3125,1.5,3.6875,1.328125,6.140625,72.3031234741211,34.234375,1.96875,4.5625,163.234375,29.609375,17.8671875,1.09375,13.7890625,4.1875,20.2890625,0.9407551884651184,0.08125000447034836,0.84375,0.46875,0.0,3,3 1
152,3171.8935546875,2275.626953125,1903.1617431640625,396.6468811035156,5.34375,0.4375,8.78125,17.5625,5.21875,1.484375,3.546875,1.265625,6.046875,68.76875305175781,31.71875,2.0,4.34375,139.765625,25.015625,14.953125,0.90625,17.109375,3.75,17.6875,0.9205729365348816,0.08671875298023224,0.828125,0.4375,0.0,3,3 4
153,3002.16455078125,2155.303955078125,1803.500732421875,391.296875,5.265625,0.34375,8.65625,17.296875,5.078125,1.515625,3.578125,1.15625,5.96875,65.6343765258789,38.9375,1.921875,4.265625,139.828125,29.578125,14.5703125,0.893750011920929,28.3984375,4.171875,19.6484375,0.357421875,0.01875000074505806,0.984375,0.34375,0.0,3,3 1
154,2872.327392578125,2071.931884765625,1733.8978271484375,369.65625,5.0625,0.34375,8.453125,16.90625,4.953125,1.328125,3.484375,1.28125,5.859375,62.7109375,34.53125,1.96875,4.0625,132.703125,25.453125,13.0390625,0.78125,19.1796875,3.390625,16.8671875,0.7682291865348816,0.07968749850988388,0.921875,0.34375,0.0,3,3 2
155,2700.875244140625,1941.8558349609375,1625.5960693359375,359.84686279296875,4.96875,0.25,8.25,16.4375,4.796875,1.390625,3.4375,1.15625,5.65625,60.21875,36.171875,1.953125,3.96875,128.953125,28.25,11.6875,0.721875011920929,29.6875,3.59375,17.4296875,0.6796875,0.05703125149011612,0.9375,0.25,0.0,3,3 2
156,2837.334228515625,2036.900390625,1710.9365234375,350.4906311035156,5.125,0.25,8.359375,16.671875,4.921875,1.296875,3.40625,1.21875,5.828125,62.390625,35.71875,1.984375,4.125,116.578125,30.34375,13.1953125,0.796875,33.3984375,4.03125,19.2265625,0.6178385615348816,0.07473958283662796,0.921875,0.25,0.0,3,3 2
157,3289.427490234375,2395.524169921875,2007.7427978515625,372.87188720703125,5.5625,0.453125,9.09375,18.125,5.390625,1.609375,3.703125,1.296875,6.125,67.54219055175781,34.171875,2.0,4.5625,124.6875,26.9375,15.890625,0.981249988079071,29.296875,4.265625,20.7578125,0.6341145634651184,0.09192708134651184,1.046875,0.453125,0.0,3,3 2
158,3146.61865234375,2309.846435546875,1927.9351806640625,381.8656311035156,5.421875,0.46875,8.84375,17.671875,5.296875,1.390625,3.546875,1.3125,6.125,69.1968765258789,32.28125,2.0,4.421875,136.9375,33.375,16.8046875,1.068750023841858,17.2265625,4.140625,19.7421875,0.5045573115348816,0.0390625,1.109375,0.46875,0.0,3,3 1
159,3299.22607421875,2409.069091796875,2021.455078125,386.7906188964844,5.515625,0.46875,8.734375,17.4375,5.25,1.390625,3.4375,1.328125,6.03125,70.0234375,30.15625,1.96875,4.515625,142.703125,30.375,14.640625,0.890625,14.921875,3.609375,16.953125,0.849609375,0.08958333730697632,0.8125,0.46875,0.0,3,3 2
160,3163.79541015625,2357.883544921875,1979.7200927734375,396.0218811035156,5.484375,0.421875,8.75,17.453125,5.21875,1.421875,3.484375,1.34375,5.984375,67.890625,32.515625,2.0,4.484375,146.453125,33.171875,14.1484375,0.8812500238418579,24.8828125,3.875,17.53125,0.75,0.06484375149011612,1.03125,0.421875,0.0,3,3 2
161,3879.595703125,2952.34326171875,2494.97705078125,448.68438720703125,6.171875,0.625,9.75,19.40625,5.890625,1.921875,3.71875,1.4375,6.4375,78.296875,31.0625,1.96875,5.171875,167.34375,31.3125,17.375,1.100000023841858,23.4375,4.296875,20.78125,1.6842447519302368,0.22604167461395264,0.84375,0.625,0.0,3,3 1
162,3598.22021484375,2677.872314453125,2248.07958984375,440.6468811035156,5.796875,0.609375,9.0625,18.015625,5.46875,1.453125,3.515625,1.40625,6.171875,72.9781265258789,31.328125,2.0,4.796875,185.359375,29.234375,16.6640625,1.021875023841858,12.3046875,3.859375,18.8046875,1.0553385019302368,0.11927083879709244,0.921875,0.609375,0.0,3,3 1
163,3451.436279296875,2622.516357421875,2207.0830078125,429.1781311035156,5.8125,0.515625,9.09375,18.125,5.421875,1.546875,3.625,1.328125,6.203125,72.890625,32.53125,2.0,4.8125,166.375,24.828125,15.5,0.9468749761581421,20.0,3.859375,18.859375,1.296875,0.18515625596046448,0.859375,0.515625,0.0,3,3 1
164,3554.129150390625,2652.730224609375,2232.75,435.1812438964844,5.796875,0.546875,9.125,18.15625,5.46875,1.546875,3.59375,1.375,6.171875,74.2359390258789,34.421875,2.0,4.796875,206.109375,24.671875,16.84375,1.040624976158142,14.84375,3.71875,17.9296875,1.0143228769302368,0.12786458432674408,0.90625,0.546875,0.0,3,3 1
165,3574.81298828125,2702.208740234375,2277.42529296875,430.0843811035156,5.875,0.546875,9.265625,18.421875,5.484375,1.671875,3.703125,1.390625,6.171875,74.1656265258789,32.75,2.0,4.875,198.8125,25.6875,15.0390625,0.9281250238418579,18.5546875,3.78125,17.8828125,0.9342448115348816,0.10651041567325592,0.984375,0.546875,0.0,3,3 2
166,3769.688720703125,2832.75390625,2400.453857421875,444.984375,6.03125,0.53125,9.1875,18.3125,5.5,1.75,3.609375,1.3125,6.140625,76.11405944824219,36.03125,2.4375,5.03125,201.125,25.296875,16.03125,1.006250023841858,28.28125,4.15625,20.1640625,0.927734375,0.1041666641831398,0.84375,0.53125,0.0,3,3 1
167,3627.20361328125,2716.371826171875,2289.57373046875,453.95001220703125,5.859375,0.5625,9.09375,18.125,5.453125,1.578125,3.515625,1.421875,6.15625,74.609375,34.234375,2.3125,4.859375,191.375,20.578125,15.140625,0.925000011920929,17.734375,3.5625,17.390625,0.955078125,0.1263020783662796,0.84375,0.5625,0.0,3,3 2
168,3577.35888671875,2716.38720703125,2300.36376953125,459.20001220703125,5.8125,0.515625,8.96875,17.828125,5.3125,1.53125,3.515625,1.4375,6.03125,72.5531234741211,36.4375,2.0,4.8125,195.078125,17.75,13.828125,0.8374999761581421,25.859375,3.359375,16.3828125,1.0130208730697632,0.10989584028720856,0.859375,0.515625,0.0,3,3 1
169,4090.806640625,3109.194091796875,2640.936767578125,488.36248779296875,6.328125,0.625,9.5625,19.015625,5.703125,1.84375,3.703125,1.46875,6.296875,82.19062805175781,39.328125,2.0,5.328125,218.359375,22.453125,17.40625,1.053125023841858,19.21875,3.890625,18.7734375,0.8567708134651184,0.09062500298023224,0.890625,0.625,0.0,3,3 4
170,3446.09912109375,2643.44482421875,2233.14697265625,450.4125061035156,5.6875,0.53125,8.84375,17.625,5.34375,1.484375,3.40625,1.453125,5.9375,71.37812805175781,37.140625,2.21875,4.6875,231.15625,18.515625,14.515625,0.871874988079071,9.609375,3.171875,15.578125,0.7708333134651184,0.05807291716337204,0.90625,0.53125,0.0,3,3 1
171,3616.304931640625,2787.95166015625,2352.180419921875,460.4375,5.890625,0.609375,8.84375,17.5625,5.328125,1.375,3.40625,1.421875,6.03125,74.0703125,37.0625,2.109375,4.890625,276.359375,29.59375,16.15625,0.981249988079071,5.46875,3.484375,16.6640625,0.6165364384651184,0.0377604179084301,1.0,0.609375,0.0,3,3 1
172,3835.20166015625,2892.510498046875,2445.623046875,468.546875,6.046875,0.609375,9.21875,18.359375,5.53125,1.59375,3.625,1.40625,6.203125,78.2265625,40.375,2.375,5.046875,315.375,38.28125,17.3671875,1.0437500476837158,10.6640625,4.015625,19.1484375,0.53125,0.05156249925494194,0.953125,0.609375,0.0,3,3 1
173,3554.406494140625,2671.251220703125,2256.5947265625,463.24688720703125,5.703125,0.546875,8.859375,17.5625,5.34375,1.46875,3.375,1.359375,6.015625,74.1812515258789,37.09375,2.328125,4.703125,296.15625,30.765625,15.2109375,0.903124988079071,8.3203125,3.484375,16.4375,0.9518229365348816,0.0859375,0.84375,0.546875,0.0,3,3 1
174,3996.14453125,3012.476806640625,2552.3896484375,470.37188720703125,6.171875,0.640625,9.375,18.640625,5.546875,1.75,3.6875,1.453125,6.203125,80.07499694824219,39.4375,2.21875,5.171875,273.578125,31.640625,17.078125,1.0281250476837158,4.609375,3.5625,17.8671875,0.98046875,0.12083333730697632,0.875,0.640625,0.0,3,3 1
175,4100.60791015625,3095.73193359375,2623.911376953125,470.5874938964844,6.234375,0.6875,9.578125,19.03125,5.765625,1.859375,3.65625,1.53125,6.21875,80.4703140258789,37.203125,2.390625,5.234375,317.3125,37.90625,17.8125,1.046875,15.3125,3.875,18.53125,0.8600260615348816,0.12473958730697632,0.84375,0.6875,0.0,3,3 4
176,4357.861328125,3311.56201171875,2813.181396484375,482.2250061035156,6.515625,0.734375,9.921875,19.71875,5.8125,2.078125,3.875,1.671875,6.28125,86.84843444824219,41.59375,2.0,5.515625,303.421875,30.953125,18.4453125,1.1124999523162842,12.4609375,4.0625,19.5625,0.712890625,0.08828125149011612,0.953125,0.734375,0.0,3,3 1
177,4024.790283203125,3042.37353515625,2576.411865234375,460.70623779296875,6.1875,0.671875,9.359375,18.640625,5.703125,1.703125,3.53125,1.4375,6.265625,81.5093765258789,41.421875,2.125,5.1875,246.75,25.78125,17.3359375,1.0437500476837158,14.2578125,3.875,18.671875,0.7708333134651184,0.08671875298023224,0.9375,0.671875,0.0,3,3 4
178,3730.917236328125,2886.373046875,2463.718017578125,457.7281188964844,5.921875,0.515625,8.859375,17.65625,5.15625,1.671875,3.515625,1.453125,5.859375,74.4000015258789,44.5625,3.25,4.921875,230.171875,19.5,14.109375,0.846875011920929,15.078125,3.09375,15.2578125,0.986328125,0.10234375298023224,0.875,0.515625,0.0,3,3 1
179,3935.0751953125,3001.95263671875,2559.966064453125,463.640625,6.0625,0.578125,9.0,17.90625,5.4375,1.796875,3.359375,1.40625,5.90625,76.8187484741211,43.0625,2.1875,5.0625,229.4375,15.546875,14.2265625,0.846875011920929,16.3671875,3.1875,15.2890625,0.80078125,0.08203125,0.84375,0.578125,0.0,3,3 4
180,4167.0498046875,3251.262939453125,2783.93505859375,486.921875,6.359375,0.609375,9.40625,18.765625,5.59375,1.90625,3.625,1.5625,6.078125,82.47343444824219,41.640625,2.578125,5.359375,248.59375,22.375,15.71875,0.9468749761581421,27.03125,3.453125,17.0390625,1.0631510019302368,0.10729167610406876,0.90625,0.609375,0.0,3,3 1
181,4097.00537109375,3130.901123046875,2674.724365234375,470.00311279296875,6.234375,0.59375,9.34375,18.609375,5.671875,1.734375,3.515625,1.5,6.1875,79.5921859741211,41.546875,2.0,5.234375,266.4375,23.5,15.5078125,0.918749988079071,29.6484375,3.328125,16.171875,1.03515625,0.09687500447034836,0.84375,0.59375,0.0,3,3 1
182,4516.75390625,3502.275390625,3008.544921875,487.0249938964844,6.71875,0.625,10.0,19.890625,5.9375,2.09375,3.90625,1.46875,6.484375,88.859375,43.40625,2.0,5.71875,284.328125,28.296875,17.0390625,1.021875023841858,27.9296875,3.703125,18.5625,0.8463541865348816,0.09166666865348816,0.859375,0.625,0.0,3,3 1
183,4605.5732421875,3586.43408203125,3077.80322265625,487.90625,6.8125,0.6875,9.796875,19.5,5.84375,1.921875,3.828125,1.578125,6.328125,86.9437484741211,40.109375,2.0,5.8125,298.203125,25.59375,16.5,0.987500011920929,35.625,3.53125,17.4765625,1.2734375,0.14921875298023224,0.6875,0.6875,0.0,3,3 2
184,4177.50732421875,3213.287353515625,2748.11376953125,472.4593811035156,6.375,0.59375,9.359375,18.671875,5.6875,1.6875,3.640625,1.390625,6.265625,82.1171875,35.0,2.0,5.375,307.75,31.59375,15.556249618530273,0.9312499761581421,49.09375,3.46875,16.9765625,1.544921875,0.15468750894069672,0.796875,0.59375,0.0,3,3 1
185,4390.865234375,3385.62841796875,2890.274169921875,476.1031188964844,6.59375,0.6875,10.015625,19.984375,6.078125,2.046875,3.8125,1.5625,6.484375,85.640625,41.578125,2.0,5.59375,300.25,23.84375,16.9609375,1.015625,17.6953125,3.734375,18.1328125,0.8743489384651184,0.07786458730697632,1.0,0.6875,0.0,3,3 1
186,4540.7138671875,3461.53466796875,2957.58984375,465.1031188964844,6.734375,0.6875,10.09375,20.046875,5.96875,2.0,3.921875,1.640625,6.515625,87.4546890258789,40.828125,1.96875,5.734375,272.953125,29.5,18.9140625,1.125,27.9296875,4.125,20.015625,0.8365885615348816,0.1106770858168602,0.875,0.6875,0.0,3,3 1
187,4803.4677734375,3711.36474609375,3184.39208984375,474.26873779296875,7.0,0.71875,10.6875,21.25,6.40625,2.3125,4.1875,1.625,6.71875,90.94218444824219,38.90625,2.0,6.0,237.703125,25.5,18.609375,1.103124976158142,43.515625,4.09375,19.96875,0.8352864384651184,0.10625000298023224,0.953125,0.71875,0.0,3,3 2
188,4732.89208984375,3680.98388671875,3164.2666015625,475.17498779296875,6.921875,0.6875,10.5,20.875,6.203125,2.328125,4.03125,1.765625,6.546875,89.7203140258789,39.8125,2.328125,5.921875,228.46875,25.390625,17.375,1.046875,42.5,4.0,19.34375,1.1875,0.13906250894069672,0.875,0.6875,0.0,3,3 1
189,5326.349609375,4113.1328125,3535.06787109375,502.18438720703125,7.5,0.828125,11.28125,22.515625,6.890625,2.609375,4.265625,1.65625,7.09375,99.6484375,42.171875,2.0,6.5,229.296875,26.734375,20.90625,1.259374976158142,39.84375,4.546875,22.359375,0.9055989384651184,0.09140625596046448,0.96875,0.828125,0.0,3,3 1
190,4677.5458984375,3586.54150390625,3069.562255859375,479.0218811035156,6.890625,0.703125,10.1875,20.28125,6.109375,2.078125,3.984375,1.421875,6.6875,90.5328140258789,41.390625,1.984375,5.890625,210.21875,26.203125,18.65625,1.1281249523162842,45.46875,4.328125,20.6171875,0.6139323115348816,0.06536458432674408,1.0,0.703125,0.0,3,3 2
191,4744.099609375,3675.87255859375,3151.100341796875,467.7562561035156,6.9375,0.734375,10.28125,20.28125,6.09375,2.109375,3.984375,1.546875,6.546875,91.26249694824219,40.515625,2.0,5.9375,174.609375,22.40625,18.65625,1.140625,50.46875,4.109375,20.359375,0.951171875,0.0859375,0.984375,0.734375,0.0,3,3 1
192,4709.79345703125,3564.86572265625,3044.870849609375,466.44061279296875,6.859375,0.734375,10.3125,20.53125,6.21875,2.21875,4.015625,1.46875,6.609375,90.6328125,41.140625,2.0,5.859375,210.453125,24.3125,19.96875,1.2218749523162842,19.53125,4.4375,22.1328125,0.623046875,0.05390625074505806,0.984375,0.734375,0.0,3,3 1
193,4237.712890625,3187.439208984375,2723.694580078125,419.2124938964844,6.4375,0.5625,9.953125,19.75,5.734375,2.078125,4.0,1.546875,6.390625,83.40156555175781,41.15625,1.96875,5.4375,181.46875,29.890625,18.03125,1.09375,37.96875,4.34375,21.3125,0.4752604067325592,0.04583333432674408,1.0,0.5625,0.0,3,3 1
194,4672.22509765625,3564.98046875,3047.890869140625,449.234375,6.828125,0.734375,10.25,20.421875,6.234375,2.1875,3.8125,1.546875,6.640625,88.47343444824219,38.375,2.0,5.828125,219.328125,31.359375,18.862499237060547,1.118749976158142,46.0,4.203125,19.7578125,0.8333333134651184,0.11874999850988388,1.0,0.734375,0.0,3,3 2
195,4044.6640625,3138.810546875,2670.99072265625,445.83123779296875,6.34375,0.625,9.6875,19.28125,5.78125,2.0,3.828125,1.40625,6.265625,80.25,39.140625,2.0,5.34375,237.5,34.03125,16.6953125,1.0593750476837158,31.8359375,3.859375,19.375,1.1393228769302368,0.11249999701976776,0.984375,0.625,0.0,3,3 1
196,4601.28515625,3530.21630859375,3022.831787109375,465.54998779296875,6.78125,0.6875,10.28125,20.421875,5.953125,2.171875,4.046875,1.71875,6.53125,88.78125,42.203125,2.0,5.78125,254.28125,34.453125,19.440624237060547,1.1906249523162842,27.171875,4.265625,20.8359375,0.7975260615348816,0.08281250298023224,0.90625,0.6875,0.0,3,3 1
197,5498.49609375,4228.90771484375,3647.78857421875,510.73126220703125,7.59375,0.8125,11.0,21.828125,6.65625,2.625,4.09375,1.6875,6.765625,100.95780944824219,41.140625,2.0,6.59375,299.15625,40.453125,20.674999237060547,1.25,49.75,4.578125,22.703125,1.025390625,0.12838542461395264,0.859375,0.8125,0.0,3,3 1
198,4931.74072265625,3779.735595703125,3250.47607421875,484.68438720703125,7.078125,0.703125,10.390625,20.734375,6.140625,2.203125,4.125,1.609375,6.65625,93.0562515258789,40.5,2.0,6.078125,265.609375,37.09375,18.4375,1.1124999523162842,55.3125,4.34375,21.1796875,0.74609375,0.07734375447034836,0.828125,0.703125,0.0,3,3 2
199,4514.83203125,3419.891845703125,2920.944091796875,457.64373779296875,6.65625,0.6875,10.09375,20.0625,5.96875,2.09375,4.046875,1.46875,6.484375,86.9765625,38.828125,2.0,5.65625,231.921875,32.890625,18.479686737060547,1.109375,42.6015625,4.15625,21.140625,1.0358072519302368,0.11484374850988388,0.859375,0.6875,0.0,3,3 1
200,4595.552734375,3483.75830078125,2981.1201171875,452.578125,6.71875,0.6875,10.09375,20.046875,5.890625,2.09375,4.015625,1.625,6.421875,87.4906234741211,36.828125,1.984375,5.71875,250.03125,30.3125,17.7890625,1.0593750476837158,36.6796875,3.828125,19.078125,1.2421875,0.18515625596046448,0.734375,0.6875,0.0,3,3 1
201,4090.803955078125,3107.784423828125,2647.365234375,437.33123779296875,6.265625,0.609375,9.65625,19.234375,5.609375,1.953125,3.921875,1.5,6.25,80.8296890258789,37.453125,2.0,5.265625,252.703125,33.078125,16.265625,0.9937499761581421,37.109375,3.765625,17.9140625,0.7903645634651184,0.08749999850988388,0.875,0.609375,0.0,3,3 2
202,4760.54248046875,3737.067626953125,3217.838623046875,483.79998779296875,7.015625,0.671875,10.109375,20.0625,6.03125,2.1875,3.78125,1.5,6.5625,89.21562194824219,40.359375,1.984375,6.015625,276.625,37.46875,17.375,1.053125023841858,67.5,3.890625,19.3046875,1.3899739980697632,0.21250000596046448,0.890625,0.671875,0.0,3,3 1
203,3862.755859375,3069.96728515625,2636.006103515625,440.89373779296875,6.109375,0.515625,8.9375,17.796875,5.40625,1.75,3.390625,1.375,5.875,76.6500015258789,39.9375,1.96875,5.109375,238.28125,31.515625,13.120312690734863,0.796875,55.3359375,2.9375,14.546875,1.2845052480697632,0.15937499701976776,0.859375,0.515625,0.0,3,3 1
204,4536.55517578125,3499.82177734375,3004.99365234375,471.00311279296875,6.671875,0.65625,9.90625,19.734375,6.03125,2.140625,3.78125,1.359375,6.421875,86.5171890258789,36.3125,2.0,5.671875,249.734375,35.0,16.701562881469727,0.9937499761581421,68.3671875,3.578125,17.84375,1.5260416269302368,0.23281249403953552,0.828125,0.65625,0.0,3,3 1
205,5024.2900390625,3845.60205078125,3313.667236328125,485.7124938964844,7.109375,0.703125,10.546875,20.953125,6.3125,2.515625,4.0625,1.546875,6.515625,95.5953140258789,37.46875,2.0,6.109375,282.53125,46.09375,18.971874237060547,1.1437499523162842,75.453125,4.140625,20.265625,1.0325521230697632,0.1497395932674408,0.828125,0.703125,0.0,3,3 1
206,4918.390625,3813.09326171875,3286.707763671875,483.88751220703125,7.109375,0.671875,10.390625,20.65625,6.21875,2.453125,3.921875,1.53125,6.53125,94.58280944824219,41.640625,2.0,6.109375,252.3125,35.5625,18.390625,1.1281249523162842,67.734375,4.09375,19.8828125,0.833984375,0.10000000149011612,1.0,0.671875,0.0,3,3 4
207,4295.07763671875,3396.00439453125,2920.1435546875,473.1156311035156,6.578125,0.578125,9.765625,19.46875,5.8125,2.09375,3.734375,1.5,6.328125,83.0453109741211,35.546875,2.0,5.578125,267.828125,30.59375,14.295312881469727,0.859375,56.9609375,3.265625,15.796875,1.138671875,0.13437500596046448,0.9375,0.578125,0.0,3,3 1
208,4502.0263671875,3447.077392578125,2958.54541015625,476.23748779296875,6.640625,0.625,10.078125,20.0625,6.0,2.328125,3.828125,1.484375,6.421875,86.94999694824219,34.53125,2.0,5.640625,241.3125,33.671875,16.779687881469727,1.021875023841858,64.5390625,3.65625,17.921875,1.4765625,0.20364585518836975,0.75,0.625,0.0,3,3 1
209,5028.39501953125,3872.125,3338.140625,500.1031188964844,7.171875,0.6875,10.71875,21.34375,6.375,2.5,4.015625,1.65625,6.796875,95.73124694824219,41.34375,1.96875,6.171875,246.90625,33.734375,18.389062881469727,1.1062500476837158,78.3671875,4.15625,20.390625,0.71875,0.09531249850988388,0.890625,0.6875,0.0,3,3 1
210,5106.08642578125,3907.788330078125,3371.434326171875,475.96563720703125,7.21875,0.6875,10.78125,21.46875,6.453125,2.578125,4.125,1.515625,6.796875,96.59687805175781,41.546875,2.0,6.21875,210.765625,27.703125,19.985937118530273,1.2000000476837158,66.9453125,4.140625,21.046875,0.8515625,0.109375,0.96875,0.6875,0.0,3,3 1
211,4409.96875,3436.0234375,2953.13037109375,459.8531188964844,6.609375,0.609375,9.71875,19.40625,5.8125,2.0625,3.703125,1.53125,6.296875,86.65156555175781,40.65625,2.0,5.609375,181.0625,18.6875,15.951562881469727,0.9781249761581421,52.7421875,3.609375,17.6875,0.9811198115348816,0.09531249850988388,0.953125,0.609375,0.0,3,3 2
212,4075.70166015625,3151.31298828125,2690.582275390625,443.23748779296875,6.3125,0.59375,9.46875,18.875,5.640625,1.953125,3.640625,1.375,6.265625,81.92500305175781,38.484375,2.0,5.3125,153.890625,17.546875,15.620312690734863,0.953125,52.8359375,3.671875,18.078125,1.1848958730697632,0.12109375,1.0,0.59375,0.0,3,3 2
213,4615.33056640625,3575.182373046875,3082.206298828125,455.25311279296875,6.765625,0.609375,9.984375,19.859375,5.953125,2.46875,3.8125,1.421875,6.203125,88.40312194824219,40.75,1.984375,5.765625,159.375,20.09375,17.896875381469727,1.100000023841858,69.890625,3.8125,19.359375,0.9622395634651184,0.10546875,0.90625,0.609375,0.0,3,3 1
214,4512.51025390625,3440.302734375,2955.4912109375,440.4281311035156,6.640625,0.609375,9.96875,19.8125,6.03125,2.25,3.765625,1.375,6.390625,87.35469055175781,39.484375,2.0625,5.640625,134.765625,15.15625,17.587499618530273,1.053125023841858,50.1875,3.890625,19.2109375,0.8450520634651184,0.08098958432674408,0.90625,0.609375,0.0,3,3 2
215,4898.78466796875,3777.810546875,3260.22021484375,459.3656311035156,7.015625,0.65625,10.609375,21.109375,6.3125,2.578125,4.0625,1.609375,6.546875,92.51875305175781,38.90625,2.0,6.015625,122.0,13.6875,17.795312881469727,1.0750000476837158,57.8984375,3.84375,18.7265625,0.826171875,0.08177083730697632,0.9375,0.65625,0.0,3,3 1
216,5006.61474609375,3896.463623046875,3373.14697265625,460.8031311035156,7.09375,0.65625,10.921875,21.75,6.59375,2.796875,3.96875,1.703125,6.6875,94.578125,38.96875,2.0,6.09375,115.953125,13.9375,17.689062118530273,1.0656249523162842,88.1171875,3.515625,17.6796875,1.0169271230697632,0.08046875149011612,0.859375,0.65625,0.0,3,3 2
217,5732.53271484375,4471.330078125,3878.09765625,487.2875061035156,7.8125,0.796875,11.6875,23.265625,7.0625,3.0625,4.25,1.671875,7.21875,105.4921875,37.859375,2.0,6.8125,116.25,14.0,21.357812881469727,1.274999976158142,109.4609375,4.015625,20.2109375,1.0924478769302368,0.1145833358168602,0.875,0.796875,0.0,3,3 1
218,5730.50341796875,4436.900390625,3836.89794921875,487.6343688964844,7.796875,0.84375,11.703125,23.34375,7.171875,3.09375,4.21875,1.671875,7.1875,106.4124984741211,39.421875,2.0,6.796875,115.21875,13.984375,23.328125,1.40625,93.046875,4.4375,22.1953125,0.900390625,0.07708333432674408,0.984375,0.84375,0.0,3,3 1
219,4977.76708984375,3816.45361328125,3289.40625,455.76251220703125,7.078125,0.6875,10.859375,21.65625,6.578125,2.53125,4.046875,1.578125,6.921875,94.2671890258789,37.46875,1.984375,6.078125,110.484375,11.859375,19.2265625,1.1593749523162842,79.1796875,3.921875,18.859375,1.0989583730697632,0.1171875,0.875,0.6875,0.0,3,3 2
220,5629.26123046875,4348.107421875,3756.010986328125,492.98748779296875,7.703125,0.828125,11.84375,23.484375,7.109375,3.0,4.453125,1.6875,7.234375,105.17655944824219,40.828125,2.0,6.703125,128.84375,14.46875,24.078125,1.40625,91.171875,4.421875,22.2421875,1.140625,0.12968750298023224,1.046875,0.828125,0.0,3,3 1
221,5733.67626953125,4424.9189453125,3834.31591796875,492.09063720703125,7.765625,0.796875,11.515625,22.859375,7.015625,2.890625,4.203125,1.640625,7.109375,107.6187515258789,39.578125,2.0,6.765625,135.265625,13.765625,23.767187118530273,1.381250023841858,81.7890625,4.296875,21.0859375,1.1041666269302368,0.15468750894069672,0.84375,0.796875,0.0,3,3 2
222,5477.08154296875,4225.51416015625,3650.453125,458.359375,7.546875,0.796875,11.25,22.3125,6.890625,2.859375,4.09375,1.515625,6.953125,102.7671890258789,39.890625,2.0,6.546875,123.921875,11.03125,21.423437118530273,1.287500023841858,73.8203125,4.15625,20.4609375,0.724609375,0.04843750223517418,0.9375,0.796875,0.0,3,3 2
223,6020.7353515625,4667.720703125,4056.39794921875,502.15313720703125,8.03125,0.8125,12.109375,24.09375,7.34375,3.21875,4.515625,1.75,7.265625,112.02656555175781,42.8125,1.984375,7.03125,126.546875,12.828125,24.501562118530273,1.4375,108.4296875,4.390625,21.953125,1.0006510019302368,0.13255208730697632,0.859375,0.8125,0.0,3,3 4
224,6002.603515625,4646.77880859375,4030.215576171875,496.484375,8.0,0.859375,11.9375,23.703125,7.234375,3.234375,4.390625,1.71875,7.125,112.7421875,43.546875,2.0,7.0,115.375,12.609375,28.1953125,1.6124999523162842,102.4609375,4.5625,23.046875,0.7578125,0.07890625298023224,0.9375,0.859375,0.0,3,3 1
225,5878.564453125,4539.20654296875,3947.12646484375,497.51251220703125,7.890625,0.75,12.03125,23.9375,7.234375,3.1875,4.5,1.765625,7.25,109.19218444824219,43.03125,2.0,6.890625,128.90625,17.375,24.140625,1.4031250476837158,131.484375,4.359375,22.0625,1.1197916269302368,0.14140625298023224,0.921875,0.75,0.0,3,3 1
226,6136.29052734375,4781.2822265625,4164.00244140625,521.0499877929688,8.125,0.8125,11.84375,23.484375,7.234375,3.078125,4.28125,1.6875,7.203125,113.671875,41.6875,2.03125,7.125,147.078125,25.0,25.626562118530273,1.4874999523162842,134.6796875,4.40625,21.6171875,1.3971353769302368,0.21822917461395264,0.828125,0.8125,0.0,3,3 1
227,5768.11572265625,4477.16357421875,3894.92578125,493.7593688964844,7.796875,0.734375,11.453125,22.75,6.859375,2.984375,4.328125,1.65625,6.921875,106.703125,40.59375,1.96875,6.796875,143.421875,22.359375,23.575000762939453,1.3468749523162842,114.3125,4.09375,20.359375,1.1608072519302368,0.15703125298023224,0.828125,0.734375,0.0,3,3 1
228,6341.2734375,4895.82958984375,4266.4033203125,531.125,8.296875,0.8125,12.25,24.375,7.4375,3.328125,4.59375,1.671875,7.34375,117.66874694824219,41.390625,2.0,7.296875,159.078125,27.203125,27.689062118530273,1.5906250476837158,133.1171875,4.359375,21.7265625,1.5638021230697632,0.20364585518836975,0.828125,0.8125,0.0,3,3 2
229,5646.923828125,4425.640625,3850.373046875,500.58123779296875,7.6875,0.734375,11.25,22.359375,6.84375,2.78125,4.21875,1.546875,6.96875,105.5562515258789,36.0625,2.0,6.6875,160.03125,26.203125,22.346874237060547,1.3125,130.765625,3.828125,18.921875,1.8951822519302368,0.2578125,0.8125,0.734375,0.0,3,3 1
230,5693.23193359375,4411.7109375,3823.76806640625,503.5687561035156,7.765625,0.78125,11.390625,22.640625,6.953125,2.859375,4.1875,1.609375,7.03125,106.2046890258789,40.609375,2.0,6.765625,161.75,21.890625,23.845312118530273,1.390625,102.6484375,4.328125,21.6875,0.9973958134651184,0.13906250894069672,0.84375,0.78125,0.0,3,3 1
231,5607.8017578125,4337.60400390625,3759.846923828125,480.04376220703125,7.609375,0.78125,11.1875,22.15625,6.75,2.734375,4.171875,1.53125,6.96875,107.87968444824219,41.984375,2.265625,6.609375,158.6875,21.953125,25.200000762939453,1.443750023841858,78.0625,4.15625,21.3203125,0.908203125,0.10598959028720856,0.921875,0.78125,0.0,3,3 1
232,5613.669921875,4276.41455078125,3699.85888671875,497.9125061035156,7.578125,0.78125,11.421875,22.71875,6.859375,2.921875,4.25,1.71875,6.96875,106.0390625,39.28125,2.0,6.578125,160.828125,28.703125,26.151561737060547,1.443750023841858,89.2421875,4.21875,20.921875,1.044921875,0.13593749701976776,0.859375,0.78125,0.0,3,3 1
233,5826.880859375,4452.0869140625,3869.9296875,500.7124938964844,7.78125,0.734375,11.546875,22.90625,6.921875,3.0625,4.3125,1.59375,7.015625,109.2593765258789,42.0625,2.0,6.78125,188.75,38.53125,26.971874237060547,1.515625,126.078125,4.359375,21.859375,1.0078125,0.13515625894069672,0.90625,0.734375,0.0,3,3 1
234,5693.39990234375,4434.01416015625,3849.529296875,511.0718688964844,7.78125,0.75,11.53125,22.984375,7.0,2.90625,4.234375,1.734375,7.109375,106.7515640258789,45.453125,2.0,6.78125,192.765625,31.546875,22.903125762939453,1.3468749523162842,87.984375,4.359375,21.1484375,0.9856770634651184,0.09739583730697632,0.953125,0.75,0.0,3,3 2
235,5720.0185546875,4459.51220703125,3874.392578125,514.3718872070312,7.796875,0.75,11.4375,22.703125,6.953125,2.75,4.234375,1.609375,7.15625,105.5609359741211,42.21875,2.0,6.796875,180.625,32.53125,23.520313262939453,1.3406250476837158,123.6484375,4.203125,20.703125,1.2513021230697632,0.19088542461395264,0.859375,0.75,0.0,3,3 1
236,5902.470703125,4613.91748046875,4016.555419921875,503.37811279296875,7.953125,0.765625,11.625,23.171875,7.171875,2.921875,4.28125,1.65625,7.140625,107.3515625,43.953125,2.0,6.953125,181.953125,33.375,24.056249618530273,1.3718750476837158,138.78125,4.140625,20.921875,1.4075521230697632,0.2083333432674408,0.875,0.765625,0.0,3,3 1
237,5720.21337890625,4437.8134765625,3861.852294921875,514.7562255859375,7.765625,0.703125,11.40625,22.625,6.96875,2.84375,4.15625,1.625,7.03125,107.0484390258789,43.96875,2.0,6.765625,188.015625,28.96875,24.0390625,1.368749976158142,110.1171875,3.96875,19.890625,1.11328125,0.1419270783662796,0.84375,0.703125,0.0,3,3 2
238,5643.37109375,4404.27978515625,3819.78955078125,499.13751220703125,7.796875,0.75,11.4375,22.71875,6.96875,2.96875,4.28125,1.46875,7.03125,104.6031265258789,44.84375,1.984375,6.796875,165.0625,25.96875,24.004688262939453,1.3781249523162842,107.4765625,4.375,21.8671875,0.775390625,0.10234375298023224,0.953125,0.75,0.0,3,3 1
239,5399.5625,4184.03271484375,3635.44580078125,482.8999938964844,7.484375,0.65625,10.9375,21.8125,6.734375,2.578125,4.125,1.34375,7.03125,100.9046859741211,45.609375,1.984375,6.484375,169.625,30.5,23.448436737060547,1.328125,118.3828125,4.015625,19.734375,0.8548176884651184,0.04739583283662796,0.984375,0.65625,0.0,3,3 2
240,5503.90673828125,4288.3349609375,3715.907470703125,485.046875,7.578125,0.765625,11.015625,21.96875,6.765625,2.640625,4.140625,1.453125,6.96875,103.6546859741211,42.53125,1.984375,6.578125,156.390625,24.921875,24.1796875,1.3937499523162842,105.9765625,4.109375,20.125,0.7591145634651184,0.07786458730697632,0.9375,0.765625,0.0,3,3 1
241,6483.4248046875,5019.96728515625,4379.73974609375,520.4468994140625,8.40625,0.84375,11.953125,23.8125,7.296875,3.171875,4.5625,1.515625,7.265625,118.5140609741211,46.390625,2.0,7.40625,196.78125,36.640625,29.645313262939453,1.6875,144.5859375,4.40625,21.9296875,0.7109375,0.05677083879709244,0.953125,0.84375,0.0,3,3 2
242,5940.626953125,4605.7392578125,4009.57080078125,503.00311279296875,7.921875,0.765625,11.625,23.109375,7.046875,3.0625,4.421875,1.5,7.078125,111.19844055175781,44.5625,2.28125,6.921875,178.03125,29.859375,28.106250762939453,1.59375,129.46875,4.484375,21.84375,1.0755208730697632,0.13072916865348816,0.84375,0.765625,0.0,3,3 1
243,6527.21630859375,5075.9384765625,4427.96240234375,516.625,8.4375,0.875,12.109375,24.109375,7.328125,3.34375,4.59375,1.578125,7.265625,122.27030944824219,43.921875,2.0,7.4375,182.21875,31.6875,32.240623474121094,1.8125,156.609375,4.546875,22.8125,0.7649739384651184,0.09687500447034836,0.90625,0.875,0.0,3,3 1
244,5919.3974609375,4612.828125,4012.220703125,484.6312561035156,7.96875,0.78125,11.59375,22.96875,6.90625,2.859375,4.546875,1.5,7.15625,109.75312805175781,46.4375,2.0,6.96875,167.65625,25.734375,27.060937881469727,1.600000023841858,116.8828125,4.5,21.921875,0.474609375,0.03515625,1.03125,0.78125,0.0,3,3 4
245,5341.25927734375,4182.2197265625,3635.649658203125,461.5218811035156,7.46875,0.65625,10.671875,21.28125,6.5,2.578125,4.046875,1.421875,6.734375,101.41719055175781,45.40625,2.0,6.46875,162.578125,22.390625,22.646875381469727,1.318750023841858,95.515625,3.65625,18.1953125,0.6048176884651184,0.03593749925494194,1.0625,0.65625,0.0,3,3 2
246,5726.89306640625,4392.3427734375,3818.02490234375,477.5249938964844,7.640625,0.75,11.09375,22.046875,6.640625,2.6875,4.375,1.40625,6.9375,107.59375,44.796875,2.0,6.640625,165.015625,23.890625,26.049999237060547,1.446874976158142,99.75,3.828125,18.890625,0.498046875,0.04140625149011612,0.953125,0.75,0.0,3,3 1
247,6408.162109375,4984.47998046875,4348.45166015625,518.4937744140625,8.34375,0.84375,11.828125,23.546875,7.28125,3.25,4.421875,1.5,7.09375,117.7359390258789,45.796875,2.015625,7.34375,148.75,23.859375,30.0078125,1.6749999523162842,126.8359375,4.390625,21.859375,0.8170573115348816,0.10989584028720856,0.890625,0.84375,0.0,3,3 2
248,5798.09130859375,4481.0419921875,3902.744873046875,489.07501220703125,7.78125,0.71875,11.0625,22.078125,6.75,2.890625,4.1875,1.296875,6.953125,109.02812194824219,41.359375,2.0,6.78125,133.390625,19.03125,27.298437118530273,1.521875023841858,118.5078125,3.90625,19.5703125,1.037109375,0.11249999701976776,0.84375,0.71875,0.0,3,3 2
249,6254.2294921875,4790.74072265625,4172.71533203125,521.1968994140625,8.15625,0.796875,12.03125,24.03125,7.28125,3.359375,4.59375,1.453125,7.34375,119.17655944824219,40.59375,2.0,7.15625,135.703125,22.625,32.41718673706055,1.774999976158142,123.8515625,4.46875,22.09375,1.3014322519302368,0.20364585518836975,0.765625,0.796875,0.0,3,3 1
250,5924.42919921875,4492.859375,3900.928466796875,469.0625,7.75,0.8125,11.3125,22.5625,6.984375,2.9375,4.28125,1.3125,7.046875,112.4124984741211,40.75,2.25,6.75,134.328125,22.859375,30.553125381469727,1.6843750476837158,99.109375,4.265625,21.359375,0.728515625,0.08125000447034836,0.859375,0.8125,0.0,3,3 2
251,6282.79833984375,4838.4873046875,4225.9013671875,503.8125,8.171875,0.765625,11.65625,23.25,7.203125,3.234375,4.40625,1.3125,7.09375,118.5875015258789,43.375,2.0,7.171875,140.265625,25.015625,32.69062423706055,1.8093750476837158,141.546875,4.234375,21.2421875,0.7265625,0.0625,0.9375,0.765625,0.0,3,3 1
252,6903.38623046875,5337.2587890625,4672.20947265625,536.4500122070312,8.734375,0.859375,12.484375,24.921875,7.671875,3.390625,4.734375,1.53125,7.59375,124.58280944824219,43.234375,2.0,7.734375,155.765625,26.578125,33.69843673706055,1.821874976158142,163.3828125,4.46875,22.09375,0.8743489384651184,0.1432291716337204,0.921875,0.859375,0.0,3,3 2
253,6258.4794921875,4867.9873046875,4240.8203125,496.5249938964844,8.21875,0.84375,11.71875,23.328125,7.15625,3.015625,4.40625,1.484375,7.265625,115.046875,43.296875,2.0,7.21875,137.359375,19.71875,29.004688262939453,1.640625,124.6640625,4.28125,21.0859375,0.916015625,0.13359375298023224,0.921875,0.84375,0.0,3,3 4
254,6779.00439453125,5232.8271484375,4578.5859375,522.4781494140625,8.640625,0.828125,12.546875,25.046875,7.875,3.453125,4.5625,1.40625,7.75,125.19844055175781,47.8125,2.0,7.640625,143.890625,24.53125,33.9765625,1.8781249523162842,146.3671875,4.640625,22.8984375,0.7649739384651184,0.04739583283662796,0.953125,0.828125,0.0,3,3 2
255,6444.20849609375,5081.2255859375,4443.96435546875,522.4375,8.53125,0.78125,12.03125,23.953125,7.328125,3.203125,4.53125,1.53125,7.359375,114.7265625,43.578125,2.0,7.53125,177.65625,28.859375,26.803125381469727,1.524999976158142,180.359375,4.4375,21.9296875,1.5188802480697632,0.23880210518836975,0.8125,0.78125,0.0,3,3 1
256,6337.95361328125,4864.09765625,4244.2373046875,494.03436279296875,8.171875,0.8125,11.8125,23.53125,7.296875,3.109375,4.4375,1.4375,7.25,117.2328109741211,41.328125,2.28125,7.171875,164.609375,27.625,32.44218826293945,1.7937500476837158,137.4765625,4.234375,21.234375,1.19140625,0.13307291269302368,0.859375,0.8125,0.0,3,3 1
257,6361.3623046875,4925.970703125,4303.7470703125,503.25,8.28125,0.78125,12.03125,24.046875,7.40625,3.3125,4.515625,1.5,7.3125,117.7171859741211,44.5,2.0,7.28125,157.671875,24.703125,32.400001525878906,1.8125,127.0625,4.1875,21.0625,0.8763020634651184,0.07083333283662796,0.890625,0.78125,0.0,3,3 1
258,6225.1943359375,4782.84033203125,4169.77685546875,486.93438720703125,8.109375,0.796875,11.84375,23.640625,7.34375,3.03125,4.4375,1.5,7.328125,115.02812194824219,43.453125,2.0,7.109375,160.625,24.859375,30.137500762939453,1.665624976158142,122.4375,4.203125,20.9453125,1.0533853769302368,0.14609375596046448,0.921875,0.796875,0.0,3,3 1
259,7113.75537109375,5500.6650390625,4824.7392578125,522.0593872070312,8.90625,0.859375,12.5,24.96875,7.75,3.484375,4.671875,1.5,7.5625,129.93594360351562,47.328125,2.0,7.90625,172.390625,28.8125,38.134376525878906,2.0625,162.453125,4.515625,22.46875,0.7317708134651184,0.07109375298023224,1.0,0.859375,0.0,3,3 2
260,6104.57958984375,4747.2568359375,4150.75048828125,505.86248779296875,8.0,0.734375,11.546875,23.0625,7.1875,3.046875,4.265625,1.453125,7.109375,115.2046890258789,43.25,2.0,7.0,160.796875,23.65625,31.239063262939453,1.709375023841858,139.4296875,3.84375,19.28125,1.109375,0.12343750149011612,0.921875,0.734375,0.0,3,3 2
261,6202.41796875,4818.9609375,4195.74951171875,501.36248779296875,8.1875,0.828125,11.828125,23.625,7.296875,3.140625,4.46875,1.484375,7.234375,115.35469055175781,43.109375,2.0,7.1875,156.265625,19.671875,29.259374618530273,1.6843750476837158,107.453125,4.25,21.09375,0.8795573115348816,0.10781250149011612,1.015625,0.828125,0.0,3,3 2
262,6278.501953125,4819.55078125,4209.60107421875,491.67498779296875,8.125,0.765625,11.90625,23.78125,7.421875,3.1875,4.46875,1.3125,7.390625,118.8140640258789,46.265625,2.0,7.125,144.359375,19.875,33.07500076293945,1.787500023841858,129.0,4.15625,20.4140625,0.666015625,0.06562500447034836,1.0625,0.765625,0.0,3,3 1
263,5300.79833984375,4086.84228515625,3547.955810546875,451.1468811035156,7.296875,0.671875,10.859375,21.640625,6.640625,2.6875,4.15625,1.375,6.78125,101.7796859741211,38.796875,1.984375,6.296875,118.8125,12.71875,25.345312118530273,1.4375,85.4609375,3.609375,18.3515625,1.1790364980697632,0.12395833432674408,0.90625,0.671875,0.0,3,3 1
264,6335.00927734375,4914.63818359375,4290.44677734375,489.65313720703125,8.25,0.8125,11.828125,23.546875,7.375,3.109375,4.421875,1.3125,7.328125,115.80937194824219,46.5,2.296875,7.25,130.453125,19.53125,28.935937881469727,1.6218750476837158,140.9453125,4.34375,21.125,0.5286458134651184,0.03437500074505806,0.96875,0.8125,0.0,3,3 2
265,5983.818359375,4644.70068359375,4052.229248046875,495.38751220703125,7.9375,0.734375,11.921875,23.734375,7.34375,3.125,4.53125,1.515625,7.21875,111.19999694824219,41.375,2.0,6.9375,123.078125,19.734375,30.360937118530273,1.6749999523162842,128.1953125,4.0625,20.2421875,1.0729166269302368,0.11874999850988388,0.921875,0.734375,0.0,3,3 1
266,6465.28515625,4966.3916015625,4334.6884765625,503.984375,8.34375,0.8125,12.1875,24.28125,7.59375,3.234375,4.46875,1.515625,7.46875,119.90937805175781,47.265625,2.0,7.34375,135.609375,24.953125,33.47968673706055,1.853124976158142,123.8515625,4.53125,22.5625,0.873046875,0.05624999850988388,0.921875,0.8125,0.0,3,3 2
267,6081.34521484375,4670.26220703125,4077.48095703125,484.0843811035156,8.0,0.71875,11.59375,23.0625,7.078125,3.0,4.390625,1.4375,7.15625,111.5078125,44.84375,2.0,7.0,109.5,20.03125,30.575000762939453,1.665624976158142,145.25,4.328125,21.2421875,0.7701823115348816,0.11171875149011612,0.984375,0.71875,0.0,3,3 1
268,6026.5712890625,4605.16943359375,4008.63427734375,463.31561279296875,7.9375,0.765625,11.8125,23.5625,7.1875,3.140625,4.5,1.484375,7.25,112.5609359741211,44.296875,1.984375,6.9375,111.40625,21.078125,32.525001525878906,1.7999999523162842,114.5625,4.546875,22.796875,0.9270833134651184,0.11249999701976776,0.90625,0.765625,0.0,3,3 2
269,6462.40576171875,4978.9951171875,4349.291015625,502.43438720703125,8.3125,0.8125,12.21875,24.265625,7.515625,3.28125,4.515625,1.640625,7.3125,119.1312484741211,43.9375,1.984375,7.3125,120.59375,19.5625,33.607810974121094,1.834375023841858,130.0859375,4.34375,21.84375,1.1998697519302368,0.13828125596046448,0.921875,0.8125,0.0,3,3 2
270,5651.4384765625,4352.1865234375,3794.552734375,485.6187438964844,7.5625,0.671875,11.328125,22.515625,6.96875,2.96875,4.171875,1.53125,6.875,106.44062805175781,41.765625,2.265625,6.5625,143.875,23.40625,28.657812118530273,1.568750023841858,115.1484375,3.84375,19.0,1.0540364980697632,0.12187500298023224,0.984375,0.671875,0.0,3,3 1
271,6522.25146484375,5016.966796875,4390.2666015625,524.7999877929688,8.328125,0.78125,12.1875,24.1875,7.4375,3.53125,4.4375,1.578125,7.203125,121.63594055175781,45.640625,2.0,7.328125,143.875,24.71875,34.657814025878906,1.8406250476837158,140.4609375,4.203125,20.875,1.048828125,0.15859375894069672,0.9375,0.78125,0.0,3,3 1
272,6416.3642578125,4886.3779296875,4275.4345703125,509.48748779296875,8.15625,0.75,12.421875,24.75,7.6875,3.65625,4.46875,1.71875,7.21875,119.1109390258789,42.578125,2.015625,7.15625,140.578125,22.671875,34.70624923706055,1.803125023841858,118.96875,4.15625,20.8828125,1.1549478769302368,0.1927083432674408,0.828125,0.75,0.0,3,3 1
273,6418.63671875,4892.4130859375,4284.3896484375,510.5218811035156,8.046875,0.78125,11.890625,23.625,7.4375,3.3125,4.265625,1.59375,7.015625,117.2984390258789,40.75,2.84375,7.046875,129.0625,20.140625,34.728126525878906,1.787500023841858,141.671875,4.0,19.921875,1.291015625,0.19765625894069672,0.71875,0.78125,0.0,3,3 1
274,6189.89892578125,4756.1455078125,4152.453125,514.6343994140625,7.984375,0.78125,11.703125,23.234375,7.203125,3.125,4.25,1.625,7.03125,115.47187805175781,45.0625,2.265625,6.984375,128.640625,20.53125,33.431251525878906,1.756250023841858,114.71875,4.140625,20.5546875,0.8098958134651184,0.10989584028720856,0.921875,0.78125,0.0,3,3 1
275,6291.9755859375,4820.5791015625,4218.7197265625,515.578125,8.078125,0.734375,11.71875,23.3125,7.34375,3.203125,4.1875,1.515625,7.0625,115.37812805175781,47.75,2.0,7.078125,160.984375,27.671875,31.745311737060547,1.671875,149.3984375,3.890625,19.625,0.6809895634651184,0.07500000298023224,0.984375,0.734375,0.0,3,3 1
276,6211.080078125,4742.0849609375,4143.005859375,529.4187622070312,7.984375,0.75,11.59375,23.125,7.234375,3.140625,4.328125,1.421875,7.0,116.37031555175781,46.5,2.0,6.984375,188.953125,25.953125,32.3359375,1.7218749523162842,125.1953125,3.953125,19.796875,0.556640625,0.046875,0.96875,0.75,0.0,3,3 2
277,5525.6669921875,4183.6591796875,3646.07275390625,482.77813720703125,7.328125,0.640625,10.6875,21.359375,6.546875,2.8125,4.09375,1.25,6.65625,108.5562515258789,44.359375,2.0,6.328125,164.5625,20.859375,31.381250381469727,1.6437499523162842,94.34375,3.75,18.53125,0.57421875,0.06875000149011612,0.9375,0.640625,0.0,3,3 2
278,6758.41845703125,5121.8203125,4483.37646484375,538.0499877929688,8.453125,0.796875,12.359375,24.640625,7.609375,3.53125,4.609375,1.515625,7.375,127.1968765258789,51.078125,1.984375,7.453125,173.578125,25.21875,37.923439025878906,1.962499976158142,136.9453125,4.46875,22.2265625,0.376953125,0.04140625149011612,0.9375,0.796875,0.0,3,3 2
279,5834.5830078125,4442.697265625,3874.196533203125,493.87811279296875,7.640625,0.703125,11.359375,22.625,7.0,3.09375,4.265625,1.453125,6.8125,111.2671890258789,46.453125,2.5,6.640625,161.46875,21.53125,30.825000762939453,1.646875023841858,108.0625,4.0,20.078125,0.6985676884651184,0.07265625149011612,0.9375,0.703125,0.0,3,3 1
280,6732.86376953125,5068.4130859375,4430.0966796875,529.3843994140625,8.40625,0.8125,12.421875,24.78125,7.46875,3.515625,4.65625,1.734375,7.40625,128.9796905517578,47.5625,2.0,7.40625,185.109375,24.640625,37.889060974121094,1.9375,113.9921875,4.453125,22.203125,0.61328125,0.10703124850988388,0.859375,0.8125,0.0,3,3 2
281,7133.0859375,5420.80322265625,4748.96435546875,564.875,8.75,0.875,12.78125,25.4375,7.828125,3.78125,4.625,1.671875,7.53125,135.16561889648438,46.515625,2.265625,7.75,190.21875,26.421875,39.954689025878906,2.0687499046325684,137.4140625,4.5,22.1953125,0.8619791865348816,0.11328125,0.859375,0.875,0.0,3,3 1
282,6586.50927734375,5059.208984375,4434.4140625,555.1124877929688,8.3125,0.765625,12.09375,24.109375,7.265625,3.46875,4.578125,1.59375,7.203125,126.1328125,45.609375,2.0,7.3125,193.65625,25.875,37.49531173706055,1.912500023841858,150.9609375,4.109375,20.140625,0.984375,0.15859374403953552,0.78125,0.765625,0.0,3,3 4
283,6884.52001953125,5227.0595703125,4581.767578125,546.8125,8.546875,0.796875,12.359375,24.609375,7.515625,3.515625,4.5625,1.65625,7.359375,132.5359344482422,51.625,2.0,7.546875,168.59375,25.34375,39.77656173706055,2.0,132.6796875,4.28125,21.0703125,0.416015625,0.04531250149011612,0.953125,0.78125,0.0,3,3 1
284,6552.1669921875,4952.49462890625,4339.0390625,529.84375,8.171875,0.75,12.328125,24.546875,7.421875,3.625,4.5625,1.6875,7.25,125.5078125,48.109375,2.265625,7.171875,178.109375,26.328125,38.73125076293945,1.975000023841858,121.65625,4.03125,20.1484375,0.7265625,0.09531250596046448,0.890625,0.75,0.0,3,3 1
285,6514.6689453125,4938.296875,4327.62255859375,523.53125,8.21875,0.71875,12.09375,24.15625,7.34375,3.640625,4.359375,1.671875,7.140625,125.8656234741211,46.875,2.203125,7.21875,195.859375,33.875,37.782814025878906,1.959375023841858,137.3359375,4.171875,20.4765625,0.8763020634651184,0.11406250298023224,0.875,0.71875,0.0,3,3 4
286,5621.75634765625,4292.1220703125,3747.30615234375,475.3125,7.4375,0.640625,11.15625,22.21875,6.765625,3.078125,4.078125,1.59375,6.703125,108.30000305175781,47.4375,1.96875,6.4375,172.890625,26.890625,29.265625,1.537500023841858,104.609375,3.5,17.4453125,0.7291666865348816,0.06171875074505806,0.984375,0.640625,0.0,3,3 1
287,6144.30126953125,4709.6142578125,4120.1259765625,493.41876220703125,7.921875,0.71875,11.421875,22.734375,6.953125,3.09375,4.1875,1.5,7.0,119.60469055175781,49.6875,2.0,6.921875,194.296875,31.703125,35.1328125,1.834375023841858,109.3359375,3.90625,19.359375,0.494140625,0.012500000186264515,0.96875,0.71875,0.0,3,3 1
288,6347.33447265625,4783.9267578125,4182.66015625,476.578125,7.984375,0.765625,11.65625,23.125,6.984375,3.265625,4.375,1.453125,7.046875,122.7484359741211,49.28125,2.78125,6.984375,163.25,28.25,36.87968826293945,1.9093749523162842,100.6015625,3.890625,19.3125,0.291015625,0.00937500037252903,0.953125,0.75,0.0,3,3 1
289,7071.30322265625,5356.51904296875,4683.32666015625,491.3968811035156,8.734375,0.90625,12.625,25.140625,7.671875,3.640625,4.703125,1.609375,7.515625,134.1015625,47.375,1.984375,7.734375,154.140625,26.90625,40.2109375,2.112499952316284,123.9453125,4.6875,23.3828125,0.47265625,0.04062500223517418,0.90625,0.90625,0.0,3,3 2
290,7055.357421875,5382.04296875,4713.1533203125,486.7124938964844,8.796875,0.859375,12.578125,25.0,7.671875,3.578125,4.65625,1.5,7.59375,132.32968139648438,50.71875,2.0,7.796875,149.625,28.4375,38.8671875,2.081249952316284,139.7265625,4.828125,23.515625,0.3450520932674408,0.01875000074505806,1.0,0.859375,0.0,3,3 2
291,7394.669921875,5621.02880859375,4927.505859375,485.83123779296875,9.046875,0.90625,13.25,26.34375,8.046875,4.03125,4.875,1.640625,7.75,136.8640594482422,49.578125,2.0,8.046875,148.421875,31.03125,41.70781326293945,2.1937499046325684,136.1484375,4.828125,23.78125,0.474609375,0.05156249925494194,0.921875,0.90625,0.0,3,3 2
292,6345.76806640625,4781.9384765625,4165.71630859375,447.60626220703125,8.109375,0.8125,12.265625,24.4375,7.375,3.421875,4.71875,1.546875,7.375,120.5531234741211,41.71875,2.0,7.109375,121.3125,22.84375,37.056251525878906,2.015625,105.96875,4.59375,22.921875,0.6627604365348816,0.07734375447034836,0.96875,0.8125,0.0,3,3 2
293,6658.38037109375,5104.8857421875,4466.36572265625,460.1156311035156,8.453125,0.8125,12.46875,24.859375,7.65625,3.59375,4.640625,1.484375,7.484375,125.51094055175781,46.0625,1.984375,7.453125,117.78125,21.578125,36.329689025878906,1.96875,134.2890625,4.515625,22.3828125,0.5006510615348816,0.04192708432674408,1.078125,0.8125,0.0,3,3 2
294,6094.83154296875,4702.84228515625,4102.05712890625,440.40313720703125,8.046875,0.75,12.140625,24.234375,7.28125,3.421875,4.546875,1.703125,7.28125,113.77030944824219,45.171875,2.0,7.046875,115.703125,20.4375,31.026561737060547,1.75,114.8671875,4.484375,21.8671875,0.517578125,0.0481770820915699,1.109375,0.75,0.0,3,3 1
295,6085.3828125,4660.587890625,4066.48828125,440.74688720703125,7.984375,0.734375,11.953125,23.84375,7.234375,3.34375,4.453125,1.640625,7.171875,113.3812484741211,42.640625,2.0,6.984375,108.234375,17.609375,29.856250762939453,1.6281249523162842,106.03125,4.203125,20.75,0.4934895932674408,0.04921875149011612,1.03125,0.734375,0.0,3,3 2
296,6477.6533203125,4950.3115234375,4324.53515625,465.5874938964844,8.296875,0.796875,12.375,24.609375,7.578125,3.578125,4.453125,1.625,7.375,120.8140640258789,42.59375,2.0,7.296875,122.484375,22.90625,33.93437576293945,1.868749976158142,137.515625,4.546875,21.9140625,0.6067708134651184,0.06067708879709244,0.984375,0.796875,0.0,3,3 1
297,7051.99462890625,5346.4404296875,4680.73046875,497.87188720703125,8.6875,0.875,12.90625,25.703125,7.9375,3.828125,4.734375,1.65625,7.546875,131.7296905517578,45.171875,2.0,7.6875,130.875,26.703125,41.33281326293945,2.159374952316284,130.5234375,4.5,22.421875,0.5358073115348816,0.07187499850988388,1.0,0.875,0.0,3,3 4
298,7309.9453125,5586.0791015625,4902.3759765625,506.1656188964844,8.96875,0.875,13.0,25.8125,8.015625,4.0,4.65625,1.578125,7.5625,135.5187530517578,46.890625,2.0,7.96875,137.984375,28.578125,43.298439025878906,2.284374952316284,145.6953125,4.625,23.3125,0.76953125,0.11119792610406876,0.96875,0.875,0.0,3,3 2
299,7407.3115234375,5637.4169921875,4953.6328125,500.1781311035156,9.0,0.859375,13.109375,26.171875,8.171875,4.03125,4.671875,1.609375,7.6875,139.22500610351562,48.4375,2.0,8.0,124.390625,26.90625,44.90937423706055,2.3968749046325684,162.328125,4.53125,22.703125,0.5950520634651184,0.05234374850988388,1.0,0.859375,0.0,3,3 1
300,7036.337890625,5361.9072265625,4694.35595703125,467.09063720703125,8.734375,0.875,12.734375,25.390625,7.84375,3.84375,4.609375,1.515625,7.578125,133.375,45.25,2.0,7.734375,99.109375,17.09375,41.38593673706055,2.206249952316284,121.5078125,4.609375,22.953125,0.6028645634651184,0.05000000074505806,1.0,0.875,0.0,3,3 1
301,6874.615234375,5269.95458984375,4616.38134765625,471.765625,8.609375,0.84375,12.484375,24.859375,7.671875,3.53125,4.53125,1.625,7.5,127.1624984741211,45.609375,2.0,7.609375,104.8125,18.03125,39.21562576293945,2.09375,139.234375,4.4375,22.109375,0.466796875,0.03984375298023224,1.015625,0.84375,0.0,3,3 1
302,7655.9970703125,5835.05322265625,5127.4501953125,501.59063720703125,9.25,0.90625,13.578125,27.09375,8.40625,4.453125,4.796875,1.671875,7.765625,141.10781860351562,49.734375,2.0,8.25,119.046875,23.984375,45.84375,2.421875,150.78125,4.65625,23.4609375,0.5846354365348816,0.05937499925494194,1.0,0.90625,0.0,3,3 1
303,7247.67431640625,5511.40869140625,4835.99560546875,482.015625,8.84375,0.875,13.09375,26.046875,7.84375,4.09375,4.703125,1.75,7.65625,134.1125030517578,47.546875,2.0,7.84375,120.625,20.328125,43.751564025878906,2.3343749046325684,141.5546875,4.578125,22.984375,0.41015625,0.01406249962747097,1.03125,0.875,0.0,3,3 2
304,7350.35888671875,5620.87060546875,4933.90087890625,500.4937438964844,9.015625,0.875,13.3125,26.515625,8.1875,4.21875,4.671875,1.765625,7.671875,135.51718139648438,46.125,2.0,8.015625,112.046875,18.265625,42.342185974121094,2.2093749046325684,146.7265625,4.484375,22.2265625,0.568359375,0.04531250149011612,1.015625,0.875,0.0,3,3 1
305,6902.61474609375,5257.984375,4607.7373046875,484.109375,8.625,0.8125,12.515625,24.96875,7.6875,3.84375,4.421875,1.609375,7.40625,128.85000610351562,47.515625,2.0,7.625,124.6875,18.5625,39.381248474121094,2.09375,117.15625,4.421875,22.140625,0.453125,0.05078125,1.015625,0.8125,0.0,3,3 1
306,6038.9658203125,4596.20703125,4012.6171875,453.00311279296875,7.84375,0.71875,11.875,23.625,7.203125,3.359375,4.375,1.609375,7.078125,114.58125305175781,44.046875,2.234375,6.84375,110.109375,16.453125,34.41875076293945,1.7687499523162842,100.71875,3.921875,19.421875,0.6438801884651184,0.07656250149011612,1.046875,0.71875,0.0,3,3 1
307,6246.17333984375,4847.88671875,4233.1455078125,478.9937438964844,8.171875,0.78125,11.984375,23.828125,7.3125,3.40625,4.375,1.53125,7.203125,117.16874694824219,45.03125,2.0,7.171875,115.53125,14.5,34.8203125,1.8875000476837158,105.8984375,4.03125,20.59375,0.3567708432674408,0.02656250074505806,1.0625,0.78125,0.0,3,3 1
308,5617.74658203125,4288.1142578125,3742.0078125,450.9312438964844,7.4375,0.65625,11.015625,21.921875,6.59375,2.984375,4.0625,1.5625,6.71875,107.2093734741211,46.125,2.0,6.4375,100.25,9.609375,31.604686737060547,1.6749999523162842,101.9765625,3.671875,18.390625,0.3404947817325592,0.02187499962747097,1.0625,0.65625,0.0,3,3 1
309,5576.24951171875,4250.2822265625,3701.899658203125,466.90936279296875,7.4375,0.671875,11.0,21.9375,6.640625,2.953125,4.046875,1.5625,6.734375,103.47343444824219,46.96875,2.4375,6.4375,99.796875,8.15625,28.626562118530273,1.5499999523162842,90.6171875,3.9375,19.515625,0.1575520783662796,0.00390625,1.046875,0.671875,0.0,3,3 1
310,6720.01025390625,5170.837890625,4532.21484375,506.7718811035156,8.484375,0.796875,12.15625,24.234375,7.5,3.625,4.34375,1.4375,7.328125,125.2484359741211,48.140625,2.03125,7.484375,109.03125,12.796875,38.076560974121094,1.9968750476837158,132.4296875,4.328125,21.4453125,0.4251302182674408,0.05390625074505806,0.9375,0.796875,0.0,3,3 4
311,7429.9833984375,5632.1416015625,4944.94140625,537.8250122070312,9.0,0.875,13.390625,26.6875,8.234375,4.15625,4.796875,1.8125,7.6875,134.91561889648438,49.5,2.0,8.0,149.140625,18.375,45.029685974121094,2.2750000953674316,143.9140625,4.46875,22.3125,0.380859375,0.05859375,0.984375,0.875,0.0,3,3 2
312,6378.83642578125,4824.2861328125,4227.35791015625,509.91876220703125,8.015625,0.71875,12.03125,23.984375,7.21875,3.453125,4.484375,1.609375,7.21875,120.171875,46.015625,2.0,7.015625,184.359375,21.4375,39.25468826293945,1.990625023841858,118.7265625,3.8125,19.09375,0.560546875,0.06953125447034836,0.9375,0.71875,0.0,3,3 4
313,6362.14501953125,4831.64453125,4227.8916015625,529.78125,8.078125,0.734375,12.140625,24.21875,7.28125,3.671875,4.390625,1.6875,7.1875,118.8359375,43.671875,2.0,7.078125,208.125,23.125,35.80937576293945,1.8562500476837158,131.265625,4.234375,20.5078125,1.1809896230697632,0.19348958134651184,0.828125,0.734375,0.0,3,3 1
314,5532.43408203125,4305.4638671875,3755.50927734375,523.7874755859375,7.4375,0.671875,11.0625,22.03125,6.65625,3.03125,4.015625,1.5625,6.765625,102.03125,37.390625,3.453125,6.4375,192.453125,15.046875,26.165624618530273,1.421875,128.859375,3.421875,17.0703125,1.86328125,0.3447916805744171,0.625,0.671875,0.0,3,3 1
315,4733.92138671875,3793.989013671875,3295.896484375,498.07501220703125,6.859375,0.59375,10.203125,20.328125,5.9375,2.65625,3.875,1.5,6.359375,89.8984375,38.359375,3.828125,5.859375,189.53125,17.03125,22.426563262939453,1.303125023841858,101.6171875,3.515625,17.5390625,1.6796875,0.26744791865348816,0.6875,0.59375,0.0,3,3 1
316,3809.154296875,3059.667236328125,2654.625732421875,464.9437561035156,5.765625,0.46875,8.578125,17.09375,5.09375,2.078125,3.21875,1.3125,5.390625,72.21875,36.234375,7.671875,4.765625,184.34375,12.453125,14.996874809265137,0.8968750238418579,86.265625,2.6875,13.109375,1.74609375,0.2890625,0.5,0.46875,0.0,3,3 1
317,4412.625,3436.330078125,2992.26708984375,473.11248779296875,6.265625,0.5,9.40625,18.796875,5.640625,2.4375,3.453125,1.390625,5.875,83.99687194824219,38.078125,5.21875,5.265625,192.28125,18.234375,21.356250762939453,1.171875,100.40625,2.640625,13.28125,1.3098958730697632,0.1796875,0.6875,0.5,0.0,3,3 1
318,5123.10205078125,3967.91845703125,3464.5546875,508.90625,6.90625,0.59375,10.453125,20.84375,6.25,3.0625,3.671875,1.59375,6.265625,98.9749984741211,38.9375,4.125,5.90625,172.359375,14.890625,28.173437118530273,1.475000023841858,106.3203125,3.296875,16.1953125,1.67578125,0.2796874940395355,0.578125,0.59375,0.0,3,3 1
319,5081.7958984375,3881.596923828125,3379.639404296875,510.1656188964844,6.890625,0.59375,10.578125,21.09375,6.359375,3.015625,3.75,1.5625,6.40625,94.76875305175781,35.1875,3.375,5.890625,180.046875,17.234375,24.078125,1.28125,108.984375,3.359375,16.734375,1.876953125,0.36015626788139343,0.640625,0.578125,0.0,3,3 1
320,6134.68017578125,4734.76513671875,4137.841796875,537.328125,7.875,0.78125,11.640625,23.1875,6.875,3.484375,4.140625,1.75,6.9375,111.23750305175781,40.5,3.34375,6.875,166.46875,17.421875,30.9140625,1.649999976158142,142.9296875,3.921875,19.609375,1.55859375,0.3031249940395355,0.640625,0.765625,0.0,3,3 1
321,6837.51513671875,5120.44775390625,4478.0419921875,545.5281372070312,8.375,0.84375,12.765625,25.421875,7.5625,3.96875,4.625,1.875,7.390625,127.82499694824219,42.5625,2.328125,7.375,144.25,18.390625,41.97968673706055,2.140625,125.4140625,4.4375,21.6953125,1.10546875,0.2109375,0.75,0.84375,0.0,3,3 1
322,6305.59912109375,4761.97705078125,4154.68359375,540.2999877929688,8.046875,0.765625,12.359375,24.65625,7.359375,3.75,4.40625,1.96875,7.171875,116.9609375,45.28125,2.0,7.046875,150.78125,16.0625,34.001564025878906,1.7531249523162842,94.0546875,4.140625,20.5859375,0.9720051884651184,0.17499999701976776,0.8125,0.765625,0.0,3,3 1
323,6734.18408203125,5097.4873046875,4457.2431640625,544.3062744140625,8.4375,0.8125,12.578125,25.125,7.4375,3.890625,4.65625,1.796875,7.34375,125.046875,46.390625,2.0,7.4375,146.890625,19.296875,37.931251525878906,2.0,122.84375,4.59375,22.8203125,0.705078125,0.12812499701976776,0.84375,0.8125,0.0,3,3 2
324,6987.1953125,5354.01513671875,4696.5517578125,551.9906005859375,8.703125,0.8125,12.78125,25.421875,7.53125,3.84375,4.8125,1.703125,7.53125,128.6281280517578,45.796875,2.0,7.703125,153.296875,20.4375,39.045310974121094,2.034374952316284,159.4609375,4.265625,21.6015625,1.2369791269302368,0.21718749403953552,0.796875,0.796875,0.0,3,3 2
325,7004.14697265625,5277.576171875,4621.201171875,562.3937377929688,8.625,0.828125,12.921875,25.78125,7.71875,3.875,4.75,1.828125,7.609375,131.4406280517578,49.5625,2.0,7.625,143.484375,18.609375,44.470314025878906,2.262500047683716,116.7109375,4.546875,22.203125,0.673828125,0.11015625298023224,0.921875,0.8125,0.0,3,3 1
326,7324.14990234375,5571.72265625,4889.62451171875,536.6968994140625,8.96875,0.859375,13.34375,26.640625,8.046875,4.171875,4.703125,2.046875,7.671875,131.57968139648438,49.921875,2.0,7.96875,124.984375,19.515625,42.248435974121094,2.121875047683716,138.4453125,4.5,22.453125,0.595703125,0.08619792014360428,0.953125,0.859375,0.0,3,3 2
327,7245.37646484375,5564.38916015625,4881.6328125,534.9781494140625,8.9375,0.875,13.328125,26.625,7.96875,4.21875,4.890625,1.90625,7.640625,132.22811889648438,50.578125,2.0,7.9375,122.8125,17.5625,42.80781173706055,2.2125000953674316,133.7734375,4.484375,22.65625,0.5416666865348816,0.09062500298023224,1.0,0.875,0.0,3,3 4
328,6363.5478515625,4833.2216796875,4226.3251953125,497.61248779296875,8.109375,0.75,12.21875,24.390625,7.328125,3.484375,4.609375,1.65625,7.3125,116.4937515258789,47.453125,1.984375,7.109375,105.921875,13.125,36.55781173706055,1.9187500476837158,121.8984375,4.0625,20.25,0.6015625,0.08359374850988388,0.96875,0.75,0.0,3,3 2
329,6323.61279296875,4808.4208984375,4211.21875,495.66876220703125,8.03125,0.71875,12.125,24.234375,7.25,3.53125,4.515625,1.75,7.1875,117.81562805175781,49.25,2.0,7.03125,87.984375,9.0,37.5078125,1.9500000476837158,116.8359375,3.796875,19.140625,0.48828125,0.04062499850988388,1.046875,0.71875,0.0,3,3 1
330,6182.314453125,4720.0458984375,4127.3154296875,487.21875,7.984375,0.71875,11.765625,23.5,7.1875,3.203125,4.453125,1.40625,7.25,114.0015640258789,48.171875,2.0,6.984375,91.8125,11.1875,35.92656326293945,1.928125023841858,126.9296875,4.015625,20.0703125,0.9088541865348816,0.10078124701976776,0.9375,0.71875,0.0,3,3 4
331,7141.01806640625,5423.35888671875,4756.4482421875,510.484375,8.78125,0.84375,12.96875,25.8125,7.84375,3.96875,4.796875,1.765625,7.4375,132.1296844482422,51.625,2.0,7.78125,101.65625,14.109375,44.29218673706055,2.2718749046325684,122.9140625,4.4375,22.375,0.5618489384651184,0.06093750149011612,0.984375,0.84375,0.0,3,3 4
332,7025.7607421875,5339.42724609375,4679.9462890625,508.46875,8.71875,0.828125,12.78125,25.4375,7.65625,3.890625,4.796875,1.671875,7.421875,127.9984359741211,51.21875,2.0,7.71875,90.625,10.234375,40.90937423706055,2.128124952316284,122.015625,4.515625,22.3515625,0.484375,0.06328125298023224,0.9375,0.828125,0.0,3,3 4
333,7084.9912109375,5368.3046875,4702.6884765625,516.7593994140625,8.71875,0.859375,13.109375,26.125,7.90625,4.03125,4.890625,1.8125,7.484375,129.27499389648438,50.546875,2.0,7.71875,96.203125,12.234375,43.45000076293945,2.265625,125.25,4.53125,22.421875,0.435546875,0.03203124925494194,0.96875,0.859375,0.0,3,3 1
334,6618.66162109375,5035.92626953125,4412.75830078125,501.1875,8.3125,0.765625,12.453125,24.765625,7.4375,3.734375,4.59375,1.75,7.25,122.08906555175781,50.5625,2.25,7.3125,78.78125,10.28125,39.453125,2.096874952316284,116.484375,4.171875,21.015625,0.6959635615348816,0.08125000447034836,0.90625,0.765625,0.0,3,3 1
335,7434.2548828125,5658.61865234375,4968.14697265625,551.7718505859375,9.078125,0.859375,13.515625,26.890625,8.015625,4.109375,5.109375,1.703125,7.953125,137.2218780517578,52.234375,2.0,8.078125,100.96875,14.859375,45.525001525878906,2.4000000953674316,156.125,4.890625,23.921875,0.509765625,0.078125,0.9375,0.859375,0.0,3,3 1
336,7515.41748046875,5707.42724609375,5013.4453125,542.90625,9.09375,0.875,13.703125,27.296875,8.1875,4.234375,5.140625,1.8125,7.921875,137.0203094482422,53.421875,2.0,8.09375,95.03125,15.796875,46.296875,2.34375,130.703125,4.640625,23.28125,0.53515625,0.05937499925494194,0.953125,0.875,0.0,3,3 1
337,7073.26123046875,5406.37353515625,4741.0400390625,533.5968627929688,8.703125,0.859375,12.9375,25.84375,7.765625,3.921875,4.84375,1.703125,7.609375,132.0124969482422,49.140625,2.234375,7.703125,113.375,21.265625,43.70624923706055,2.265625,138.03125,4.40625,21.9296875,0.751953125,0.11249999701976776,0.890625,0.859375,0.0,3,3 1
338,6822.0703125,5156.7080078125,4521.70703125,508.171875,8.40625,0.796875,12.390625,24.671875,7.578125,3.71875,4.5625,1.5625,7.25,128.32968139648438,50.234375,2.0,7.40625,95.421875,15.34375,45.65312576293945,2.3062500953674316,110.171875,4.09375,20.3046875,0.5084635615348816,0.03958333283662796,0.921875,0.796875,0.0,3,3 1
339,6783.77001953125,5154.8193359375,4515.34375,500.109375,8.4375,0.8125,12.46875,24.90625,7.53125,3.8125,4.625,1.578125,7.359375,129.359375,49.859375,2.0,7.4375,92.96875,13.390625,43.303123474121094,2.2593750953674316,106.296875,4.3125,21.921875,0.5716145634651184,0.06458333134651184,0.9375,0.8125,0.0,3,3 4
340,7242.8076171875,5567.87890625,4883.544921875,516.8843994140625,8.984375,0.875,13.0,25.921875,8.046875,3.96875,4.734375,1.515625,7.65625,132.0234375,53.1875,2.0,7.984375,103.609375,16.015625,43.90156173706055,2.340625047683716,128.6171875,4.765625,23.6640625,0.4375,0.02812499925494194,0.984375,0.875,0.0,3,3 4
341,6919.3203125,5368.34912109375,4704.3037109375,511.40313720703125,8.765625,0.84375,12.46875,24.875,7.625,3.640625,4.640625,1.53125,7.4375,126.82499694824219,52.15625,2.0,7.765625,101.640625,13.765625,41.196876525878906,2.221874952316284,136.828125,4.703125,23.03125,0.5325520634651184,0.06145833805203438,0.953125,0.84375,0.0,3,3 1
342,7408.37353515625,5604.8193359375,4917.51171875,519.8624877929688,8.96875,0.890625,13.1875,26.25,8.171875,4.03125,4.703125,1.53125,7.8125,137.29061889648438,51.28125,2.046875,7.96875,104.34375,18.125,44.767189025878906,2.2750000953674316,140.2265625,4.6875,23.421875,0.388671875,0.03437500074505806,0.921875,0.890625,0.0,3,3 2
343,7588.84765625,5795.74951171875,5094.37890625,521.1375122070312,9.1875,0.890625,13.40625,26.734375,8.203125,4.09375,4.96875,1.5625,7.90625,139.8562469482422,53.84375,2.0,8.1875,109.25,19.515625,47.75312423706055,2.424999952316284,139.359375,4.640625,22.796875,0.4095052182674408,0.06744791567325592,0.953125,0.890625,0.0,3,3 4
344,7513.04833984375,5707.0380859375,5011.1728515625,502.6312561035156,9.109375,0.890625,13.28125,26.484375,8.140625,4.171875,4.828125,1.5625,7.78125,139.78750610351562,53.46875,2.0,8.109375,96.578125,14.625,46.15937423706055,2.346874952316284,120.765625,4.609375,23.1640625,0.2578125,0.03203124925494194,0.984375,0.890625,0.0,3,3 2
345,7266.77001953125,5530.29443359375,4852.4599609375,493.08123779296875,8.890625,0.875,13.109375,26.109375,7.921875,3.984375,4.828125,1.640625,7.734375,129.92343139648438,52.5625,2.0,7.890625,107.53125,17.6875,44.01874923706055,2.268749952316284,133.03125,4.53125,22.5,0.2825520932674408,0.012500000186264515,1.0,0.875,0.0,3,3 2
346,6856.39794921875,5244.77490234375,4589.8720703125,486.12188720703125,8.625,0.84375,12.703125,25.375,7.625,3.734375,4.796875,1.578125,7.640625,124.51875305175781,48.515625,2.0,7.625,105.703125,19.46875,40.70781326293945,2.1500000953674316,121.4609375,4.625,22.8046875,0.6067708134651184,0.06484375149011612,0.9375,0.84375,0.0,3,3 1
347,7459.66064453125,5709.4619140625,5006.966796875,503.5,9.15625,0.921875,13.296875,26.453125,8.1875,4.234375,4.765625,1.546875,7.71875,132.8984375,51.359375,2.0,8.15625,114.390625,19.6875,44.889060974121094,2.3343749046325684,130.8671875,4.78125,23.875,0.435546875,0.07265625149011612,0.921875,0.921875,0.0,3,3 1
348,6526.14013671875,4929.83154296875,4312.53271484375,475.3843688964844,8.234375,0.765625,12.515625,24.953125,7.46875,3.84375,4.59375,1.625,7.421875,119.1312484741211,51.265625,1.984375,7.234375,115.5625,17.71875,39.685935974121094,2.090625047683716,101.5703125,4.515625,22.65625,0.41015625,0.01875000074505806,0.921875,0.765625,0.0,3,3 2
349,5821.7724609375,4467.43017578125,3899.509765625,469.953125,7.65625,0.703125,11.296875,22.5,6.8125,3.25,4.234375,1.359375,6.84375,107.515625,47.484375,2.234375,6.65625,104.046875,15.203125,34.328125,1.84375,102.734375,3.78125,18.875,0.447265625,0.03828125074505806,1.046875,0.703125,0.0,3,3 1
350,6402.13330078125,4922.62890625,4306.2294921875,505.11248779296875,8.21875,0.765625,12.078125,24.0625,7.359375,3.578125,4.46875,1.359375,7.296875,119.25,50.84375,2.0,7.21875,120.84375,17.59375,39.779685974121094,2.0875000953674316,106.1015625,4.21875,21.203125,0.55078125,0.06562499701976776,1.015625,0.765625,0.0,3,3 1
351,6529.4033203125,5013.3779296875,4389.2724609375,509.34375,8.234375,0.8125,11.890625,23.75,7.3125,3.578125,4.265625,1.453125,7.140625,116.5640640258789,48.34375,2.265625,7.234375,125.546875,18.421875,37.704689025878906,1.9968750476837158,110.8515625,4.015625,20.3125,0.728515625,0.08437500149011612,0.90625,0.8125,0.0,3,3 1
352,6782.17041015625,5212.65869140625,4574.5849609375,521.6343994140625,8.46875,0.796875,12.34375,24.609375,7.546875,3.625,4.640625,1.328125,7.46875,122.84687805175781,48.6875,2.0625,7.46875,105.390625,17.734375,39.724998474121094,2.046875,137.9375,4.015625,20.09375,0.552734375,0.04921875149011612,0.96875,0.796875,0.0,3,3 1
353,7340.5244140625,5581.970703125,4900.984375,528.734375,8.953125,0.859375,13.203125,26.28125,8.0,4.109375,4.828125,1.671875,7.671875,133.50155639648438,52.484375,2.0,7.953125,104.796875,17.828125,45.20781326293945,2.278125047683716,137.7109375,4.484375,22.5625,0.396484375,0.05312500149011612,0.921875,0.859375,0.0,3,3 1
354,7311.1171875,5567.21630859375,4890.123046875,526.7249755859375,8.9375,0.84375,13.078125,26.140625,7.953125,3.9375,4.96875,1.390625,7.890625,132.69686889648438,53.1875,1.984375,7.9375,117.109375,20.296875,46.13593673706055,2.3531250953674316,133.0703125,4.5,22.65625,0.376953125,0.03125,0.96875,0.84375,0.0,3,3 4
355,6929.40771484375,5257.07177734375,4618.478515625,520.109375,8.53125,0.765625,12.8125,25.578125,7.78125,3.96875,4.828125,1.390625,7.609375,127.71875,50.21875,2.1875,7.53125,140.328125,26.28125,43.84062576293945,2.234375,138.921875,4.296875,21.421875,0.62109375,0.08125000447034836,0.875,0.765625,0.0,3,3 1
356,7046.2509765625,5381.4501953125,4723.61279296875,532.4000244140625,8.6875,0.828125,12.6875,25.359375,7.78125,3.765625,4.75,1.390625,7.671875,126.3343734741211,51.59375,2.765625,7.6875,149.21875,31.578125,42.0703125,2.2281250953674316,148.0859375,4.53125,22.3203125,0.484375,0.04374999925494194,0.890625,0.828125,0.0,3,3 1
357,7063.00146484375,5440.08203125,4765.0732421875,530.7156372070312,8.84375,0.875,13.0,25.921875,7.890625,4.015625,4.828125,1.46875,7.71875,124.7890625,46.671875,2.0,7.84375,153.078125,30.265625,39.47187423706055,2.0843749046325684,143.265625,4.453125,22.234375,0.908203125,0.13437500596046448,0.828125,0.875,0.0,3,3 1
358,7247.8203125,5501.25244140625,4830.37158203125,520.390625,8.8125,0.859375,12.890625,25.71875,7.90625,4.0625,4.84375,1.359375,7.546875,129.09530639648438,52.703125,3.46875,7.8125,148.640625,27.671875,43.78125,2.231250047683716,137.65625,4.4375,22.203125,0.267578125,0.03125,0.921875,0.859375,0.0,3,3 1
359,6765.4189453125,5149.28369140625,4515.4013671875,503.546875,8.453125,0.78125,12.4375,24.6875,7.5625,3.65625,4.640625,1.34375,7.484375,120.62968444824219,52.15625,2.75,7.453125,149.265625,29.78125,39.079689025878906,2.046875,141.4765625,4.28125,21.265625,0.333984375,0.04140625149011612,0.953125,0.78125,0.0,3,3 1
360,7284.84716796875,5546.9228515625,4872.923828125,505.02813720703125,8.90625,0.84375,12.8125,25.546875,7.984375,3.96875,4.734375,1.25,7.609375,132.4875030517578,53.8125,2.0,7.90625,188.828125,46.34375,46.31718826293945,2.362499952316284,134.0390625,4.609375,22.953125,0.2513020932674408,0.00937500037252903,1.0,0.84375,0.0,3,3 4
361,7479.1708984375,5611.38525390625,4922.5634765625,495.51251220703125,8.96875,0.90625,13.046875,26.03125,8.140625,4.15625,4.765625,1.1875,7.78125,137.4328155517578,50.703125,2.0,7.96875,184.0625,46.34375,51.0390625,2.565624952316284,121.3671875,4.796875,23.9921875,0.40625,0.05546874925494194,0.921875,0.90625,0.0,3,3 1
362,7380.95361328125,5628.6865234375,4941.0830078125,486.6468811035156,9.015625,0.890625,12.65625,25.28125,7.890625,3.828125,4.734375,1.140625,7.6875,134.7453155517578,51.390625,2.0,8.015625,222.640625,62.171875,47.287498474121094,2.4781250953674316,141.6875,4.671875,23.375,0.4114583432674408,0.03125,0.921875,0.890625,0.0,3,3 1
363,7969.55322265625,6010.0439453125,5285.46484375,492.4781188964844,9.40625,0.953125,13.53125,26.984375,8.375,4.1875,5.125,1.140625,8.15625,143.70938110351562,53.96875,2.0,8.40625,220.28125,58.65625,55.228126525878906,2.75,125.109375,4.75,23.8125,0.134765625,0.0062500000931322575,1.0,0.953125,0.0,3,3 1
364,7938.814453125,6019.103515625,5299.3486328125,503.6875,9.4375,0.90625,13.71875,27.390625,8.5625,4.453125,5.078125,1.203125,8.09375,144.203125,53.875,2.0,8.4375,220.84375,63.9375,52.18437576293945,2.659374952316284,152.828125,4.828125,24.21875,0.2330729216337204,0.0031250000465661287,0.984375,0.90625,0.0,3,3 2
365,7617.06298828125,5746.20947265625,5044.3427734375,502.63751220703125,9.125,0.921875,13.421875,26.8125,8.375,4.046875,4.921875,1.21875,8.25,138.5749969482422,50.265625,1.984375,8.125,175.328125,43.03125,50.6015625,2.546875,119.8046875,4.671875,23.1328125,0.515625,0.05312500149011612,0.921875,0.921875,0.0,3,3 1
366,8219.443359375,6215.0341796875,5473.3173828125,499.15936279296875,9.65625,0.953125,14.0625,27.984375,8.71875,4.5625,5.109375,1.28125,8.3125,148.5656280517578,52.96875,2.0,8.65625,159.671875,37.859375,56.162498474121094,2.796875,147.3125,4.984375,24.828125,0.357421875,0.04062500223517418,0.9375,0.953125,0.0,3,3 1
367,7901.03662109375,6069.73583984375,5339.77734375,503.9593811035156,9.53125,0.9375,13.5625,27.046875,8.359375,4.34375,4.984375,1.3125,8.046875,143.55313110351562,50.96875,2.0,8.53125,140.0,33.359375,50.3359375,2.5875000953674316,153.3203125,4.90625,24.46875,0.5013020634651184,0.08203125,0.90625,0.9375,0.0,3,3 2
368,7680.8876953125,5769.6962890625,5067.1328125,490.6468811035156,9.171875,0.90625,13.546875,27.0625,8.4375,4.296875,5.03125,1.203125,8.09375,141.32186889648438,53.46875,2.0,8.171875,104.78125,23.40625,53.892189025878906,2.684375047683716,116.1640625,5.0,24.875,0.19140625,0.00937500037252903,1.0,0.90625,0.0,3,3 1
369,7570.251953125,5843.18310546875,5131.56005859375,511.8062438964844,9.296875,0.921875,13.375,26.71875,8.296875,4.015625,4.9375,1.46875,8.0,134.4765625,51.5625,2.0,8.296875,128.0,32.078125,44.623435974121094,2.3343749046325684,165.9453125,4.921875,24.3671875,0.62109375,0.08749999850988388,0.890625,0.921875,0.0,3,3 1
370,7447.259765625,5729.6767578125,5032.9482421875,516.734375,9.125,0.890625,13.4375,26.796875,8.25,4.109375,5.046875,1.34375,8.046875,135.28750610351562,49.21875,2.0,8.125,140.1875,31.65625,49.23906326293945,2.4937500953674316,139.1171875,4.71875,23.5390625,0.771484375,0.11328125,0.90625,0.890625,0.0,3,3 2
371,7528.72509765625,5699.79541015625,5001.56103515625,498.6343688964844,9.078125,0.921875,13.328125,26.546875,8.203125,4.21875,4.875,1.34375,7.90625,135.73281860351562,50.9375,2.734375,8.078125,140.578125,34.84375,48.103126525878906,2.418750047683716,134.171875,4.734375,23.828125,0.39453125,0.06093750149011612,0.90625,0.921875,0.0,3,3 2
372,8131.8173828125,6181.03369140625,5440.1416015625,513.40625,9.65625,0.953125,13.765625,27.390625,8.515625,4.5,5.0625,1.265625,8.046875,144.90625,55.34375,2.0,8.65625,158.59375,39.28125,52.751564025878906,2.6812500953674316,143.1171875,4.984375,24.8359375,0.099609375,0.0031250000465661287,0.984375,0.953125,0.0,3,3 1
373,7678.2421875,5824.20751953125,5118.24951171875,490.59686279296875,9.203125,0.921875,13.4375,26.875,8.421875,4.296875,4.828125,1.34375,7.984375,137.0968780517578,52.390625,2.359375,8.203125,166.4375,40.21875,50.42656326293945,2.5250000953674316,140.3671875,4.828125,24.15625,0.34375,0.05312500149011612,0.953125,0.921875,0.0,3,3 2
374,7788.29931640625,5966.9501953125,5243.26416015625,491.1968688964844,9.40625,0.953125,13.734375,27.421875,8.4375,4.390625,5.0,1.4375,8.15625,136.70156860351562,52.59375,2.0,8.40625,167.109375,39.609375,49.048439025878906,2.5218749046325684,151.0078125,4.984375,24.828125,0.458984375,0.06718750298023224,0.921875,0.953125,0.0,3,3 1
375,7297.19482421875,5546.40625,4873.3427734375,471.26251220703125,8.953125,0.828125,13.0,25.9375,8.0,4.0625,4.8125,1.3125,7.75,129.10000610351562,53.09375,2.0,7.953125,166.59375,39.640625,47.349998474121094,2.421875,137.9375,4.765625,23.7734375,0.28125,0.02500000037252903,0.984375,0.828125,0.0,3,3 1
376,7590.50439453125,5770.1943359375,5066.39306640625,478.6468811035156,9.1875,0.921875,13.234375,26.4375,8.125,4.078125,4.890625,1.328125,8.015625,134.57186889648438,50.375,2.0,8.1875,184.671875,42.046875,47.28593826293945,2.4000000953674316,136.3828125,4.671875,23.375,0.4798177182674408,0.05624999850988388,0.953125,0.921875,0.0,3,3 1
377,7626.74267578125,5804.90185546875,5101.28564453125,486.2749938964844,9.21875,0.90625,13.296875,26.546875,8.234375,4.234375,4.8125,1.3125,7.953125,135.05313110351562,54.0625,2.0,8.21875,205.3125,48.453125,49.05156326293945,2.5062499046325684,134.7421875,4.71875,23.703125,0.177734375,0.01953125,1.015625,0.90625,0.0,3,3 2
378,7990.86279296875,6108.2373046875,5375.16552734375,496.23126220703125,9.546875,0.953125,13.640625,27.203125,8.546875,4.53125,4.90625,1.328125,7.890625,142.171875,55.421875,2.0,8.546875,187.765625,48.53125,51.985939025878906,2.612499952316284,143.1953125,4.84375,24.015625,0.16015625,0.00937500037252903,0.96875,0.953125,0.0,3,3 2
379,8032.7470703125,6066.6083984375,5337.9755859375,486.4312438964844,9.515625,0.9375,13.65625,27.171875,8.5,4.484375,4.953125,1.265625,7.96875,143.2765655517578,53.234375,1.984375,8.515625,170.171875,46.015625,53.89374923706055,2.6875,142.71875,5.0,24.703125,0.326171875,0.05624999850988388,0.921875,0.9375,0.0,3,3 1
380,7319.33056640625,5556.76708984375,4878.32177734375,464.23126220703125,8.953125,0.859375,13.25,26.46875,8.296875,4.203125,4.734375,1.34375,7.890625,129.61874389648438,52.515625,2.0,7.953125,179.953125,53.859375,46.14531326293945,2.309375047683716,128.0234375,4.734375,23.2890625,0.337890625,0.04765624925494194,0.953125,0.859375,0.0,3,3 2
381,7576.26416015625,5738.5625,5040.373046875,482.30938720703125,9.125,0.90625,13.46875,26.75,8.359375,4.21875,4.953125,1.265625,7.953125,134.9015655517578,51.890625,2.0,8.125,224.625,71.59375,48.6875,2.4375,129.375,4.671875,23.265625,0.09765625,0.00390625,1.03125,0.90625,0.0,3,3 1
382,7810.671875,5920.9677734375,5206.79736328125,482.28125,9.328125,0.921875,13.5625,26.90625,8.3125,4.5625,4.890625,1.359375,7.78125,141.05313110351562,51.921875,1.953125,8.328125,221.859375,73.546875,52.068748474121094,2.643749952316284,132.15625,4.828125,24.109375,0.369140625,0.04062500223517418,0.9375,0.921875,0.0,3,3 1
383,7971.46533203125,6062.7294921875,5335.15966796875,493.97186279296875,9.5,0.9375,13.421875,26.78125,8.453125,4.421875,4.8125,1.203125,7.890625,143.92813110351562,53.109375,2.0,8.5,224.3125,63.0625,53.671875,2.7249999046325684,132.890625,4.75,23.6484375,0.33203125,0.04062499850988388,0.9375,0.9375,0.0,3,3 2
384,7660.05029296875,5781.65771484375,5075.36865234375,480.765625,9.171875,0.9375,13.078125,26.03125,8.203125,4.15625,4.78125,1.09375,7.796875,141.0968780517578,51.625,2.0,8.171875,228.234375,62.359375,54.890625,2.78125,105.546875,4.65625,23.71875,0.3684895932674408,0.05000000074505806,0.96875,0.921875,0.0,3,3 4
385,8056.13623046875,6067.8623046875,5343.65673828125,510.83123779296875,9.453125,0.921875,13.515625,27.0,8.515625,4.4375,4.984375,1.046875,8.015625,150.8984375,53.15625,2.0,8.453125,270.03125,76.625,57.72187423706055,2.871875047683716,128.578125,4.734375,23.4921875,0.361328125,0.03750000149011612,0.96875,0.921875,0.0,3,3 1
386,7580.32373046875,5759.27392578125,5063.49072265625,503.04998779296875,9.15625,0.875,13.078125,26.03125,8.265625,4.140625,4.78125,1.046875,7.796875,139.78280639648438,52.3125,1.96875,8.15625,299.203125,84.78125,51.24531173706055,2.575000047683716,123.7734375,4.703125,23.4609375,0.322265625,0.03229166567325592,0.984375,0.875,0.0,3,3 1
387,8093.50146484375,6124.2548828125,5385.17041015625,529.3343505859375,9.5625,0.96875,13.828125,27.59375,8.765625,4.5625,4.96875,1.09375,8.203125,148.8781280517578,51.65625,2.0,8.5625,345.296875,93.34375,54.78437423706055,2.7750000953674316,125.765625,4.890625,24.3515625,0.5703125,0.07968749850988388,0.921875,0.953125,0.0,3,3 2
388,7071.31396484375,5369.33642578125,4713.1318359375,487.47186279296875,8.71875,0.8125,12.5625,25.03125,7.796875,3.875,4.609375,1.0625,7.6875,129.61093139648438,53.25,2.0,7.71875,364.453125,98.53125,47.01250076293945,2.465625047683716,119.9375,4.53125,22.6796875,0.4765625,0.03125,1.0,0.8125,0.0,3,3 1
389,7150.97998046875,5407.67822265625,4740.9248046875,483.6875,8.765625,0.859375,12.703125,25.328125,7.890625,3.921875,4.71875,1.03125,7.765625,129.9953155517578,52.3125,2.0,7.765625,366.96875,100.4375,48.428123474121094,2.53125,116.609375,4.71875,23.578125,0.5631510615348816,0.04374999925494194,0.921875,0.84375,0.0,3,3 1
390,7876.34814453125,5984.41162109375,5270.9912109375,501.2437438964844,9.34375,0.90625,13.40625,26.734375,8.40625,4.328125,4.9375,1.09375,7.96875,144.1453094482422,54.515625,2.21875,8.34375,382.984375,104.6875,54.30781173706055,2.737499952316284,138.4609375,4.671875,23.1796875,0.234375,0.00937500037252903,0.96875,0.90625,0.0,3,3 1
391,8008.66552734375,6052.36669921875,5326.72265625,519.46875,9.484375,0.921875,13.859375,27.65625,8.640625,4.53125,5.09375,1.234375,8.15625,143.2140655517578,55.640625,1.96875,8.484375,401.171875,102.671875,53.998435974121094,2.7125000953674316,140.3203125,4.90625,24.5546875,0.13671875,0.0,1.0,0.921875,0.0,3,3 4
392,7161.7763671875,5441.84228515625,4777.466796875,480.47186279296875,8.8125,0.828125,12.71875,25.375,7.921875,3.859375,4.734375,1.15625,7.703125,129.29531860351562,54.5625,2.0,7.8125,297.9375,74.671875,45.15312576293945,2.3812499046325684,127.359375,4.53125,22.484375,0.4212239682674408,0.01875000074505806,0.96875,0.828125,0.0,3,3 4
393,7736.2578125,5863.1689453125,5157.8916015625,488.265625,9.265625,0.890625,13.4375,26.84375,8.375,4.21875,5.03125,1.109375,8.109375,140.6484375,55.515625,2.0,8.265625,280.75,72.171875,52.84375,2.7249999046325684,131.71875,4.75,23.71875,0.2506510317325592,0.0,1.03125,0.890625,0.0,3,3 1
394,8031.619140625,6141.79931640625,5407.314453125,502.3968811035156,9.609375,0.9375,13.71875,27.328125,8.46875,4.484375,5.125,1.109375,8.140625,141.1828155517578,55.46875,2.0,8.609375,318.578125,92.5625,50.243751525878906,2.640625,164.40625,4.921875,24.5234375,0.359375,0.02500000037252903,0.953125,0.9375,0.0,3,3 1
395,7918.06689453125,6030.52197265625,5305.04052734375,490.4281311035156,9.46875,0.9375,13.71875,27.3125,8.5625,4.375,4.96875,1.140625,8.265625,140.03280639648438,54.0625,2.0,8.46875,329.4375,85.390625,51.51250076293945,2.734375,143.6875,4.671875,23.3984375,0.404296875,0.02500000037252903,0.96875,0.9375,0.0,3,3 4
396,7109.00244140625,5420.158203125,4753.8662109375,449.5874938964844,8.828125,0.84375,12.828125,25.53125,7.875,3.8125,4.828125,1.109375,7.90625,124.7796859741211,53.78125,1.984375,7.828125,275.75,76.0625,44.47343826293945,2.4000000953674316,127.6328125,4.8125,23.8046875,0.3717447817325592,0.015625,0.984375,0.84375,0.0,3,3 1
397,7164.84814453125,5495.56494140625,4827.14599609375,460.5843811035156,8.890625,0.828125,12.90625,25.671875,7.96875,4.0,4.8125,1.140625,7.75,126.9546890258789,54.34375,1.984375,7.890625,257.4375,77.59375,45.275001525878906,2.424999952316284,141.125,4.609375,23.0,0.3092447817325592,0.0078125,1.046875,0.828125,0.0,3,3 1
398,7635.97412109375,5870.8974609375,5158.115234375,474.6156311035156,9.34375,0.921875,13.078125,26.03125,8.125,4.125,4.84375,1.125,7.8125,134.7921905517578,54.078125,2.0,8.34375,258.75,79.5625,46.178123474121094,2.465625047683716,154.734375,4.96875,24.515625,0.423828125,0.05000000074505806,0.953125,0.921875,0.0,3,3 1
399,7744.0205078125,5944.6376953125,5230.7978515625,481.8843688964844,9.390625,0.90625,13.375,26.59375,8.359375,4.109375,4.90625,1.09375,8.125,134.4187469482422,49.734375,1.953125,8.390625,220.515625,64.8125,46.93437576293945,2.4937500953674316,161.265625,4.765625,23.390625,0.912109375,0.11249999701976776,0.828125,0.90625,0.0,3,3 1
400,7917.15869140625,6050.0361328125,5323.0771484375,483.14373779296875,9.5,0.9375,13.609375,27.09375,8.46875,4.34375,5.078125,1.125,8.078125,140.25625610351562,52.59375,2.0,8.5,210.84375,64.109375,49.373435974121094,2.5562500953674316,158.1328125,4.90625,24.3671875,0.603515625,0.08437500149011612,0.890625,0.9375,0.0,3,3 1
401,7657.974609375,5820.5361328125,5117.58349609375,465.9750061035156,9.25,0.890625,13.46875,26.859375,8.328125,4.265625,5.0625,1.21875,7.984375,136.3093719482422,53.890625,2.0,8.25,193.125,58.40625,49.685935974121094,2.5718750953674316,145.9453125,4.890625,24.1953125,0.4309895932674408,0.03750000149011612,0.984375,0.890625,0.0,3,3 4
402,7360.0927734375,5595.01953125,4918.02685546875,454.03436279296875,8.984375,0.84375,13.109375,26.09375,8.15625,4.140625,4.859375,1.125,7.8125,128.28125,49.0625,1.984375,7.984375,156.5,50.484375,46.0703125,2.359375,147.7734375,4.671875,23.375,0.8411458134651184,0.13437500596046448,0.828125,0.84375,0.0,3,3 1
403,7189.45654296875,5416.26513671875,4741.80419921875,443.2093811035156,8.828125,0.890625,12.953125,25.84375,7.984375,4.09375,4.859375,1.234375,7.671875,128.17343139648438,49.078125,2.0,7.828125,145.96875,43.15625,48.265625,2.4937500953674316,107.109375,5.0,24.8671875,0.732421875,0.09687500447034836,0.828125,0.890625,0.0,3,3 1
404,7964.07763671875,6130.19677734375,5395.10498046875,466.05938720703125,9.59375,0.953125,13.9375,27.75,8.609375,4.5625,5.15625,1.1875,8.234375,139.5,54.515625,2.0,8.59375,145.203125,47.046875,51.368751525878906,2.6656250953674316,148.15625,4.875,24.4453125,0.3059895932674408,0.0416666641831398,1.015625,0.953125,0.0,3,3 1
405,7981.99462890625,6089.369140625,5359.9501953125,478.671875,9.53125,0.9375,14.078125,28.046875,8.546875,4.515625,5.234375,1.34375,8.40625,139.0421905517578,53.59375,2.0,8.53125,151.078125,48.875,50.217185974121094,2.596874952316284,159.2265625,4.921875,24.546875,0.31640625,0.02812499925494194,0.96875,0.9375,0.0,3,3 1
406,7864.20361328125,6029.45849609375,5307.14453125,467.58123779296875,9.46875,0.921875,13.890625,27.71875,8.5,4.546875,5.09375,1.359375,8.21875,138.22500610351562,54.9375,2.0,8.46875,162.171875,53.0,49.962501525878906,2.565624952316284,153.3125,4.8125,24.0234375,0.23828125,0.00937500037252903,1.015625,0.921875,0.0,3,3 2
407,7863.62353515625,5988.3642578125,5264.6357421875,461.109375,9.421875,0.953125,13.828125,27.5,8.40625,4.34375,5.21875,1.265625,8.265625,135.703125,53.953125,2.0,8.421875,169.953125,56.65625,49.618751525878906,2.575000047683716,149.71875,4.828125,23.9140625,0.201171875,0.015625,1.015625,0.953125,0.0,3,3 4
408,7387.091796875,5653.7998046875,4962.18994140625,463.4750061035156,9.046875,0.90625,13.375,26.6875,8.171875,4.15625,5.078125,1.15625,8.125,128.57656860351562,51.96875,2.0,8.046875,138.359375,48.265625,48.95000076293945,2.715625047683716,137.125,4.84375,23.9765625,0.623046875,0.02812499925494194,0.953125,0.90625,0.0,3,3 1
409,7862.1650390625,5992.9130859375,5273.5009765625,483.4624938964844,9.40625,0.921875,13.875,27.578125,8.5625,4.375,5.15625,1.140625,8.34375,140.46249389648438,53.609375,2.0,8.40625,180.65625,59.796875,54.86406326293945,2.8343749046325684,128.8046875,4.828125,24.1328125,0.3352864682674408,0.0062500000931322575,0.984375,0.921875,0.0,3,3 1
410,7163.58837890625,5535.1572265625,4856.4833984375,470.3500061035156,8.875,0.890625,13.21875,26.328125,8.078125,4.171875,4.890625,1.265625,7.921875,128.4765625,49.375,2.390625,7.875,182.265625,61.109375,49.33281326293945,2.606250047683716,118.9609375,4.59375,23.046875,0.7272135615348816,0.09270833432674408,0.953125,0.875,0.0,3,3 1
411,7286.3603515625,5591.13671875,4909.7021484375,477.37188720703125,9.0,0.859375,13.5,26.875,8.171875,4.234375,5.0,1.421875,8.046875,125.62812805175781,48.875,2.0,8.0,161.5,55.546875,44.98749923706055,2.5,144.4375,4.75,23.65625,1.0690103769302368,0.12161459028720856,0.875,0.859375,0.0,3,3 1
412,7906.849609375,6015.20556640625,5289.18896484375,497.85626220703125,9.421875,0.953125,13.984375,27.828125,8.609375,4.625,5.0,1.375,8.21875,140.55313110351562,49.453125,2.0,8.421875,185.96875,61.140625,52.9453125,2.731250047683716,136.5234375,4.75,23.75,0.67578125,0.11171875149011612,0.953125,0.9375,0.0,3,3 1
413,7496.88330078125,5729.99169921875,5036.9619140625,479.9624938964844,9.078125,0.890625,13.53125,26.984375,8.25,4.3125,4.890625,1.421875,8.109375,135.45156860351562,51.328125,2.0,8.078125,179.921875,55.90625,52.443748474121094,2.6968750953674316,119.34375,4.578125,23.046875,0.5677083134651184,0.06015624850988388,0.96875,0.890625,0.0,3,3 2
414,7259.21240234375,5608.0478515625,4925.30126953125,484.1187438964844,8.984375,0.859375,13.859375,27.65625,8.375,4.515625,5.046875,1.484375,8.234375,133.00936889648438,52.1875,2.0,7.984375,212.1875,66.46875,50.66093826293945,2.765625,117.9453125,4.828125,24.21875,0.7024739384651184,0.03750000149011612,0.96875,0.859375,0.0,3,3 1
415,6788.4873046875,5280.21630859375,4626.7314453125,474.1499938964844,8.6875,0.8125,13.0625,26.046875,7.890625,4.109375,4.765625,1.4375,7.84375,121.5859375,52.71875,2.0,7.6875,188.6875,55.578125,42.0703125,2.4156250953674316,111.2109375,4.71875,23.4921875,0.6796875,0.02109375037252903,1.03125,0.8125,0.0,3,3 1
416,6452.8447265625,5015.5556640625,4394.82470703125,470.5531311035156,8.296875,0.765625,12.609375,25.125,7.5,3.96875,4.640625,1.46875,7.546875,117.12812805175781,51.796875,2.28125,7.296875,179.734375,47.625,42.189064025878906,2.403125047683716,110.3046875,4.375,22.078125,0.5546875,0.015625,1.09375,0.765625,0.0,3,3 1
417,6698.78271484375,5241.6796875,4599.3525390625,487.25,8.5,0.8125,12.890625,25.734375,7.8125,4.1875,4.546875,1.515625,7.671875,121.82499694824219,50.859375,2.609375,7.5,188.09375,50.40625,43.23906326293945,2.371875047683716,120.9921875,4.484375,22.1953125,0.546875,0.02578124962747097,0.96875,0.8125,0.0,3,3 1
418,6354.068359375,4956.19921875,4342.837890625,491.76251220703125,8.234375,0.734375,12.90625,25.703125,7.640625,3.9375,4.8125,1.515625,7.796875,117.9609375,51.734375,2.234375,7.234375,195.515625,52.84375,45.36406326293945,2.5062499046325684,89.1171875,4.4375,22.328125,0.6953125,0.02500000037252903,1.0,0.734375,0.0,3,3 1
419,6916.54052734375,5379.24755859375,4710.28076171875,500.5843811035156,8.703125,0.890625,13.203125,26.21875,8.03125,4.125,4.796875,1.46875,7.796875,126.97343444824219,50.421875,2.390625,7.703125,171.234375,40.9375,47.193748474121094,2.549999952316284,92.46875,4.515625,22.7578125,0.7174479365348816,0.0833333358168602,1.0,0.875,0.0,3,3 1
420,6922.521484375,5353.51220703125,4700.8935546875,497.7906188964844,8.65625,0.8125,13.0625,26.046875,7.84375,4.21875,4.71875,1.46875,7.796875,123.2484359741211,47.421875,2.578125,7.65625,158.65625,42.3125,43.02812576293945,2.346874952316284,128.921875,4.28125,21.6484375,0.8697916865348816,0.10000000149011612,0.890625,0.8125,0.0,3,3 1
421,6355.6982421875,4902.17333984375,4293.328125,481.62811279296875,8.234375,0.71875,12.328125,24.453125,7.5,3.71875,4.40625,1.421875,7.40625,114.87812805175781,49.21875,2.0,7.234375,137.328125,38.1875,40.06562423706055,2.237499952316284,99.359375,4.25,21.1875,0.7897135615348816,0.04921875149011612,0.984375,0.71875,0.0,3,3 1
422,7463.5419921875,5632.53515625,4950.333984375,510.3968811035156,9.0,0.84375,13.90625,27.65625,8.28125,4.609375,4.984375,1.640625,8.140625,133.7609405517578,51.3125,2.0,8.0,122.90625,37.453125,51.857810974121094,2.653125047683716,118.8359375,4.65625,23.2890625,0.5891926884651184,0.06562500447034836,0.96875,0.828125,0.0,3,3 1
423,7842.1376953125,5935.72998046875,5217.43798828125,513.5968627929688,9.328125,0.9375,14.046875,27.859375,8.46875,4.625,5.078125,1.515625,8.171875,139.45938110351562,51.75,2.0,8.328125,141.75,45.359375,55.55781173706055,2.862499952316284,116.2734375,4.671875,23.1328125,0.396484375,0.01875000074505806,0.984375,0.921875,0.0,3,3 1
424,7945.072265625,5985.08203125,5265.53759765625,522.5718994140625,9.375,0.921875,14.109375,28.109375,8.625,4.8125,5.078125,1.4375,8.15625,142.49374389648438,52.34375,2.0,8.375,145.234375,44.90625,56.56718826293945,2.90625,123.7265625,4.765625,23.796875,0.396484375,0.012500000186264515,0.9375,0.921875,0.0,3,3 1
425,8043.8369140625,6078.37255859375,5344.3330078125,510.2718811035156,9.5,0.96875,13.9375,27.6875,8.46875,4.515625,5.109375,1.359375,8.234375,143.64688110351562,52.125,2.0,8.5,143.5,46.734375,56.751564025878906,2.924999952316284,126.5546875,4.875,24.2421875,0.4296875,0.01953125,0.984375,0.953125,0.0,3,3 0
426,7805.5322265625,5941.12939453125,5227.76416015625,510.3125,9.28125,0.921875,14.203125,28.21875,8.53125,4.625,5.1875,1.46875,8.40625,140.41250610351562,53.25,2.515625,8.28125,146.25,49.34375,55.953125,2.90625,132.109375,4.75,23.7890625,0.33984375,0.0,1.0,0.890625,0.0,3,3 1
427,8154.4560546875,6230.18359375,5489.404296875,522.9187622070312,9.640625,0.9375,14.625,29.109375,8.71875,5.0625,5.265625,1.703125,8.359375,152.24374389648438,53.328125,2.0,8.640625,158.875,55.734375,60.592185974121094,3.125,123.2890625,4.859375,24.5,0.353515625,0.01953125,1.0,0.9375,0.0,3,3 1
428,8454.564453125,6321.2548828125,5566.7783203125,504.3968811035156,9.703125,1.0,14.765625,29.40625,8.953125,4.90625,5.40625,1.484375,8.65625,153.4796905517578,53.09375,2.0,8.703125,158.75,54.890625,62.9375,3.1312499046325684,115.0,4.796875,24.0703125,0.3671875,0.02812499925494194,0.953125,0.96875,0.0,3,3 1
429,8010.3203125,5966.11767578125,5252.33154296875,482.9375,9.28125,0.921875,14.234375,28.328125,8.59375,4.734375,5.203125,1.484375,8.3125,146.96719360351562,49.5625,2.234375,8.28125,128.296875,46.671875,60.079689025878906,2.9625000953674316,107.7265625,4.546875,22.9921875,0.609375,0.08124999701976776,0.859375,0.90625,0.0,3,3 4
430,8041.59619140625,6013.5771484375,5296.2978515625,495.2124938964844,9.328125,0.921875,14.171875,28.25,8.609375,4.765625,5.046875,1.578125,8.25,149.3984375,52.859375,2.0,8.328125,133.4375,53.078125,64.7718734741211,3.1781249046325684,91.453125,4.65625,23.3671875,0.341796875,0.015625,1.0,0.890625,0.0,3,3 1
431,7671.19189453125,5949.58984375,5225.13818359375,501.109375,9.359375,0.96875,13.875,27.578125,8.421875,4.453125,5.0625,1.40625,8.234375,139.47811889648438,48.046875,2.0,8.359375,126.8125,44.09375,53.27031326293945,2.7437500953674316,120.8359375,4.8125,23.984375,0.9752604365348816,0.15703125298023224,0.875,0.9375,0.0,3,3 1
432,8272.2763671875,6223.18310546875,5482.4052734375,506.5249938964844,9.625,0.953125,14.40625,28.703125,8.796875,4.8125,5.28125,1.515625,8.296875,148.71875,53.484375,2.0,8.625,129.15625,47.375,57.81718826293945,2.871875047683716,128.1015625,4.734375,23.765625,0.2552083432674408,0.02500000037252903,0.96875,0.953125,0.0,3,3 0
433,6938.2236328125,5331.61962890625,4675.89990234375,478.6468811035156,8.65625,0.828125,13.21875,26.3125,8.015625,4.21875,4.765625,1.484375,7.828125,128.04531860351562,49.015625,2.0,7.65625,107.53125,31.0625,47.732810974121094,2.518749952316284,100.0859375,4.328125,21.5859375,0.6067708134651184,0.06328125298023224,0.984375,0.828125,0.0,3,3 1
434,7011.37890625,5386.67578125,4730.67431640625,474.65313720703125,8.734375,0.796875,13.28125,26.453125,8.09375,4.140625,4.8125,1.390625,8.015625,131.3156280517578,51.484375,1.984375,7.734375,119.515625,39.296875,50.045310974121094,2.549999952316284,106.6484375,4.6875,23.3203125,0.439453125,0.02578124962747097,0.953125,0.796875,0.0,3,3 1
435,7302.7275390625,5523.6630859375,4855.5439453125,470.9125061035156,8.875,0.8125,13.75,27.328125,8.234375,4.375,5.0625,1.546875,8.109375,133.29061889648438,51.421875,1.984375,7.875,127.875,46.375,51.39374923706055,2.581249952316284,112.40625,4.75,23.5078125,0.505859375,0.06093750149011612,0.921875,0.8125,0.0,3,3 1
436,7157.36865234375,5354.98828125,4701.31884765625,456.4281311035156,8.609375,0.828125,13.453125,26.8125,8.125,4.34375,4.890625,1.5,7.953125,133.3796844482422,51.34375,2.0,7.609375,117.625,38.453125,53.264060974121094,2.625,86.4921875,4.28125,21.375,0.3313802182674408,0.00937500037252903,1.03125,0.8125,0.0,3,3 1
437,6785.6865234375,5141.68603515625,4499.8525390625,445.375,8.4375,0.84375,12.828125,25.5,7.625,3.9375,4.71875,1.484375,7.734375,119.8109359741211,50.640625,1.9375,7.4375,125.53125,37.890625,44.22343826293945,2.2750000953674316,92.9453125,4.4375,22.09375,0.333984375,0.02187500149011612,0.984375,0.84375,0.0,3,3 1
438,7870.966796875,5972.4853515625,5250.369140625,492.296875,9.34375,0.953125,14.234375,28.359375,8.6875,4.6875,5.203125,1.359375,8.421875,143.0734405517578,54.140625,2.0,8.34375,123.96875,38.71875,57.775001525878906,2.8812499046325684,108.9375,4.8125,23.953125,0.2083333283662796,0.010416666977107525,1.03125,0.9375,0.0,3,3 2
439,7711.27734375,5765.45458984375,5074.32177734375,484.7593688964844,9.09375,0.859375,14.0,27.953125,8.578125,4.46875,5.125,1.359375,8.421875,141.4734344482422,53.34375,2.0,8.09375,130.46875,38.78125,57.13593673706055,2.778125047683716,103.0703125,4.65625,23.2109375,0.185546875,0.0,1.03125,0.859375,0.0,3,3 1
440,7644.48095703125,5781.95849609375,5075.40478515625,489.984375,9.15625,0.9375,13.921875,27.734375,8.546875,4.484375,5.03125,1.328125,8.34375,136.8640594482422,53.546875,2.0,8.15625,130.640625,40.75,52.01250076293945,2.668750047683716,112.75,4.6875,23.328125,0.345703125,0.00937500037252903,0.953125,0.9375,0.0,3,3 1
441,8091.64794921875,6084.52587890625,5356.48583984375,488.7749938964844,9.484375,0.9375,14.0625,28.015625,8.59375,4.71875,4.984375,1.4375,8.28125,145.4968719482422,54.703125,2.0,8.484375,137.609375,45.53125,56.75312423706055,2.784374952316284,122.796875,4.765625,23.6796875,0.109375,0.0,0.984375,0.921875,0.0,3,3 1
442,7785.26025390625,5900.6396484375,5190.525390625,463.1343688964844,9.265625,0.921875,13.90625,27.71875,8.484375,4.515625,5.0,1.359375,8.359375,138.7265625,53.140625,2.0,8.265625,114.953125,36.046875,54.303123474121094,2.703125,129.734375,4.75,23.5703125,0.21484375,0.015625,1.0,0.90625,0.0,3,3 2
443,7549.67138671875,5763.42919921875,5061.51318359375,475.96563720703125,9.171875,0.90625,13.890625,27.671875,8.5,4.359375,5.078125,1.34375,8.390625,136.3515625,53.3125,1.984375,8.171875,130.140625,40.34375,51.23906326293945,2.640625,109.7421875,4.84375,23.9453125,0.3125,0.0078125,1.015625,0.90625,0.0,3,3 1
444,7331.2724609375,5621.01953125,4941.86328125,467.65313720703125,8.984375,0.84375,13.515625,26.90625,8.3125,4.359375,4.953125,1.25,8.03125,133.51406860351562,51.671875,1.96875,7.984375,150.375,48.703125,49.646873474121094,2.5625,124.578125,4.640625,23.2109375,0.5201823115348816,0.04375000298023224,0.96875,0.828125,0.0,3,3 2
445,7706.56689453125,5926.32275390625,5212.1416015625,485.95001220703125,9.328125,0.921875,13.859375,27.640625,8.5,4.34375,5.21875,1.140625,8.4375,137.20468139648438,51.765625,2.015625,8.328125,179.34375,64.46875,50.107810974121094,2.671875,141.9609375,4.78125,23.828125,0.609375,0.0625,0.96875,0.921875,0.0,3,3 1
446,7802.00146484375,5896.5224609375,5186.76220703125,471.1031188964844,9.28125,0.90625,13.984375,27.875,8.5,4.421875,5.234375,1.21875,8.5,143.2375030517578,52.53125,1.96875,8.28125,159.03125,58.640625,54.592185974121094,2.7406249046325684,117.6640625,4.6875,23.4765625,0.3352864682674408,0.03020833432674408,1.0,0.890625,0.0,3,3 2
447,8042.4013671875,6082.0810546875,5356.5283203125,481.23748779296875,9.484375,0.921875,14.28125,28.5625,8.796875,4.5,5.453125,1.078125,8.734375,144.3953094482422,53.46875,2.0,8.484375,165.171875,68.890625,56.509376525878906,2.8968749046325684,131.203125,4.84375,23.9921875,0.33203125,0.00390625,1.015625,0.921875,0.0,3,3 1
448,7709.59326171875,5859.3212890625,5152.44091796875,470.0718688964844,9.25,0.90625,13.765625,27.484375,8.4375,4.3125,5.140625,1.234375,8.359375,140.2609405517578,52.125,2.0,8.25,138.15625,57.96875,54.17656326293945,2.784374952316284,121.6171875,4.828125,24.09375,0.26953125,0.00937500037252903,0.984375,0.90625,0.0,3,3 1
449,8291.3759765625,6256.79833984375,5509.32373046875,482.2906188964844,9.65625,0.984375,14.546875,28.953125,8.859375,4.6875,5.359375,1.328125,8.71875,150.2078094482422,51.71875,2.0,8.65625,146.296875,61.015625,60.162498474121094,2.981250047683716,128.875,4.828125,24.046875,0.4368489682674408,0.05624999850988388,0.9375,0.953125,0.0,3,3 2
450,7658.71240234375,5843.50390625,5140.4423828125,464.52813720703125,9.234375,0.890625,13.890625,27.671875,8.5625,4.3125,5.1875,1.125,8.484375,137.67813110351562,52.265625,2.0,8.234375,133.59375,51.796875,50.58124923706055,2.643749952316284,137.71875,4.75,23.7109375,0.576171875,0.04062499850988388,0.953125,0.890625,0.0,3,3 2
451,7645.7890625,5829.52099609375,5128.21630859375,457.046875,9.203125,0.890625,13.953125,27.828125,8.46875,4.4375,5.1875,1.3125,8.421875,138.88436889648438,52.15625,2.0,8.203125,117.546875,48.0,53.935935974121094,2.793750047683716,117.5078125,4.84375,23.8515625,0.4694010317325592,0.02578124962747097,0.96875,0.875,0.0,3,3 1
452,7876.58740234375,6003.5009765625,5282.5185546875,462.3531188964844,9.421875,0.921875,14.28125,28.5,8.75,4.578125,5.34375,1.28125,8.546875,142.98281860351562,53.3125,1.96875,8.421875,129.171875,51.421875,56.131248474121094,2.887500047683716,115.59375,4.984375,24.6484375,0.451171875,0.02500000037252903,0.96875,0.921875,0.0,3,3 2
453,7871.35498046875,5968.46044921875,5247.7060546875,453.65936279296875,9.34375,0.953125,14.140625,28.21875,8.484375,4.53125,5.375,1.328125,8.5,142.9890594482422,52.203125,2.0,8.34375,149.734375,60.0625,56.36249923706055,2.90625,123.1875,4.875,24.4375,0.4641927182674408,0.03750000149011612,0.984375,0.921875,0.0,3,3 1
454,7537.26513671875,5743.3330078125,5048.06640625,442.33123779296875,9.125,0.890625,13.921875,27.765625,8.5625,4.390625,5.125,1.28125,8.40625,134.1796875,49.859375,1.984375,8.125,163.375,65.40625,50.318748474121094,2.6031250953674316,124.65625,4.609375,22.921875,0.5397135615348816,0.04348958283662796,0.96875,0.890625,0.0,3,3 1
455,7622.552734375,5763.55078125,5070.0810546875,451.890625,9.15625,0.859375,14.0,27.890625,8.546875,4.453125,5.171875,1.265625,8.453125,139.0968780517578,53.46875,1.984375,8.15625,165.8125,70.125,54.599998474121094,2.7906250953674316,123.25,5.0,24.8359375,0.29296875,0.0,1.015625,0.859375,0.0,3,3 1
456,7552.3818359375,5713.51123046875,5026.39599609375,444.1312561035156,9.078125,0.859375,13.609375,27.1875,8.328125,4.390625,5.125,1.140625,8.203125,135.4734344482422,51.65625,1.96875,8.078125,166.59375,67.6875,52.6015625,2.71875,120.4296875,4.6875,23.4375,0.4134114682674408,0.01875000074505806,1.0,0.84375,0.0,3,3 2
457,7184.0830078125,5532.0498046875,4860.2509765625,442.1468811035156,8.890625,0.84375,13.5625,26.9375,8.265625,4.0625,5.125,1.1875,8.296875,127.6234359741211,48.75,2.0,7.890625,172.359375,71.15625,48.365623474121094,2.5250000953674316,123.796875,4.59375,22.921875,0.6360676884651184,0.05078125,0.953125,0.84375,0.0,3,3 2
458,8008.45166015625,6072.34619140625,5347.1962890625,452.21563720703125,9.5,0.921875,14.234375,28.375,8.703125,4.53125,5.296875,1.359375,8.484375,142.30624389648438,51.90625,2.0,8.5,180.90625,69.609375,55.51874923706055,2.793750047683716,127.40625,4.90625,24.3984375,0.3255208432674408,0.02500000037252903,0.96875,0.921875,0.0,3,3 1
459,8132.87744140625,6128.6689453125,5402.625,456.53125,9.5,0.921875,14.46875,28.84375,8.828125,4.640625,5.390625,1.296875,8.6875,143.9453125,51.125,2.0,8.5,193.515625,76.75,57.423439025878906,2.918750047683716,137.2578125,4.84375,24.21875,0.46484375,0.03125,0.953125,0.921875,0.0,3,3 1
460,8234.2392578125,6222.232421875,5479.91943359375,465.6312561035156,9.625,0.96875,14.671875,29.25,8.953125,4.78125,5.4375,1.28125,8.796875,147.2218780517578,49.453125,1.984375,8.625,181.671875,70.765625,57.610939025878906,2.887500047683716,131.0078125,4.84375,24.0859375,0.681640625,0.10703124850988388,0.890625,0.953125,0.0,3,3 1
461,7915.068359375,6008.68603515625,5286.9375,461.0625,9.40625,0.9375,14.3125,28.578125,8.609375,4.5,5.40625,1.375,8.6875,138.4250030517578,47.671875,2.0,8.40625,188.375,69.4375,54.134376525878906,2.7249999046325684,132.453125,4.8125,24.15625,0.61328125,0.09062500298023224,0.90625,0.921875,0.0,3,3 2
462,8022.021484375,6087.38671875,5359.6103515625,465.8218688964844,9.484375,0.9375,14.515625,28.953125,8.796875,4.671875,5.375,1.375,8.734375,142.8203125,51.75,2.0,8.484375,185.890625,64.34375,54.990623474121094,2.753124952316284,126.296875,4.703125,23.609375,0.3567708432674408,0.03229166567325592,1.015625,0.9375,0.0,3,3 2
463,8100.66650390625,6114.9736328125,5382.6357421875,460.35626220703125,9.515625,0.953125,14.5625,29.046875,8.953125,4.59375,5.40625,1.25,8.84375,144.25155639648438,52.1875,2.0,8.515625,158.765625,48.90625,57.56562423706055,2.8812499046325684,109.984375,4.84375,24.15625,0.3046875,0.0,1.0,0.953125,0.0,3,3 4
464,8095.62255859375,6140.29150390625,5403.125,455.78125,9.5625,0.96875,14.40625,28.734375,8.828125,4.4375,5.4375,1.171875,8.859375,144.0578155517578,51.203125,2.0,8.5625,168.515625,57.078125,55.08906173706055,2.793750047683716,127.6796875,4.8125,23.9453125,0.30859375,0.01718750037252903,1.0,0.953125,0.0,3,3 4
465,7379.48291015625,5562.35595703125,4882.5224609375,432.51873779296875,8.9375,0.875,13.484375,26.921875,8.28125,4.09375,5.078125,1.1875,8.28125,131.328125,51.59375,1.96875,7.9375,142.15625,46.890625,49.6796875,2.5218749046325684,105.0390625,4.75,23.6484375,0.2213541716337204,0.0,1.03125,0.875,0.0,3,3 4
466,8242.3720703125,6164.63916015625,5429.97265625,460.52813720703125,9.53125,0.953125,14.84375,29.640625,9.140625,4.75,5.5,1.25,9.0,148.82186889648438,50.921875,2.0,8.53125,138.34375,52.578125,59.7578125,2.887500047683716,123.7109375,4.765625,23.828125,0.373046875,0.03437500074505806,0.984375,0.9375,0.0,3,3 4
467,8357.3662109375,6271.8935546875,5523.73291015625,462.42498779296875,9.65625,0.984375,15.0625,30.078125,9.21875,4.9375,5.5,1.359375,9.0625,151.60311889648438,51.71875,2.0,8.65625,159.65625,55.671875,62.842185974121094,3.0531249046325684,112.0390625,4.890625,24.3828125,0.37109375,0.03750000149011612,0.96875,0.953125,0.0,3,3 2
468,7765.18212890625,5840.74365234375,5133.26318359375,448.1781311035156,9.21875,0.921875,14.28125,28.515625,8.65625,4.5,5.359375,1.3125,8.6875,138.04061889648438,48.53125,2.0,8.21875,130.859375,45.0625,52.493751525878906,2.65625,124.71875,4.84375,24.21875,0.654296875,0.09062500298023224,0.90625,0.90625,0.0,3,3 4
469,7426.61328125,5619.92724609375,4937.03662109375,433.6031188964844,9.015625,0.859375,14.09375,28.140625,8.53125,4.515625,5.265625,1.328125,8.5,129.2109375,51.765625,2.0,8.015625,121.09375,38.421875,48.80781173706055,2.549999952316284,125.6484375,4.96875,24.9453125,0.3776041567325592,0.0,1.0,0.84375,0.0,3,3 2
470,7794.7666015625,5867.70361328125,5161.71240234375,455.8843688964844,9.234375,0.90625,14.171875,28.3125,8.765625,4.296875,5.203125,1.296875,8.75,138.3781280517578,52.234375,2.0,8.234375,145.375,46.546875,53.764060974121094,2.6343750953674316,112.7421875,4.609375,22.921875,0.306640625,0.0062500000931322575,0.984375,0.90625,0.0,3,3 1
471,8007.7021484375,5950.7294921875,5232.7060546875,469.4624938964844,9.3125,0.9375,14.453125,28.890625,8.796875,4.75,5.296875,1.390625,8.65625,146.0124969482422,50.5,2.0,8.3125,179.703125,60.421875,61.56718826293945,2.9937500953674316,91.8515625,4.90625,24.4921875,0.4088541567325592,0.04062500223517418,0.953125,0.921875,0.0,3,3 2
472,8044.81640625,6004.8583984375,5281.7890625,458.1625061035156,9.359375,0.953125,14.703125,29.359375,8.90625,4.75,5.296875,1.53125,8.875,143.6453094482422,51.0,2.0,8.359375,193.15625,67.59375,58.717185974121094,2.796875,100.4765625,4.6875,23.2578125,0.287109375,0.03750000149011612,0.984375,0.921875,0.0,3,3 2
473,8283.4404296875,6147.8095703125,5410.9638671875,458.1000061035156,9.515625,0.96875,14.875,29.75,9.0625,4.765625,5.546875,1.296875,9.078125,152.3078155517578,52.0625,2.0,8.515625,189.578125,63.25,63.506248474121094,3.0625,92.78125,4.921875,24.4921875,0.341796875,0.02500000037252903,0.953125,0.953125,0.0,3,3 4
474,8242.6826171875,6148.32421875,5412.8447265625,463.828125,9.5,0.96875,14.859375,29.6875,9.015625,4.703125,5.578125,1.390625,9.0,149.140625,51.59375,1.984375,8.5,200.8125,70.453125,61.295310974121094,3.0062499046325684,112.5859375,4.84375,23.9296875,0.380859375,0.03750000149011612,0.96875,0.9375,0.0,3,3 1
475,8173.251953125,6067.5419921875,5334.78271484375,461.5874938964844,9.40625,0.984375,14.796875,29.578125,8.921875,4.84375,5.5,1.421875,8.890625,152.45938110351562,49.90625,2.0,8.40625,195.9375,63.984375,63.584373474121094,3.0625,90.515625,4.84375,24.15625,0.580078125,0.09375,0.90625,0.921875,0.0,3,3 2
476,8231.822265625,6107.1513671875,5380.43115234375,465.8500061035156,9.46875,0.921875,15.140625,30.25,9.015625,5.078125,5.5,1.65625,9.0,149.1015625,50.84375,2.0,8.46875,197.90625,73.765625,61.8671875,2.9625000953674316,104.4140625,4.84375,24.15625,0.44921875,0.06953125447034836,0.921875,0.921875,0.0,3,3 1
477,8112.8662109375,6037.3994140625,5311.02734375,464.90313720703125,9.390625,0.953125,15.015625,30.0,9.03125,4.9375,5.4375,1.578125,9.015625,146.9796905517578,51.84375,2.0,8.390625,228.9375,79.109375,59.4375,2.8843750953674316,100.625,4.84375,24.0625,0.31640625,0.03125,1.015625,0.921875,0.0,3,3 1
478,8080.35107421875,6033.994140625,5312.7880859375,460.6625061035156,9.40625,0.921875,14.640625,29.265625,8.859375,4.734375,5.375,1.4375,8.859375,145.72030639648438,53.71875,1.984375,8.40625,190.546875,66.78125,59.015625,2.893749952316284,108.046875,4.84375,24.0390625,0.224609375,0.0,1.0,0.90625,0.0,3,3 4
479,8004.54052734375,5940.2685546875,5225.92626953125,459.08123779296875,9.265625,0.921875,15.03125,30.03125,9.015625,4.9375,5.4375,1.5625,9.078125,150.38906860351562,51.4375,1.96875,8.265625,183.8125,68.890625,64.6421890258789,3.1156249046325684,76.4765625,4.921875,24.546875,0.380859375,0.02187499962747097,0.96875,0.890625,0.0,3,3 1
480,8003.4697265625,5915.4853515625,5201.54931640625,453.4312438964844,9.234375,0.9375,14.78125,29.546875,8.84375,4.90625,5.328125,1.625,8.84375,148.3781280517578,51.453125,2.0,8.234375,208.6875,75.1875,62.021873474121094,2.971874952316284,82.390625,4.84375,24.15625,0.474609375,0.05937499925494194,0.9375,0.875,0.0,3,3 1
481,8100.29296875,6033.9189453125,5310.638671875,466.14373779296875,9.375,0.9375,14.9375,29.84375,8.90625,4.984375,5.3125,1.6875,8.953125,149.5625,53.234375,1.984375,8.375,191.296875,68.296875,59.881248474121094,2.8687500953674316,101.84375,4.765625,23.765625,0.205078125,0.00937500037252903,0.96875,0.9375,0.0,3,3 2
482,8382.1923828125,6163.1181640625,5424.98095703125,472.54998779296875,9.453125,0.984375,15.40625,30.734375,9.09375,5.296875,5.46875,1.828125,9.046875,158.1140594482422,53.015625,2.0,8.453125,181.171875,59.0,67.02030944824219,3.1624999046325684,74.8984375,4.6875,23.375,0.267578125,0.03125,0.9375,0.921875,0.0,3,3 1
483,7660.759765625,5663.3251953125,4978.16796875,472.2093811035156,8.9375,0.875,14.3125,28.59375,8.53125,4.671875,5.1875,1.578125,8.625,145.0890655517578,52.984375,2.0,7.9375,198.5625,60.578125,59.857810974121094,2.8499999046325684,80.3984375,4.53125,22.59375,0.330078125,0.02500000037252903,0.96875,0.828125,0.0,3,3 1
484,8700.0908203125,6465.75,5700.55078125,501.0406188964844,9.828125,1.0,15.734375,31.40625,9.40625,5.4375,5.625,1.71875,9.21875,161.1765594482422,53.703125,2.0,8.828125,188.0,62.859375,67.4234390258789,3.206249952316284,110.3828125,4.921875,24.5546875,0.3502604067325592,0.05312500149011612,0.953125,0.96875,0.0,3,3 2
485,7703.916015625,5715.74853515625,5030.0078125,468.28125,9.03125,0.84375,14.5,28.984375,8.765625,4.765625,5.25,1.53125,8.671875,143.42813110351562,53.859375,1.9375,8.03125,179.296875,57.484375,58.27812576293945,2.856250047683716,92.046875,4.6875,23.3828125,0.2890625,0.0,1.0,0.84375,0.0,3,3 1
486,8570.115234375,6312.45458984375,5560.7041015625,481.3656311035156,9.671875,0.984375,15.5,30.96875,9.3125,5.234375,5.5625,1.609375,9.25,158.32186889648438,54.09375,2.0,8.671875,194.734375,65.421875,68.7984390258789,3.237499952316284,84.1328125,5.0,24.8515625,0.205078125,0.01875000074505806,0.984375,0.953125,0.0,3,3 1
487,8768.9716796875,6496.85302734375,5727.1796875,486.828125,9.859375,1.015625,15.875,31.6875,9.421875,5.390625,5.734375,1.734375,9.40625,162.53280639648438,53.296875,2.0,8.859375,253.953125,82.984375,68.93437194824219,3.2281250953674316,92.203125,4.921875,24.671875,0.197265625,0.03437500074505806,0.96875,0.984375,0.0,3,3 1
488,8323.6015625,6126.88623046875,5396.7509765625,464.9312438964844,9.375,0.96875,15.34375,30.671875,9.125,5.171875,5.5625,1.6875,9.125,155.5546875,49.984375,2.265625,8.375,229.0625,70.21875,66.8203125,3.090625047683716,79.3359375,4.609375,22.984375,0.462890625,0.078125,0.90625,0.921875,0.0,3,3 1
489,8596.2705078125,6331.30322265625,5576.5419921875,482.36248779296875,9.671875,1.0,15.578125,31.109375,9.34375,5.296875,5.5625,1.671875,9.234375,160.12344360351562,52.15625,2.0,8.671875,243.109375,68.96875,68.7578125,3.21875,87.7734375,4.90625,24.3984375,0.275390625,0.03437500074505806,0.96875,0.96875,0.0,3,3 2
490,7773.3681640625,5741.4658203125,5047.8203125,452.9156188964844,9.03125,0.890625,14.6875,29.34375,8.6875,4.875,5.34375,1.640625,8.796875,146.15780639648438,50.015625,2.0,8.03125,246.359375,71.65625,62.3984375,3.018749952316284,78.6328125,4.75,23.7109375,0.5104166865348816,0.05078125,0.953125,0.84375,0.0,3,3 1
491,8528.216796875,6281.9912109375,5530.419921875,468.60626220703125,9.625,1.0,15.765625,31.484375,9.25,5.421875,5.6875,1.828125,9.296875,158.2312469482422,52.421875,1.984375,8.625,250.34375,72.796875,66.84687805175781,3.1812500953674316,88.578125,4.953125,24.6640625,0.41015625,0.07187500596046448,0.953125,0.9375,0.0,3,3 1
492,8559.193359375,6311.81591796875,5562.6435546875,464.90625,9.671875,0.96875,15.75,31.46875,9.265625,5.265625,5.84375,1.6875,9.40625,157.84530639648438,54.125,2.0,8.671875,288.53125,84.234375,66.3375015258789,3.1187500953674316,94.5625,4.90625,24.3125,0.15234375,0.00937500037252903,1.015625,0.953125,0.0,3,3 4
493,8216.5126953125,6157.796875,5424.171875,455.91876220703125,9.546875,0.9375,15.015625,29.953125,9.03125,4.921875,5.484375,1.46875,9.046875,150.578125,51.890625,2.0,8.546875,357.171875,114.734375,62.046875,3.09375,107.265625,5.0,24.7734375,0.337890625,0.00937500037252903,0.984375,0.9375,0.0,3,3 1
494,8496.9677734375,6330.8056640625,5574.08203125,465.7124938964844,9.6875,1.015625,15.53125,31.03125,9.3125,5.203125,5.6875,1.546875,9.28125,155.21875,52.578125,2.0,8.6875,422.640625,139.609375,65.19999694824219,3.1312499046325684,107.4375,4.96875,24.7265625,0.37109375,0.04062500223517418,0.96875,0.953125,0.0,3,3 1
495,8343.3017578125,6155.7919921875,5417.490234375,456.3656311035156,9.484375,0.984375,14.984375,29.953125,9.125,4.75,5.59375,1.265625,9.21875,156.0,53.046875,2.0,8.484375,350.734375,106.296875,67.27656555175781,3.1937499046325684,79.2421875,4.90625,24.4453125,0.228515625,0.012500000186264515,0.984375,0.90625,0.0,3,3 4
496,8227.1376953125,6091.98779296875,5355.87646484375,448.5406188964844,9.421875,1.0,14.9375,29.859375,9.078125,4.703125,5.546875,1.3125,9.21875,152.5984344482422,50.90625,2.0,8.421875,380.21875,122.265625,67.19218444824219,3.206249952316284,67.1640625,4.84375,24.21875,0.4296875,0.04062500223517418,0.9375,0.9375,0.0,3,3 1
497,8681.6806640625,6492.6240234375,5726.9248046875,458.78436279296875,9.875,1.0,15.625,31.234375,9.390625,5.234375,5.765625,1.5,9.34375,156.58438110351562,52.5625,2.0,8.875,348.296875,125.9375,65.1546859741211,3.121875047683716,121.7265625,4.921875,24.5546875,0.1875,0.012500000186264515,0.984375,0.984375,0.0,3,3 2
498,8698.84765625,6387.1806640625,5628.87060546875,456.9937438964844,9.734375,1.0,15.78125,31.53125,9.3125,5.328125,5.796875,1.703125,9.390625,160.97030639648438,50.078125,2.0,8.734375,319.796875,122.546875,70.1265640258789,3.296875,82.8046875,4.984375,25.0,0.31640625,0.05312500149011612,0.9375,0.953125,0.0,3,3 1
499,8305.798828125,6174.91357421875,5437.22509765625,449.12188720703125,9.5625,0.953125,15.5625,31.109375,9.265625,5.140625,5.671875,1.671875,9.359375,149.1125030517578,50.3125,2.0,8.5625,365.484375,125.453125,60.240623474121094,2.909374952316284,98.484375,4.921875,24.6171875,0.287109375,0.03437500074505806,1.03125,0.953125,0.0,3,3 1
500,8027.1533203125,5975.3095703125,5259.0390625,446.65625,9.328125,0.921875,14.734375,29.421875,8.921875,4.625,5.5,1.328125,9.046875,145.63906860351562,49.84375,2.0,8.328125,346.640625,130.421875,58.170310974121094,2.8031249046325684,115.7109375,4.765625,23.7734375,0.283203125,0.02500000037252903,1.015625,0.90625,0.0,3,3 2
501,8357.8798828125,6224.01416015625,5486.9892578125,449.3500061035156,9.5625,0.953125,14.953125,29.84375,9.109375,4.796875,5.453125,1.34375,9.140625,152.1593780517578,49.90625,2.0,8.5625,352.46875,142.5,63.19218826293945,3.0250000953674316,109.9765625,4.6875,23.25,0.189453125,0.015625,1.03125,0.9375,0.0,3,3 1
502,8556.013671875,6341.9560546875,5593.3447265625,454.7406311035156,9.71875,0.953125,15.515625,30.953125,9.375,4.96875,5.8125,1.328125,9.46875,157.296875,51.546875,2.0,8.71875,366.671875,139.34375,65.3609390258789,3.112499952316284,104.7578125,4.921875,24.4921875,0.17578125,0.00390625,1.0,0.953125,0.0,3,3 1
503,7231.68798828125,5412.92333984375,4756.1376953125,426.73126220703125,8.671875,0.828125,13.640625,27.171875,8.171875,4.203125,5.046875,1.421875,8.328125,132.7234344482422,47.546875,2.0,7.671875,283.875,93.09375,51.31562423706055,2.518749952316284,98.109375,4.375,21.875,0.3515625,0.01875000074505806,0.984375,0.8125,0.0,3,3 4
504,8275.537109375,6141.61865234375,5410.38330078125,441.77813720703125,9.46875,0.953125,15.125,30.078125,9.140625,4.953125,5.546875,1.421875,9.015625,150.59375,50.125,2.0,8.46875,331.5625,122.34375,63.584373474121094,3.0531249046325684,101.140625,4.8125,24.15625,0.4453125,0.0546875,0.953125,0.921875,0.0,3,3 1
505,8483.6044921875,6303.3642578125,5555.04296875,454.34063720703125,9.6875,0.96875,15.21875,30.375,9.140625,5.0625,5.65625,1.4375,9.078125,155.5734405517578,51.640625,2.0,8.6875,340.71875,119.640625,66.05937194824219,3.1624999046325684,103.140625,5.0,25.0,0.20703125,0.01875000074505806,0.96875,0.96875,0.0,3,3 2
506,8255.9912109375,6097.66259765625,5369.8330078125,445.31561279296875,9.453125,0.9375,15.078125,30.125,9.09375,4.890625,5.640625,1.359375,9.140625,150.703125,50.71875,2.0,8.453125,315.25,110.984375,65.7562484741211,3.15625,86.84375,4.921875,24.609375,0.349609375,0.02812499925494194,0.953125,0.921875,0.0,3,3 1
507,8376.0478515625,6232.3466796875,5490.73681640625,450.68438720703125,9.59375,0.96875,15.0,29.9375,9.09375,4.84375,5.640625,1.296875,9.0625,152.578125,52.21875,2.0,8.59375,342.3125,114.484375,63.029685974121094,3.043750047683716,109.2265625,4.828125,24.15625,0.236328125,0.012500000186264515,0.984375,0.9375,0.0,3,3 2
508,7783.31201171875,5794.82568359375,5097.85302734375,429.5843811035156,9.125,0.890625,14.640625,29.171875,8.8125,4.578125,5.515625,1.328125,8.9375,137.79843139648438,50.375,1.984375,8.125,300.984375,110.5625,57.0,2.78125,112.8125,4.84375,24.15625,0.369140625,0.02812499925494194,0.96875,0.859375,0.0,3,3 4
509,8247.29296875,6196.28076171875,5457.04833984375,448.4906311035156,9.5625,0.96875,15.203125,30.359375,9.234375,4.921875,5.609375,1.34375,9.25,147.8984375,51.671875,2.0,8.5625,306.78125,112.828125,63.162498474121094,3.1187500953674316,105.125,4.890625,24.609375,0.3984375,0.01406249962747097,0.96875,0.953125,0.0,3,3 1
510,8698.9599609375,6465.74853515625,5702.2734375,455.0062561035156,9.84375,1.0,15.515625,31.0,9.46875,5.015625,5.78125,1.265625,9.46875,156.49374389648438,53.375,2.0,8.84375,350.09375,132.890625,67.9078140258789,3.221874952316284,109.8359375,4.984375,25.0,0.224609375,0.015625,0.984375,0.96875,0.0,3,3 1
511,8289.6689453125,6159.2373046875,5427.8388671875,436.1781311035156,9.515625,0.9375,15.15625,30.265625,9.328125,4.828125,5.59375,1.25,9.265625,150.3515625,52.296875,2.0,8.515625,323.09375,105.859375,65.09062194824219,3.059375047683716,95.484375,4.890625,24.4453125,0.107421875,0.0,1.03125,0.9375,0.0,3,3 4
512,8169.8154296875,6142.4443359375,5410.1181640625,456.34063720703125,9.546875,0.9375,14.828125,29.625,9.03125,4.75,5.453125,1.34375,9.046875,145.375,52.1875,2.0,8.546875,360.640625,113.78125,58.12812423706055,2.859375,112.484375,4.796875,24.0546875,0.234375,0.0078125,1.015625,0.9375,0.0,3,3 1
513,8669.7119140625,6448.13916015625,5687.828125,459.8968811035156,9.828125,0.984375,15.515625,30.984375,9.484375,4.921875,5.71875,1.328125,9.53125,157.19686889648438,52.484375,2.0,8.828125,326.75,107.15625,65.609375,3.1500000953674316,114.140625,4.921875,24.515625,0.2109375,0.0062500000931322575,0.984375,0.984375,0.0,3,3 1
514,8227.375,6124.5078125,5394.93505859375,443.4750061035156,9.5,0.9375,14.703125,29.34375,9.125,4.609375,5.375,1.1875,9.046875,149.23281860351562,50.65625,2.0,8.5,305.984375,100.90625,62.828125,2.996875047683716,99.609375,4.828125,23.90625,0.212890625,0.0062500000931322575,0.984375,0.9375,0.0,3,3 2
515,8260.130859375,6161.92578125,5431.2568359375,442.80938720703125,9.515625,0.9375,14.78125,29.453125,9.109375,4.453125,5.515625,1.125,9.25,149.3562469482422,51.796875,2.0,8.515625,256.75,81.421875,64.8109359741211,3.078125,91.2578125,4.671875,23.3203125,0.2278645783662796,0.015625,1.03125,0.9375,0.0,3,3 1
516,8534.767578125,6371.462890625,5620.31640625,457.3187561035156,9.734375,0.96875,15.296875,30.59375,9.40625,4.828125,5.75,1.15625,9.453125,154.28280639648438,52.578125,2.0,8.734375,222.453125,70.234375,66.2796859741211,3.128124952316284,103.6015625,4.828125,24.171875,0.1399739533662796,0.0,1.015625,0.96875,0.0,3,3 1
517,8290.8720703125,6233.27685546875,5490.5244140625,449.0375061035156,9.625,0.96875,14.96875,29.921875,9.203125,4.6875,5.578125,1.1875,9.265625,149.13436889648438,52.375,2.0,8.625,207.046875,63.453125,60.03125,2.909374952316284,115.46875,4.921875,24.578125,0.220703125,0.015625,0.984375,0.96875,0.0,3,3 1
518,8546.166015625,6364.849609375,5605.05712890625,459.1468811035156,9.75,1.015625,15.1875,30.34375,9.296875,4.875,5.65625,1.265625,9.25,156.3484344482422,52.125,2.0,8.75,204.984375,61.71875,65.17655944824219,3.09375,95.0546875,4.921875,24.4296875,0.119140625,0.0031250000465661287,0.984375,0.984375,0.0,3,3 2
519,8112.48974609375,6060.60546875,5336.33056640625,443.6499938964844,9.40625,0.9375,14.90625,29.71875,9.109375,4.65625,5.5625,1.203125,9.1875,148.76406860351562,50.546875,1.984375,8.40625,187.171875,51.859375,62.951560974121094,2.996875047683716,88.3671875,4.84375,24.25,0.337890625,0.02500000037252903,0.96875,0.921875,0.0,3,3 1
520,8253.19140625,6110.89501953125,5379.53369140625,453.07501220703125,9.46875,0.953125,14.828125,29.59375,9.0625,4.65625,5.546875,1.1875,9.140625,152.71249389648438,52.546875,2.0,8.46875,203.390625,58.0625,64.515625,3.09375,87.734375,4.921875,24.390625,0.265625,0.015625,0.96875,0.9375,0.0,3,3 4
521,7853.26611328125,5882.8603515625,5173.8603515625,438.20001220703125,9.21875,0.921875,14.46875,28.90625,8.8125,4.4375,5.515625,1.171875,8.96875,146.06405639648438,51.984375,2.0,8.21875,213.78125,58.625,62.15312576293945,3.096874952316284,87.046875,4.8125,23.9921875,0.33203125,0.0,1.015625,0.890625,0.0,3,3 1
522,8539.5322265625,6338.8818359375,5588.6865234375,447.3843688964844,9.71875,0.96875,15.171875,30.28125,9.328125,4.765625,5.71875,1.109375,9.359375,157.25155639648438,53.78125,2.0,8.71875,249.28125,70.390625,68.0546875,3.2281250953674316,93.1640625,4.984375,24.828125,0.1875,0.015625,1.0,0.96875,0.0,3,3 1
523,8836.7919921875,6535.953125,5766.44921875,457.640625,9.921875,1.0,15.53125,31.0,9.546875,4.921875,5.796875,1.21875,9.515625,163.3328094482422,54.78125,2.0,8.921875,219.390625,62.0,70.77812194824219,3.3531250953674316,95.484375,4.984375,24.9375,0.1627604216337204,0.0,1.0,1.0,0.0,3,3 4
524,8481.7333984375,6297.48828125,5550.85400390625,461.203125,9.65625,0.96875,15.234375,30.453125,9.328125,4.8125,5.765625,1.1875,9.359375,155.3015594482422,53.015625,2.0,8.65625,221.28125,66.796875,66.1343765258789,3.184375047683716,99.015625,4.84375,24.21875,0.357421875,0.02500000037252903,0.96875,0.953125,0.0,3,3 1
525,8304.8388671875,6162.58447265625,5426.14697265625,456.7406311035156,9.5,0.96875,15.203125,30.375,9.21875,4.9375,5.65625,1.375,9.1875,151.82656860351562,52.5625,2.0,8.5,209.46875,61.125,63.603126525878906,3.1031250953674316,95.734375,4.84375,24.28125,0.44140625,0.03750000149011612,0.953125,0.9375,0.0,3,3 1
526,8560.6875,6331.8515625,5579.5498046875,447.7718811035156,9.703125,0.984375,15.5,31.0,9.484375,5.03125,5.75,1.265625,9.46875,156.5593719482422,51.96875,2.0,8.703125,215.46875,63.03125,67.0859375,3.1343750953674316,92.6953125,5.0,25.0,0.5,0.08749999850988388,0.90625,0.96875,0.0,3,3 2
527,8149.48974609375,5991.37451171875,5280.42431640625,438.09686279296875,9.296875,0.890625,15.078125,30.09375,9.09375,4.859375,5.625,1.359375,9.15625,151.8828125,53.09375,2.0,8.296875,214.046875,64.609375,65.6875,3.090625047683716,83.4375,4.765625,23.8359375,0.283203125,0.02265625074505806,0.984375,0.875,0.0,3,3 1
528,8195.3193359375,6024.3486328125,5304.68115234375,445.7124938964844,9.3125,0.9375,15.078125,30.140625,9.09375,4.90625,5.515625,1.453125,9.171875,152.1609344482422,50.890625,2.0,8.3125,217.484375,68.484375,65.86405944824219,3.096874952316284,80.6796875,4.671875,23.3203125,0.3626302182674408,0.04375000298023224,1.0,0.90625,0.0,3,3 1
529,8462.6513671875,6312.6806640625,5562.5029296875,451.6656188964844,9.671875,0.984375,15.59375,31.15625,9.359375,5.09375,5.71875,1.515625,9.46875,153.48593139648438,49.890625,2.0,8.671875,231.234375,70.5625,63.974998474121094,2.9937500953674316,109.8125,4.84375,24.046875,0.546875,0.10625000298023224,0.890625,0.96875,0.0,3,3 4
530,8416.0654296875,6342.017578125,5585.78271484375,458.9375,9.75,1.0,15.1875,30.328125,9.1875,4.8125,5.6875,1.3125,9.328125,150.5124969482422,52.6875,2.0,8.75,268.921875,82.5625,61.82343673706055,3.049999952316284,119.0078125,4.984375,24.8203125,0.412109375,0.03437500074505806,0.96875,0.984375,0.0,3,3 1
531,8548.943359375,6341.83544921875,5571.97265625,457.0843811035156,9.65625,1.109375,15.4375,30.84375,9.359375,5.0,5.6875,1.453125,9.34375,157.77969360351562,50.078125,2.0,8.65625,249.3125,72.5625,68.87968444824219,3.2562499046325684,83.7265625,4.96875,24.890625,0.640625,0.11249999701976776,0.890625,0.96875,0.0,3,3 2
532,8440.5517578125,6294.8828125,5544.5498046875,455.2562561035156,9.671875,0.984375,15.375,30.71875,9.28125,5.03125,5.671875,1.4375,9.296875,156.18124389648438,52.296875,2.0,8.671875,188.359375,48.25,66.48124694824219,3.1937499046325684,90.40625,4.96875,24.7890625,0.3984375,0.04375000298023224,0.953125,0.96875,0.0,3,3 1
533,8667.3359375,6457.52734375,5690.7568359375,468.8500061035156,9.84375,1.015625,15.53125,30.984375,9.46875,4.984375,5.71875,1.359375,9.453125,158.4296875,53.734375,2.0,8.84375,181.296875,44.1875,66.15625,3.125,107.96875,4.984375,24.828125,0.271484375,0.03750000149011612,0.96875,0.984375,0.0,3,3 1
534,8748.365234375,6422.24462890625,5659.97705078125,453.63751220703125,9.75,1.015625,15.828125,31.609375,9.5625,5.15625,5.84375,1.40625,9.640625,163.89999389648438,55.890625,2.0,8.75,188.59375,52.953125,73.2953109741211,3.387500047683716,72.2734375,4.984375,24.90625,0.0944010391831398,0.0,1.0,0.953125,0.0,3,3 2
535,8741.705078125,6450.56689453125,5691.55224609375,460.0,9.828125,0.96875,15.71875,31.3125,9.296875,5.078125,5.859375,1.515625,9.5625,161.6062469482422,55.46875,2.0,8.828125,195.203125,57.609375,69.44999694824219,3.268749952316284,96.8125,4.984375,24.96875,0.16796875,0.012500000186264515,0.984375,0.96875,0.0,3,3 1
536,8733.640625,6513.3115234375,5745.47119140625,461.2124938964844,9.890625,1.0,16.015625,31.890625,9.53125,5.234375,5.875,1.578125,9.671875,158.52969360351562,55.515625,2.0,8.890625,149.359375,44.203125,66.0062484741211,3.159374952316284,117.46875,4.921875,24.515625,0.15625,0.0,1.015625,0.984375,0.0,3,3 2
537,7570.40283203125,5614.74951171875,4937.59375,423.72186279296875,8.890625,0.859375,14.3125,28.5,8.59375,4.421875,5.3125,1.375,8.796875,138.2312469482422,51.59375,1.96875,7.890625,108.1875,36.203125,57.21875,2.7906250953674316,90.15625,4.609375,22.8828125,0.32421875,0.0,0.984375,0.8125,0.0,3,3 1
538,8199.951171875,6098.88916015625,5368.24609375,444.89373779296875,9.46875,0.953125,15.25,30.375,9.25,4.890625,5.5625,1.40625,9.265625,145.3937530517578,53.125,2.0,8.46875,116.234375,38.71875,61.412498474121094,2.965625047683716,103.25,4.90625,24.21875,0.326171875,0.02265625074505806,0.96875,0.953125,0.0,3,3 4
539,7962.53076171875,5939.8798828125,5220.45556640625,438.4375,9.3125,0.953125,14.796875,29.53125,8.921875,4.5,5.46875,1.40625,9.234375,141.26718139648438,51.421875,1.984375,8.3125,118.09375,39.046875,57.484375,2.765625,89.140625,4.84375,24.03125,0.287109375,0.012500000186264515,0.984375,0.9375,0.0,3,3 1
540,7976.09228515625,5929.9912109375,5211.28662109375,431.5531311035156,9.296875,0.953125,14.84375,29.609375,8.953125,4.640625,5.484375,1.40625,9.125,143.1015625,50.90625,2.0,8.296875,125.515625,45.234375,58.8671875,2.796875,89.4140625,4.921875,24.484375,0.3046875,0.03750000149011612,0.9375,0.9375,0.0,3,3 2
541,8553.7412109375,6339.0888671875,5586.61865234375,453.1031188964844,9.65625,1.0,15.671875,31.265625,9.359375,5.15625,5.703125,1.609375,9.4375,156.43124389648438,54.03125,2.0,8.65625,143.0625,50.890625,69.3421859741211,3.2562499046325684,81.1015625,4.75,23.828125,0.17578125,0.00390625,1.0,0.953125,0.0,3,3 1
542,8911.900390625,6544.92138671875,5772.12744140625,450.5562438964844,9.875,1.03125,16.15625,32.296875,9.65625,5.34375,5.953125,1.5625,9.78125,163.6906280517578,54.484375,2.0,8.875,150.484375,54.796875,73.2109375,3.3812499046325684,81.4453125,4.90625,24.609375,0.166015625,0.01875000074505806,1.015625,0.984375,0.0,3,3 4
543,8585.4580078125,6426.27392578125,5667.61083984375,448.734375,9.8125,0.984375,15.796875,31.578125,9.46875,5.171875,5.875,1.46875,9.59375,151.984375,52.8125,2.0,8.8125,152.78125,55.171875,66.17500305175781,3.1343750953674316,113.1875,4.96875,24.875,0.48828125,0.07187500596046448,0.9375,0.96875,0.0,3,3 1
544,7707.82666015625,5763.31640625,5074.2978515625,429.6968688964844,9.125,0.84375,14.625,29.234375,8.765625,4.515625,5.484375,1.421875,9.046875,135.43124389648438,51.609375,1.984375,8.125,126.796875,45.875,54.173439025878906,2.625,126.9453125,4.84375,24.09375,0.3671875,0.02500000037252903,0.953125,0.84375,0.0,3,3 1
545,8521.6103515625,6268.7568359375,5528.79541015625,443.63751220703125,9.625,0.9375,15.5,31.0,9.390625,4.96875,5.796875,1.328125,9.515625,156.39999389648438,53.578125,1.984375,8.625,117.9375,39.953125,69.43437194824219,3.203125,84.390625,4.921875,24.546875,0.310546875,0.03750000149011612,0.984375,0.9375,0.0,3,3 2
546,8631.8837890625,6399.68994140625,5643.7314453125,444.87811279296875,9.765625,0.984375,15.625,31.203125,9.5,4.953125,5.796875,1.375,9.578125,155.1359405517578,54.546875,2.0,8.765625,128.296875,41.46875,68.3375015258789,3.2562499046325684,100.5,4.921875,24.609375,0.3125,0.01875000074505806,0.984375,0.96875,0.0,3,3 1
547,8007.60498046875,6017.9873046875,5298.7509765625,447.90936279296875,9.375,0.921875,14.796875,29.578125,9.015625,4.578125,5.625,1.171875,9.1875,145.58749389648438,53.5625,1.984375,8.375,150.296875,43.84375,58.71875,2.890625,116.71875,4.890625,24.4921875,0.34375,0.01875000074505806,0.984375,0.90625,0.0,3,3 1
548,7916.61279296875,5924.56640625,5213.34814453125,445.1812438964844,9.265625,0.921875,14.484375,28.90625,8.859375,4.375,5.53125,1.09375,9.046875,141.4265594482422,53.171875,2.0,8.265625,115.96875,31.40625,58.58124923706055,2.78125,104.59375,4.59375,22.90625,0.134765625,0.01145833358168602,1.0,0.890625,0.0,3,3 1
549,7501.54443359375,5644.53173828125,4964.02490234375,443.96875,8.953125,0.859375,14.21875,28.4375,8.59375,4.359375,5.390625,1.25,8.84375,133.68124389648438,52.625,2.0,7.953125,104.875,30.1875,52.53437423706055,2.5374999046325684,118.890625,4.609375,23.046875,0.224609375,0.015625,1.0,0.859375,0.0,3,3 1
550,8094.02490234375,6046.8134765625,5327.65087890625,449.60626220703125,9.40625,0.90625,14.984375,29.96875,9.046875,4.734375,5.6875,1.28125,9.21875,146.27969360351562,53.78125,2.0,8.40625,111.015625,28.34375,60.771873474121094,2.9124999046325684,109.890625,4.796875,24.0546875,0.13671875,0.0,1.03125,0.90625,0.0,3,3 1
551,8255.158203125,6175.353515625,5444.6376953125,455.71875,9.546875,0.921875,15.046875,30.0625,9.21875,4.640625,5.6875,1.140625,9.375,147.99063110351562,54.25,2.0,8.546875,111.625,28.0,61.759376525878906,2.918750047683716,115.578125,4.828125,24.046875,0.212890625,0.02500000037252903,0.984375,0.921875,0.0,3,3 4
552,8021.4560546875,5980.3408203125,5265.35302734375,440.2093811035156,9.3125,0.921875,14.90625,29.796875,9.140625,4.65625,5.546875,1.21875,9.234375,142.88436889648438,52.90625,2.0,8.3125,131.46875,31.984375,57.748435974121094,2.7562499046325684,105.3203125,4.6875,23.3515625,0.328125,0.02812499925494194,0.953125,0.921875,0.0,3,3 1
553,8219.1591796875,6144.2822265625,5414.8525390625,458.18438720703125,9.484375,0.9375,14.96875,29.9375,9.125,4.75,5.5625,1.3125,9.1875,148.24063110351562,52.875,2.046875,8.484375,123.078125,32.953125,61.63750076293945,2.909374952316284,110.875,4.84375,24.21875,0.298828125,0.05000000074505806,0.953125,0.9375,0.0,3,3 1
554,8006.572265625,6006.68359375,5289.107421875,466.09375,9.390625,0.90625,14.796875,29.546875,9.046875,4.609375,5.578125,1.1875,9.125,142.0109405517578,51.546875,2.0,8.390625,127.0625,32.21875,58.099998474121094,2.809375047683716,112.625,4.8125,23.9765625,0.544921875,0.08124999701976776,0.9375,0.90625,0.0,3,3 1
555,8461.6123046875,6292.5615234375,5544.48095703125,469.39373779296875,9.640625,0.984375,15.15625,30.28125,9.25,4.828125,5.71875,1.1875,9.296875,154.15625,55.0625,2.0,8.640625,122.234375,32.21875,66.43437194824219,3.159374952316284,92.203125,4.84375,23.9921875,0.1302083283662796,0.0,1.015625,0.953125,0.0,3,3 1
556,8210.4814453125,6163.4931640625,5430.0458984375,457.1156311035156,9.515625,0.953125,14.984375,29.890625,9.09375,4.703125,5.578125,1.28125,9.234375,146.265625,54.53125,2.0,8.515625,116.546875,29.140625,59.796875,2.8812499046325684,118.203125,4.75,23.65625,0.220703125,0.00937500037252903,0.984375,0.9375,0.0,3,3 2
557,8049.1357421875,6078.51220703125,5352.84033203125,460.6187438964844,9.46875,0.921875,15.046875,30.03125,9.046875,4.71875,5.625,1.34375,9.296875,145.1921844482422,54.484375,2.0,8.46875,135.796875,32.90625,61.150001525878906,3.018749952316284,101.125,4.9375,24.484375,0.390625,0.0,1.0,0.921875,0.0,3,3 1
558,8757.03515625,6494.67138671875,5730.31005859375,462.2718811035156,9.875,0.984375,16.078125,32.125,9.65625,5.28125,5.90625,1.53125,9.75,157.42813110351562,55.453125,2.0,8.875,155.59375,42.5625,68.5484390258789,3.253124952316284,96.0078125,5.0,25.0,0.1953125,0.0,1.0,0.984375,0.0,3,3 4
559,7619.34814453125,5685.2421875,5002.15087890625,434.14373779296875,9.015625,0.84375,14.65625,29.296875,8.796875,4.640625,5.453125,1.4375,8.96875,137.87344360351562,53.109375,2.0,8.015625,155.640625,45.578125,56.553123474121094,2.7874999046325684,86.609375,4.75,23.7109375,0.4212239682674408,0.02187500149011612,1.0,0.84375,0.0,3,3 1
560,8511.2841796875,6271.82177734375,5530.8408203125,459.6968688964844,9.625,0.9375,15.734375,31.421875,9.4375,5.1875,5.75,1.546875,9.5,156.78280639648438,54.390625,2.0,8.625,190.546875,60.015625,67.7484359741211,3.206249952316284,87.5078125,4.921875,24.5546875,0.205078125,0.0,1.0,0.9375,0.0,3,3 1
561,8215.873046875,6090.1923828125,5363.26953125,462.8968811035156,9.46875,0.921875,15.09375,30.140625,9.15625,4.875,5.5,1.421875,9.1875,151.2421875,53.78125,2.0,8.46875,203.640625,64.125,63.41875076293945,3.049999952316284,84.46875,5.0,24.8125,0.265625,0.012500000186264515,0.984375,0.921875,0.0,3,3 1
562,8419.1083984375,6252.12451171875,5511.49462890625,463.3687438964844,9.640625,0.9375,15.5,30.96875,9.28125,5.0625,5.71875,1.484375,9.421875,151.6218719482422,54.703125,2.0,8.640625,189.65625,61.0625,62.470314025878906,3.012500047683716,110.4609375,5.0,24.875,0.21875,0.012500000186264515,0.984375,0.9375,0.0,3,3 1
563,8632.2646484375,6368.24365234375,5610.97607421875,463.4593811035156,9.71875,1.0,15.859375,31.6875,9.5625,5.203125,5.765625,1.5625,9.59375,158.4421844482422,53.796875,2.0,8.71875,235.796875,73.328125,65.9609375,3.081249952316284,108.9453125,5.0,24.875,0.244140625,0.03125,0.96875,0.96875,0.0,3,3 4
564,8781.525390625,6463.185546875,5703.43017578125,454.8187561035156,9.828125,0.96875,16.140625,32.265625,9.625,5.46875,5.859375,1.671875,9.640625,161.9015655517578,56.234375,2.0,8.828125,224.546875,74.46875,68.1812515258789,3.1624999046325684,103.15625,4.984375,24.9375,0.078125,0.0,1.0,0.96875,0.0,3,3 1
565,8483.392578125,6292.92041015625,5548.5107421875,447.6781311035156,9.65625,0.953125,15.6875,31.3125,9.34375,5.1875,5.71875,1.59375,9.46875,154.0515594482422,54.9375,2.0,8.65625,180.90625,55.953125,64.5531234741211,3.065624952316284,103.484375,4.921875,24.609375,0.146484375,0.0,1.0,0.953125,0.0,3,3 1
566,8537.8505859375,6322.8623046875,5570.8837890625,447.640625,9.6875,0.984375,15.796875,31.546875,9.4375,5.25,5.75,1.625,9.484375,156.69686889648438,54.96875,2.0,8.6875,273.359375,82.40625,64.87968444824219,3.0374999046325684,98.4140625,4.90625,24.828125,0.1953125,0.0078125,1.0,0.953125,0.0,3,3 1
567,8559.1103515625,6320.3515625,5566.0400390625,456.81561279296875,9.6875,1.0,15.484375,30.921875,9.265625,5.03125,5.65625,1.546875,9.421875,157.7109375,52.46875,2.0,8.6875,308.34375,93.3125,66.66874694824219,3.1500000953674316,87.59375,4.921875,24.484375,0.45703125,0.05624999850988388,0.890625,0.984375,0.0,3,3 1
568,8754.123046875,6465.98779296875,5701.4951171875,443.359375,9.84375,1.0,16.140625,32.234375,9.53125,5.5625,5.78125,1.828125,9.53125,157.1437530517578,55.734375,2.0,8.84375,299.34375,100.09375,67.3031234741211,3.140625,91.609375,5.0,24.9375,0.05859375,0.0,1.0,0.984375,0.0,3,3 4
569,8752.193359375,6462.544921875,5700.2919921875,443.6781311035156,9.796875,1.0,16.15625,32.296875,9.546875,5.4375,5.875,1.75,9.6875,160.0968780517578,54.40625,2.0,8.796875,305.15625,111.296875,71.1890640258789,3.3218750953674316,86.2421875,4.921875,24.609375,0.21484375,0.01875000074505806,0.984375,0.96875,0.0,3,3 1
570,8661.9892578125,6418.9169921875,5658.59814453125,441.0406188964844,9.78125,1.0,16.21875,32.4375,9.546875,5.5625,5.84375,1.859375,9.625,154.30624389648438,52.3125,2.0,8.78125,353.109375,117.515625,67.2421875,3.15625,95.3515625,4.875,24.5546875,0.3359375,0.03750000149011612,0.96875,0.984375,0.0,3,3 1
571,8360.6591796875,6179.35107421875,5443.75390625,431.0687561035156,9.484375,0.96875,15.734375,31.46875,9.265625,5.375,5.65625,1.859375,9.3125,150.7453155517578,51.921875,2.0,8.484375,362.078125,118.125,64.7828140258789,3.049999952316284,93.2734375,4.765625,23.828125,0.30859375,0.02812499925494194,0.96875,0.9375,0.0,3,3 2
572,8730.5146484375,6448.734375,5690.6865234375,435.1000061035156,9.8125,0.96875,16.1875,32.3125,9.5625,5.53125,5.828125,1.796875,9.59375,160.3828125,52.640625,2.0,8.8125,353.703125,123.78125,69.47969055175781,3.2125000953674316,91.3515625,4.96875,24.9375,0.078125,0.0,1.0,0.96875,0.0,3,3 1
573,8585.39453125,6313.40087890625,5570.93505859375,438.8187561035156,9.640625,0.9375,15.953125,31.859375,9.421875,5.453125,5.75,1.78125,9.453125,160.8718719482422,53.828125,2.0,8.640625,318.703125,119.75,69.2281265258789,3.2093749046325684,88.859375,4.84375,24.140625,0.2278645783662796,0.015625,1.015625,0.9375,0.0,3,3 1
574,8749.3212890625,6471.125,5707.13916015625,436.4906311035156,9.828125,1.0,16.109375,32.109375,9.5625,5.421875,5.8125,1.703125,9.609375,161.0281219482422,53.46875,2.0,8.828125,314.140625,122.96875,70.4046859741211,3.296875,92.0390625,5.0,24.9375,0.330078125,0.04375000298023224,0.953125,0.984375,0.0,3,3 2
575,8600.1982421875,6334.48974609375,5585.98046875,428.95623779296875,9.671875,0.96875,15.875,31.703125,9.40625,5.375,5.6875,1.75,9.484375,158.7687530517578,54.890625,2.0,8.671875,263.578125,107.09375,68.3812484741211,3.231250047683716,94.96875,4.921875,24.609375,0.244140625,0.01875000074505806,1.0,0.9375,0.0,3,3 1
576,8781.751953125,6481.90576171875,5718.6337890625,431.65313720703125,9.859375,0.984375,16.203125,32.328125,9.625,5.515625,5.859375,1.6875,9.640625,160.3015594482422,53.796875,2.0,8.859375,279.96875,107.1875,66.921875,3.128124952316284,104.140625,5.0,25.0,0.216796875,0.03437500074505806,0.96875,0.984375,0.0,3,3 4
577,7855.630859375,5850.73583984375,5146.2666015625,414.70623779296875,9.1875,0.90625,15.203125,30.390625,9.03125,5.015625,5.484375,1.6875,9.171875,140.9578094482422,52.6875,1.96875,8.1875,235.53125,85.796875,53.2421875,2.5843749046325684,108.4765625,4.765625,23.828125,0.25390625,0.015625,0.984375,0.90625,0.0,3,3 1
578,8561.380859375,6356.32568359375,5604.12158203125,448.1875,9.734375,0.96875,15.78125,31.5625,9.46875,5.25,5.6875,1.625,9.53125,156.29843139648438,52.921875,2.0,8.734375,285.90625,105.03125,61.514060974121094,2.9156250953674316,113.3671875,4.921875,24.609375,0.337890625,0.04062499850988388,0.953125,0.96875,0.0,3,3 1
579,8215.7470703125,6177.0546875,5436.9580078125,443.67498779296875,9.578125,0.96875,15.25,30.453125,9.1875,4.8125,5.671875,1.40625,9.375,147.77499389648438,52.890625,2.0,8.578125,328.703125,111.578125,56.015625,2.7249999046325684,119.609375,4.921875,24.609375,0.458984375,0.04374999925494194,0.953125,0.96875,0.0,3,3 1
580,7899.84814453125,5907.4677734375,5201.974609375,439.4781188964844,9.265625,0.875,15.15625,30.3125,9.046875,4.84375,5.59375,1.53125,9.296875,144.77188110351562,52.375,2.0,8.265625,305.875,110.453125,56.765625,2.762500047683716,108.671875,4.84375,24.21875,0.47265625,0.03125,0.953125,0.875,0.0,3,3 1
581,8103.3056640625,6001.5869140625,5283.7802734375,437.85626220703125,9.328125,0.921875,15.265625,30.53125,9.171875,4.921875,5.59375,1.5,9.34375,149.73281860351562,52.484375,2.0,8.328125,282.359375,101.03125,60.08281326293945,2.8125,95.5234375,4.765625,23.828125,0.263671875,0.0,1.0,0.921875,0.0,3,3 4
582,8350.525390625,6206.22802734375,5467.5908203125,446.01873779296875,9.578125,0.953125,15.484375,30.921875,9.328125,5.125,5.640625,1.546875,9.28125,150.5593719482422,55.09375,2.0,8.578125,265.640625,98.953125,61.006248474121094,2.9312500953674316,110.59375,4.921875,24.609375,0.15625,0.0,1.0,0.953125,0.0,3,3 2
583,8704.8818359375,6467.5419921875,5704.5625,452.89373779296875,9.859375,0.984375,15.9375,31.859375,9.5625,5.203125,5.859375,1.53125,9.703125,158.0859375,55.828125,2.0,8.859375,262.171875,96.21875,64.7796859741211,3.090625047683716,109.5390625,5.0,24.9375,0.17578125,0.0,1.0,0.984375,0.0,3,3 1
584,8696.333984375,6406.8984375,5652.47998046875,447.390625,9.75,0.96875,16.078125,32.140625,9.59375,5.3125,5.859375,1.640625,9.734375,160.2234344482422,55.265625,2.0,8.75,231.046875,90.546875,67.828125,3.1624999046325684,103.046875,4.90625,24.609375,0.13671875,0.0,1.0,0.96875,0.0,3,3 2
585,8544.375,6322.63818359375,5573.671875,435.8656311035156,9.6875,0.96875,15.828125,31.59375,9.4375,5.25,5.78125,1.578125,9.546875,155.4718780517578,54.25,2.0,8.6875,197.515625,74.5,64.8375015258789,3.0531249046325684,109.25,4.984375,24.9453125,0.259765625,0.02578124962747097,0.96875,0.953125,0.0,3,3 1
586,7979.62548828125,5890.1748046875,5185.97705078125,427.1343688964844,9.203125,0.890625,15.21875,30.40625,8.96875,4.96875,5.59375,1.703125,9.171875,145.88125610351562,53.078125,1.984375,8.203125,165.640625,62.890625,61.02031326293945,2.871875047683716,83.6484375,4.65625,23.28125,0.126953125,0.00390625,1.03125,0.890625,0.0,3,3 2
587,8535.544921875,6336.55322265625,5588.39404296875,452.1187438964844,9.703125,0.953125,15.78125,31.53125,9.375,5.25,5.734375,1.703125,9.46875,157.47500610351562,54.875,2.0,8.703125,167.640625,61.59375,67.8375015258789,3.2249999046325684,94.25,5.0,24.9375,0.3046875,0.015625,0.984375,0.953125,0.0,3,3 1
588,8653.2705078125,6343.9296875,5594.36962890625,442.484375,9.671875,0.96875,15.984375,31.921875,9.515625,5.328125,5.796875,1.671875,9.609375,161.1359405517578,54.34375,2.0,8.671875,156.5625,55.03125,70.1968765258789,3.2406249046325684,80.578125,4.90625,24.34375,0.259765625,0.02812499925494194,0.96875,0.953125,0.0,3,3 1
589,8820.484375,6492.34619140625,5728.3388671875,441.4906311035156,9.859375,0.984375,16.328125,32.609375,9.71875,5.5625,5.8125,1.78125,9.734375,161.3562469482422,56.328125,1.984375,8.859375,198.234375,67.84375,69.55937194824219,3.221874952316284,90.953125,5.0,24.875,0.1171875,0.0,1.0,0.984375,0.0,3,3 1
590,8591.2509765625,6359.90234375,5607.14453125,434.7437438964844,9.703125,0.984375,15.859375,31.6875,9.421875,5.28125,5.78125,1.65625,9.546875,157.2765655517578,54.40625,2.0,8.703125,194.4375,63.296875,67.203125,3.15625,95.546875,4.875,24.4375,0.283203125,0.03750000149011612,0.984375,0.953125,0.0,3,3 1
591,8705.193359375,6402.04296875,5647.86474609375,441.6468811035156,9.75,0.96875,16.078125,32.125,9.578125,5.390625,5.8125,1.703125,9.640625,159.84530639648438,55.203125,2.0,8.75,158.140625,51.734375,70.1640625,3.231250047683716,86.0546875,4.90625,24.515625,0.1432291716337204,0.00937500037252903,0.984375,0.96875,0.0,3,3 4
592,8347.541015625,6258.0048828125,5518.68310546875,435.23748779296875,9.625,0.9375,15.734375,31.421875,9.484375,5.15625,5.71875,1.53125,9.53125,151.640625,55.71875,2.0,8.625,166.390625,52.15625,64.87968444824219,3.109375,96.5390625,4.890625,24.4921875,0.33203125,0.0,1.015625,0.9375,0.0,3,3 1
593,8318.4609375,6235.1650390625,5495.76416015625,442.63751220703125,9.59375,0.953125,15.53125,31.03125,9.3125,5.078125,5.71875,1.515625,9.40625,149.63436889648438,54.265625,2.0,8.59375,144.796875,44.734375,60.9296875,2.9906249046325684,116.2890625,4.90625,24.5,0.392578125,0.03437500074505806,0.984375,0.9375,0.0,3,3 1
594,8224.4599609375,6157.2900390625,5427.67333984375,444.0625,9.515625,0.921875,15.296875,30.59375,9.3125,4.90625,5.640625,1.359375,9.375,151.46719360351562,54.578125,2.0,8.515625,125.28125,37.875,63.2734375,3.0218749046325684,95.5078125,4.75,23.65625,0.2233072966337204,0.0031250000465661287,1.015625,0.921875,0.0,3,3 1
595,8206.095703125,6095.77587890625,5373.3388671875,448.20001220703125,9.40625,0.921875,15.0625,30.09375,9.15625,4.75,5.609375,1.28125,9.296875,149.9484405517578,53.203125,2.21875,8.40625,127.875,35.109375,63.693748474121094,3.0093750953674316,95.28125,4.828125,24.21875,0.30078125,0.03515625,0.953125,0.921875,0.0,3,3 1
596,8378.0654296875,6271.7646484375,5528.0869140625,466.46563720703125,9.640625,0.953125,15.421875,30.765625,9.265625,4.890625,5.734375,1.375,9.5,155.0109405517578,54.640625,2.0,8.640625,150.578125,42.859375,64.0609359741211,3.1031250953674316,100.6328125,4.890625,24.5546875,0.39453125,0.03125,0.984375,0.953125,0.0,3,3 1
597,8658.359375,6451.8388671875,5691.64599609375,464.81561279296875,9.8125,0.984375,15.65625,31.25,9.453125,4.90625,5.921875,1.28125,9.6875,159.36874389648438,55.375,2.0,8.8125,139.421875,39.546875,66.59687805175781,3.1968750953674316,114.515625,4.921875,24.609375,0.29296875,0.015625,0.984375,0.96875,0.0,3,3 1
598,8623.4873046875,6343.0712890625,5589.943359375,467.2718811035156,9.6875,0.984375,15.6875,31.34375,9.46875,5.03125,5.796875,1.421875,9.625,161.0265655517578,54.359375,2.0,8.6875,143.5625,37.578125,68.54219055175781,3.1937499046325684,83.5390625,4.921875,24.609375,0.369140625,0.04375000298023224,0.9375,0.96875,0.0,3,3 0
599,8311.1328125,6130.5498046875,5401.8955078125,436.3812561035156,9.453125,0.9375,15.359375,30.671875,9.171875,4.984375,5.65625,1.515625,9.34375,153.64999389648438,53.515625,2.0,8.453125,112.640625,29.359375,63.26874923706055,2.9906249046325684,102.71875,4.84375,24.1484375,0.2421875,0.02187499962747097,0.96875,0.9375,0.0,3,3 1
600,8593.76171875,6438.77880859375,5680.1630859375,450.3187561035156,9.796875,0.984375,15.828125,31.59375,9.5625,5.078125,5.84375,1.40625,9.703125,156.3203125,56.171875,2.75,8.796875,111.921875,27.78125,63.54218673706055,3.081249952316284,119.1640625,4.921875,24.609375,0.263671875,0.0,0.984375,0.984375,0.0,3,3 1
601,8619.685546875,6406.20703125,5650.67822265625,446.484375,9.796875,0.96875,15.71875,31.40625,9.5,5.140625,5.796875,1.421875,9.546875,154.91250610351562,56.046875,2.0,8.796875,113.5,30.203125,64.67655944824219,3.090625047683716,115.3671875,5.0,24.9375,0.166015625,0.0,1.0,0.96875,0.0,3,3 1
602,8182.9208984375,6121.50927734375,5391.361328125,439.5874938964844,9.5,0.9375,15.359375,30.671875,9.171875,5.015625,5.65625,1.5625,9.265625,145.78280639648438,54.28125,2.0,8.5,97.421875,24.625,56.060935974121094,2.715625047683716,120.9453125,4.765625,23.71875,0.23046875,0.015625,1.015625,0.9375,0.0,3,3 1
603,8439.30078125,6256.4775390625,5513.2861328125,443.5687561035156,9.640625,0.953125,15.484375,30.890625,9.296875,4.921875,5.765625,1.40625,9.5,155.4328155517578,55.703125,2.0,8.640625,133.390625,39.375,62.381248474121094,2.987499952316284,110.90625,5.0,24.828125,0.17578125,0.0,1.0,0.953125,0.0,3,3 1
604,8429.2626953125,6297.1435546875,5548.3740234375,442.65625,9.703125,0.96875,15.328125,30.59375,9.375,4.8125,5.703125,1.265625,9.4375,153.58438110351562,54.84375,2.0,8.703125,150.59375,49.25,59.8828125,2.8687500953674316,118.0859375,4.984375,24.859375,0.4147135317325592,0.04374999925494194,0.9375,0.96875,0.0,3,3 2
605,8344.2236328125,6210.3408203125,5473.5830078125,440.46563720703125,9.59375,0.9375,15.25,30.4375,9.265625,4.765625,5.71875,1.296875,9.390625,152.3249969482422,55.34375,1.984375,8.59375,121.625,42.875,61.17499923706055,2.9437499046325684,115.0625,4.921875,24.484375,0.22265625,0.0062500000931322575,1.0,0.9375,0.0,3,3 1
606,8178.82177734375,6137.1279296875,5404.62451171875,439.2875061035156,9.546875,0.9375,15.109375,30.15625,9.171875,4.703125,5.625,1.296875,9.359375,146.0749969482422,54.609375,1.984375,8.546875,135.6875,42.734375,55.478126525878906,2.721874952316284,122.296875,4.921875,24.609375,0.3958333432674408,0.03437500074505806,0.953125,0.9375,0.0,3,3 1
607,7882.5625,5912.30615234375,5201.85791015625,428.6312561035156,9.296875,0.90625,14.75,29.46875,8.84375,4.59375,5.515625,1.359375,9.15625,140.4265594482422,53.234375,1.953125,8.296875,140.734375,42.484375,53.16093826293945,2.609375,123.2578125,4.921875,24.484375,0.501953125,0.0625,0.921875,0.890625,0.0,3,3 4
608,8082.6923828125,6052.16552734375,5330.2333984375,440.9312438964844,9.421875,0.921875,14.78125,29.546875,8.921875,4.484375,5.671875,1.203125,9.265625,146.2781219482422,54.28125,1.984375,8.421875,155.96875,43.625,59.001564025878906,2.918750047683716,108.1171875,4.84375,24.1640625,0.353515625,0.02187500149011612,0.96875,0.90625,0.0,3,3 1
609,8193.228515625,6045.79541015625,5326.28955078125,421.7093811035156,9.40625,0.90625,15.0625,30.046875,9.15625,4.578125,5.6875,1.203125,9.421875,151.97030639648438,53.765625,1.96875,8.40625,119.609375,33.9375,62.943748474121094,2.96875,95.59375,4.921875,24.359375,0.2265625,0.01875000074505806,0.984375,0.90625,0.0,3,3 1
610,7914.544921875,5884.96533203125,5180.1494140625,421.65936279296875,9.234375,0.890625,14.578125,29.125,8.953125,4.40625,5.515625,1.109375,9.140625,146.93124389648438,53.203125,2.0,8.234375,113.390625,30.515625,58.748435974121094,2.809375047683716,102.1953125,4.765625,23.75,0.1725260466337204,0.0052083334885537624,1.03125,0.890625,0.0,3,3 1
611,8321.8515625,6163.4921875,5426.9736328125,428.375,9.515625,0.96875,15.078125,30.125,9.125,4.671875,5.6875,1.265625,9.375,153.18905639648438,53.859375,2.0,8.515625,124.78125,33.4375,62.52656173706055,2.96875,102.9921875,4.921875,24.546875,0.322265625,0.04062500223517418,0.953125,0.9375,0.0,3,3 1
612,8329.6923828125,6137.8076171875,5410.28125,424.4781188964844,9.484375,0.921875,15.296875,30.5625,9.34375,4.78125,5.703125,1.234375,9.5,153.52969360351562,54.53125,1.96875,8.484375,118.328125,32.8125,65.015625,3.028125047683716,95.859375,4.921875,24.609375,0.27734375,0.03437500074505806,0.96875,0.921875,0.0,3,3 1
613,8434.884765625,6257.5771484375,5517.27978515625,425.796875,9.609375,0.953125,15.375,30.734375,9.390625,4.8125,5.71875,1.265625,9.546875,153.9453125,55.390625,2.0,8.609375,115.71875,28.375,63.595314025878906,2.981250047683716,106.3984375,4.828125,24.21875,0.349609375,0.03750000149011612,0.953125,0.9375,0.0,3,3 4
614,8378.546875,6207.2802734375,5472.341796875,419.25311279296875,9.5625,0.9375,15.375,30.71875,9.390625,4.796875,5.765625,1.203125,9.5625,154.78125,54.5,1.984375,8.5625,129.421875,30.546875,64.94844055175781,3.046875,96.1953125,4.859375,24.5,0.279296875,0.02812499925494194,0.984375,0.921875,0.0,3,3 1
615,8444.806640625,6283.6279296875,5540.19775390625,418.9375,9.671875,0.953125,15.203125,30.328125,9.265625,4.65625,5.8125,1.078125,9.515625,153.57656860351562,55.96875,2.0,8.671875,120.65625,29.828125,63.16875076293945,3.0374999046325684,117.59375,5.0,24.9453125,0.146484375,0.0,1.0,0.953125,0.0,3,3 2
616,7689.353515625,5768.85595703125,5078.6591796875,409.7718811035156,9.09375,0.859375,14.453125,28.859375,8.859375,4.34375,5.453125,1.125,9.078125,143.7375030517578,53.078125,2.0,8.09375,120.734375,28.703125,57.68437576293945,2.825000047683716,100.328125,4.671875,23.375,0.388671875,0.01328125037252903,1.015625,0.859375,0.0,3,3 1
617,8283.7353515625,6211.02783203125,5474.6611328125,433.23748779296875,9.59375,0.9375,15.4375,30.859375,9.453125,4.78125,5.828125,1.171875,9.625,149.2734375,55.703125,2.0,8.59375,138.140625,29.359375,58.478126525878906,2.890625,121.359375,4.84375,24.21875,0.41015625,0.0,1.0,0.9375,0.0,3,3 1
618,8022.142578125,6044.9345703125,5322.3779296875,434.3656311035156,9.4375,0.921875,14.921875,29.765625,9.09375,4.515625,5.65625,1.15625,9.34375,144.0671844482422,55.046875,2.0,8.4375,149.859375,30.984375,55.375,2.731250047683716,117.5,4.921875,24.4921875,0.296875,0.015625,0.96875,0.921875,0.0,3,3 2
619,8159.14794921875,6110.05615234375,5386.0732421875,430.0874938964844,9.484375,0.90625,15.046875,30.03125,9.1875,4.796875,5.609375,1.21875,9.21875,149.5812530517578,55.421875,2.0,8.484375,164.875,36.171875,61.78437423706055,3.0406250953674316,106.703125,4.890625,24.5390625,0.3190104067325592,0.0,1.0,0.90625,0.0,3,3 1
620,7846.04443359375,5891.73681640625,5187.2080078125,425.7406311035156,9.1875,0.90625,14.703125,29.375,8.96875,4.59375,5.453125,1.28125,9.078125,144.99844360351562,52.109375,2.265625,8.1875,155.34375,33.109375,58.689064025878906,2.893749952316284,98.7421875,4.59375,23.046875,0.3828125,0.00937500037252903,1.078125,0.890625,0.0,3,3 1
621,8701.26171875,6418.80859375,5664.11328125,432.60626220703125,9.78125,0.96875,15.46875,30.921875,9.5,4.84375,5.78125,1.203125,9.59375,160.5812530517578,55.53125,2.0,8.78125,146.6875,34.265625,69.8765640258789,3.2562499046325684,92.8046875,4.875,24.546875,0.0911458358168602,0.0,1.0,0.96875,0.0,3,3 1
622,8592.2841796875,6366.21533203125,5613.87744140625,428.5562438964844,9.75,0.96875,15.59375,31.171875,9.484375,4.921875,5.828125,1.28125,9.65625,157.18594360351562,55.265625,2.0,8.75,156.21875,34.90625,66.2437515258789,3.096874952316284,96.90625,4.96875,24.796875,0.087890625,0.0,1.015625,0.96875,0.0,3,3 1
623,8817.88671875,6528.76123046875,5762.494140625,449.0718688964844,9.90625,0.984375,15.703125,31.390625,9.65625,4.96875,5.828125,1.28125,9.65625,163.9640655517578,54.328125,2.0,8.90625,156.921875,42.140625,68.7874984741211,3.234375,108.875,4.921875,24.3671875,0.1529947966337204,0.0,1.015625,0.984375,0.0,3,3 4
624,8627.2451171875,6470.0419921875,5704.8671875,436.88751220703125,9.875,1.0,15.90625,31.8125,9.78125,5.109375,5.84375,1.28125,9.796875,154.19686889648438,53.28125,2.0,8.875,154.453125,44.046875,60.439064025878906,2.950000047683716,136.5546875,5.0,24.9375,0.388671875,0.02500000037252903,0.96875,1.0,0.0,3,3 1
625,8677.4267578125,6540.765625,5770.1474609375,441.3531188964844,9.96875,1.0,15.796875,31.578125,9.703125,5.046875,5.890625,1.1875,9.75,153.65780639648438,54.328125,2.0,8.96875,170.40625,52.125,58.20781326293945,2.8656249046325684,158.3359375,5.0,24.9375,0.373046875,0.03125,0.96875,1.0,0.0,3,3 2
626,8266.1552734375,6221.44482421875,5475.61083984375,430.359375,9.640625,0.984375,15.28125,30.5625,9.40625,4.71875,5.703125,1.171875,9.5625,146.7937469482422,52.046875,2.0,8.640625,186.609375,64.3125,56.328125,2.8062500953674316,125.234375,5.0,24.9375,0.544921875,0.05000000074505806,0.921875,0.984375,0.0,3,3 1
627,8345.73828125,6298.328125,5550.28515625,430.046875,9.71875,0.96875,15.5,31.0,9.390625,4.84375,5.859375,1.25,9.65625,144.53750610351562,47.84375,2.0,8.71875,178.171875,65.078125,53.415626525878906,2.625,161.046875,5.0,25.0,1.103515625,0.21562500298023224,0.78125,0.953125,0.0,3,3 1
628,8069.19189453125,6086.68994140625,5356.65771484375,442.4593811035156,9.46875,0.953125,15.15625,30.28125,9.109375,4.796875,5.625,1.40625,9.34375,143.4499969482422,49.3125,2.0,8.46875,181.359375,59.171875,53.587501525878906,2.628124952316284,137.0625,4.921875,24.484375,0.77734375,0.13750000298023224,0.890625,0.953125,0.0,3,3 1
629,8540.6513671875,6393.0751953125,5636.63916015625,443.48748779296875,9.78125,0.984375,15.609375,31.203125,9.4375,4.984375,5.828125,1.34375,9.609375,152.9890594482422,51.15625,2.0,8.78125,174.34375,59.484375,59.46562576293945,2.8812499046325684,139.546875,4.921875,24.609375,0.705078125,0.11562500149011612,0.875,0.96875,0.0,3,3 2
630,8070.36376953125,6020.42822265625,5293.3544921875,432.44061279296875,9.375,0.96875,15.109375,30.1875,9.0,4.71875,5.671875,1.453125,9.34375,146.56405639648438,48.953125,2.0,8.375,196.296875,64.1875,57.35625076293945,2.828125,105.71875,4.84375,24.21875,0.763671875,0.11874999850988388,0.890625,0.9375,0.0,3,3 1
631,8632.255859375,6414.13525390625,5657.947265625,449.65625,9.796875,0.96875,15.84375,31.640625,9.515625,5.203125,5.8125,1.5625,9.546875,156.65780639648438,51.671875,2.0,8.796875,213.15625,75.0625,63.943748474121094,3.0062499046325684,117.15625,4.921875,24.609375,0.6875,0.08124999701976776,0.90625,0.96875,0.0,3,3 1
632,8252.54296875,6183.119140625,5445.6865234375,439.8218688964844,9.53125,0.96875,15.359375,30.6875,9.265625,4.875,5.6875,1.421875,9.4375,148.0203094482422,50.21875,2.0,8.53125,192.984375,69.03125,59.671875,2.8812499046325684,120.703125,4.84375,24.21875,0.615234375,0.078125,0.9375,0.9375,0.0,3,3 1
633,8039.6240234375,6012.0849609375,5294.4287109375,431.8999938964844,9.390625,0.90625,15.296875,30.578125,9.140625,4.953125,5.59375,1.578125,9.3125,142.5984344482422,47.328125,2.0,8.390625,153.234375,54.59375,56.01874923706055,2.7125000953674316,117.71875,4.796875,23.765625,0.734375,0.1171875,0.90625,0.90625,0.0,3,3 1
634,8660.8740234375,6429.830078125,5664.9990234375,446.76873779296875,9.8125,1.015625,15.90625,31.765625,9.484375,5.25,5.859375,1.59375,9.578125,157.5890655517578,53.0625,2.0,8.8125,148.953125,49.84375,65.7249984741211,3.137500047683716,94.1875,4.984375,24.7265625,0.2845052182674408,0.02500000037252903,0.984375,1.0,0.0,3,3 1
635,8638.1923828125,6389.6259765625,5636.34814453125,439.69061279296875,9.75,0.96875,15.890625,31.765625,9.609375,5.296875,5.703125,1.609375,9.546875,157.2546844482422,52.46875,2.0,8.75,151.609375,48.0625,67.3968734741211,3.1656250953674316,98.015625,4.828125,24.21875,0.3079427182674408,0.0234375,1.0,0.96875,0.0,3,3 4
636,8656.9267578125,6416.3408203125,5651.9423828125,433.9281311035156,9.765625,1.03125,15.9375,31.859375,9.484375,5.328125,5.796875,1.671875,9.578125,158.71249389648438,52.75,2.0,8.765625,140.34375,43.9375,68.8984375,3.3343749046325684,88.9453125,4.96875,24.9453125,0.396484375,0.02812499925494194,0.984375,0.984375,0.0,3,3 1
637,8931.51953125,6554.8203125,5776.36083984375,445.84375,9.875,1.0625,16.21875,32.40625,9.625,5.515625,5.859375,1.734375,9.671875,167.4796905517578,54.015625,2.0,8.875,135.21875,40.109375,74.38594055175781,3.5250000953674316,77.4453125,4.96875,24.9375,0.259765625,0.00937500037252903,0.984375,0.984375,0.0,3,3 1
638,8686.322265625,6364.86376953125,5604.59375,443.46563720703125,9.640625,1.046875,15.953125,31.859375,9.5,5.34375,5.71875,1.734375,9.5625,161.78750610351562,54.09375,2.0,8.640625,140.21875,41.90625,73.05155944824219,3.409374952316284,69.7421875,4.84375,24.15625,0.1692708283662796,0.0,1.03125,0.9375,0.0,3,3 1
639,8516.7822265625,6235.1865234375,5490.1396484375,436.17498779296875,9.53125,1.0,15.6875,31.328125,9.328125,5.21875,5.6875,1.65625,9.4375,159.50936889648438,49.15625,1.96875,8.53125,112.390625,34.515625,71.2671890258789,3.3218750953674316,68.0390625,4.828125,24.21875,0.4134114682674408,0.06536458432674408,0.96875,0.9375,0.0,3,3 1
640,8315.6953125,6111.12890625,5383.8935546875,437.9593811035156,9.421875,0.9375,15.40625,30.8125,9.15625,5.125,5.609375,1.65625,9.265625,155.3984375,49.453125,2.0,8.421875,115.859375,34.78125,66.1624984741211,3.090625047683716,79.1875,4.671875,23.4375,0.232421875,0.01458333432674408,0.984375,0.921875,0.0,3,3 1
641,8460.8251953125,6241.7490234375,5505.25390625,442.140625,9.546875,0.9375,15.796875,31.578125,9.34375,5.265625,5.765625,1.6875,9.515625,160.1374969482422,50.828125,1.984375,8.546875,130.1875,37.1875,69.6312484741211,3.25,79.65625,4.71875,23.828125,0.265625,0.02578124962747097,0.984375,0.921875,0.0,3,3 1
642,8845.7421875,6539.52197265625,5768.41357421875,462.1968688964844,9.859375,1.015625,16.265625,32.515625,9.6875,5.59375,5.828125,1.75,9.65625,170.2703094482422,51.8125,2.0,8.859375,133.25,39.21875,76.25468444824219,3.5,66.2265625,4.875,24.5078125,0.162109375,0.00937500037252903,1.0,0.984375,0.0,3,3 2
643,8822.1875,6450.91162109375,5689.09765625,449.3062438964844,9.765625,1.0,16.1875,32.34375,9.625,5.515625,5.75,1.8125,9.640625,166.7921905517578,56.078125,1.984375,8.765625,136.171875,35.578125,74.84843444824219,3.4437499046325684,62.6328125,4.875,24.3203125,0.1399739533662796,0.0,1.015625,0.96875,0.0,3,3 1
644,8174.62109375,6041.72021484375,5322.54150390625,433.33123779296875,9.34375,0.921875,15.421875,30.8125,9.140625,5.09375,5.609375,1.640625,9.328125,151.1687469482422,53.1875,2.0,8.34375,149.921875,42.296875,62.92499923706055,2.996875047683716,97.25,4.703125,23.5625,0.3763020932674408,0.03750000149011612,1.0,0.90625,0.0,3,3 1
645,8634.423828125,6335.76318359375,5587.3095703125,449.6000061035156,9.65625,0.96875,15.75,31.484375,9.34375,5.1875,5.796875,1.640625,9.515625,161.61563110351562,53.71875,2.0,8.65625,154.78125,38.421875,70.68281555175781,3.262500047683716,69.0859375,4.765625,23.828125,0.1321614533662796,0.008333333767950535,1.0,0.953125,0.0,3,3 1
646,8828.158203125,6486.94287109375,5718.09130859375,457.01251220703125,9.796875,1.03125,16.09375,32.15625,9.59375,5.421875,5.859375,1.640625,9.640625,167.45156860351562,53.453125,2.0,8.796875,145.15625,38.0,73.34687805175781,3.4281249046325684,75.453125,4.890625,24.5,0.263671875,0.015625,0.984375,0.96875,0.0,3,3 1
647,8887.0390625,6487.703125,5718.02099609375,459.10626220703125,9.796875,1.03125,16.25,32.46875,9.703125,5.5,5.890625,1.671875,9.703125,169.97811889648438,53.984375,2.0,8.796875,157.375,40.234375,74.79374694824219,3.484375,70.09375,4.984375,25.0,0.3216145932674408,0.02812499925494194,0.96875,0.96875,0.0,3,3 4
648,8181.892578125,6101.85205078125,5371.5166015625,443.7562561035156,9.4375,0.953125,15.5625,31.09375,9.15625,5.125,5.734375,1.6875,9.390625,150.82186889648438,52.46875,2.0,8.4375,131.765625,30.8125,62.751564025878906,3.0718750953674316,101.8671875,4.90625,24.40625,0.4674479067325592,0.03750000149011612,0.96875,0.921875,0.0,3,3 1
649,8118.60986328125,6043.49267578125,5324.259765625,436.734375,9.390625,0.90625,15.359375,30.703125,9.1875,5.03125,5.65625,1.515625,9.3125,149.85781860351562,53.90625,1.984375,8.390625,125.984375,30.09375,62.82343673706055,3.090625047683716,103.3828125,4.984375,24.9375,0.3743489682674408,0.0,1.0,0.90625,0.0,3,3 1
650,8390.8837890625,6216.3212890625,5472.517578125,438.8531188964844,9.5625,0.984375,15.671875,31.296875,9.296875,5.15625,5.734375,1.65625,9.453125,155.8015594482422,52.6875,2.0,8.5625,135.859375,31.671875,65.6859359741211,3.184375047683716,81.8828125,4.859375,24.3203125,0.50390625,0.02812499925494194,0.96875,0.953125,0.0,3,3 2
651,8238.484375,6117.04931640625,5387.779296875,428.95623779296875,9.46875,0.9375,15.609375,31.1875,9.171875,5.171875,5.71875,1.71875,9.40625,150.3203125,53.265625,1.984375,8.46875,121.828125,23.65625,61.7421875,3.049999952316284,89.1015625,4.84375,24.21875,0.361328125,0.015625,1.0,0.9375,0.0,3,3 1
652,8359.6767578125,6188.69775390625,5450.2763671875,436.4375,9.5625,0.953125,15.78125,31.546875,9.34375,5.328125,5.703125,1.734375,9.4375,152.8671875,54.265625,1.984375,8.5625,124.6875,25.3125,62.13593673706055,3.015625,90.8828125,4.984375,24.9375,0.26953125,0.00937500037252903,0.984375,0.953125,0.0,3,3 1
653,8116.87890625,6028.0810546875,5304.11474609375,430.625,9.390625,0.9375,15.5625,31.09375,9.09375,5.125,5.78125,1.703125,9.390625,147.140625,53.0,1.96875,8.390625,119.515625,24.3125,60.728126525878906,2.909374952316284,87.296875,4.96875,24.9453125,0.240234375,0.012500000186264515,0.984375,0.921875,0.0,3,3 1
654,8020.138671875,5943.0732421875,5229.74365234375,441.5718688964844,9.25,0.921875,15.265625,30.53125,8.953125,5.015625,5.625,1.6875,9.25,150.2859344482422,51.875,2.0,8.25,122.921875,23.0625,65.33280944824219,3.1343750953674316,71.1484375,4.828125,24.0390625,0.4108072817325592,0.03437500074505806,0.953125,0.90625,0.0,3,3 1
655,8679.2958984375,6355.8115234375,5598.0732421875,458.7281188964844,9.671875,1.015625,16.015625,32.0,9.5,5.40625,5.8125,1.71875,9.5625,161.8468780517578,52.875,2.0,8.671875,144.65625,28.65625,72.0296859741211,3.362499952316284,66.1015625,4.890625,24.546875,0.3834635317325592,0.04375000298023224,0.953125,0.953125,0.0,3,3 1
656,8229.7783203125,6064.03466796875,5329.4453125,450.9375,9.375,1.0,15.5,30.984375,9.15625,5.203125,5.703125,1.6875,9.234375,153.1203155517578,49.15625,2.0,8.375,127.703125,25.6875,66.05000305175781,3.1156249046325684,72.875,4.8125,24.21875,0.728515625,0.10390625149011612,0.875,0.9375,0.0,3,3 1
657,8383.69921875,6125.15625,5390.9072265625,444.5718688964844,9.4375,0.96875,15.640625,31.28125,9.21875,5.265625,5.71875,1.734375,9.34375,157.67343139648438,52.671875,2.0,8.4375,135.5,26.765625,68.63749694824219,3.174999952316284,65.25,4.828125,24.1640625,0.142578125,0.00937500037252903,1.03125,0.9375,0.0,3,3 0
658,8613.9931640625,6374.8125,5624.9794921875,450.71875,9.71875,0.953125,15.9375,31.875,9.484375,5.46875,5.703125,1.765625,9.453125,160.06405639648438,53.5,2.0,8.71875,127.4375,24.203125,69.07499694824219,3.2718749046325684,91.5,4.90625,24.609375,0.2903645932674408,0.012500000186264515,0.984375,0.953125,0.0,3,3 2
659,8348.95703125,6118.5380859375,5388.54296875,431.71563720703125,9.453125,0.9375,15.78125,31.546875,9.28125,5.296875,5.765625,1.734375,9.46875,157.18594360351562,52.171875,2.0,8.453125,100.203125,17.640625,67.86405944824219,3.215625047683716,72.8671875,4.984375,24.890625,0.28515625,0.01875000074505806,0.96875,0.9375,0.0,3,3 1
660,8272.2578125,6122.0029296875,5391.41455078125,434.48748779296875,9.4375,0.953125,15.78125,31.546875,9.359375,5.34375,5.671875,1.75,9.421875,151.34219360351562,53.375,2.0,8.4375,111.828125,20.71875,64.3203125,3.049999952316284,84.9609375,4.6875,23.828125,0.2864583432674408,0.0,1.0,0.921875,0.0,3,3 1
661,8015.4501953125,5974.63427734375,5257.73681640625,436.7875061035156,9.328125,0.921875,15.4375,30.875,9.09375,5.109375,5.640625,1.71875,9.3125,142.95468139648438,52.03125,2.0,8.328125,101.96875,19.484375,58.837501525878906,2.8031249046325684,93.0,4.828125,24.109375,0.177734375,0.015625,1.03125,0.921875,0.0,3,3 2
662,8101.8583984375,6036.6728515625,5310.63427734375,438.20623779296875,9.390625,0.953125,15.53125,31.015625,9.28125,5.171875,5.625,1.640625,9.296875,143.8484344482422,52.484375,2.0,8.390625,92.203125,18.53125,57.4140625,2.8062500953674316,101.9921875,4.90625,24.609375,0.380859375,0.02500000037252903,0.96875,0.953125,0.0,3,3 1
663,8166.08349609375,6071.26953125,5348.3056640625,428.0218811035156,9.421875,0.921875,15.625,31.25,9.296875,5.234375,5.625,1.71875,9.375,144.7843780517578,52.65625,2.0,8.421875,79.578125,15.578125,59.7734375,2.815624952316284,95.1953125,4.671875,23.4375,0.267578125,0.02265625074505806,0.984375,0.921875,0.0,3,3 2
664,8497.5703125,6292.64697265625,5546.04931640625,433.70001220703125,9.65625,0.96875,15.890625,31.65625,9.421875,5.296875,5.71875,1.703125,9.515625,152.390625,53.453125,2.0,8.65625,71.609375,13.875,65.23750305175781,3.0875000953674316,100.0625,4.90625,24.578125,0.20703125,0.012500000186264515,1.0,0.96875,0.0,3,3 1
665,8198.5322265625,6058.4921875,5335.5634765625,420.04998779296875,9.375,0.9375,15.59375,31.15625,9.203125,5.234375,5.609375,1.765625,9.34375,148.0,53.125,2.21875,8.375,68.515625,13.90625,63.1953125,2.9625000953674316,89.0234375,4.921875,24.421875,0.126953125,0.00390625,1.0,0.921875,0.0,3,3 1
666,8572.0087890625,6357.44921875,5603.5166015625,430.62811279296875,9.71875,0.984375,16.171875,32.15625,9.53125,5.484375,5.828125,1.78125,9.53125,155.80624389648438,54.71875,2.0,8.71875,68.03125,11.921875,67.6390609741211,3.203125,89.9296875,4.953125,24.96875,0.234375,0.010416666977107525,1.0,0.984375,0.0,3,3 2
667,8337.1171875,6227.9365234375,5488.3154296875,436.2093811035156,9.59375,0.953125,15.609375,31.15625,9.3125,5.25,5.59375,1.703125,9.296875,151.0656280517578,54.015625,2.0,8.59375,79.078125,13.75,62.264060974121094,3.034374952316284,104.3046875,4.90625,24.546875,0.32421875,0.015625,1.015625,0.953125,0.0,3,3 1
668,8261.1640625,6108.8173828125,5384.9912109375,426.4750061035156,9.421875,0.921875,15.6875,31.359375,9.265625,5.296875,5.640625,1.765625,9.390625,149.13125610351562,53.8125,2.0,8.421875,77.984375,15.640625,63.935935974121094,3.034374952316284,94.0703125,4.828125,24.21875,0.205078125,0.0,1.015625,0.90625,0.0,3,3 1
669,8332.6240234375,6132.96484375,5403.0625,430.6625061035156,9.46875,0.9375,15.640625,31.203125,9.1875,5.25,5.65625,1.78125,9.328125,153.20156860351562,52.984375,1.984375,8.46875,86.484375,16.53125,65.8125,3.109375,81.25,4.890625,24.484375,0.15625,0.0,1.0,0.921875,0.0,3,3 1
670,8520.8154296875,6306.4443359375,5562.81005859375,437.84686279296875,9.625,0.953125,15.96875,31.90625,9.390625,5.53125,5.6875,1.875,9.421875,158.671875,52.46875,2.0,8.625,89.421875,15.875,66.94999694824219,3.15625,100.25,4.78125,24.2265625,0.4140625,0.03125,0.984375,0.9375,0.0,3,3 1
671,8831.734375,6486.4169921875,5723.427734375,448.32501220703125,9.828125,0.984375,16.484375,32.9375,9.703125,5.6875,5.890625,1.90625,9.75,163.2421875,53.53125,2.0,8.828125,93.140625,16.34375,70.53125,3.278125047683716,84.21875,4.890625,24.5546875,0.2669270932674408,0.01875000074505806,0.984375,0.984375,0.0,3,3 2
672,8356.076171875,6191.037109375,5456.80615234375,434.3343811035156,9.53125,0.9375,15.796875,31.4375,9.3125,5.28125,5.75,1.734375,9.359375,154.0671844482422,54.09375,2.0,8.53125,88.546875,12.53125,64.32499694824219,3.049999952316284,92.125,4.8125,24.109375,0.21484375,0.0,1.015625,0.9375,0.0,3,3 1
673,8701.4599609375,6388.6103515625,5633.859375,439.68438720703125,9.71875,0.984375,16.03125,31.96875,9.5,5.421875,5.8125,1.71875,9.515625,160.40625,54.28125,2.0,8.71875,93.8125,12.375,69.87812805175781,3.2437500953674316,87.484375,4.890625,24.4921875,0.078125,0.0,1.015625,0.953125,0.0,3,3 1
674,8775.75390625,6484.708984375,5719.54541015625,447.95623779296875,9.828125,1.0,16.296875,32.5625,9.71875,5.5,5.9375,1.671875,9.734375,163.5749969482422,55.4375,2.0,8.828125,103.9375,15.96875,69.92655944824219,3.284374952316284,94.4296875,4.984375,24.890625,0.15625,0.0,1.015625,0.96875,0.0,3,3 1
675,8333.978515625,6151.53271484375,5423.63525390625,429.2093811035156,9.484375,0.921875,15.5,30.890625,9.109375,5.21875,5.703125,1.6875,9.171875,152.54843139648438,52.90625,2.0,8.484375,109.765625,17.125,64.05781555175781,3.03125,98.7734375,4.84375,24.15625,0.16796875,0.0,0.984375,0.921875,0.0,3,3 2
676,8676.7607421875,6414.68359375,5659.43359375,436.9593811035156,9.78125,0.96875,15.8125,31.59375,9.5,5.171875,5.84375,1.484375,9.59375,159.1125030517578,54.265625,2.0,8.78125,125.90625,19.078125,67.19062805175781,3.1781249046325684,106.234375,4.921875,24.609375,0.18359375,0.0062500000931322575,0.984375,0.96875,0.0,3,3 1
677,8906.4423828125,6559.42041015625,5790.8291015625,447.65313720703125,9.921875,0.984375,16.546875,32.984375,9.75,5.625,5.96875,1.78125,9.859375,162.5265655517578,53.796875,1.984375,8.921875,119.921875,20.96875,70.12031555175781,3.268749952316284,104.0859375,5.0,25.0,0.34375,0.05000000074505806,0.953125,0.984375,0.0,3,3 2
678,8600.37109375,6368.1259765625,5616.4599609375,434.99688720703125,9.71875,0.96875,15.96875,31.84375,9.5,5.296875,5.859375,1.59375,9.59375,158.6328125,55.03125,2.0,8.71875,110.46875,18.203125,66.9046859741211,3.200000047683716,97.0390625,4.90625,24.609375,0.283203125,0.0078125,0.984375,0.96875,0.0,3,3 1
679,8320.99609375,6150.9697265625,5419.9951171875,425.8968811035156,9.5,0.9375,15.578125,31.125,9.3125,5.109375,5.703125,1.609375,9.390625,150.2312469482422,54.125,1.9375,8.5,110.03125,13.84375,63.634376525878906,2.996875047683716,84.953125,4.84375,24.21875,0.17578125,0.0,1.0,0.9375,0.0,3,3 1
680,8638.3212890625,6371.0859375,5613.6552734375,437.84063720703125,9.734375,1.0,16.0625,32.09375,9.5625,5.375,5.828125,1.6875,9.640625,156.1531219482422,54.203125,2.0,8.734375,104.96875,15.546875,67.53125,3.1656250953674316,85.15625,4.96875,24.78125,0.181640625,0.00937500037252903,1.0,0.984375,0.0,3,3 2
681,8531.4697265625,6341.8193359375,5589.1650390625,436.53436279296875,9.703125,0.984375,15.953125,31.875,9.4375,5.328125,5.859375,1.6875,9.5625,155.3625030517578,53.625,2.0,8.703125,104.328125,14.9375,63.84843826293945,3.0625,101.6953125,4.875,24.5,0.23046875,0.00937500037252903,1.0,0.96875,0.0,3,3 1
682,8253.8623046875,6073.17431640625,5352.3251953125,429.5718688964844,9.40625,0.90625,15.6875,31.34375,9.3125,5.265625,5.640625,1.71875,9.40625,151.1750030517578,50.71875,2.0,8.40625,105.671875,14.296875,63.212501525878906,2.9281249046325684,90.5,4.765625,23.765625,0.265625,0.03515625,0.96875,0.90625,0.0,3,3 1
683,8214.00390625,6064.1201171875,5347.8017578125,429.6937561035156,9.375,0.890625,15.484375,30.90625,9.171875,5.15625,5.59375,1.71875,9.265625,152.54843139648438,52.109375,2.0,8.375,100.171875,14.546875,65.10469055175781,3.049999952316284,91.6640625,4.765625,23.765625,0.236328125,0.012500000186264515,0.984375,0.890625,0.0,3,3 1
684,8576.34765625,6296.18994140625,5552.70556640625,428.2124938964844,9.625,0.953125,16.0,31.96875,9.46875,5.40625,5.78125,1.765625,9.546875,159.0968780517578,53.140625,2.0,8.625,106.328125,16.765625,69.0140609741211,3.190624952316284,79.3046875,4.84375,24.21875,0.29296875,0.0,1.0,0.9375,0.0,3,3 1
685,8144.7294921875,5959.31298828125,5254.0556640625,417.08123779296875,9.203125,0.890625,15.328125,30.625,9.046875,5.078125,5.59375,1.671875,9.234375,152.22811889648438,50.3125,2.0,8.203125,107.328125,20.078125,66.4703140258789,3.090625047683716,75.7734375,4.578125,22.9921875,0.265625,0.015625,1.015625,0.875,0.0,3,3 4
686,8476.38671875,6246.89697265625,5508.7197265625,430.90936279296875,9.59375,0.9375,15.78125,31.546875,9.359375,5.21875,5.765625,1.65625,9.546875,155.9015655517578,50.703125,2.0,8.59375,124.484375,24.53125,65.8218765258789,3.1031250953674316,97.140625,4.875,24.390625,0.1171875,0.0,1.015625,0.9375,0.0,3,3 1
687,8781.4541015625,6447.021484375,5687.8046875,436.15625,9.78125,0.984375,16.234375,32.40625,9.671875,5.53125,5.828125,1.734375,9.640625,162.71249389648438,52.0625,2.0,8.78125,117.265625,26.671875,71.2125015258789,3.262500047683716,78.9375,4.828125,24.21875,0.2766927182674408,0.03750000149011612,0.96875,0.96875,0.0,3,3 2
688,8572.9560546875,6270.8466796875,5526.13525390625,433.15313720703125,9.5625,0.984375,15.90625,31.796875,9.4375,5.375,5.765625,1.71875,9.5,159.19375610351562,51.59375,2.0,8.5625,106.984375,23.953125,71.7890625,3.325000047683716,70.7421875,4.828125,24.21875,0.146484375,0.0,1.015625,0.921875,0.0,3,3 1
689,8726.341796875,6426.18603515625,5670.68994140625,431.5093688964844,9.765625,0.96875,16.234375,32.4375,9.609375,5.46875,5.921875,1.6875,9.75,161.9109344482422,51.421875,2.0,8.765625,106.296875,24.140625,72.6031265258789,3.346874952316284,81.046875,4.90625,24.8359375,0.341796875,0.08124999701976776,1.0,0.953125,0.0,3,3 1
690,8226.0400390625,6030.857421875,5312.5537109375,420.5,9.328125,0.921875,15.421875,30.796875,9.234375,5.109375,5.5625,1.59375,9.296875,153.64688110351562,50.859375,1.984375,8.328125,113.59375,20.125,68.75312805175781,3.15625,57.484375,4.703125,23.796875,0.3059895932674408,0.0,1.015625,0.890625,0.0,3,3 1
691,8302.890625,6120.32666015625,5388.79541015625,421.36248779296875,9.421875,0.96875,15.484375,30.9375,9.140625,5.125,5.65625,1.6875,9.328125,153.38125610351562,49.875,1.96875,8.421875,102.046875,16.96875,66.046875,3.109375,81.640625,4.703125,23.765625,0.2428385466337204,0.015625,0.984375,0.90625,0.0,3,3 1
692,8343.1494140625,6150.259765625,5420.166015625,424.796875,9.484375,0.9375,15.484375,30.90625,9.28125,5.125,5.59375,1.609375,9.296875,151.7703094482422,49.640625,1.96875,8.484375,105.53125,23.890625,65.4312515258789,3.046875,79.40625,4.71875,23.65625,0.1106770858168602,0.00911458395421505,1.015625,0.9375,0.0,3,3 2
693,8662.4462890625,6358.3583984375,5605.939453125,429.8968811035156,9.6875,0.984375,15.984375,31.953125,9.4375,5.359375,5.75,1.84375,9.5625,160.01718139648438,51.46875,2.0,8.6875,102.21875,23.5,70.23905944824219,3.296875,80.3671875,4.875,24.421875,0.146484375,0.0,1.015625,0.96875,0.0,3,3 1
694,8804.890625,6423.3212890625,5666.46435546875,431.5062561035156,9.734375,0.984375,16.15625,32.28125,9.578125,5.515625,5.796875,1.765625,9.625,166.86874389648438,50.484375,2.0,8.734375,77.9375,18.890625,74.5796890258789,3.403125047683716,67.4140625,4.828125,24.15625,0.1204427108168602,0.0052083334885537624,1.015625,0.953125,0.0,3,3 2
695,8617.4853515625,6333.87109375,5582.6533203125,422.54998779296875,9.671875,0.984375,16.09375,32.171875,9.53125,5.46875,5.8125,1.765625,9.59375,158.5625,51.4375,2.0,8.671875,69.390625,17.53125,68.30937194824219,3.1875,86.578125,4.96875,24.71875,0.166015625,0.00390625,1.0,0.953125,0.0,3,3 1
696,8166.70068359375,5998.189453125,5280.31689453125,412.19061279296875,9.296875,0.9375,15.28125,30.546875,9.078125,5.09375,5.5,1.71875,9.15625,150.734375,49.34375,2.0,8.296875,77.875,20.4375,64.2421875,2.996875047683716,74.7265625,4.734375,23.5859375,0.1595052033662796,0.01875000074505806,1.015625,0.921875,0.0,3,3 1
697,8662.9755859375,6357.66259765625,5606.49755859375,427.6781311035156,9.703125,0.96875,16.171875,32.3125,9.515625,5.53125,5.84375,1.8125,9.609375,160.01718139648438,51.8125,1.984375,8.703125,78.359375,23.1875,68.56718444824219,3.1968750953674316,90.6015625,5.0,25.0,0.162109375,0.00937500037252903,0.984375,0.953125,0.0,3,3 2
698,8475.708984375,6246.58935546875,5504.6318359375,432.36248779296875,9.609375,0.953125,15.984375,31.953125,9.4375,5.40625,5.75,1.796875,9.5625,155.3046875,52.296875,2.0,8.609375,83.9375,27.71875,65.30000305175781,3.081249952316284,91.0,4.984375,25.0,0.201171875,0.00937500037252903,0.984375,0.953125,0.0,3,3 1
699,8774.697265625,6446.53369140625,5681.064453125,444.46875,9.796875,1.015625,16.359375,32.703125,9.609375,5.5625,5.890625,1.9375,9.703125,161.6843719482422,53.0,1.96875,8.796875,82.0625,26.640625,69.1640625,3.2437500953674316,87.6171875,5.0,25.0,0.189453125,0.012500000186264515,0.984375,1.0,0.0,3,3 1
700,8775.1044921875,6487.1337890625,5721.25146484375,444.63751220703125,9.84375,1.0,16.359375,32.625,9.59375,5.59375,5.875,1.875,9.6875,162.2140655517578,48.8125,2.0,8.84375,76.34375,25.40625,67.1796875,3.128124952316284,106.2890625,4.90625,24.609375,0.5625,0.109375,0.890625,0.984375,0.0,3,3 1
701,8492.0947265625,6233.201171875,5498.83154296875,432.95001220703125,9.5625,0.921875,15.875,31.75,9.390625,5.359375,5.75,1.75,9.5,157.671875,48.359375,1.96875,8.5625,79.46875,26.25,66.3515625,3.0875000953674316,97.9296875,4.828125,24.15625,0.205078125,0.02656250074505806,0.984375,0.921875,0.0,3,3 2
702,8317.1767578125,6131.3779296875,5404.8525390625,422.828125,9.453125,0.921875,15.78125,31.46875,9.28125,5.296875,5.640625,1.8125,9.4375,153.28280639648438,48.875,2.0,8.453125,77.1875,25.3125,64.0562515258789,3.0062499046325684,91.59375,4.703125,23.765625,0.279296875,0.00937500037252903,0.984375,0.921875,0.0,3,3 1
703,8652.01953125,6400.85498046875,5642.5224609375,434.67498779296875,9.78125,0.984375,16.28125,32.515625,9.59375,5.625,5.78125,1.9375,9.578125,157.5265655517578,49.546875,2.0,8.78125,85.4375,26.703125,64.2874984741211,3.059375047683716,96.0625,5.0,24.9453125,0.310546875,0.02812499925494194,0.96875,0.984375,0.0,3,3 1
704,8388.71484375,6232.1005859375,5494.65478515625,427.37811279296875,9.578125,0.9375,15.953125,31.84375,9.34375,5.421875,5.8125,1.8125,9.453125,155.7265625,47.90625,2.0,8.578125,73.28125,21.421875,64.2671890258789,3.075000047683716,104.9140625,4.890625,24.5859375,0.361328125,0.03750000149011612,0.984375,0.921875,0.0,3,3 1
705,8158.49365234375,6057.8505859375,5336.91650390625,426.015625,9.375,0.921875,15.5625,31.046875,9.078125,5.140625,5.671875,1.796875,9.359375,150.1609344482422,49.4375,2.0,8.375,67.421875,17.953125,61.303123474121094,2.924999952316284,98.171875,4.65625,23.4375,0.2018229216337204,0.0,1.015625,0.921875,0.0,3,3 1
706,8467.9580078125,6219.6552734375,5483.45068359375,430.9781188964844,9.546875,0.9375,16.0625,32.078125,9.484375,5.375,5.828125,1.75,9.640625,157.4343719482422,49.828125,2.0,8.546875,67.4375,18.296875,65.7015609741211,3.0875000953674316,97.7421875,4.921875,24.546875,0.166015625,0.0,1.015625,0.9375,0.0,3,3 2
707,8764.6357421875,6420.185546875,5666.91943359375,434.5687561035156,9.765625,0.953125,16.265625,32.515625,9.59375,5.609375,5.890625,1.765625,9.65625,162.5578155517578,51.4375,1.921875,8.765625,67.671875,15.8125,71.4828109741211,3.331249952316284,86.6484375,5.0,24.8359375,0.13671875,0.0,1.0,0.953125,0.0,3,3 1
708,8573.4306640625,6307.30078125,5563.28466796875,435.3812561035156,9.640625,0.953125,15.6875,31.296875,9.28125,5.203125,5.75,1.6875,9.375,159.12344360351562,50.96875,1.96875,8.640625,80.875,19.8125,67.8765640258789,3.171875,95.6171875,4.84375,24.1640625,0.19921875,0.01875000074505806,0.96875,0.9375,0.0,3,3 1
709,8595.4833984375,6316.36181640625,5572.8720703125,442.35626220703125,9.65625,0.9375,15.859375,31.6875,9.375,5.421875,5.8125,1.671875,9.40625,161.8078155517578,52.46875,2.0,8.65625,81.09375,19.578125,68.3031234741211,3.215625047683716,93.484375,4.828125,24.0546875,0.1953125,0.0,1.0,0.9375,0.0,3,3 1
710,8682.7841796875,6382.7333984375,5632.9267578125,434.9156188964844,9.71875,0.953125,15.875,31.6875,9.453125,5.3125,5.828125,1.5625,9.53125,163.2468719482422,51.71875,2.0,8.71875,63.59375,17.171875,67.88749694824219,3.174999952316284,102.75,4.921875,24.4609375,0.13671875,0.0031250000465661287,0.984375,0.953125,0.0,3,3 1
711,8533.7939453125,6317.2216796875,5570.60595703125,432.03436279296875,9.6875,0.953125,15.609375,31.171875,9.453125,5.03125,5.796875,1.34375,9.546875,159.36563110351562,51.03125,2.0,8.6875,66.46875,17.46875,65.625,3.090625047683716,105.3125,5.0,25.0,0.216796875,0.015625,0.984375,0.953125,0.0,3,3 1
712,8713.29296875,6396.9482421875,5642.76904296875,430.6156311035156,9.75,0.96875,15.9375,31.828125,9.53125,5.375,5.796875,1.5625,9.5625,163.2531280517578,52.59375,2.0,8.75,66.21875,18.34375,68.81562805175781,3.1781249046325684,94.671875,5.0,24.96875,0.068359375,0.0,1.0,0.96875,0.0,3,3 1
713,8848.681640625,6520.0439453125,5754.38671875,430.2437438964844,9.890625,0.984375,16.265625,32.5,9.703125,5.5,5.890625,1.6875,9.71875,162.671875,52.03125,1.96875,8.890625,61.765625,17.890625,68.3734359741211,3.1812500953674316,102.1953125,5.0,25.0,0.17578125,0.01875000074505806,0.984375,0.984375,0.0,3,3 2
714,8767.42578125,6459.0146484375,5695.42822265625,423.6625061035156,9.828125,1.0,16.0625,32.078125,9.59375,5.375,5.8125,1.609375,9.6875,161.4656219482422,51.359375,2.0,8.828125,57.671875,16.25,68.0796890258789,3.15625,87.7265625,4.984375,25.0,0.271484375,0.04375000298023224,0.953125,0.984375,0.0,3,3 1
715,8886.693359375,6497.35302734375,5736.23095703125,423.2749938964844,9.84375,0.96875,16.265625,32.53125,9.703125,5.515625,5.921875,1.640625,9.75,168.1531219482422,53.234375,2.0,8.84375,60.875,18.703125,72.0296859741211,3.3031249046325684,89.2265625,5.0,24.9453125,0.05859375,0.0,1.0,0.96875,0.0,3,3 2
716,8508.619140625,6309.79541015625,5561.6328125,417.72186279296875,9.6875,0.96875,15.859375,31.671875,9.4375,5.3125,5.75,1.65625,9.515625,153.67813110351562,50.203125,2.0,8.6875,53.640625,15.625,63.25312423706055,3.015625,106.546875,4.96875,24.890625,0.40625,0.04374999925494194,0.953125,0.953125,0.0,3,3 2
717,8447.458984375,6243.63427734375,5503.068359375,414.52813720703125,9.609375,0.953125,15.78125,31.46875,9.375,5.203125,5.734375,1.6875,9.46875,152.8046875,49.890625,2.0,8.609375,48.171875,13.453125,64.1812515258789,3.012500047683716,100.03125,4.921875,24.484375,0.216796875,0.01875000074505806,0.984375,0.953125,0.0,3,3 1
718,8731.8662109375,6435.73828125,5680.14453125,417.0375061035156,9.78125,0.96875,16.171875,32.28125,9.609375,5.390625,5.875,1.671875,9.734375,160.35311889648438,50.25,2.0,8.78125,46.890625,13.765625,66.89530944824219,3.0999999046325684,105.8359375,4.84375,24.21875,0.2220052033662796,0.02812499925494194,0.96875,0.96875,0.0,3,3 2
719,8305.99609375,6139.2841796875,5410.5654296875,407.640625,9.46875,0.9375,15.5625,31.03125,9.234375,5.1875,5.625,1.6875,9.296875,151.32968139648438,47.765625,2.0,8.46875,41.59375,12.0,63.80781173706055,3.0,89.3984375,4.84375,24.21875,0.326171875,0.04296875,0.96875,0.9375,0.0,3,3 2
720,8823.337890625,6518.33447265625,5754.46337890625,417.296875,9.875,0.984375,16.125,32.21875,9.578125,5.421875,5.859375,1.6875,9.671875,161.67813110351562,48.203125,2.0,8.875,45.90625,11.390625,68.8531265258789,3.25,103.234375,4.921875,24.609375,0.30859375,0.02578124962747097,0.96875,0.984375,0.0,3,3 1
721,8393.0791015625,6216.3037109375,5478.7041015625,412.2437438964844,9.5625,0.953125,15.828125,31.578125,9.3125,5.265625,5.734375,1.8125,9.453125,151.81094360351562,45.9375,2.0,8.5625,51.515625,13.734375,62.328125,2.9625000953674316,102.109375,4.84375,24.21875,0.30078125,0.02500000037252903,0.96875,0.953125,0.0,3,3 2
722,8916.029296875,6549.0771484375,5779.67138671875,427.00311279296875,9.90625,1.0,16.53125,33.046875,9.734375,5.671875,5.921875,1.90625,9.8125,161.9875030517578,48.265625,2.0,8.90625,73.015625,18.703125,72.0453109741211,3.331249952316284,83.8359375,5.0,25.0,0.1171875,0.0,1.0,1.0,0.0,3,3 1
723,8467.466796875,6257.6875,5518.8193359375,414.84686279296875,9.609375,0.9375,16.015625,32.0,9.390625,5.4375,5.796875,1.84375,9.53125,154.6062469482422,47.796875,2.0,8.609375,70.828125,18.578125,65.73124694824219,3.096874952316284,97.59375,4.90625,24.515625,0.34375,0.03125,0.984375,0.9375,0.0,3,3 2
724,8850.5625,6501.251953125,5734.7880859375,421.234375,9.859375,1.0,16.46875,32.875,9.734375,5.625,5.875,1.828125,9.8125,162.92813110351562,48.25,2.0,8.859375,83.578125,24.484375,69.3765640258789,3.1937499046325684,91.8671875,5.0,24.9375,0.123046875,0.0062500000931322575,0.984375,1.0,0.0,3,3 1
725,8583.1083984375,6310.15185546875,5567.3798828125,414.484375,9.65625,0.9375,16.25,32.4375,9.515625,5.515625,5.8125,1.90625,9.6875,158.1218719482422,46.96875,2.0,8.65625,77.328125,23.078125,66.42655944824219,3.096874952316284,99.4296875,4.921875,24.609375,0.205078125,0.0031250000465661287,1.0,0.9375,0.0,3,3 2
726,8108.173828125,6037.88525390625,5316.2568359375,412.8062438964844,9.40625,0.921875,15.640625,31.234375,9.25,5.15625,5.6875,1.6875,9.453125,144.9343719482422,47.015625,1.9375,8.40625,76.015625,19.296875,57.25,2.7593750953674316,113.4375,4.921875,24.546875,0.263671875,0.015625,1.0,0.921875,0.0,3,3 1
727,7752.00439453125,5758.9541015625,5065.701171875,411.42498779296875,9.09375,0.875,15.046875,30.015625,8.890625,4.9375,5.484375,1.65625,9.046875,139.95156860351562,45.46875,2.0,8.09375,72.28125,18.3125,55.04999923706055,2.640625,104.75,4.765625,23.765625,0.322265625,0.04375000298023224,1.015625,0.875,0.0,3,3 1
728,8675.57421875,6389.86865234375,5638.1640625,431.3968811035156,9.75,0.953125,16.1875,32.3125,9.53125,5.546875,5.828125,1.796875,9.609375,160.4890594482422,48.578125,2.0,8.75,77.71875,20.375,67.32344055175781,3.125,102.1328125,4.953125,24.875,0.3125,0.01875000074505806,0.984375,0.953125,0.0,3,3 1
729,8180.37744140625,6051.2998046875,5331.5419921875,423.9624938964844,9.390625,0.90625,15.578125,31.109375,9.203125,5.21875,5.609375,1.734375,9.34375,152.4734344482422,47.765625,2.0,8.390625,83.0625,21.140625,63.625,3.012500047683716,85.0,4.828125,24.15625,0.259765625,0.0062500000931322575,1.0,0.90625,0.0,3,3 1
730,8603.1533203125,6349.1943359375,5600.703125,437.046875,9.703125,0.953125,16.015625,32.015625,9.4375,5.390625,5.828125,1.765625,9.59375,159.2312469482422,48.078125,2.0,8.703125,90.078125,23.703125,68.1875,3.174999952316284,85.3125,4.921875,24.546875,0.2180989533662796,0.01875000074505806,1.0,0.953125,0.0,3,3 1
731,8324.6044921875,6142.57763671875,5412.6611328125,430.21875,9.46875,0.9375,15.5625,31.125,9.3125,5.125,5.640625,1.609375,9.4375,154.2234344482422,47.5,2.0,8.46875,92.140625,21.375,65.78593444824219,3.0687499046325684,90.1328125,4.828125,24.15625,0.2174479216337204,0.0062500000931322575,0.984375,0.9375,0.0,3,3 1
732,7343.12744140625,5436.2978515625,4784.2919921875,431.15936279296875,8.671875,0.78125,14.25,28.4375,8.5,4.484375,5.1875,1.515625,8.75,140.328125,45.25,2.0,7.671875,114.234375,19.984375,57.04999923706055,2.6624999046325684,76.3125,4.21875,21.09375,0.3776041567325592,0.01953125,1.09375,0.78125,0.0,3,3 1
733,7488.33251953125,5500.7060546875,4842.5869140625,435.13751220703125,8.71875,0.796875,14.328125,28.625,8.5625,4.5,5.203125,1.546875,8.8125,143.2421875,43.625,2.0,7.71875,116.28125,18.84375,59.021873474121094,2.7093749046325684,69.890625,4.140625,20.703125,0.341796875,0.01640624925494194,1.015625,0.796875,0.0,3,3 1
734,8088.205078125,5975.05224609375,5264.0908203125,470.4937438964844,9.28125,0.890625,15.09375,30.1875,9.03125,4.9375,5.46875,1.625,9.125,151.5812530517578,45.078125,1.984375,8.28125,133.140625,25.15625,60.609375,2.8656249046325684,106.953125,4.6875,23.2578125,0.359375,0.02187500149011612,0.984375,0.890625,0.0,3,3 1
735,7980.9658203125,5855.1875,5155.60791015625,467.6812438964844,9.140625,0.875,14.890625,29.75,8.953125,4.796875,5.421875,1.484375,9.09375,151.83749389648438,44.859375,2.71875,8.140625,145.109375,28.765625,62.3515625,2.8812499046325684,76.9921875,4.671875,23.4375,0.26953125,0.012500000186264515,0.96875,0.875,0.0,3,3 1
736,8030.43603515625,5880.1640625,5180.44873046875,466.54998779296875,9.140625,0.875,14.875,29.75,8.90625,4.765625,5.421875,1.5625,9.09375,152.95156860351562,46.953125,2.0,8.140625,135.203125,26.140625,64.01249694824219,2.9468750953674316,75.5625,4.53125,22.59375,0.17578125,0.00937500037252903,0.984375,0.875,0.0,3,3 1
737,8555.04296875,6300.84228515625,5555.8486328125,467.29998779296875,9.640625,0.953125,15.640625,31.28125,9.46875,5.125,5.640625,1.546875,9.5,159.7531280517578,47.890625,2.0,8.640625,172.5625,40.890625,66.734375,3.109375,96.015625,4.84375,24.03125,0.197265625,0.012500000186264515,1.0,0.953125,0.0,3,3 1
738,8209.494140625,6040.8876953125,5324.1064453125,465.3125,9.359375,0.890625,15.390625,30.734375,9.25,4.921875,5.609375,1.5,9.453125,155.4343719482422,47.125,2.0,8.359375,185.59375,47.3125,64.30000305175781,2.9781250953674316,88.5,4.671875,23.375,0.234375,0.0,1.015625,0.890625,0.0,3,3 1
739,8190.103515625,5989.7333984375,5279.49462890625,467.734375,9.25,0.890625,15.171875,30.328125,9.140625,4.90625,5.53125,1.484375,9.265625,157.5749969482422,47.3125,2.71875,8.25,219.90625,52.75,67.08280944824219,3.106250047683716,72.7109375,4.609375,23.015625,0.33203125,0.00937500037252903,1.0,0.890625,0.0,3,3 1
740,9009.541015625,6577.6416015625,5806.9990234375,468.6312561035156,9.921875,0.984375,16.3125,32.609375,9.78125,5.453125,5.9375,1.59375,9.84375,173.02969360351562,49.109375,2.0,8.921875,199.328125,52.203125,74.05937194824219,3.4000000953674316,84.390625,4.984375,24.9375,0.087890625,0.0,1.015625,0.984375,0.0,3,3 1
741,7335.173828125,5425.7099609375,4770.97509765625,433.62188720703125,8.71875,0.78125,14.328125,28.640625,8.671875,4.46875,5.265625,1.390625,8.84375,138.5828094482422,44.609375,2.0,7.71875,171.703125,41.46875,54.498435974121094,2.6312499046325684,77.1953125,4.609375,23.046875,0.5319010615348816,0.02083333395421505,1.0,0.78125,0.0,3,3 1
742,8330.9423828125,6172.0234375,5441.50146484375,439.078125,9.515625,0.921875,15.484375,30.96875,9.390625,5.0,5.6875,1.40625,9.484375,155.24374389648438,47.6875,2.0,8.515625,176.625,48.703125,64.2734375,3.034374952316284,92.3828125,4.84375,24.15625,0.2213541716337204,0.0,1.0,0.921875,0.0,3,3 4
743,8361.126953125,6225.9541015625,5488.3310546875,429.1968688964844,9.578125,0.953125,15.140625,30.265625,9.15625,4.921875,5.609375,1.34375,9.234375,151.5500030517578,50.71875,2.734375,8.578125,184.28125,55.09375,62.021873474121094,2.9749999046325684,108.953125,4.84375,24.1015625,0.228515625,0.01640624925494194,0.96875,0.953125,0.0,3,3 1
744,8524.47265625,6308.25,5563.1005859375,426.22186279296875,9.671875,0.953125,15.6875,31.34375,9.484375,5.078125,5.796875,1.390625,9.59375,156.5265655517578,51.84375,2.0,8.671875,155.84375,52.40625,63.9609375,2.996875047683716,106.4453125,4.921875,24.5546875,0.185546875,0.01875000074505806,1.0,0.953125,0.0,3,3 1
745,8458.4482421875,6251.9326171875,5512.9833984375,431.9156188964844,9.609375,0.9375,15.609375,31.21875,9.40625,5.046875,5.78125,1.421875,9.5625,156.72030639648438,50.71875,1.984375,8.609375,136.8125,46.703125,64.51875305175781,3.0406250953674316,101.78125,4.84375,24.1015625,0.2604166567325592,0.015625,1.0,0.9375,0.0,3,3 2
746,8788.666015625,6494.61083984375,5730.13427734375,438.0062561035156,9.875,0.984375,16.21875,32.4375,9.71875,5.4375,5.828125,1.671875,9.78125,160.5500030517578,50.890625,2.0,8.875,149.6875,55.328125,66.17655944824219,3.09375,107.8671875,5.0,24.9375,0.39453125,0.06562500447034836,0.9375,0.984375,0.0,3,3 1
747,8786.1396484375,6506.99462890625,5739.4658203125,426.9593811035156,9.890625,1.0,16.25,32.46875,9.703125,5.484375,5.84375,1.6875,9.75,159.89999389648438,50.9375,2.0,8.890625,147.625,49.15625,64.2578125,2.9906249046325684,117.4609375,4.96875,25.0,0.3828125,0.06875000149011612,0.9375,1.0,0.0,3,3 1
748,8503.5234375,6262.2900390625,5519.5791015625,421.6812438964844,9.625,0.953125,15.953125,31.90625,9.484375,5.328125,5.796875,1.71875,9.578125,156.41250610351562,49.890625,2.0,8.625,121.5,39.90625,65.453125,3.046875,90.234375,4.984375,24.875,0.2571614682674408,0.02500000037252903,0.96875,0.953125,0.0,3,3 1
749,8822.62109375,6506.484375,5739.63671875,423.15936279296875,9.875,1.0,16.125,32.21875,9.625,5.546875,5.75,1.734375,9.5625,163.3468780517578,50.75,2.0,8.875,107.71875,35.4375,67.6656265258789,3.159374952316284,100.421875,5.0,25.0,0.263671875,0.03828125074505806,0.96875,0.984375,0.0,3,3 1
750,8615.8046875,6364.63916015625,5610.23779296875,426.70001220703125,9.734375,0.984375,15.6875,31.328125,9.328125,5.1875,5.71875,1.640625,9.453125,159.23593139648438,49.203125,2.0,8.734375,100.578125,30.9375,65.9000015258789,3.1156249046325684,103.9375,5.0,25.0,0.271484375,0.02500000037252903,0.96875,0.96875,0.0,3,3 4
751,8755.2197265625,6498.35693359375,5729.205078125,428.546875,9.890625,1.015625,15.9375,31.84375,9.515625,5.3125,5.71875,1.703125,9.59375,158.24063110351562,50.03125,2.0,8.890625,90.734375,28.890625,64.7718734741211,3.0406250953674316,114.890625,5.0,24.8828125,0.24609375,0.04062500223517418,0.96875,1.0,0.0,3,3 1
752,8606.2138671875,6295.33349609375,5544.00927734375,422.8843688964844,9.625,1.0,16.015625,32.015625,9.46875,5.40625,5.765625,1.828125,9.546875,161.6999969482422,48.9375,1.984375,8.625,91.515625,26.90625,68.72187805175781,3.171875,79.203125,4.984375,24.84375,0.279296875,0.046875,0.984375,0.96875,0.0,3,3 4
753,7222.375,5394.38232421875,4737.1123046875,391.91876220703125,8.765625,0.796875,14.484375,28.9375,8.5625,4.71875,5.265625,1.65625,8.734375,128.36874389648438,47.171875,2.0,7.765625,97.40625,25.40625,46.81718826293945,2.309375047683716,101.8515625,4.90625,24.546875,0.521484375,0.02812499925494194,0.96875,0.796875,0.0,3,3 1
754,7574.5478515625,5576.9404296875,4907.4609375,400.484375,8.921875,0.796875,14.921875,29.828125,8.78125,4.9375,5.453125,1.703125,8.953125,137.82968139648438,48.9375,1.96875,7.921875,101.453125,31.484375,54.68281173706055,2.581249952316284,101.5859375,5.0,25.0,0.177734375,0.012500000186264515,0.984375,0.796875,0.0,3,3 1
755,8177.8203125,6044.96240234375,5322.7412109375,415.12188720703125,9.40625,0.921875,15.546875,31.046875,9.25,5.171875,5.5625,1.75,9.3125,148.8828125,48.890625,1.96875,8.40625,99.515625,31.796875,60.506248474121094,2.8531250953674316,91.84375,4.921875,24.546875,0.3235677182674408,0.02812499925494194,0.96875,0.921875,0.0,3,3 1
756,8667.4931640625,6393.279296875,5633.8876953125,428.203125,9.765625,1.0,15.984375,31.921875,9.578125,5.40625,5.71875,1.6875,9.53125,159.1062469482422,50.859375,2.0,8.765625,106.640625,30.484375,65.35469055175781,3.0250000953674316,96.0390625,4.984375,25.0,0.048828125,0.0,1.0,0.984375,0.0,3,3 4
757,8778.205078125,6492.74755859375,5729.1923828125,434.96563720703125,9.859375,0.984375,16.359375,32.703125,9.71875,5.640625,5.84375,1.78125,9.71875,159.5828094482422,51.21875,1.984375,8.859375,128.0625,33.65625,66.48905944824219,3.1187500953674316,104.4296875,4.90625,24.609375,0.1692708283662796,0.00390625,1.0,0.984375,0.0,3,3 1
758,8214.7578125,6070.2373046875,5341.4296875,426.953125,9.421875,0.953125,15.5,30.96875,9.1875,5.140625,5.546875,1.765625,9.328125,151.03750610351562,48.1875,2.0,8.421875,122.453125,26.125,61.9921875,2.953125,87.8515625,4.75,23.9921875,0.310546875,0.02812499925494194,0.96875,0.953125,0.0,3,3 1
759,8466.0986328125,6214.2890625,5478.12744140625,431.1625061035156,9.546875,0.9375,15.859375,31.6875,9.328125,5.421875,5.703125,1.828125,9.40625,159.4187469482422,50.15625,2.0,8.546875,140.0625,32.6875,67.98750305175781,3.15625,75.6875,4.875,24.546875,0.1647135466337204,0.0031250000465661287,0.984375,0.921875,0.0,3,3 1
760,7627.17919921875,5665.65966796875,4984.2041015625,416.2093811035156,8.984375,0.84375,14.703125,29.40625,8.828125,4.78125,5.234375,1.640625,8.921875,141.67031860351562,49.71875,1.96875,7.984375,155.4375,29.09375,57.662498474121094,2.700000047683716,79.1875,4.625,23.265625,0.2278645783662796,0.0,1.03125,0.84375,0.0,3,3 1
761,7637.26123046875,5676.12109375,4997.01513671875,407.30938720703125,8.90625,0.859375,14.765625,29.515625,8.78125,4.875,5.28125,1.703125,8.875,141.55624389648438,47.6875,2.0,7.90625,166.875,33.78125,57.00312423706055,2.6468749046325684,78.421875,4.296875,21.484375,0.1953125,0.0,1.09375,0.859375,0.0,3,3 1
762,8612.5576171875,6296.1337890625,5555.75,434.15936279296875,9.5625,0.953125,16.09375,32.171875,9.46875,5.53125,5.734375,1.875,9.5625,160.67031860351562,49.3125,2.25,8.5625,156.65625,33.015625,70.3218765258789,3.21875,81.515625,4.734375,23.828125,0.220703125,0.01875000074505806,0.96875,0.9375,0.0,3,3 1
763,8198.43359375,6030.5458984375,5312.2890625,432.64373779296875,9.359375,0.90625,15.65625,31.28125,9.265625,5.265625,5.59375,1.796875,9.359375,152.2390594482422,48.0,2.0,8.359375,184.328125,37.03125,64.5484390258789,2.996875047683716,73.1953125,4.65625,23.6640625,0.30859375,0.02812499925494194,1.0,0.90625,0.0,3,3 1
764,8234.611328125,6075.6708984375,5351.39990234375,451.81561279296875,9.40625,0.921875,15.640625,31.25,9.21875,5.25,5.609375,1.796875,9.375,153.11563110351562,50.0625,2.0,8.40625,174.84375,35.875,65.4625015258789,3.0531249046325684,75.8125,4.765625,24.046875,0.1725260466337204,0.0,1.03125,0.921875,0.0,3,3 1
765,8543.205078125,6288.60693359375,5546.78515625,458.71875,9.578125,0.953125,15.96875,31.921875,9.46875,5.421875,5.71875,1.765625,9.546875,160.75155639648438,50.671875,2.71875,8.578125,194.921875,42.265625,69.7421875,3.203125,79.1015625,4.75,23.828125,0.185546875,0.01875000074505806,1.0,0.9375,0.0,3,3 2
766,8002.1865234375,5985.97314453125,5264.7314453125,450.22186279296875,9.34375,0.9375,15.34375,30.625,9.046875,5.15625,5.53125,1.75,9.140625,146.79061889648438,51.515625,2.0,8.34375,225.265625,43.671875,61.31562423706055,2.965625047683716,77.171875,4.921875,24.609375,0.255859375,0.0,1.015625,0.921875,0.0,3,3 1
767,7856.16650390625,5816.3701171875,5124.24072265625,443.3062438964844,9.109375,0.84375,15.28125,30.484375,8.96875,5.21875,5.515625,1.765625,9.015625,148.36563110351562,50.875,2.25,8.109375,176.140625,34.859375,61.743751525878906,2.9312500953674316,83.78125,4.828125,24.0,0.19140625,0.0,1.0,0.84375,0.0,3,3 1
768,8324.9990234375,6086.5615234375,5368.42138671875,443.07501220703125,9.34375,0.90625,15.671875,31.265625,9.28125,5.390625,5.53125,1.84375,9.21875,154.88125610351562,50.796875,2.234375,8.34375,176.78125,32.890625,67.73124694824219,3.0999999046325684,71.34375,4.6875,23.375,0.123046875,0.0,1.0,0.90625,0.0,3,3 1
769,8333.5634765625,6111.7890625,5387.64697265625,446.3374938964844,9.40625,0.921875,15.59375,31.15625,9.1875,5.28125,5.578125,1.8125,9.296875,153.8312530517578,50.109375,2.25,8.40625,155.25,32.484375,66.3265609741211,3.059375047683716,80.2421875,4.765625,23.7421875,0.318359375,0.02500000037252903,0.96875,0.921875,0.0,3,3 1
770,8569.880859375,6313.56982421875,5564.4814453125,454.59686279296875,9.671875,0.96875,15.921875,31.8125,9.453125,5.453125,5.65625,1.84375,9.40625,157.18905639648438,51.0625,2.0,8.671875,170.6875,34.71875,66.63594055175781,3.1031250953674316,87.7578125,4.90625,24.5,0.212890625,0.02500000037252903,1.015625,0.96875,0.0,3,3 1
771,8581.3076171875,6320.400390625,5571.8603515625,443.79376220703125,9.671875,0.96875,15.890625,31.671875,9.359375,5.453125,5.6875,1.859375,9.3125,156.2921905517578,50.828125,2.0,8.671875,179.21875,37.65625,67.3515625,3.1343750953674316,94.8046875,4.90625,24.5078125,0.12890625,0.00937500037252903,0.984375,0.96875,0.0,3,3 4
772,8379.5361328125,6174.18212890625,5437.37548828125,443.51873779296875,9.53125,0.953125,15.734375,31.421875,9.25,5.421875,5.609375,1.875,9.265625,153.6515655517578,51.859375,2.0,8.53125,194.09375,43.578125,65.765625,3.1187500953674316,78.046875,5.0,24.9375,0.166015625,0.0,1.0,0.9375,0.0,3,3 2
773,8171.52587890625,6026.2568359375,5304.5966796875,423.921875,9.359375,0.9375,15.421875,30.828125,9.125,5.140625,5.5625,1.75,9.25,147.4265594482422,49.859375,2.0,8.359375,200.65625,51.21875,62.295310974121094,2.921875,91.6484375,4.84375,24.09375,0.134765625,0.0062500000931322575,0.984375,0.9375,0.0,3,3 1
774,8521.4345703125,6274.900390625,5526.6240234375,440.8343811035156,9.625,0.984375,15.921875,31.84375,9.375,5.421875,5.703125,1.859375,9.484375,156.7062530517578,49.65625,2.0,8.625,209.234375,58.203125,68.4671859741211,3.171875,80.4765625,5.0,24.9375,0.181640625,0.02812499925494194,0.984375,0.96875,0.0,3,3 2
775,8207.8154296875,6021.65234375,5307.18896484375,429.62188720703125,9.34375,0.890625,15.609375,31.203125,9.21875,5.28125,5.625,1.78125,9.296875,151.28280639648438,51.046875,1.96875,8.34375,223.921875,69.5625,65.9593734741211,3.0531249046325684,78.640625,4.84375,24.140625,0.15625,0.0,1.0,0.890625,0.0,3,3 1
776,8422.31640625,6193.27294921875,5460.576171875,431.9281311035156,9.546875,0.921875,16.0,32.0,9.40625,5.53125,5.734375,1.859375,9.46875,152.3718719482422,51.1875,1.984375,8.546875,225.828125,71.171875,64.88594055175781,3.028125047683716,98.3828125,5.0,25.0,0.107421875,0.0,1.0,0.921875,0.0,3,3 2
777,8793.8681640625,6439.5732421875,5680.48095703125,431.3812561035156,9.78125,0.984375,16.40625,32.796875,9.71875,5.625,5.875,1.8125,9.765625,160.90625,50.9375,1.984375,8.78125,235.15625,73.125,71.30000305175781,3.25,82.25,4.96875,25.0,0.13671875,0.01875000074505806,0.984375,0.96875,0.0,3,3 1
778,8657.5712890625,6418.33447265625,5659.7587890625,434.2437438964844,9.796875,0.984375,16.25,32.4375,9.578125,5.640625,5.71875,1.96875,9.53125,154.08749389648438,50.140625,2.0,8.796875,235.734375,68.671875,64.828125,3.046875,102.109375,4.921875,24.484375,0.2298177033662796,0.015625,0.984375,0.984375,0.0,3,3 2
779,8582.91015625,6335.2294921875,5580.97021484375,434.6468811035156,9.6875,1.0,16.078125,32.0625,9.46875,5.515625,5.703125,1.875,9.5,154.51718139648438,47.09375,2.0,8.6875,224.359375,59.203125,68.9140625,3.21875,78.2421875,4.984375,24.796875,0.240234375,0.02812499925494194,1.0,0.96875,0.0,3,3 1
780,8884.48828125,6501.3447265625,5732.71337890625,436.79998779296875,9.84375,1.015625,16.453125,32.890625,9.71875,5.75,5.828125,1.921875,9.671875,163.8671875,49.53125,1.984375,8.84375,201.875,49.109375,72.4515609741211,3.315624952316284,76.4921875,5.0,25.0,0.078125,0.0,1.0,1.0,0.0,3,3 1
781,8424.7548828125,6186.052734375,5438.6455078125,433.81561279296875,9.5,1.03125,15.796875,31.5625,9.265625,5.34375,5.671875,1.875,9.40625,154.4406280517578,43.703125,2.0,8.5,219.75,50.15625,66.1390609741211,3.081249952316284,79.6171875,4.921875,24.578125,0.4329427182674408,0.06875000149011612,0.921875,0.984375,0.0,3,3 2
782,8720.939453125,6385.4130859375,5628.3427734375,430.2093811035156,9.71875,1.0,16.0,31.953125,9.4375,5.578125,5.703125,1.84375,9.390625,161.32656860351562,45.59375,2.0,8.71875,225.171875,51.84375,72.0953140258789,3.325000047683716,71.0859375,4.921875,24.5546875,0.240234375,0.02812499925494194,0.96875,0.96875,0.0,3,3 1
783,8535.16796875,6273.93896484375,5524.7431640625,423.703125,9.609375,1.0,15.828125,31.5625,9.40625,5.265625,5.71875,1.703125,9.46875,157.03125,45.203125,2.0,8.609375,193.921875,41.40625,67.1484375,3.106250047683716,79.8828125,4.90625,24.546875,0.3046875,0.05312500149011612,0.9375,0.96875,0.0,3,3 0
784,8486.6611328125,6271.8994140625,5520.9208984375,427.40625,9.640625,1.0,15.953125,31.890625,9.484375,5.421875,5.6875,1.796875,9.5,154.51406860351562,45.8125,2.0,8.640625,226.640625,54.09375,63.4375,2.9937500953674316,89.6875,5.0,24.9375,0.31640625,0.03437500074505806,0.953125,0.984375,0.0,3,3 2
785,8460.041015625,6272.001953125,5527.54736328125,429.4781188964844,9.625,0.96875,15.984375,31.9375,9.46875,5.4375,5.71875,1.796875,9.515625,150.56405639648438,45.421875,2.0,8.625,221.21875,58.796875,62.28437423706055,2.909374952316284,112.953125,4.84375,24.21875,0.2180989533662796,0.01875000074505806,0.96875,0.953125,0.0,3,3 1
786,8637.0751953125,6435.75146484375,5674.9228515625,435.28436279296875,9.828125,0.984375,16.46875,32.84375,9.671875,5.75,5.828125,1.984375,9.609375,153.5828094482422,48.296875,2.0,8.828125,206.34375,53.6875,61.59843826293945,2.9281249046325684,114.8203125,4.9375,24.890625,0.1204427108168602,0.0,1.015625,0.984375,0.0,3,3 2
787,8580.3271484375,6320.998046875,5569.8056640625,437.08123779296875,9.65625,0.984375,16.265625,32.5,9.53125,5.65625,5.796875,1.96875,9.546875,159.29531860351562,48.515625,2.0,8.65625,195.5625,51.296875,67.24531555175781,3.128124952316284,84.7109375,4.921875,24.609375,0.21484375,0.01875000074505806,0.984375,0.96875,0.0,3,3 1
788,8625.1826171875,6320.42919921875,5571.61572265625,437.3687438964844,9.65625,0.96875,16.296875,32.53125,9.578125,5.609375,5.78125,1.90625,9.65625,159.578125,49.03125,2.0,8.65625,158.875,44.109375,69.49531555175781,3.1875,78.7734375,4.90625,24.609375,0.1223958358168602,0.0,0.984375,0.96875,0.0,3,3 2
789,8433.4736328125,6178.1923828125,5449.8154296875,441.95623779296875,9.5,0.90625,15.75,31.5,9.296875,5.46875,5.59375,1.859375,9.28125,158.9890594482422,48.953125,2.0,8.5,171.90625,49.5,68.8031234741211,3.200000047683716,80.359375,4.84375,24.21875,0.234375,0.0,1.03125,0.90625,0.0,3,3 1
790,8769.662109375,6411.7177734375,5657.19384765625,446.11248779296875,9.734375,0.96875,16.203125,32.390625,9.578125,5.703125,5.671875,1.953125,9.484375,164.84530639648438,49.71875,2.0,8.734375,185.765625,53.015625,71.73750305175781,3.284374952316284,76.3125,4.8125,24.1015625,0.107421875,0.0,1.015625,0.96875,0.0,3,3 1
791,8878.572265625,6494.19482421875,5729.78564453125,452.0874938964844,9.84375,0.984375,16.421875,32.828125,9.6875,5.765625,5.796875,1.9375,9.640625,165.99063110351562,50.296875,2.0,8.84375,184.1875,53.421875,71.1546859741211,3.262500047683716,88.2890625,5.0,24.9453125,0.05859375,0.0,1.0,0.984375,0.0,3,3 1
792,8555.2197265625,6248.3740234375,5509.7138671875,437.13751220703125,9.53125,0.953125,16.09375,32.1875,9.484375,5.578125,5.6875,1.921875,9.515625,161.0203094482422,48.3125,2.0,8.53125,156.71875,42.53125,69.2437515258789,3.159374952316284,76.28125,4.71875,23.6875,0.2265625,0.03046875074505806,0.984375,0.9375,0.0,3,3 1
793,9098.69140625,6640.66552734375,5863.490234375,454.17498779296875,9.984375,1.0,16.75,33.46875,9.875,5.828125,5.953125,1.9375,9.875,172.1531219482422,50.40625,2.0,8.984375,155.5,40.921875,74.05155944824219,3.362499952316284,84.4296875,5.0,25.0,0.0390625,0.0,1.0,1.0,0.0,3,3 2
794,8813.6552734375,6455.09814453125,5690.7822265625,442.0406188964844,9.8125,1.0,16.34375,32.65625,9.609375,5.671875,5.828125,1.90625,9.640625,164.5421905517578,50.703125,2.0,8.8125,183.515625,44.234375,70.7953109741211,3.268749952316284,68.8359375,5.0,25.0,0.142578125,0.00937500037252903,0.984375,1.0,0.0,3,3 2
795,8935.1533203125,6560.4091796875,5791.78271484375,447.48126220703125,9.90625,0.984375,16.703125,33.390625,9.8125,5.828125,5.921875,1.96875,9.859375,166.2265625,50.75,2.0,8.90625,184.03125,44.875,72.27656555175781,3.328125,87.9921875,5.0,25.0,0.1171875,0.0,1.0,0.984375,0.0,3,3 2
796,9116.4990234375,6662.7919921875,5882.74755859375,443.07501220703125,10.0,1.015625,16.71875,33.4375,9.875,5.890625,5.875,1.96875,9.828125,171.1921844482422,49.65625,2.0,9.0,206.625,54.265625,74.9906234741211,3.4312500953674316,85.046875,5.0,25.0,0.236328125,0.03750000149011612,0.96875,1.0,0.0,3,3 2
797,8726.6904296875,6416.8671875,5658.9755859375,432.90936279296875,9.75,0.984375,16.390625,32.765625,9.640625,5.625,5.859375,1.890625,9.75,164.57186889648438,48.859375,2.0,8.75,162.234375,44.984375,70.8296890258789,3.284374952316284,72.1015625,4.921875,24.609375,0.244140625,0.01875000074505806,0.984375,0.96875,0.0,3,3 1
798,8603.44140625,6346.25634765625,5589.3515625,429.42498779296875,9.71875,1.0,16.21875,32.40625,9.5,5.53125,5.78125,1.96875,9.625,158.10781860351562,48.375,2.0,8.71875,145.828125,39.25,64.80155944824219,3.081249952316284,82.8671875,4.984375,25.0,0.291015625,0.02187499962747097,0.96875,1.0,0.0,3,3 1
799,8832.1171875,6506.234375,5741.3818359375,427.45001220703125,9.875,0.984375,16.34375,32.609375,9.59375,5.65625,5.828125,1.90625,9.625,163.00625610351562,49.3125,2.0,8.875,155.640625,44.859375,67.93437194824219,3.174999952316284,99.078125,4.984375,24.8125,0.177734375,0.015625,1.0,0.984375,0.0,3,3 2
800,8739.9716796875,6407.27783203125,5652.70458984375,424.94061279296875,9.75,0.96875,16.328125,32.59375,9.640625,5.65625,5.8125,1.875,9.609375,162.0421905517578,48.546875,2.0,8.75,134.578125,37.75,70.1468734741211,3.237499952316284,80.828125,4.921875,24.609375,0.23046875,0.00937500037252903,0.984375,0.96875,0.0,3,3 1
801,8629.7470703125,6356.673828125,5601.1318359375,420.84375,9.703125,1.0,16.125,32.234375,9.53125,5.5,5.78125,1.84375,9.578125,158.2156219482422,46.390625,2.0,8.703125,142.875,36.890625,67.7015609741211,3.184375047683716,82.4296875,4.921875,24.609375,0.328125,0.02812499925494194,0.96875,0.984375,0.0,3,3 1
802,8560.611328125,6334.15869140625,5581.67333984375,420.8812561035156,9.703125,0.984375,16.171875,32.28125,9.5625,5.578125,5.734375,1.859375,9.546875,154.59530639648438,46.875,2.0,8.703125,167.40625,44.40625,65.25,3.075000047683716,96.5625,5.0,24.9375,0.23046875,0.00937500037252903,1.0,0.984375,0.0,3,3 1
803,8282.876953125,6138.0830078125,5401.5439453125,416.734375,9.515625,0.96875,15.671875,31.28125,9.328125,5.328125,5.5625,1.78125,9.28125,148.64688110351562,44.859375,1.96875,8.515625,177.1875,46.75,60.9375,2.893749952316284,86.25,5.0,24.9375,0.244140625,0.02265625074505806,0.984375,0.953125,0.0,3,3 2
804,8755.75390625,6458.2587890625,5695.77392578125,426.01873779296875,9.8125,1.0,16.21875,32.390625,9.625,5.5,5.78125,1.796875,9.6875,158.4265594482422,44.5,2.0,8.8125,192.140625,54.640625,69.3125,3.25,92.1875,4.984375,24.8359375,0.341796875,0.03750000149011612,0.984375,0.96875,0.0,3,3 1
805,8469.1865234375,6212.40966796875,5476.33642578125,420.52813720703125,9.5625,0.9375,15.8125,31.59375,9.34375,5.375,5.671875,1.796875,9.40625,156.01718139648438,44.875,2.0,8.5625,204.953125,54.875,68.2406234741211,3.1875,76.296875,5.0,25.0,0.19921875,0.012500000186264515,0.984375,0.9375,0.0,3,3 1
806,8391.515625,6148.3203125,5417.259765625,422.40313720703125,9.484375,0.9375,15.8125,31.59375,9.359375,5.390625,5.65625,1.8125,9.375,153.8953094482422,42.375,1.984375,8.484375,203.625,58.484375,67.26094055175781,3.143749952316284,81.1953125,5.0,25.0,0.259765625,0.02812499925494194,0.96875,0.921875,0.0,3,3 1
807,8316.6826171875,6096.5673828125,5365.96826171875,417.48748779296875,9.40625,0.96875,15.515625,31.03125,9.25,5.125,5.53125,1.734375,9.390625,153.7109375,42.09375,2.0,8.40625,175.234375,44.578125,67.2796859741211,3.112499952316284,70.1640625,4.765625,23.703125,0.349609375,0.04062500223517418,0.96875,0.9375,0.0,3,3 2
808,8303.333984375,6172.9873046875,5430.24462890625,426.69061279296875,9.53125,1.0,15.421875,30.8125,9.140625,5.15625,5.484375,1.796875,9.234375,151.24063110351562,44.1875,2.0,8.53125,204.890625,51.09375,64.296875,3.1156249046325684,80.078125,5.0,24.75,0.390625,0.05312500149011612,1.0,0.953125,0.0,3,3 1
809,8843.6298828125,6498.5478515625,5735.2548828125,422.5093688964844,9.859375,0.984375,16.171875,32.28125,9.640625,5.5625,5.734375,1.78125,9.5625,162.28750610351562,46.78125,1.984375,8.859375,214.046875,55.5,71.8656234741211,3.3343749046325684,84.734375,5.0,24.875,0.171875,0.0062500000931322575,0.984375,0.984375,0.0,3,3 1
810,8362.150390625,6156.8486328125,5424.28076171875,412.4750061035156,9.484375,0.953125,15.5625,31.0625,9.234375,5.140625,5.5625,1.75,9.375,152.8078155517578,43.6875,2.0,8.484375,222.40625,53.375,66.8531265258789,3.125,72.296875,4.765625,23.703125,0.265625,0.01875000074505806,0.96875,0.921875,0.0,3,3 1
811,8358.9775390625,6146.71630859375,5415.98779296875,420.1875,9.484375,0.9375,15.671875,31.296875,9.28125,5.203125,5.640625,1.75,9.421875,153.9812469482422,42.984375,2.0,8.484375,220.484375,51.765625,65.52030944824219,3.046875,86.1484375,4.84375,24.15625,0.2890625,0.00937500037252903,0.984375,0.9375,0.0,3,3 1
812,8268.802734375,6104.88916015625,5382.52978515625,420.9624938964844,9.4375,0.90625,15.515625,31.015625,9.15625,5.171875,5.609375,1.75,9.328125,152.4953155517578,43.4375,2.0,8.4375,196.8125,48.546875,65.4671859741211,3.0843749046325684,89.8515625,4.75,23.765625,0.3528645932674408,0.01015624962747097,1.0,0.90625,0.0,3,3 1
813,7638.05615234375,5628.15087890625,4951.947265625,417.55938720703125,8.890625,0.84375,14.890625,29.75,8.796875,4.828125,5.34375,1.765625,9.015625,141.43124389648438,41.015625,2.0,7.890625,187.5,39.0,61.740623474121094,2.840625047683716,65.671875,4.484375,22.46875,0.3287760317325592,0.0078125,1.046875,0.84375,0.0,3,3 1
814,8495.24609375,6293.94287109375,5553.0625,442.3374938964844,9.640625,0.9375,15.859375,31.71875,9.421875,5.296875,5.78125,1.65625,9.5625,152.52188110351562,43.953125,2.0,8.640625,204.078125,40.359375,66.7265625,3.128124952316284,99.4921875,4.71875,23.6640625,0.4557291567325592,0.0234375,1.046875,0.9375,0.0,3,3 1
815,7820.73388671875,5808.01953125,5114.7041015625,423.70623779296875,9.125,0.859375,15.046875,30.078125,8.8125,4.953125,5.53125,1.6875,9.09375,141.72500610351562,44.390625,2.0,8.125,204.828125,36.359375,59.482810974121094,2.862499952316284,93.2109375,4.765625,23.828125,0.341796875,0.0,1.03125,0.859375,0.0,3,3 1
816,7767.46826171875,5715.142578125,5035.6083984375,427.95623779296875,8.9375,0.84375,14.71875,29.390625,8.734375,4.828125,5.296875,1.640625,8.890625,144.4890594482422,44.265625,2.3125,7.9375,203.671875,36.046875,62.681251525878906,2.9124999046325684,75.03125,4.4375,22.0390625,0.2239583283662796,0.0052083334885537624,1.03125,0.84375,0.0,3,3 1
817,8143.38525390625,6078.94287109375,5357.79345703125,449.0718688964844,9.40625,0.90625,15.5625,31.109375,9.203125,5.28125,5.59375,1.75,9.28125,150.98593139648438,45.703125,2.328125,8.40625,184.390625,29.9375,62.217185974121094,3.015625,93.9140625,4.90625,24.609375,0.3313802182674408,0.0,0.984375,0.90625,0.0,3,3 1
818,8124.40576171875,6004.2490234375,5290.95166015625,433.36248779296875,9.296875,0.90625,15.359375,30.65625,9.109375,5.15625,5.53125,1.6875,9.171875,148.69686889648438,45.9375,2.5625,8.296875,172.46875,32.390625,61.84687423706055,2.9781250953674316,88.578125,4.84375,24.21875,0.28515625,0.0,0.96875,0.90625,0.0,3,3 4
819,7745.66357421875,5729.8984375,5044.21142578125,416.3812561035156,9.0,0.859375,14.984375,29.9375,8.84375,4.96875,5.453125,1.671875,9.0,142.9296875,48.59375,2.625,8.0,143.65625,29.328125,57.98125076293945,2.887500047683716,90.09375,4.75,23.71875,0.3671875,0.0,1.0,0.859375,0.0,3,3 1
820,8143.6396484375,6081.36279296875,5359.47900390625,438.85626220703125,9.375,0.921875,15.671875,31.328125,9.265625,5.296875,5.671875,1.71875,9.375,152.07968139648438,49.625,2.3125,8.375,170.953125,33.796875,63.275001525878906,3.0625,97.375,4.828125,24.21875,0.38671875,0.01171875,0.96875,0.90625,0.0,3,3 1
821,8113.61083984375,6013.3623046875,5296.23388671875,435.98748779296875,9.359375,0.90625,15.375,30.71875,8.96875,5.109375,5.5625,1.859375,9.21875,148.5359344482422,48.625,2.0,8.359375,152.359375,28.5625,60.368751525878906,2.8968749046325684,99.40625,4.71875,23.4921875,0.28515625,0.01953125,1.03125,0.90625,0.0,3,3 1
822,8076.84375,5978.40869140625,5263.73974609375,426.85626220703125,9.28125,0.921875,15.296875,30.546875,9.0625,5.09375,5.578125,1.625,9.1875,149.4093780517578,48.4375,2.703125,8.28125,178.5625,34.1875,61.45624923706055,2.9468750953674316,90.53125,4.8125,24.203125,0.3756510317325592,0.02500000037252903,0.953125,0.890625,0.0,3,3 1
823,8295.6669921875,6113.46484375,5388.8759765625,426.56561279296875,9.453125,0.90625,15.875,31.734375,9.3125,5.390625,5.75,1.828125,9.453125,154.7453155517578,49.53125,1.984375,8.453125,186.265625,39.25,66.53125,3.125,79.53125,4.984375,24.9453125,0.1920572966337204,0.0,1.0,0.90625,0.0,3,3 1
824,8895.4111328125,6489.55224609375,5726.28515625,436.7749938964844,9.828125,0.984375,16.359375,32.703125,9.671875,5.640625,5.875,1.8125,9.703125,168.10311889648438,49.671875,2.0,8.828125,184.625,43.328125,74.37968444824219,3.3968749046325684,72.1640625,4.984375,25.0,0.16796875,0.01875000074505806,0.96875,0.984375,0.0,3,3 1
825,8698.6650390625,6385.001953125,5628.79248046875,434.87811279296875,9.734375,0.984375,16.1875,32.34375,9.546875,5.515625,5.796875,1.84375,9.640625,162.3671875,48.53125,2.0,8.734375,185.8125,42.046875,68.1812515258789,3.1468749046325684,90.65625,4.890625,24.484375,0.259765625,0.03437500074505806,0.953125,0.984375,0.0,3,3 1
826,8900.693359375,6515.30078125,5750.125,431.8218688964844,9.828125,1.0,16.25,32.453125,9.578125,5.59375,5.796875,1.8125,9.671875,166.8546905517578,50.984375,2.328125,8.828125,163.75,32.09375,72.4984359741211,3.3499999046325684,79.6953125,4.90625,24.515625,0.09765625,0.0,1.0,0.984375,0.0,3,3 0
827,8705.109375,6416.009765625,5659.9248046875,426.3531188964844,9.78125,0.96875,16.140625,32.28125,9.546875,5.515625,5.796875,1.796875,9.625,161.8796844482422,49.515625,2.0,8.78125,185.625,40.734375,67.484375,3.15625,90.703125,5.0,24.9453125,0.294921875,0.03437500074505806,0.96875,0.96875,0.0,3,3 1
828,8464.9404296875,6252.6640625,5513.19677734375,427.07501220703125,9.609375,0.9375,15.71875,31.40625,9.328125,5.3125,5.625,1.75,9.390625,159.19375610351562,49.734375,2.0,8.609375,197.265625,41.828125,65.2750015258789,3.065624952316284,89.25,4.921875,24.4921875,0.1529947966337204,0.00390625,1.0,0.9375,0.0,3,3 1
829,7972.115234375,5919.455078125,5215.859375,415.81561279296875,9.265625,0.859375,15.296875,30.578125,9.0625,5.078125,5.59375,1.625,9.21875,150.5031280517578,49.125,2.0,8.265625,199.734375,42.953125,60.9921875,2.9156250953674316,96.6015625,4.953125,24.71875,0.1985677033662796,0.0,1.03125,0.859375,0.0,3,3 2
830,8568.896484375,6306.9482421875,5560.06787109375,423.3031311035156,9.640625,0.96875,16.09375,32.1875,9.546875,5.453125,5.78125,1.78125,9.625,158.6437530517578,49.734375,2.0,8.640625,219.71875,47.703125,65.5687484741211,3.0843749046325684,96.53125,4.84375,24.21875,0.373046875,0.03437500074505806,0.96875,0.953125,0.0,3,3 1
831,8486.1552734375,6275.0322265625,5534.02734375,420.7437438964844,9.640625,0.9375,16.078125,32.140625,9.46875,5.5,5.796875,1.8125,9.5625,154.38436889648438,50.453125,2.0,8.640625,210.84375,46.09375,63.35625076293945,3.043750047683716,106.03125,5.0,25.0,0.21484375,0.0,1.0,0.9375,0.0,3,3 1
832,8746.5810546875,6431.8671875,5675.41650390625,421.91876220703125,9.78125,0.96875,16.375,32.75,9.625,5.640625,5.84375,1.90625,9.734375,162.0421905517578,49.359375,2.0,8.78125,239.890625,54.125,67.9921875,3.1656250953674316,91.6015625,4.90625,24.609375,0.13671875,0.0,1.015625,0.96875,0.0,3,3 1
833,8162.2685546875,5971.4990234375,5258.4951171875,416.2875061035156,9.28125,0.90625,15.546875,31.0625,9.171875,5.203125,5.578125,1.859375,9.25,153.0343780517578,49.421875,2.0,8.28125,238.421875,52.453125,62.939064025878906,2.903125047683716,81.2421875,4.765625,23.828125,0.09765625,0.0,1.0,0.90625,0.0,3,3 2
834,8823.9599609375,6519.8623046875,5750.603515625,440.4312438964844,9.890625,1.0,16.46875,32.890625,9.71875,5.71875,5.796875,1.9375,9.71875,164.8359375,51.5625,2.0,8.890625,235.8125,56.3125,66.9453125,3.1968750953674316,98.7109375,5.0,24.875,0.27734375,0.015625,1.0,1.0,0.0,3,3 1
835,8507.451171875,6236.9228515625,5500.5048828125,425.1968688964844,9.546875,0.9375,16.015625,32.0,9.4375,5.4375,5.71875,1.875,9.53125,160.1015625,51.015625,2.0,8.546875,256.90625,62.15625,67.19999694824219,3.128124952316284,86.5,4.765625,23.828125,0.2786458432674408,0.012500000186264515,1.015625,0.9375,0.0,3,3 2
836,8934.63671875,6565.625,5797.31396484375,431.30938720703125,9.921875,0.984375,16.375,32.75,9.765625,5.625,5.8125,1.8125,9.734375,165.6062469482422,52.703125,2.0,8.921875,233.265625,63.84375,71.55155944824219,3.296875,96.9296875,4.921875,24.7109375,0.267578125,0.015625,0.984375,0.984375,0.0,3,3 1
837,8279.1123046875,6111.7900390625,5387.8037109375,420.8687438964844,9.453125,0.90625,15.671875,31.328125,9.234375,5.3125,5.609375,1.84375,9.328125,154.60311889648438,51.75,2.0,8.453125,203.53125,50.15625,62.650001525878906,2.987499952316284,95.1875,4.84375,24.21875,0.26953125,0.00937500037252903,0.984375,0.90625,0.0,3,3 1
838,8234.779296875,6020.52587890625,5306.6025390625,407.390625,9.296875,0.90625,15.578125,31.15625,9.21875,5.25,5.5625,1.796875,9.328125,154.0749969482422,49.96875,2.0,8.296875,221.046875,53.953125,67.0843734741211,3.081249952316284,74.578125,4.6875,23.4375,0.333984375,0.03750000149011612,0.96875,0.890625,0.0,3,3 2
839,8556.3203125,6298.8994140625,5555.3837890625,421.8531188964844,9.640625,0.953125,15.84375,31.640625,9.390625,5.359375,5.625,1.8125,9.453125,156.8640594482422,52.921875,2.0,8.640625,190.78125,38.40625,68.07499694824219,3.1624999046325684,84.0,4.828125,24.0625,0.1432291716337204,0.00390625,1.03125,0.953125,0.0,3,3 2
840,8543.984375,6290.1181640625,5550.2255859375,424.35626220703125,9.609375,0.9375,15.96875,31.90625,9.4375,5.4375,5.703125,1.84375,9.484375,159.234375,53.875,2.0,8.609375,149.59375,26.640625,69.54219055175781,3.237499952316284,80.1015625,4.734375,23.734375,0.1529947966337204,0.0,1.03125,0.9375,0.0,3,3 2
841,8667.6630859375,6401.50634765625,5644.6611328125,438.8687438964844,9.75,0.984375,16.0625,32.09375,9.515625,5.484375,5.6875,1.828125,9.578125,161.41250610351562,52.859375,2.0,8.75,157.734375,27.8125,68.63594055175781,3.2437500953674316,88.3828125,4.90625,24.4453125,0.23046875,0.00937500037252903,1.0,0.96875,0.0,3,3 1
842,8369.3486328125,6146.4580078125,5412.9033203125,436.5375061035156,9.4375,0.96875,15.4375,30.84375,9.171875,5.234375,5.5,1.78125,9.15625,157.40625,50.21875,2.0,8.4375,163.1875,33.140625,67.69218444824219,3.1656250953674316,78.7265625,4.765625,23.703125,0.333984375,0.03750000149011612,0.953125,0.921875,0.0,3,3 2
843,8505.095703125,6272.2666015625,5528.1572265625,435.8187561035156,9.59375,0.96875,15.90625,31.796875,9.34375,5.46875,5.671875,1.890625,9.421875,158.875,51.609375,2.0,8.59375,169.859375,34.53125,67.375,3.200000047683716,76.875,4.828125,24.1328125,0.3385416567325592,0.02500000037252903,0.984375,0.953125,0.0,3,3 2
844,8720.771484375,6431.9931640625,5674.68994140625,445.640625,9.78125,0.96875,16.25,32.5,9.578125,5.59375,5.828125,1.859375,9.640625,164.21875,52.46875,2.0,8.78125,188.140625,37.296875,69.26875305175781,3.237499952316284,85.21875,4.921875,24.546875,0.263671875,0.01875000074505806,0.984375,0.96875,0.0,3,3 2
845,8447.642578125,6204.03369140625,5468.9755859375,436.99688720703125,9.53125,0.9375,15.875,31.734375,9.328125,5.421875,5.703125,1.859375,9.421875,157.35311889648438,51.609375,1.984375,8.53125,204.828125,40.71875,66.99687194824219,3.1468749046325684,85.953125,4.921875,24.609375,0.25390625,0.02187499962747097,0.96875,0.9375,0.0,3,3 1
846,8691.7333984375,6353.47607421875,5602.8330078125,443.2124938964844,9.671875,0.96875,16.15625,32.265625,9.53125,5.546875,5.78125,1.875,9.53125,165.125,51.828125,2.0,8.671875,217.953125,39.953125,72.6796875,3.328125,68.1640625,4.921875,24.5390625,0.185546875,0.01875000074505806,0.984375,0.953125,0.0,3,3 1
847,8858.173828125,6484.0048828125,5721.26318359375,437.3187561035156,9.828125,0.984375,16.328125,32.625,9.65625,5.578125,5.828125,1.828125,9.734375,165.4343719482422,52.65625,2.0,8.828125,198.125,36.40625,72.31718444824219,3.328125,75.2890625,4.90625,24.484375,0.134765625,0.0062500000931322575,1.0,0.984375,0.0,3,3 2
848,8992.439453125,6616.50244140625,5841.5556640625,441.375,9.984375,1.0,16.359375,32.6875,9.828125,5.609375,5.8125,1.734375,9.703125,166.2453155517578,54.0625,2.0,8.984375,206.328125,43.671875,71.0531234741211,3.284374952316284,99.421875,5.0,24.8828125,0.078125,0.0,1.0,1.0,0.0,3,3 2
849,8882.9091796875,6550.9208984375,5778.1943359375,433.7718811035156,9.90625,1.015625,16.484375,32.953125,9.765625,5.671875,5.890625,1.84375,9.78125,165.94686889648438,51.3125,2.0,8.90625,197.375,44.03125,70.2265625,3.253124952316284,87.6171875,4.984375,25.0,0.341796875,0.05156249925494194,0.953125,1.0,0.0,3,3 1
850,8738.12890625,6408.544921875,5654.33447265625,429.4781188964844,9.75,0.96875,16.0625,32.09375,9.59375,5.5,5.671875,1.78125,9.546875,162.2296905517578,52.421875,2.0,8.75,182.203125,44.4375,69.8359375,3.2093749046325684,87.6953125,4.890625,24.421875,0.1328125,0.0062500000931322575,0.984375,0.96875,0.0,3,3 2
851,8749.0908203125,6426.0087890625,5669.583984375,426.5874938964844,9.78125,0.96875,16.40625,32.796875,9.6875,5.65625,5.8125,1.890625,9.75,160.7765655517578,52.65625,1.984375,8.78125,192.921875,47.296875,68.08125305175781,3.143749952316284,98.34375,5.0,25.0,0.087890625,0.0,1.0,0.96875,0.0,3,3 2
852,8927.7275390625,6550.36865234375,5783.60205078125,426.6468811035156,9.890625,0.984375,16.390625,32.765625,9.765625,5.578125,5.875,1.75,9.796875,168.046875,51.46875,2.0,8.890625,207.21875,50.25,73.484375,3.371875047683716,80.078125,4.921875,24.609375,0.22265625,0.02812499925494194,0.96875,0.984375,0.0,3,3 1
853,8688.1689453125,6419.88037109375,5661.32470703125,422.68438720703125,9.796875,0.984375,16.09375,32.171875,9.609375,5.453125,5.765625,1.71875,9.625,157.6374969482422,51.4375,2.0,8.796875,203.359375,48.40625,65.5062484741211,3.0562500953674316,105.90625,4.984375,24.8828125,0.328125,0.05000000074505806,0.9375,0.984375,0.0,3,3 2
854,8631.0087890625,6373.6064453125,5624.2431640625,415.4906311035156,9.734375,0.953125,16.0,32.0,9.46875,5.5,5.71875,1.84375,9.46875,157.421875,52.03125,1.96875,8.734375,189.5,47.296875,66.18281555175781,3.0875000953674316,105.9609375,4.90625,24.609375,0.1126302108168602,0.0031250000465661287,0.984375,0.953125,0.0,3,3 2
855,8632.1328125,6334.900390625,5587.50146484375,416.8062438964844,9.65625,0.96875,15.875,31.703125,9.484375,5.25,5.75,1.59375,9.625,159.8328094482422,52.5,2.0,8.65625,176.09375,39.328125,69.37031555175781,3.190624952316284,88.1484375,4.828125,24.21875,0.087890625,0.0,1.0,0.953125,0.0,3,3 1
856,8917.6953125,6586.3701171875,5814.458984375,419.9624938964844,9.953125,1.0,16.390625,32.75,9.71875,5.578125,5.90625,1.765625,9.78125,163.0203094482422,53.125,2.0,8.953125,160.125,32.671875,69.6734390258789,3.3125,106.3203125,4.96875,25.0,0.28125,0.0062500000931322575,0.984375,1.0,0.0,3,3 2
857,8561.8798828125,6284.8505859375,5543.1904296875,405.62811279296875,9.609375,0.953125,15.859375,31.6875,9.4375,5.34375,5.71875,1.703125,9.484375,159.5,52.625,2.0,8.609375,160.4375,30.25,68.7281265258789,3.203125,87.921875,4.90625,24.609375,0.30859375,0.03125,0.96875,0.9375,0.0,3,3 2
858,8604.0234375,6311.45068359375,5560.986328125,409.2406311035156,9.625,1.0,15.859375,31.71875,9.375,5.359375,5.65625,1.828125,9.5,160.93594360351562,52.28125,1.984375,8.625,205.234375,38.796875,70.57344055175781,3.268749952316284,73.3828125,4.921875,24.546875,0.1920572966337204,0.01875000074505806,1.0,0.953125,0.0,3,3 1
859,8490.3388671875,6272.9501953125,5532.42041015625,390.90936279296875,9.609375,0.953125,15.890625,31.6875,9.4375,5.34375,5.6875,1.734375,9.484375,155.328125,53.234375,2.0,8.609375,184.203125,40.46875,64.8734359741211,3.046875,100.0078125,4.734375,24.125,0.1692708283662796,0.0,1.0,0.953125,0.0,3,3 2
860,8511.0517578125,6276.421875,5529.3896484375,413.4437561035156,9.65625,0.96875,15.90625,31.8125,9.578125,5.421875,5.59375,1.75,9.46875,158.00936889648438,46.46875,1.96875,8.65625,184.28125,34.484375,64.2281265258789,3.003124952316284,64.484375,5.0,25.0,0.953125,0.171875,0.796875,0.96875,0.0,3,3 2
861,8488.4560546875,6234.5166015625,5498.60791015625,390.44061279296875,9.5625,0.9375,15.875,31.71875,9.421875,5.375,5.65625,1.796875,9.46875,159.42031860351562,52.15625,2.0,8.5625,158.34375,35.609375,68.15937805175781,3.15625,76.390625,4.65625,23.765625,0.1497395783662796,0.0,1.0,0.9375,0.0,3,3 1
862,8259.3271484375,6111.654296875,5390.4443359375,388.1312561035156,9.4375,0.90625,15.59375,31.171875,9.296875,5.171875,5.578125,1.71875,9.40625,150.7156219482422,50.515625,2.0,8.4375,150.734375,33.0,63.20781326293945,2.9781250953674316,99.2734375,4.59375,23.25,0.2734375,0.01302083395421505,1.015625,0.90625,0.0,3,3 2
863,8754.7421875,6466.0126953125,5705.16015625,406.375,9.828125,0.984375,16.359375,32.671875,9.671875,5.65625,5.796875,1.875,9.671875,159.7468719482422,50.859375,2.0,8.828125,143.75,33.625,67.91874694824219,3.231250047683716,104.46875,4.96875,25.0,0.26953125,0.0062500000931322575,0.984375,0.984375,0.0,3,3 2
864,8818.09375,6531.9306640625,5763.5517578125,403.1625061035156,9.90625,1.0,16.46875,32.921875,9.71875,5.765625,5.859375,1.875,9.703125,160.9499969482422,52.359375,2.0,8.90625,125.21875,27.796875,66.640625,3.184375047683716,110.859375,4.890625,25.0,0.244140625,0.0,1.0,1.0,0.0,3,3 2
865,8932.60546875,6594.8134765625,5820.10205078125,405.79376220703125,9.953125,1.015625,16.71875,33.359375,9.84375,5.859375,5.921875,1.984375,9.75,163.40469360351562,51.671875,2.0,8.953125,125.140625,26.140625,69.9390640258789,3.315624952316284,94.3671875,4.90625,25.0,0.234375,0.0,1.0,1.0,0.0,3,3 2
866,8636.876953125,6443.1025390625,5684.2900390625,404.4468688964844,9.8125,0.984375,16.21875,32.359375,9.625,5.46875,5.78125,1.828125,9.65625,155.5078125,50.625,2.0,8.8125,130.265625,29.03125,64.4984359741211,3.1031250953674316,114.3828125,4.8125,24.515625,0.3352864682674408,0.01875000074505806,0.984375,0.984375,0.0,3,3 1
867,8821.828125,6528.66650390625,5760.03662109375,416.96563720703125,9.90625,1.0,16.5625,33.09375,9.828125,5.78125,5.8125,1.953125,9.71875,159.0046844482422,54.25,2.0,8.90625,134.828125,29.296875,67.84687805175781,3.2093749046325684,94.203125,4.875,24.875,0.2311197966337204,0.0,1.0,1.0,0.0,3,3 2
868,8733.861328125,6450.71728515625,5690.4970703125,420.99688720703125,9.8125,0.984375,16.34375,32.640625,9.734375,5.5625,5.859375,1.765625,9.71875,159.1828155517578,54.234375,2.0,8.8125,135.984375,29.3125,67.8984375,3.1812500953674316,104.5703125,4.890625,24.6015625,0.2447916716337204,0.02083333395421505,1.015625,0.984375,0.0,3,3 2
869,8491.138671875,6288.08642578125,5544.14697265625,412.34686279296875,9.65625,0.953125,16.0625,32.078125,9.515625,5.390625,5.75,1.796875,9.625,153.16250610351562,51.875,2.0,8.65625,151.765625,40.90625,63.673439025878906,3.0374999046325684,104.4453125,4.9375,24.875,0.28515625,0.015625,0.984375,0.953125,0.0,3,3 2
870,8494.7197265625,6318.02392578125,5570.017578125,412.3500061035156,9.6875,0.96875,16.03125,32.046875,9.5,5.40625,5.703125,1.84375,9.59375,151.796875,52.984375,1.953125,8.6875,155.59375,43.1875,64.10624694824219,3.0374999046325684,100.40625,4.859375,24.609375,0.2669270932674408,0.015625,1.0,0.96875,0.0,3,3 4
871,8469.154296875,6287.41845703125,5547.61572265625,418.4156188964844,9.640625,0.9375,15.875,31.734375,9.375,5.390625,5.703125,1.78125,9.484375,150.3468780517578,51.765625,2.0,8.640625,151.4375,41.859375,63.185935974121094,3.0093750953674316,120.9453125,4.828125,24.421875,0.3515625,0.03515625,0.96875,0.9375,0.0,3,3 1
872,8848.0048828125,6546.76416015625,5774.6259765625,431.79998779296875,9.921875,1.015625,16.359375,32.6875,9.78125,5.5625,5.796875,1.78125,9.765625,159.1843719482422,52.8125,2.0,8.921875,126.59375,32.359375,68.015625,3.2093749046325684,98.671875,4.984375,24.875,0.185546875,0.0,1.0,1.0,0.0,3,3 2
873,8937.916015625,6576.13037109375,5804.53662109375,427.53125,9.9375,1.0,16.5,32.953125,9.765625,5.71875,5.84375,1.890625,9.734375,163.98593139648438,53.3125,2.0,8.9375,123.171875,33.3125,71.39375305175781,3.3187499046325684,92.40625,5.0,25.0,0.19140625,0.00937500037252903,0.984375,1.0,0.0,3,3 1
874,8639.474609375,6406.05078125,5649.05517578125,429.37188720703125,9.765625,0.984375,16.1875,32.328125,9.59375,5.578125,5.734375,1.84375,9.578125,157.234375,52.5,2.0,8.765625,124.71875,33.09375,64.90312194824219,3.109375,107.046875,4.921875,24.609375,0.2734375,0.0,1.0,0.984375,0.0,3,3 2
875,8712.2236328125,6440.8779296875,5682.9794921875,417.4281311035156,9.78125,0.984375,16.203125,32.359375,9.53125,5.546875,5.765625,1.875,9.640625,158.859375,52.71875,2.0,8.78125,120.796875,29.25,67.2906265258789,3.206249952316284,103.859375,4.84375,24.21875,0.31640625,0.01875000074505806,0.984375,0.96875,0.0,3,3 2
876,8328.486328125,6149.9130859375,5423.07958984375,407.51251220703125,9.46875,0.921875,15.75,31.5,9.3125,5.40625,5.609375,1.828125,9.34375,152.6843719482422,52.40625,1.984375,8.46875,119.984375,26.78125,64.0374984741211,3.028125047683716,97.0,4.765625,23.828125,0.244140625,0.00390625,1.0,0.921875,0.0,3,3 2
877,8455.4404296875,6240.79833984375,5505.47216796875,410.1499938964844,9.59375,0.921875,16.09375,32.140625,9.484375,5.546875,5.78125,1.828125,9.5,153.9375,54.3125,1.953125,8.59375,134.390625,28.75,64.91874694824219,3.1156249046325684,103.53125,5.0,25.0,0.302734375,0.0,1.0,0.921875,0.0,3,3 2
878,8219.63671875,6125.21044921875,5399.61328125,418.07501220703125,9.484375,0.90625,15.828125,31.640625,9.328125,5.359375,5.734375,1.765625,9.453125,151.8671875,53.265625,1.984375,8.484375,147.1875,34.75,61.61406326293945,3.028125047683716,104.1171875,5.0,25.0,0.341796875,0.00911458395421505,1.015625,0.90625,0.0,3,3 1
879,8591.9873046875,6351.58837890625,5600.99755859375,424.2281188964844,9.703125,0.96875,16.046875,32.078125,9.5,5.46875,5.734375,1.828125,9.546875,158.79061889648438,52.90625,1.984375,8.703125,148.640625,30.96875,64.9234390258789,3.1156249046325684,112.2578125,4.921875,24.546875,0.3671875,0.02812499925494194,0.96875,0.96875,0.0,3,3 1
880,8408.1572265625,6189.0849609375,5455.646484375,421.10626220703125,9.515625,0.9375,15.890625,31.734375,9.390625,5.390625,5.703125,1.8125,9.4375,156.0390625,50.90625,2.0,8.515625,147.1875,36.125,66.3578109741211,3.109375,87.2734375,4.84375,24.265625,0.287109375,0.015625,0.984375,0.9375,0.0,3,3 2
881,8383.544921875,6227.12939453125,5489.24072265625,425.12811279296875,9.578125,0.9375,16.046875,32.046875,9.453125,5.53125,5.71875,1.875,9.46875,157.52188110351562,52.703125,2.0,8.578125,121.34375,29.234375,64.984375,3.143749952316284,80.078125,4.921875,24.609375,0.33203125,0.00390625,1.0,0.9375,0.0,3,3 2
882,8614.267578125,6366.1337890625,5616.68212890625,427.01251220703125,9.71875,0.953125,16.140625,32.28125,9.5,5.5625,5.734375,1.90625,9.578125,159.640625,52.59375,2.0,8.71875,130.875,33.40625,67.3203125,3.2437500953674316,94.9609375,4.90625,24.4375,0.3125,0.0,1.015625,0.953125,0.0,3,3 1
883,8010.4033203125,5918.1669921875,5212.07568359375,409.625,9.234375,0.890625,15.390625,30.75,9.0625,5.21875,5.484375,1.859375,9.125,146.9953155517578,48.703125,2.0,8.234375,114.265625,28.578125,61.240623474121094,2.965625047683716,84.421875,4.734375,23.6484375,0.4830729067325592,0.02812499925494194,0.96875,0.890625,0.0,3,3 4
884,8918.87109375,6569.7001953125,5799.1572265625,427.96875,9.921875,1.0,16.46875,32.875,9.734375,5.703125,5.828125,1.90625,9.703125,163.6328125,51.203125,2.0,8.921875,125.765625,31.921875,71.3140640258789,3.356250047683716,98.1171875,4.984375,24.9375,0.265625,0.015625,0.984375,0.984375,0.0,3,3 1
885,8645.46484375,6338.8388671875,5592.1591796875,413.03125,9.671875,0.953125,16.296875,32.578125,9.59375,5.625,5.8125,1.90625,9.640625,160.4562530517578,51.53125,1.984375,8.671875,128.859375,30.703125,69.0390625,3.2281250953674316,86.3671875,4.875,24.5546875,0.1953125,0.0,1.0,0.953125,0.0,3,3 2
886,8773.396484375,6469.1943359375,5710.1884765625,418.078125,9.828125,0.96875,16.34375,32.671875,9.640625,5.65625,5.796875,1.890625,9.6875,161.6046905517578,51.75,2.0,8.828125,122.03125,30.609375,68.6968765258789,3.2562499046325684,100.578125,4.984375,24.9375,0.21484375,0.00390625,1.0,0.96875,0.0,3,3 2
887,8609.9921875,6372.48291015625,5622.41943359375,419.15625,9.734375,0.953125,16.234375,32.375,9.5625,5.5625,5.734375,1.9375,9.578125,158.10000610351562,52.4375,1.96875,8.734375,134.1875,34.65625,66.4984359741211,3.1624999046325684,100.9453125,4.96875,24.8125,0.2473958283662796,0.0,1.0,0.953125,0.0,3,3 1
888,7988.95556640625,5932.5126953125,5226.794921875,405.28436279296875,9.265625,0.875,15.640625,31.28125,9.203125,5.28125,5.640625,1.796875,9.359375,146.3359375,50.5625,2.0,8.265625,120.171875,36.5,61.39531326293945,2.9937500953674316,92.7109375,4.84375,24.5,0.3776041567325592,0.0,1.015625,0.875,0.0,3,3 1
889,8508.994140625,6290.18359375,5547.7041015625,402.2718811035156,9.625,0.953125,16.0625,32.109375,9.515625,5.46875,5.765625,1.78125,9.578125,157.1484375,51.875,2.0,8.625,113.234375,33.921875,67.9437484741211,3.215625047683716,91.84375,4.765625,24.546875,0.25390625,0.0,1.0,0.9375,0.0,3,3 2
890,8426.505859375,6214.423828125,5478.6044921875,408.8374938964844,9.5625,0.9375,15.921875,31.84375,9.390625,5.484375,5.625,1.9375,9.40625,155.3359375,50.328125,1.96875,8.5625,122.21875,34.59375,66.53437805175781,3.1500000953674316,77.640625,4.8125,24.546875,0.392578125,0.01875000074505806,0.96875,0.9375,0.0,3,3 2
891,8949.537109375,6570.09765625,5796.9033203125,422.69061279296875,9.921875,1.015625,16.484375,32.96875,9.71875,5.703125,5.875,1.90625,9.765625,165.17813110351562,51.09375,2.0,8.921875,119.09375,29.296875,72.7265625,3.393749952316284,80.4296875,4.953125,24.8828125,0.15625,0.0,1.0,1.0,0.0,3,3 2
892,8822.4365234375,6475.2861328125,5706.7509765625,424.3062438964844,9.8125,1.03125,16.359375,32.71875,9.640625,5.65625,5.828125,1.9375,9.65625,162.98593139648438,49.375,1.984375,8.8125,121.96875,30.90625,70.59843444824219,3.3062500953674316,80.4453125,5.0,24.9375,0.443359375,0.06875000149011612,0.9375,0.984375,0.0,3,3 1
893,8742.892578125,6444.955078125,5684.7392578125,419.5874938964844,9.8125,0.984375,16.359375,32.6875,9.65625,5.734375,5.734375,1.953125,9.609375,159.21875,49.78125,2.0,8.8125,125.65625,32.8125,68.23750305175781,3.21875,86.9375,5.0,24.9375,0.30078125,0.02500000037252903,0.96875,0.984375,0.0,3,3 2
894,8622.3330078125,6357.525390625,5606.98974609375,415.484375,9.703125,0.96875,16.125,32.25,9.5625,5.5625,5.6875,1.875,9.5625,159.0749969482422,49.3125,1.984375,8.703125,111.84375,33.0,67.7640609741211,3.203125,87.4296875,4.90625,24.609375,0.25390625,0.01875000074505806,1.0,0.953125,0.0,3,3 1
895,8584.08203125,6309.28759765625,5564.09228515625,412.72186279296875,9.65625,0.953125,16.203125,32.40625,9.578125,5.625,5.734375,1.890625,9.578125,158.51406860351562,48.484375,2.0,8.65625,111.21875,31.984375,67.8296890258789,3.1968750953674316,88.9765625,4.96875,24.6015625,0.244140625,0.00390625,1.0,0.953125,0.0,3,3 4
896,8848.9462890625,6502.9150390625,5739.06396484375,420.5406188964844,9.859375,0.984375,16.453125,32.859375,9.65625,5.65625,5.890625,1.90625,9.75,162.5890655517578,50.296875,1.984375,8.859375,127.15625,31.734375,72.0015640258789,3.393749952316284,78.7421875,5.0,24.921875,0.2734375,0.02265625074505806,0.984375,0.984375,0.0,3,3 1
897,8832.671875,6484.95849609375,5725.6337890625,420.6343688964844,9.828125,0.96875,16.421875,32.828125,9.703125,5.765625,5.796875,1.9375,9.625,162.0828094482422,48.734375,2.0,8.828125,112.4375,31.171875,71.7562484741211,3.34375,88.71875,4.921875,24.609375,0.1888020783662796,0.00390625,1.0,0.96875,0.0,3,3 2
898,8696.166015625,6402.32763671875,5644.6171875,419.2718811035156,9.734375,1.0,16.234375,32.421875,9.5625,5.625,5.765625,1.921875,9.546875,158.8937530517578,48.78125,1.984375,8.734375,122.890625,33.84375,71.3031234741211,3.293750047683716,75.046875,4.921875,24.546875,0.412109375,0.05937499925494194,0.9375,0.96875,0.0,3,3 1
899,8918.5234375,6518.7314453125,5743.66650390625,427.30938720703125,9.828125,1.0625,16.390625,32.765625,9.671875,5.765625,5.796875,1.953125,9.578125,165.4296875,47.671875,2.0,8.828125,119.203125,30.40625,75.7718734741211,3.5250000953674316,59.890625,4.984375,24.9453125,0.625,0.09687500447034836,0.921875,0.984375,0.0,3,3 2
900,8979.51953125,6593.2578125,5819.1201171875,428.13751220703125,9.921875,1.015625,16.5625,33.125,9.78125,5.765625,5.859375,1.9375,9.78125,168.64218139648438,51.953125,2.0,8.921875,109.046875,25.03125,76.6109390258789,3.578125,71.6328125,4.96875,25.0,0.33203125,0.02187500149011612,0.96875,0.984375,0.0,3,3 2
901,9089.310546875,6650.13818359375,5869.54150390625,426.37188720703125,9.984375,1.03125,16.75,33.484375,9.890625,5.828125,5.96875,1.875,9.921875,168.01718139648438,51.671875,2.0,8.984375,98.84375,21.84375,76.1968765258789,3.5218749046325684,73.703125,5.0,25.0,0.3828125,0.05312500149011612,0.953125,1.0,0.0,3,3 2
902,8977.685546875,6572.5283203125,5800.9443359375,420.8062438964844,9.890625,1.015625,16.53125,33.0,9.796875,5.765625,5.8125,1.921875,9.703125,166.4375,51.84375,2.0,8.890625,82.640625,18.171875,75.28593444824219,3.4625000953674316,76.3828125,4.875,24.53125,0.13671875,0.0,1.015625,0.984375,0.0,3,3 2
903,9005.1708984375,6615.78369140625,5839.7578125,418.90936279296875,9.96875,1.015625,16.515625,33.03125,9.765625,5.75,5.859375,1.90625,9.75,165.57186889648438,50.40625,2.0,8.96875,78.703125,19.109375,73.5406265258789,3.418750047683716,81.671875,4.984375,24.9375,0.294921875,0.03437500074505806,0.96875,1.0,0.0,3,3 2
904,8651.107421875,6366.60205078125,5615.1982421875,409.67498779296875,9.71875,0.96875,16.296875,32.578125,9.625,5.5625,5.78125,1.875,9.734375,157.75,52.078125,2.0,8.71875,71.171875,16.203125,69.7249984741211,3.2406249046325684,84.8125,4.90625,24.375,0.3059895932674408,0.0,1.0,0.96875,0.0,3,3 1
905,8502.974609375,6281.74365234375,5542.3466796875,399.70623779296875,9.625,0.9375,15.984375,31.9375,9.453125,5.421875,5.71875,1.8125,9.53125,155.20938110351562,52.078125,2.0,8.625,62.6875,13.125,67.4046859741211,3.15625,89.2265625,4.796875,24.4375,0.1888020783662796,0.0,1.015625,0.9375,0.0,3,3 1
906,8359.1103515625,6129.21630859375,5403.39990234375,405.3843688964844,9.4375,0.921875,15.984375,31.96875,9.375,5.46875,5.75,1.875,9.5,155.1999969482422,51.125,2.0,8.4375,65.140625,15.15625,66.94999694824219,3.1656250953674316,86.1875,4.84375,24.5546875,0.302734375,0.02265625074505806,0.984375,0.90625,0.0,3,3 2
907,8542.9140625,6298.6708984375,5554.5498046875,407.2875061035156,9.65625,0.953125,16.0625,32.109375,9.421875,5.453125,5.78125,1.875,9.578125,155.01718139648438,51.53125,1.984375,8.65625,69.734375,18.875,66.87187194824219,3.153125047683716,93.765625,4.921875,24.96875,0.21875,0.012500000186264515,0.984375,0.953125,0.0,3,3 1
908,8622.43359375,6331.32421875,5587.42578125,413.2281188964844,9.671875,0.9375,16.296875,32.578125,9.59375,5.625,5.796875,1.90625,9.65625,158.86563110351562,50.671875,1.953125,8.671875,61.21875,16.28125,70.08906555175781,3.262500047683716,82.9921875,4.984375,25.0,0.205078125,0.01015624962747097,0.984375,0.9375,0.0,3,3 2
909,8782.9951171875,6416.60546875,5655.501953125,417.19061279296875,9.734375,1.015625,16.234375,32.46875,9.5625,5.609375,5.765625,1.90625,9.625,164.20156860351562,49.328125,2.0,8.734375,62.96875,14.375,73.66093444824219,3.3812499046325684,57.9453125,4.859375,24.515625,0.40625,0.0625,0.96875,0.984375,0.0,3,3 1
910,8571.5673828125,6308.7109375,5561.8505859375,415.8687438964844,9.640625,0.96875,15.984375,31.9375,9.515625,5.4375,5.671875,1.796875,9.515625,160.9875030517578,50.390625,2.0,8.640625,60.125,13.78125,69.18281555175781,3.2249999046325684,75.0234375,4.890625,24.375,0.244140625,0.02265625074505806,1.0,0.953125,0.0,3,3 1
911,8725.8935546875,6384.3330078125,5630.1123046875,425.29998779296875,9.703125,0.984375,16.15625,32.296875,9.53125,5.515625,5.75,1.859375,9.640625,163.67343139648438,49.1875,1.96875,8.703125,66.3125,16.5625,72.40312194824219,3.371875047683716,74.859375,4.921875,24.546875,0.33203125,0.04140625149011612,0.96875,0.953125,0.0,3,3 2
912,8981.068359375,6548.4521484375,5777.5732421875,428.73748779296875,9.859375,1.015625,16.609375,33.21875,9.796875,5.78125,5.875,1.953125,9.8125,170.7531280517578,49.984375,2.0,8.859375,62.0,13.828125,76.0609359741211,3.5062499046325684,67.1953125,4.921875,24.546875,0.37109375,0.03750000149011612,0.96875,0.984375,0.0,3,3 1
913,8777.181640625,6463.66552734375,5702.21484375,430.5406188964844,9.8125,0.984375,16.4375,32.84375,9.65625,5.75,5.8125,1.953125,9.671875,163.38906860351562,50.0,2.0,8.8125,67.8125,15.75,69.10469055175781,3.2874999046325684,93.2265625,5.0,24.8671875,0.322265625,0.01875000074505806,0.984375,0.96875,0.0,3,3 1
914,8957.431640625,6558.38134765625,5784.46533203125,437.34375,9.875,1.03125,16.46875,32.921875,9.765625,5.734375,5.8125,1.890625,9.71875,168.6609344482422,50.53125,2.0,8.875,58.90625,13.65625,72.73124694824219,3.3687500953674316,83.84375,4.90625,24.5546875,0.3450520932674408,0.05624999850988388,0.96875,0.984375,0.0,3,3 2
915,8540.3984375,6263.7412109375,5520.1572265625,425.7718811035156,9.578125,0.96875,16.078125,32.15625,9.40625,5.484375,5.796875,1.921875,9.546875,160.9328155517578,50.390625,2.0,8.578125,63.265625,14.84375,70.3046875,3.3031249046325684,74.7265625,4.90625,24.609375,0.3046875,0.02578124962747097,1.0,0.9375,0.0,3,3 1
916,8672.6259765625,6369.88623046875,5614.9521484375,435.5687561035156,9.703125,0.984375,16.34375,32.671875,9.609375,5.5625,5.875,1.875,9.75,163.84530639648438,51.703125,2.0,8.703125,60.171875,11.40625,69.5765609741211,3.234375,78.3671875,4.890625,24.609375,0.220703125,0.00937500037252903,0.984375,0.984375,0.0,3,3 2
917,8824.3603515625,6490.9755859375,5724.8447265625,435.9156188964844,9.84375,1.0,16.40625,32.765625,9.6875,5.65625,5.828125,1.875,9.71875,164.5343780517578,52.34375,2.0,8.84375,60.296875,11.765625,70.48124694824219,3.3343749046325684,86.34375,5.0,24.8203125,0.224609375,0.0,1.0,1.0,0.0,3,3 2
918,8553.63671875,6297.9638671875,5553.5791015625,427.74688720703125,9.640625,0.953125,15.96875,31.921875,9.4375,5.421875,5.734375,1.8125,9.515625,159.3156280517578,51.1875,2.0,8.640625,62.734375,11.71875,67.51094055175781,3.203125,83.3828125,4.921875,24.5546875,0.2805989682674408,0.00937500037252903,1.0,0.953125,0.0,3,3 2
919,8268.6396484375,6083.818359375,5363.6962890625,414.015625,9.390625,0.90625,15.765625,31.515625,9.296875,5.28125,5.71875,1.78125,9.4375,154.07186889648438,52.5,2.0,8.390625,62.046875,11.46875,66.19999694824219,3.121875047683716,82.75,4.84375,24.21875,0.2701822817325592,0.0,1.015625,0.90625,0.0,3,3 1
920,8858.0419921875,6503.6025390625,5740.3701171875,416.9281311035156,9.84375,0.984375,16.515625,33.0,9.703125,5.734375,5.90625,1.921875,9.734375,164.2703094482422,52.3125,2.0,8.84375,56.0,10.765625,72.2828140258789,3.362499952316284,87.9609375,4.96875,24.890625,0.166015625,0.0,1.015625,0.96875,0.0,3,3 2
921,8736.3779296875,6430.3740234375,5674.66259765625,414.2250061035156,9.78125,0.96875,16.296875,32.5625,9.609375,5.625,5.78125,1.90625,9.640625,160.09375,51.359375,2.0,8.78125,55.609375,11.046875,68.99531555175781,3.221874952316284,97.2109375,4.921875,24.609375,0.19140625,0.0062500000931322575,1.0,0.96875,0.0,3,3 1
922,9035.5830078125,6631.5283203125,5856.34130859375,416.2749938964844,9.984375,1.0,16.75,33.484375,9.890625,5.8125,5.90625,1.9375,9.9375,167.4187469482422,52.84375,2.0,8.984375,57.640625,11.859375,72.48750305175781,3.340625047683716,92.25,5.0,24.9375,0.197265625,0.015625,0.984375,1.0,0.0,3,3 2
923,8329.3515625,6182.30615234375,5445.70361328125,392.95623779296875,9.5625,0.953125,15.859375,31.703125,9.25,5.375,5.703125,1.96875,9.40625,149.140625,49.875,2.0,8.5625,54.546875,11.5,61.068748474121094,2.9312500953674316,96.21875,5.0,25.0,0.15625,0.0,1.0,0.953125,0.0,3,3 2
924,8427.501953125,6249.6142578125,5503.65478515625,394.59375,9.625,0.984375,16.125,32.1875,9.515625,5.515625,5.75,1.9375,9.46875,149.28750610351562,48.28125,1.984375,8.625,61.4375,12.671875,62.91875076293945,2.9749999046325684,86.96875,5.0,25.0,0.15625,0.0,1.015625,0.984375,0.0,3,3 1
925,8523.501953125,6322.46240234375,5574.47119140625,397.49688720703125,9.6875,0.96875,16.078125,32.109375,9.453125,5.484375,5.765625,1.84375,9.5625,153.6671905517578,49.890625,2.0,8.6875,65.703125,13.09375,64.3421859741211,3.0531249046325684,93.9140625,4.890625,24.546875,0.2018229216337204,0.0,1.015625,0.96875,0.0,3,3 2
926,8765.181640625,6501.7587890625,5737.7197265625,415.9750061035156,9.875,0.984375,16.5,33.0,9.6875,5.78125,5.875,1.9375,9.71875,158.6609344482422,50.890625,1.984375,8.875,73.96875,17.234375,65.1859359741211,3.125,123.4453125,5.0,25.0,0.33984375,0.03281249850988388,0.96875,0.984375,0.0,3,3 1
927,8777.3525390625,6459.76806640625,5699.5703125,411.8125,9.8125,0.984375,16.390625,32.734375,9.640625,5.71875,5.796875,1.9375,9.640625,160.06875610351562,50.75,2.0,8.8125,69.90625,13.625,68.46875,3.171875,89.21875,4.921875,24.5546875,0.068359375,0.0,1.03125,0.984375,0.0,3,3 2
928,8855.7041015625,6547.28466796875,5775.98828125,413.05938720703125,9.90625,1.015625,16.546875,33.09375,9.765625,5.734375,5.890625,1.921875,9.78125,160.7578125,50.046875,2.0,8.90625,69.09375,15.078125,68.4749984741211,3.2437500953674316,107.0,5.0,24.9375,0.353515625,0.03828125074505806,0.96875,1.0,0.0,3,3 2
929,8420.5146484375,6235.6826171875,5499.9189453125,402.8500061035156,9.5625,0.9375,16.03125,32.046875,9.453125,5.53125,5.703125,1.875,9.484375,154.8093719482422,48.203125,2.0,8.5625,57.609375,12.71875,65.57344055175781,3.0875000953674316,98.3828125,4.921875,24.546875,0.17578125,0.0,1.0,0.9375,0.0,3,3 1
930,8457.1611328125,6259.8701171875,5517.81494140625,400.36248779296875,9.625,0.953125,16.0,31.984375,9.53125,5.53125,5.640625,1.84375,9.4375,155.80624389648438,47.734375,1.984375,8.625,54.484375,11.328125,65.05781555175781,3.1187500953674316,86.8984375,5.0,24.9375,0.29296875,0.0,1.0,0.953125,0.0,3,3 2
931,8546.83203125,6301.4033203125,5559.2158203125,409.1499938964844,9.65625,0.9375,16.0625,32.09375,9.515625,5.484375,5.734375,1.828125,9.53125,157.8515625,48.34375,2.0,8.65625,51.671875,11.484375,67.0234375,3.174999952316284,98.3203125,4.984375,24.609375,0.21484375,0.0078125,1.0,0.9375,0.0,3,3 1
932,8141.8369140625,6022.7666015625,5308.6005859375,396.12811279296875,9.359375,0.890625,15.6875,31.328125,9.265625,5.3125,5.625,1.765625,9.359375,149.13906860351562,48.65625,1.984375,8.359375,56.828125,12.265625,62.046875,2.9906249046325684,94.765625,4.921875,24.578125,0.302734375,0.0,1.0,0.890625,0.0,3,3 1
933,8614.078125,6350.68603515625,5600.41162109375,409.5093688964844,9.703125,0.96875,16.15625,32.3125,9.546875,5.515625,5.765625,1.859375,9.625,158.27188110351562,48.109375,2.0,8.703125,57.640625,13.6875,66.55000305175781,3.1312499046325684,98.8125,4.921875,24.546875,0.306640625,0.00937500037252903,1.0,0.96875,0.0,3,3 2
934,8389.8427734375,6185.3173828125,5455.15478515625,399.3374938964844,9.515625,0.921875,15.9375,31.859375,9.40625,5.453125,5.6875,1.84375,9.46875,154.8312530517578,48.0625,2.0,8.515625,58.8125,12.828125,65.3734359741211,3.109375,86.8828125,4.84375,24.21875,0.2376302033662796,0.0,1.015625,0.921875,0.0,3,3 1
935,8956.4423828125,6588.70068359375,5815.8505859375,420.84063720703125,9.953125,1.0,16.578125,33.125,9.765625,5.75,5.890625,1.90625,9.8125,166.0109405517578,49.953125,2.0,8.953125,62.046875,12.25,70.4593734741211,3.28125,91.765625,5.0,25.0,0.1171875,0.0,1.0,1.0,0.0,3,3 2
936,8902.7607421875,6538.45654296875,5769.33056640625,422.73126220703125,9.890625,1.0,16.46875,32.875,9.75,5.71875,5.8125,1.90625,9.6875,167.0500030517578,48.6875,2.0,8.890625,60.171875,10.859375,71.97187805175781,3.375,84.203125,4.984375,24.9375,0.25,0.0062500000931322575,0.984375,1.0,0.0,3,3 2
937,8550.8662109375,6269.732421875,5529.6787109375,412.4125061035156,9.578125,0.953125,15.875,31.734375,9.40625,5.34375,5.671875,1.796875,9.515625,159.68905639648438,47.765625,2.0,8.578125,66.765625,12.671875,69.1578140258789,3.2125000953674316,82.0234375,4.75,23.703125,0.2109375,0.00937500037252903,1.0,0.953125,0.0,3,3 4
938,8667.7177734375,6371.8466796875,5618.18603515625,419.4468688964844,9.703125,0.984375,16.078125,32.125,9.484375,5.46875,5.78125,1.828125,9.5625,162.4109344482422,48.765625,2.0,8.703125,50.28125,8.796875,68.75312805175781,3.25,87.796875,4.90625,24.4921875,0.2239583283662796,0.00937500037252903,0.984375,0.96875,0.0,3,3 2
939,8742.7265625,6429.1142578125,5670.27734375,423.328125,9.78125,0.984375,16.203125,32.34375,9.59375,5.625,5.6875,1.90625,9.53125,163.0859375,49.203125,2.0,8.78125,46.515625,8.0,70.54374694824219,3.2874999046325684,80.71875,5.0,24.890625,0.19140625,0.00937500037252903,0.984375,0.984375,0.0,3,3 2
940,8891.7861328125,6531.0205078125,5765.2802734375,423.0874938964844,9.875,0.984375,16.59375,33.1875,9.796875,5.8125,5.875,1.953125,9.75,165.8874969482422,48.734375,2.0,8.875,55.375,9.859375,72.5546875,3.403125047683716,86.6015625,5.0,25.0,0.21484375,0.0,1.0,0.984375,0.0,3,3 2
941,8842.6318359375,6486.3125,5725.94580078125,426.8218688964844,9.828125,0.96875,16.53125,33.046875,9.78125,5.765625,5.84375,1.90625,9.75,165.6218719482422,49.578125,2.0,8.828125,53.34375,9.375,71.97969055175781,3.390625,84.1640625,5.0,25.0,0.25390625,0.0,1.0,0.96875,0.0,3,3 2
942,8646.431640625,6342.0302734375,5594.3642578125,424.7281188964844,9.671875,0.953125,16.296875,32.578125,9.609375,5.59375,5.828125,1.859375,9.6875,163.9890594482422,48.453125,2.0,8.671875,55.40625,9.0,70.02656555175781,3.328125,83.3046875,5.0,24.9453125,0.283203125,0.0,1.0,0.953125,0.0,3,3 1
943,8731.837890625,6396.5927734375,5645.25244140625,417.40313720703125,9.734375,0.953125,16.296875,32.578125,9.671875,5.640625,5.78125,1.84375,9.640625,164.78750610351562,47.59375,1.984375,8.734375,50.796875,9.484375,71.7750015258789,3.34375,79.875,5.0,25.0,0.185546875,0.0,1.0,0.953125,0.0,3,3 1
944,8551.7861328125,6309.166015625,5566.4697265625,410.0531311035156,9.65625,0.9375,16.171875,32.328125,9.578125,5.546875,5.8125,1.765625,9.625,159.3093719482422,48.203125,2.0,8.65625,48.28125,8.75,67.6656265258789,3.206249952316284,95.109375,4.96875,24.9453125,0.2408854216337204,0.0,1.015625,0.9375,0.0,3,3 2
945,8613.4248046875,6315.08984375,5570.00146484375,413.109375,9.640625,0.953125,16.203125,32.390625,9.578125,5.578125,5.78125,1.84375,9.609375,163.06094360351562,49.171875,2.0,8.640625,44.203125,6.609375,70.88749694824219,3.3531250953674316,79.0,4.9375,24.9453125,0.244140625,0.0,1.015625,0.9375,0.0,3,3 4
946,8597.7880859375,6296.87890625,5552.66552734375,416.09063720703125,9.625,0.953125,16.09375,32.171875,9.515625,5.515625,5.734375,1.84375,9.5625,164.12655639648438,46.125,2.0,8.625,40.609375,6.625,68.63594055175781,3.215625047683716,77.7578125,4.921875,24.609375,0.365234375,0.03437500074505806,0.953125,0.9375,0.0,3,3 2
947,8552.7412109375,6287.6220703125,5542.6533203125,412.9906311035156,9.609375,0.96875,16.109375,32.21875,9.484375,5.5,5.765625,1.859375,9.609375,159.984375,46.1875,2.0,8.609375,39.921875,7.84375,66.6578140258789,3.159374952316284,87.6484375,4.890625,24.609375,0.302734375,0.01875000074505806,0.984375,0.953125,0.0,3,3 2
948,8688.8720703125,6382.94091796875,5627.56640625,421.0218811035156,9.71875,0.984375,16.296875,32.578125,9.5625,5.625,5.828125,1.921875,9.640625,164.0343780517578,47.28125,1.96875,8.71875,43.65625,8.53125,69.6796875,3.278125047683716,85.0390625,5.0,25.0,0.263671875,0.01875000074505806,0.984375,0.96875,0.0,3,3 1
949,8750.828125,6400.4892578125,5650.2119140625,414.7562561035156,9.71875,0.953125,16.25,32.5,9.609375,5.546875,5.8125,1.828125,9.703125,165.05624389648438,46.90625,2.0,8.71875,49.0,10.078125,71.34687805175781,3.25,83.578125,4.828125,24.109375,0.12890625,0.015625,1.0,0.953125,0.0,3,3 1
950,8553.5654296875,6288.19384765625,5542.5908203125,410.7562561035156,9.625,0.96875,16.03125,32.03125,9.515625,5.46875,5.703125,1.8125,9.53125,159.5421905517578,44.953125,2.0,8.625,44.390625,7.953125,67.45625305175781,3.184375047683716,83.65625,4.90625,24.609375,0.384765625,0.03750000149011612,0.96875,0.96875,0.0,3,3 2
951,8786.642578125,6416.26708984375,5663.755859375,413.6499938964844,9.75,0.953125,16.328125,32.609375,9.671875,5.59375,5.828125,1.8125,9.703125,166.3640594482422,48.40625,2.0,8.75,49.21875,10.109375,73.4390640258789,3.409374952316284,71.5546875,5.0,25.0,0.1953125,0.0,1.0,0.953125,0.0,3,3 2
952,8986.1953125,6599.58740234375,5826.3935546875,415.109375,9.953125,1.0,16.75,33.5,9.890625,5.828125,5.9375,1.921875,9.921875,166.9578094482422,46.921875,2.0,8.953125,61.015625,12.46875,71.46875,3.325000047683716,92.03125,5.0,25.0,0.185546875,0.0,1.0,1.0,0.0,3,3 2
953,8801.67578125,6487.3701171875,5722.50146484375,411.0625,9.84375,1.0,16.40625,32.796875,9.6875,5.65625,5.859375,1.859375,9.734375,161.6609344482422,43.6875,2.0,8.84375,57.3125,10.890625,69.6640625,3.315624952316284,90.4296875,5.0,24.9375,0.322265625,0.01875000074505806,1.0,0.984375,0.0,3,3 2
954,8793.8984375,6449.73828125,5692.93017578125,415.921875,9.78125,0.96875,16.359375,32.71875,9.734375,5.59375,5.8125,1.8125,9.765625,165.2062530517578,42.640625,2.0,8.78125,58.46875,12.546875,71.97187805175781,3.3656249046325684,75.140625,4.84375,24.21875,0.2734375,0.00390625,0.984375,0.96875,0.0,3,3 2
955,8741.91015625,6423.5224609375,5663.84130859375,418.65625,9.75,1.0,16.390625,32.78125,9.703125,5.65625,5.8125,1.890625,9.71875,163.00155639648438,41.46875,2.0,8.75,71.375,14.484375,69.46875,3.2593750953674316,89.53125,4.921875,24.609375,0.5032551884651184,0.05703125149011612,0.9375,0.96875,0.0,3,3 2
956,8694.9296875,6366.04443359375,5615.224609375,418.484375,9.6875,0.96875,16.34375,32.6875,9.640625,5.625,5.828125,1.875,9.71875,162.9328155517578,40.421875,2.0,8.6875,84.578125,20.015625,70.76094055175781,3.3031249046325684,83.0703125,4.921875,24.546875,0.451171875,0.03437500074505806,0.96875,0.953125,0.0,3,3 2
957,8814.8828125,6465.3095703125,5704.56982421875,420.92498779296875,9.796875,0.984375,16.484375,32.9375,9.71875,5.671875,5.90625,1.84375,9.796875,165.72500610351562,41.265625,2.0,8.796875,100.09375,22.578125,70.9468765258789,3.3343749046325684,87.453125,4.921875,24.59375,0.24609375,0.0031250000465661287,0.984375,0.96875,0.0,3,3 2
958,8906.716796875,6497.5205078125,5732.72216796875,427.26873779296875,9.8125,1.0,16.4375,32.84375,9.703125,5.6875,5.859375,1.875,9.71875,168.63906860351562,40.53125,2.0,8.8125,110.1875,21.828125,74.31718444824219,3.3968749046325684,70.6015625,4.921875,24.4921875,0.205078125,0.01875000074505806,0.984375,0.984375,0.0,3,3 2
959,8955.3271484375,6600.3916015625,5824.3466796875,430.17498779296875,9.953125,1.015625,16.6875,33.375,9.828125,5.84375,5.9375,1.921875,9.84375,167.08749389648438,41.40625,2.0,8.953125,115.296875,20.71875,71.0999984741211,3.3343749046325684,88.5625,4.96875,25.015625,0.255859375,0.012500000186264515,1.0,1.0,0.0,3,3 2
960,9117.990234375,6649.24072265625,5866.1806640625,427.8968811035156,9.96875,1.046875,16.703125,33.40625,9.875,5.875,5.90625,1.921875,9.828125,173.2890625,42.921875,2.0,8.96875,130.90625,21.21875,77.4156265258789,3.5531249046325684,62.296875,4.953125,25.0,0.126953125,0.00390625,1.0,1.0,0.0,3,3 1
961,8591.1259765625,6279.7998046875,5537.52783203125,422.54998779296875,9.59375,0.953125,16.25,32.453125,9.578125,5.5625,5.796875,1.875,9.640625,160.9484405517578,41.109375,2.0,8.59375,122.921875,20.484375,70.4000015258789,3.265625,74.25,4.90625,24.609375,0.2083333283662796,0.00390625,1.0,0.953125,0.0,3,3 2
962,8287.33984375,6043.259765625,5319.3134765625,413.60626220703125,9.359375,0.9375,15.828125,31.640625,9.3125,5.3125,5.671875,1.875,9.46875,157.3328094482422,40.328125,2.0,8.359375,136.46875,24.71875,67.7718734741211,3.1781249046325684,62.703125,5.0,24.875,0.25,0.00937500037252903,0.984375,0.9375,0.0,3,3 1
963,8974.876953125,6518.10400390625,5753.6552734375,433.61248779296875,9.828125,0.984375,16.65625,33.3125,9.796875,5.796875,5.921875,1.9375,9.859375,171.8874969482422,42.796875,2.0,8.828125,167.953125,32.53125,75.9671859741211,3.465625047683716,67.6640625,4.921875,24.609375,0.283203125,0.03750000149011612,0.96875,0.96875,0.0,3,3 2
964,8406.720703125,6178.921875,5440.5048828125,428.30938720703125,9.515625,0.96875,15.828125,31.65625,9.359375,5.421875,5.578125,1.90625,9.390625,155.41250610351562,41.609375,2.0,8.515625,188.03125,35.890625,65.8187484741211,3.128124952316284,83.09375,4.984375,24.8125,0.458984375,0.06093750149011612,0.953125,0.9375,0.0,3,3 1
965,8771.7529296875,6392.109375,5632.189453125,425.20001220703125,9.703125,1.015625,16.3125,32.625,9.640625,5.59375,5.828125,1.875,9.6875,165.8390655517578,42.8125,2.0,8.703125,213.5625,43.21875,72.6859359741211,3.34375,68.1328125,4.859375,24.4921875,0.3046875,0.04453125223517418,0.953125,0.96875,0.0,3,3 4
966,8868.1376953125,6478.1845703125,5716.982421875,429.421875,9.796875,0.984375,16.359375,32.71875,9.65625,5.625,5.828125,1.890625,9.71875,168.2687530517578,41.234375,2.0,8.796875,222.5,50.015625,72.71562194824219,3.3499999046325684,78.609375,4.90625,24.609375,0.1953125,0.01875000074505806,0.984375,0.96875,0.0,3,3 2
967,8792.462890625,6412.8486328125,5657.9873046875,431.875,9.734375,0.96875,16.359375,32.71875,9.65625,5.640625,5.8125,1.890625,9.71875,167.35311889648438,43.375,2.0,8.734375,196.484375,43.03125,72.48124694824219,3.3187499046325684,74.46875,4.90625,24.609375,0.234375,0.0234375,1.0,0.953125,0.0,3,3 2
968,8900.2236328125,6533.7080078125,5752.8740234375,436.8999938964844,9.828125,1.09375,16.46875,32.921875,9.765625,5.640625,5.875,1.828125,9.8125,167.234375,42.109375,2.0,8.828125,213.125,48.703125,73.0453109741211,3.434375047683716,78.8359375,5.0,24.9375,0.65625,0.09375,0.90625,0.96875,0.0,3,3 2
969,8892.9296875,6528.7919921875,5760.228515625,436.12188720703125,9.875,1.0,16.609375,33.21875,9.796875,5.78125,5.890625,1.921875,9.828125,165.3390655517578,45.71875,2.0,8.875,208.453125,51.25,71.0953140258789,3.3125,88.5859375,5.0,24.8828125,0.263671875,0.02265625074505806,0.984375,0.984375,0.0,3,3 2
970,8774.3388671875,6399.1083984375,5648.31787109375,421.66876220703125,9.71875,0.953125,16.359375,32.71875,9.625,5.65625,5.828125,1.90625,9.703125,165.5359344482422,45.578125,2.0,8.71875,180.90625,38.078125,72.49687194824219,3.328125,74.390625,4.921875,24.5546875,0.13671875,0.0,1.0,0.953125,0.0,3,3 2
971,8920.8623046875,6523.3662109375,5756.0390625,421.59686279296875,9.859375,1.0,16.515625,33.0,9.8125,5.703125,5.875,1.828125,9.78125,167.140625,43.828125,2.0,8.859375,165.90625,35.0625,73.85624694824219,3.4124999046325684,74.78125,5.0,25.0,0.244140625,0.01875000074505806,0.984375,0.984375,0.0,3,3 2
972,8931.033203125,6506.9033203125,5741.5361328125,411.109375,9.828125,1.0,16.53125,33.015625,9.765625,5.671875,5.890625,1.859375,9.828125,168.2421875,44.1875,2.0,8.828125,140.265625,30.828125,75.20780944824219,3.4312500953674316,68.0234375,5.0,24.9375,0.17578125,0.01875000074505806,0.984375,0.984375,0.0,3,3 2
973,8773.44921875,6432.748046875,5672.1923828125,411.34375,9.765625,1.0,16.40625,32.78125,9.6875,5.6875,5.828125,1.890625,9.6875,163.69686889648438,40.078125,2.0,8.765625,147.921875,31.609375,71.52030944824219,3.34375,75.8359375,5.0,24.9375,0.2734375,0.02265625074505806,0.984375,0.96875,0.0,3,3 2
974,8611.876953125,6349.60693359375,5599.22509765625,404.78436279296875,9.703125,0.96875,16.296875,32.578125,9.625,5.578125,5.828125,1.84375,9.703125,158.0968780517578,43.609375,2.0,8.703125,135.921875,26.328125,67.13749694824219,3.1875,92.4375,5.0,24.96875,0.234375,0.00390625,1.0,0.96875,0.0,3,3 2
975,8692.8310546875,6376.30078125,5624.25830078125,409.2437438964844,9.71875,0.96875,16.265625,32.484375,9.609375,5.59375,5.796875,1.828125,9.65625,161.7140655517578,44.140625,2.0,8.71875,139.453125,23.96875,69.71875,3.2562499046325684,84.84375,5.0,24.9375,0.166015625,0.00390625,1.0,0.96875,0.0,3,3 2
976,8811.591796875,6465.29443359375,5703.0703125,409.1625061035156,9.796875,1.0,16.4375,32.859375,9.765625,5.65625,5.84375,1.84375,9.75,162.5656280517578,40.9375,2.0,8.796875,145.328125,25.4375,72.1500015258789,3.3656249046325684,83.3125,5.0,25.0,0.357421875,0.03593750298023224,0.96875,0.96875,0.0,3,3 2
977,8720.3212890625,6399.484375,5645.7509765625,405.5687561035156,9.75,0.96875,16.3125,32.625,9.671875,5.609375,5.8125,1.828125,9.703125,160.78280639648438,42.84375,1.984375,8.75,143.671875,23.390625,70.2984390258789,3.2718749046325684,81.9453125,4.984375,24.9375,0.166015625,0.00390625,1.0,0.96875,0.0,3,3 2
978,8890.5595703125,6550.00341796875,5783.2998046875,413.671875,9.90625,0.984375,16.53125,33.015625,9.8125,5.671875,5.90625,1.796875,9.828125,163.08438110351562,42.59375,2.0,8.90625,145.25,23.90625,71.51875305175781,3.390625,91.78125,4.984375,25.0,0.2734375,0.0,1.0,0.984375,0.0,3,3 2
979,8861.2880859375,6517.06005859375,5750.91015625,406.5062561035156,9.859375,1.0,16.6875,33.375,9.828125,5.8125,5.9375,1.9375,9.859375,161.20468139648438,40.796875,2.0,8.859375,141.21875,22.796875,72.0687484741211,3.4000000953674316,83.71875,4.984375,25.0,0.33203125,0.01171875,0.984375,0.984375,0.0,3,3 2
980,8752.3564453125,6467.2802734375,5706.7451171875,401.04998779296875,9.828125,0.984375,16.40625,32.765625,9.734375,5.640625,5.8125,1.84375,9.734375,158.3562469482422,44.59375,2.0,8.828125,139.59375,22.328125,68.67655944824219,3.2406249046325684,93.4921875,4.859375,24.546875,0.224609375,0.0,1.0,0.984375,0.0,3,3 2
981,8856.498046875,6517.3115234375,5753.9541015625,408.828125,9.859375,0.984375,16.5,32.984375,9.78125,5.78125,5.8125,1.90625,9.703125,161.27969360351562,44.046875,2.0,8.859375,131.34375,21.4375,71.4203109741211,3.331249952316284,85.0859375,4.921875,24.609375,0.3125,0.0,1.0,0.984375,0.0,3,3 2
982,9045.0185546875,6635.76416015625,5854.126953125,411.29998779296875,9.96875,1.046875,16.78125,33.484375,9.921875,5.859375,5.921875,1.953125,9.828125,167.27969360351562,44.390625,2.0,8.96875,151.671875,26.09375,73.65937805175781,3.409374952316284,81.078125,4.96875,25.0,0.3515625,0.04609375074505806,0.96875,1.0,0.0,3,3 1
983,9118.4365234375,6665.63671875,5886.462890625,415.04998779296875,10.0,1.015625,16.640625,33.25,9.890625,5.8125,5.90625,1.84375,9.796875,171.8984375,44.078125,2.0,9.0,139.453125,25.03125,76.83125305175781,3.5687499046325684,75.84375,5.0,25.0625,0.2734375,0.015625,0.984375,1.0,0.0,3,3 2
984,8800.0205078125,6458.662109375,5701.40380859375,401.7281188964844,9.796875,0.96875,16.4375,32.875,9.734375,5.703125,5.796875,1.90625,9.734375,163.99374389648438,46.421875,2.0,8.796875,137.421875,23.625,72.0953140258789,3.378124952316284,76.3984375,4.859375,24.5546875,0.296875,0.00937500037252903,1.0,0.96875,0.0,3,3 1
985,8901.95703125,6539.7255859375,5771.92431640625,408.95001220703125,9.875,1.0,16.546875,33.0625,9.734375,5.796875,5.84375,1.953125,9.734375,166.32968139648438,46.1875,2.0,8.875,164.671875,28.984375,73.33906555175781,3.403125047683716,75.4921875,4.90625,24.609375,0.1712239533662796,0.0031250000465661287,1.0,0.984375,0.0,3,3 1
986,9010.025390625,6576.52490234375,5805.7900390625,411.1000061035156,9.90625,1.0,16.65625,33.28125,9.859375,5.71875,5.9375,1.859375,9.90625,170.6374969482422,46.234375,2.0,8.90625,193.15625,34.34375,75.3218765258789,3.4749999046325684,72.765625,5.0,24.9375,0.25390625,0.02265625074505806,0.984375,0.984375,0.0,3,3 2
987,8844.021484375,6475.77783203125,5717.16015625,408.10626220703125,9.8125,0.96875,16.484375,32.96875,9.765625,5.703125,5.796875,1.9375,9.765625,164.75155639648438,47.078125,2.0,8.8125,160.40625,30.203125,72.63594055175781,3.3375000953674316,79.0078125,4.921875,24.484375,0.15625,0.0,1.015625,0.96875,0.0,3,3 1
988,8669.623046875,6340.21728515625,5586.9921875,404.9312438964844,9.65625,1.0,16.25,32.5,9.59375,5.578125,5.78125,1.875,9.671875,162.23593139648438,44.078125,2.0,8.65625,154.359375,27.109375,71.1875,3.278125047683716,70.3125,4.890625,24.609375,0.4921875,0.05312500149011612,0.9375,0.96875,0.0,3,3 1
989,8607.4619140625,6279.92724609375,5540.54296875,403.71875,9.59375,0.9375,16.15625,32.296875,9.515625,5.53125,5.734375,1.890625,9.625,162.9734344482422,46.515625,2.0,8.59375,142.3125,22.953125,69.55781555175781,3.1781249046325684,76.5859375,4.84375,24.15625,0.1204427108168602,0.0,1.0,0.9375,0.0,3,3 2
990,8931.3427734375,6516.01513671875,5750.7177734375,409.578125,9.828125,1.0,16.46875,32.9375,9.71875,5.6875,5.859375,1.921875,9.75,168.80624389648438,46.421875,2.0,8.828125,133.234375,25.953125,74.30000305175781,3.40625,76.0,4.921875,24.609375,0.205078125,0.01875000074505806,0.984375,0.984375,0.0,3,3 1
991,8876.1123046875,6504.8359375,5738.90185546875,410.23748779296875,9.84375,1.0,16.5,32.984375,9.734375,5.65625,5.890625,1.90625,9.796875,166.67343139648438,46.015625,2.0,8.84375,131.828125,25.203125,71.96562194824219,3.375,84.234375,5.0,25.0,0.29296875,0.01875000074505806,0.984375,0.984375,0.0,3,3 2
992,8902.4248046875,6528.7607421875,5763.19775390625,411.3656311035156,9.875,0.984375,16.5625,33.125,9.78125,5.734375,5.90625,1.890625,9.8125,167.203125,47.1875,2.0,8.875,121.078125,23.625,71.4515609741211,3.3499999046325684,92.1171875,5.0,25.0,0.21484375,0.0,1.015625,0.984375,0.0,3,3 2
993,8552.9091796875,6291.4130859375,5549.90625,404.3187561035156,9.640625,0.9375,16.09375,32.1875,9.53125,5.5,5.71875,1.84375,9.59375,159.7375030517578,46.421875,2.0,8.640625,111.953125,21.53125,67.55937194824219,3.1781249046325684,90.328125,5.0,24.9375,0.21484375,0.0,1.015625,0.9375,0.0,3,3 1
994,8735.0654296875,6385.3603515625,5631.1611328125,407.84375,9.703125,0.984375,16.296875,32.59375,9.640625,5.578125,5.8125,1.859375,9.703125,164.90469360351562,47.546875,2.0,8.703125,127.46875,26.125,70.4828109741211,3.253124952316284,79.1484375,4.921875,24.609375,0.13671875,0.0,1.0,0.96875,0.0,3,3 2
995,9006.69921875,6570.2548828125,5802.11181640625,412.99688720703125,9.90625,0.984375,16.75,33.5,9.890625,5.875,5.890625,1.96875,9.875,168.76718139648438,48.453125,2.0,8.90625,133.59375,28.734375,74.87031555175781,3.4124999046325684,75.0234375,5.0,25.0,0.1171875,0.00390625,1.0,0.984375,0.0,3,3 2
996,8761.3876953125,6449.7998046875,5687.7080078125,408.03125,9.796875,1.0,16.421875,32.84375,9.734375,5.640625,5.796875,1.890625,9.78125,162.1953125,47.625,2.0,8.796875,138.8125,27.75,69.46406555175781,3.2874999046325684,86.1171875,5.0,24.875,0.25390625,0.0,1.0,0.984375,0.0,3,3 2
997,8926.40625,6557.40087890625,5789.85009765625,406.25,9.90625,0.984375,16.703125,33.328125,9.859375,5.78125,5.9375,1.90625,9.84375,167.1218719482422,47.4375,2.0,8.90625,141.5,33.171875,70.9234390258789,3.340625047683716,94.7578125,5.0,25.0,0.234375,0.0,1.0,0.984375,0.0,3,3 4
998,8908.5087890625,6563.4189453125,5792.63818359375,413.60626220703125,9.921875,1.0,16.6875,33.34375,9.875,5.796875,5.859375,1.96875,9.84375,164.91250610351562,42.953125,2.0,8.921875,137.0625,28.5,69.3531265258789,3.2750000953674316,102.609375,5.0,24.859375,0.359375,0.02187499962747097,0.96875,1.0,0.0,3,3 1
999,8862.03125,6522.57763671875,5757.0263671875,411.20623779296875,9.875,0.984375,16.5625,33.078125,9.796875,5.796875,5.828125,1.921875,9.734375,167.1687469482422,44.171875,2.0,8.875,138.296875,30.59375,70.1343765258789,3.296875,93.390625,5.0,25.0,0.21484375,0.0,1.046875,0.984375,0.0,3,3 1
1000,8817.82421875,6494.564453125,5734.46875,403.25311279296875,9.84375,0.96875,16.53125,33.0,9.71875,5.71875,5.921875,1.890625,9.75,162.83438110351562,43.015625,2.0,8.84375,119.390625,32.15625,70.5015640258789,3.3343749046325684,96.8671875,5.0,24.9453125,0.2766927182674408,0.0,1.0,0.96875,0.0,3,3 4
1001,8864.7509765625,6530.3310546875,5760.9501953125,400.6312561035156,9.875,1.015625,16.5,32.984375,9.8125,5.78125,5.8125,1.875,9.703125,163.12344360351562,44.15625,2.0,8.875,131.265625,35.21875,71.4859390258789,3.3218750953674316,81.3203125,5.0,25.0,0.25390625,0.01875000074505806,0.984375,0.984375,0.0,3,3 1
1002,9029.5712890625,6619.56103515625,5845.57080078125,402.6343688964844,9.96875,1.0,16.8125,33.5625,9.90625,5.828125,5.9375,1.953125,9.9375,167.5625,42.9375,2.0,8.96875,119.78125,35.0625,73.75468444824219,3.393749952316284,80.6015625,5.0,24.9375,0.146484375,0.0,1.0,1.0,0.0,3,3 2
1003,8955.779296875,6570.41552734375,5800.58642578125,400.06561279296875,9.90625,1.0,16.71875,33.40625,9.875,5.8125,5.90625,1.9375,9.875,166.74844360351562,42.921875,2.0,8.90625,102.640625,33.46875,74.30781555175781,3.4593749046325684,77.8359375,5.0,24.96875,0.224609375,0.0,1.0,0.984375,0.0,3,3 1
1004,8902.60546875,6562.9111328125,5792.23681640625,407.515625,9.921875,1.0,16.71875,33.40625,9.859375,5.84375,5.90625,1.953125,9.84375,164.9953155517578,44.234375,2.0,8.921875,109.03125,35.125,70.3203125,3.325000047683716,92.4609375,4.96875,25.0,0.2897135317325592,0.0,1.015625,1.0,0.0,3,3 1
1005,8709.8828125,6428.9033203125,5674.4326171875,399.3031311035156,9.765625,0.96875,16.40625,32.765625,9.6875,5.625,5.875,1.875,9.703125,159.67813110351562,44.265625,2.0,8.765625,116.421875,41.21875,67.33280944824219,3.168750047683716,100.2109375,4.921875,24.609375,0.224609375,0.0,1.0,0.96875,0.0,3,3 1
1006,8633.50390625,6391.5283203125,5638.1298828125,393.6468811035156,9.765625,0.96875,16.4375,32.8125,9.6875,5.6875,5.796875,1.9375,9.703125,154.3156280517578,43.5625,2.0,8.765625,132.6875,46.703125,65.01875305175781,3.0687499046325684,97.71875,5.0,25.0,0.275390625,0.01953125,0.984375,0.96875,0.0,3,3 2
1007,8350.802734375,6147.3232421875,5419.685546875,388.640625,9.484375,0.921875,15.9375,31.8125,9.375,5.46875,5.65625,1.890625,9.421875,153.0078125,41.1875,2.0,8.484375,122.8125,46.84375,66.9234390258789,3.1500000953674316,81.0078125,4.921875,24.546875,0.3567708432674408,0.015625,0.953125,0.921875,0.0,3,3 1
1008,8350.26953125,6174.0771484375,5435.2041015625,387.3968811035156,9.515625,0.984375,16.0,31.953125,9.484375,5.40625,5.671875,1.890625,9.5,148.9656219482422,41.390625,2.0,8.515625,114.765625,38.8125,65.1968765258789,3.096874952316284,80.890625,4.9375,24.6484375,0.2571614682674408,0.0,1.03125,0.9375,0.0,3,3 2
1009,8906.2109375,6535.3623046875,5765.8779296875,398.00311279296875,9.875,1.015625,16.59375,33.15625,9.78125,5.75,5.859375,1.921875,9.84375,163.09219360351562,41.578125,2.0,8.875,92.578125,29.234375,74.79219055175781,3.496875047683716,70.1015625,5.0,25.0,0.298828125,0.01328125037252903,0.984375,1.0,0.0,3,3 1
1010,8381.0634765625,6180.78466796875,5449.546875,390.91876220703125,9.5,0.9375,15.9375,31.859375,9.421875,5.46875,5.65625,1.859375,9.453125,153.52969360351562,41.328125,2.0,8.5,88.203125,23.734375,68.21875,3.21875,79.84375,4.921875,24.546875,0.2766927182674408,0.00390625,1.015625,0.9375,0.0,3,3 1
1011,8805.4384765625,6456.75927734375,5699.6640625,399.37811279296875,9.796875,0.96875,16.5625,33.078125,9.734375,5.75,5.921875,1.921875,9.75,162.0890655517578,41.171875,2.0,8.796875,95.5625,28.34375,72.40625,3.356250047683716,82.03125,5.0,24.984375,0.240234375,0.00937500037252903,0.984375,0.96875,0.0,3,3 4
1012,8921.431640625,6544.30029296875,5772.4560546875,406.88751220703125,9.859375,1.03125,16.625,33.25,9.84375,5.828125,5.84375,1.9375,9.796875,165.6953125,41.703125,2.0,8.859375,85.390625,23.5,74.15937805175781,3.465625047683716,76.703125,4.921875,24.609375,0.50390625,0.046875,0.953125,0.984375,0.0,3,3 1
1013,8458.3876953125,6234.50390625,5497.59375,398.66876220703125,9.578125,0.9375,16.234375,32.421875,9.53125,5.59375,5.796875,1.890625,9.609375,154.4093780517578,42.390625,2.0,8.578125,87.3125,23.984375,65.52656555175781,3.1187500953674316,100.4921875,4.984375,25.0,0.337890625,0.00937500037252903,0.984375,0.9375,0.0,3,3 1
1014,8609.015625,6299.15869140625,5556.55224609375,402.96875,9.609375,0.953125,16.296875,32.59375,9.5625,5.65625,5.8125,1.9375,9.625,160.3390655517578,43.28125,2.0,8.609375,98.8125,27.1875,71.0531234741211,3.328125,76.296875,4.921875,24.609375,0.2278645783662796,0.0,1.0,0.9375,0.0,3,3 1
1015,8652.3076171875,6359.04833984375,5605.5224609375,408.54376220703125,9.703125,0.984375,16.28125,32.53125,9.5625,5.609375,5.796875,1.921875,9.640625,161.21719360351562,44.4375,2.0,8.703125,123.53125,33.546875,69.73750305175781,3.2593750953674316,79.4375,4.96875,24.8359375,0.1595052033662796,0.0,1.015625,0.96875,0.0,3,3 1
1016,8583.923828125,6300.67138671875,5557.4072265625,404.11248779296875,9.625,0.953125,16.1875,32.34375,9.5,5.609375,5.75,1.953125,9.53125,159.81094360351562,44.015625,2.0,8.625,130.546875,35.6875,68.875,3.21875,81.875,4.84375,24.609375,0.2734375,0.0078125,1.0,0.953125,0.0,3,3 1
1017,8877.8388671875,6530.73193359375,5763.12060546875,414.671875,9.875,1.0,16.578125,33.09375,9.765625,5.78125,5.859375,1.96875,9.71875,163.96875,43.421875,2.0,8.875,125.203125,35.0,69.65937805175781,3.253124952316284,99.203125,4.921875,24.609375,0.1822916716337204,0.0,1.015625,0.984375,0.0,3,3 4
1018,8491.626953125,6238.7431640625,5499.73828125,405.54998779296875,9.5625,0.953125,16.125,32.21875,9.484375,5.53125,5.734375,1.921875,9.546875,157.43594360351562,41.015625,2.0,8.5625,106.296875,27.34375,66.96406555175781,3.1624999046325684,84.2421875,4.828125,24.21875,0.3899739682674408,0.00937500037252903,1.0,0.953125,0.0,3,3 1
1019,8741.07421875,6427.5849609375,5671.5927734375,408.8968811035156,9.78125,0.96875,16.359375,32.6875,9.65625,5.625,5.8125,1.90625,9.6875,161.84219360351562,45.296875,2.0,8.78125,119.953125,32.671875,68.5453109741211,3.2093749046325684,96.0234375,5.0,25.0,0.17578125,0.00390625,1.015625,0.96875,0.0,3,3 4
1020,8854.9580078125,6495.14697265625,5732.05517578125,414.7593688964844,9.84375,0.984375,16.46875,32.90625,9.734375,5.65625,5.8125,1.921875,9.78125,164.3703155517578,45.09375,2.0,8.84375,111.3125,29.6875,71.0234375,3.262500047683716,81.7578125,4.921875,24.609375,0.216796875,0.015625,0.984375,0.984375,0.0,3,3 4
1021,8040.34228515625,5970.1337890625,5253.86865234375,400.21563720703125,9.28125,0.9375,15.40625,30.765625,9.203125,5.109375,5.4375,1.765625,9.25,147.6218719482422,41.515625,2.0,8.28125,92.703125,21.640625,60.59375,2.9000000953674316,80.46875,4.6875,23.375,0.4140625,0.01875000074505806,1.015625,0.9375,0.0,3,3 1
1022,8872.7490234375,6507.02001953125,5742.7138671875,416.46875,9.859375,0.984375,16.453125,32.875,9.6875,5.6875,5.828125,1.9375,9.734375,165.7921905517578,46.953125,2.0,8.859375,123.75,32.75,71.9937515258789,3.309375047683716,78.78125,5.0,25.0,0.1204427108168602,0.0052083334885537624,1.0,0.984375,0.0,3,3 1
1023,8951.091796875,6526.55712890625,5759.958984375,412.125,9.84375,1.0,16.546875,33.078125,9.796875,5.703125,5.875,1.890625,9.8125,169.53125,46.28125,2.0,8.84375,121.1875,34.484375,74.7109375,3.4000000953674316,68.6328125,4.921875,24.609375,0.107421875,0.0,1.015625,0.984375,0.0,3,3 4
1024,8795.0322265625,6461.16943359375,5702.88037109375,405.171875,9.8125,0.96875,16.5,32.984375,9.75,5.703125,5.859375,1.875,9.796875,163.24063110351562,47.03125,2.0,8.8125,127.984375,37.96875,69.20780944824219,3.2406249046325684,92.7109375,5.0,25.0,0.17578125,0.0,1.0,0.96875,0.0,3,3 2
1025,8812.6416015625,6441.69287109375,5682.98583984375,398.75311279296875,9.78125,0.984375,16.40625,32.796875,9.6875,5.640625,5.8125,1.921875,9.734375,164.203125,46.8125,2.0,8.78125,136.0,38.265625,72.48905944824219,3.3375000953674316,76.3046875,4.984375,24.9375,0.1171875,0.0,1.0,0.984375,0.0,3,3 1
1026,8933.0927734375,6564.03662109375,5793.51806640625,403.875,9.921875,1.0,16.6875,33.359375,9.859375,5.828125,5.890625,1.9375,9.84375,165.0828094482422,46.546875,2.0,8.921875,163.6875,48.015625,69.83125305175781,3.246875047683716,94.90625,5.0,25.0,0.126953125,0.0,1.0,1.0,0.0,3,3 2
1027,8987.8701171875,6579.50927734375,5811.0439453125,403.45623779296875,9.921875,0.984375,16.765625,33.53125,9.859375,5.875,5.96875,1.9375,9.890625,166.7687530517578,44.984375,2.0,8.921875,138.109375,41.953125,73.44218444824219,3.390625,87.4765625,5.0,25.0,0.13671875,0.0,1.0,0.984375,0.0,3,3 2
1028,8773.939453125,6452.47900390625,5689.8603515625,397.8062438964844,9.8125,1.0,16.40625,32.8125,9.75,5.71875,5.734375,1.9375,9.671875,161.7890625,43.265625,2.0,8.8125,120.265625,37.21875,70.73124694824219,3.296875,74.46875,4.953125,24.9375,0.2083333283662796,0.0,1.015625,1.0,0.0,3,3 2
1029,8603.56640625,6316.7451171875,5570.96728515625,399.75,9.625,0.96875,16.25,32.484375,9.578125,5.625,5.734375,1.9375,9.609375,159.91561889648438,45.3125,2.0,8.625,125.734375,41.34375,69.1500015258789,3.2249999046325684,83.9375,4.828125,24.15625,0.224609375,0.00390625,1.015625,0.953125,0.0,3,3 1
1030,8718.33984375,6425.89208984375,5665.55859375,403.1781311035156,9.78125,1.0,16.328125,32.640625,9.734375,5.625,5.703125,1.890625,9.6875,159.484375,44.875,2.0,8.78125,127.859375,40.390625,67.5250015258789,3.153125047683716,83.3125,4.921875,24.546875,0.177734375,0.0031250000465661287,1.015625,0.984375,0.0,3,3 4
1031,8364.31640625,6153.40771484375,5421.0703125,398.02813720703125,9.46875,0.953125,15.9375,31.84375,9.453125,5.421875,5.625,1.890625,9.453125,154.9812469482422,40.828125,2.0,8.46875,134.359375,44.046875,65.73124694824219,3.0687499046325684,85.09375,4.828125,24.0390625,0.5169270634651184,0.06406249850988388,0.953125,0.921875,0.0,3,3 1
1032,8786.970703125,6458.15087890625,5696.560546875,406.828125,9.78125,1.0,16.484375,32.96875,9.703125,5.703125,5.875,1.921875,9.765625,164.1203155517578,43.828125,2.0,8.78125,141.328125,48.671875,70.28125,3.2718749046325684,90.78125,4.90625,24.609375,0.3138020932674408,0.02500000037252903,0.984375,0.984375,0.0,3,3 1
1033,8940.5908203125,6531.28173828125,5763.36376953125,412.97186279296875,9.859375,1.0,16.625,33.25,9.78125,5.734375,5.953125,1.90625,9.875,170.6484375,42.421875,2.0,8.859375,163.203125,54.984375,72.46562194824219,3.362499952316284,87.046875,4.984375,24.9453125,0.271484375,0.02500000037252903,0.96875,0.984375,0.0,3,3 2
1034,9061.814453125,6599.5048828125,5827.5791015625,408.5218811035156,9.921875,1.0,16.75,33.5,9.859375,5.84375,5.921875,1.96875,9.90625,171.43124389648438,44.1875,2.0,8.921875,145.78125,48.484375,76.9765625,3.518749952316284,69.8046875,5.0,24.9375,0.166015625,0.0062500000931322575,0.984375,1.0,0.0,3,3 1
1035,9016.6025390625,6581.54150390625,5810.14306640625,415.5843811035156,9.90625,1.0,16.734375,33.4375,9.828125,5.84375,5.9375,1.96875,9.859375,172.7062530517578,44.96875,2.0,8.90625,171.5625,61.53125,75.7359390258789,3.5093750953674316,70.6953125,4.984375,25.0,0.185546875,0.0,1.0,0.984375,0.0,3,3 1
1036,8856.9404296875,6501.4267578125,5736.45068359375,412.68438720703125,9.828125,1.0,16.53125,33.046875,9.765625,5.765625,5.828125,1.921875,9.765625,165.8093719482422,44.453125,2.0,8.828125,179.5625,60.5625,71.0328140258789,3.328125,87.0234375,4.828125,24.546875,0.3190104067325592,0.01875000074505806,0.984375,0.984375,0.0,3,3 1
1037,8341.7587890625,6169.42724609375,5441.6953125,401.99688720703125,9.46875,0.921875,15.9375,31.859375,9.359375,5.5,5.6875,1.890625,9.421875,156.51406860351562,44.3125,2.0,8.46875,157.484375,48.5,64.859375,3.0843749046325684,98.203125,4.6875,23.609375,0.263671875,0.015625,1.015625,0.921875,0.0,3,3 1
1038,7739.72900390625,5763.818359375,5070.0576171875,393.45623779296875,9.046875,0.890625,15.203125,30.390625,8.953125,5.125,5.4375,1.8125,9.0625,145.76718139648438,41.65625,2.0,8.046875,151.828125,43.765625,60.05937576293945,2.9281249046325684,70.640625,4.5,22.671875,0.3971354067325592,0.01875000074505806,1.046875,0.875,0.0,3,3 1
1039,7974.826171875,5950.9599609375,5239.21875,397.8531188964844,9.28125,0.90625,15.546875,31.09375,9.21875,5.21875,5.546875,1.78125,9.328125,149.09375,43.375,2.0,8.28125,161.9375,43.859375,60.623435974121094,2.9468750953674316,89.3828125,4.734375,24.109375,0.421875,0.014843749813735485,1.015625,0.90625,0.0,3,3 1
1040,8353.814453125,6204.23046875,5470.8740234375,416.46563720703125,9.515625,0.9375,16.015625,32.015625,9.5,5.53125,5.65625,1.84375,9.484375,154.9640655517578,43.546875,2.328125,8.515625,183.90625,51.09375,63.064064025878906,3.028125047683716,93.1171875,4.828125,24.21875,0.283203125,0.0,1.0,0.9375,0.0,3,3 1
1041,8804.9052734375,6451.61474609375,5693.5927734375,418.3125,9.796875,0.96875,16.5625,33.125,9.765625,5.765625,5.875,1.921875,9.796875,164.0859375,44.796875,1.96875,8.796875,173.234375,46.5,70.7406234741211,3.299999952316284,79.734375,5.0,25.0,0.17578125,0.0,1.0,0.96875,0.0,3,3 4
1042,8645.515625,6353.2001953125,5602.86669921875,418.375,9.6875,0.96875,16.328125,32.65625,9.625,5.65625,5.828125,1.875,9.671875,160.42031860351562,46.140625,2.0,8.6875,157.40625,47.21875,69.6484375,3.2874999046325684,85.1953125,4.96875,25.0,0.361328125,0.03750000149011612,0.96875,0.953125,0.0,3,3 1
1043,8586.1728515625,6272.0908203125,5527.8525390625,409.10626220703125,9.59375,0.96875,16.171875,32.34375,9.546875,5.53125,5.71875,1.9375,9.609375,161.09375,45.96875,2.0,8.59375,154.390625,44.125,70.44999694824219,3.2906250953674316,63.375,4.921875,24.484375,0.26953125,0.0062500000931322575,0.984375,0.96875,0.0,3,3 1
1044,8515.3203125,6269.25048828125,5529.36572265625,410.6937561035156,9.609375,0.9375,16.09375,32.15625,9.515625,5.578125,5.703125,1.875,9.484375,160.07968139648438,45.640625,2.0,8.609375,138.96875,38.953125,67.47969055175781,3.174999952316284,88.8515625,4.90625,24.609375,0.224609375,0.0,1.03125,0.9375,0.0,3,3 1
1045,8574.8251953125,6287.5380859375,5546.58984375,408.27813720703125,9.625,0.9375,16.140625,32.21875,9.53125,5.59375,5.71875,1.890625,9.484375,160.65469360351562,46.359375,1.984375,8.625,131.078125,37.609375,68.4375,3.1937499046325684,78.75,4.90625,24.609375,0.216796875,0.0031250000465661287,0.984375,0.9375,0.0,3,3 1
1046,8618.78125,6284.76416015625,5544.80615234375,403.2562561035156,9.609375,0.9375,16.109375,32.21875,9.5,5.5625,5.765625,1.84375,9.546875,161.5515594482422,46.453125,2.0,8.609375,123.53125,34.296875,71.0296859741211,3.2562499046325684,76.4140625,4.90625,24.5546875,0.087890625,0.0,1.046875,0.9375,0.0,3,3 1
1047,8869.6875,6485.6708984375,5724.1513671875,411.15313720703125,9.8125,0.984375,16.484375,32.96875,9.75,5.765625,5.796875,1.9375,9.71875,166.4765625,46.09375,2.0,8.8125,131.625,38.109375,73.21875,3.356250047683716,76.09375,4.921875,24.609375,0.28515625,0.02578124962747097,0.96875,0.96875,0.0,3,3 2
1048,8960.541015625,6542.94140625,5774.22900390625,408.3374938964844,9.890625,1.0,16.40625,32.8125,9.703125,5.640625,5.84375,1.875,9.75,167.84375,46.96875,2.0,8.890625,125.5625,40.453125,75.16093444824219,3.4468750953674316,62.9453125,5.0,25.0,0.15234375,0.00937500037252903,0.984375,1.0,0.0,3,3 2
1049,8995.7041015625,6572.3896484375,5800.19921875,408.6187438964844,9.90625,1.015625,16.46875,32.90625,9.765625,5.703125,5.84375,1.84375,9.75,167.3328094482422,46.328125,2.0,8.90625,103.96875,35.90625,75.45625305175781,3.453125,72.09375,5.0,24.9375,0.205078125,0.02187500149011612,0.96875,0.984375,0.0,3,3 4
1050,8888.95703125,6501.4736328125,5739.3154296875,404.41876220703125,9.828125,0.984375,16.46875,32.9375,9.78125,5.65625,5.875,1.828125,9.796875,166.1171875,44.921875,2.0,8.828125,118.75,42.34375,73.5234375,3.3843750953674316,79.8828125,4.921875,24.546875,0.265625,0.02187500149011612,0.96875,0.96875,0.0,3,3 1
1051,8538.693359375,6253.28857421875,5510.7705078125,406.13751220703125,9.578125,0.96875,16.0625,32.125,9.53125,5.46875,5.71875,1.828125,9.578125,158.45468139648438,43.4375,1.96875,8.578125,113.71875,31.796875,68.46562194824219,3.143749952316284,78.609375,4.921875,24.609375,0.3098958432674408,0.03437500074505806,0.96875,0.953125,0.0,3,3 1
1052,8348.2705078125,6153.22412109375,5420.9921875,401.0625,9.515625,0.9375,15.875,31.71875,9.40625,5.375,5.59375,1.875,9.46875,152.85000610351562,42.984375,2.0,8.515625,117.84375,38.265625,63.8125,3.012500047683716,87.8125,4.984375,24.5859375,0.3151041567325592,0.03203124925494194,1.015625,0.9375,0.0,3,3 2
1053,8829.7822265625,6463.5908203125,5703.7412109375,408.52813720703125,9.796875,0.984375,16.453125,32.875,9.703125,5.65625,5.859375,1.890625,9.765625,163.1921844482422,44.75,2.0,8.796875,112.53125,38.84375,74.46406555175781,3.421875,71.7421875,5.0,24.8671875,0.279296875,0.03203125298023224,0.96875,0.96875,0.0,3,3 1
1054,8729.0810546875,6390.39892578125,5638.4951171875,400.3125,9.71875,0.96875,16.40625,32.8125,9.671875,5.65625,5.828125,1.921875,9.734375,160.86874389648438,44.984375,1.984375,8.71875,121.46875,39.578125,71.0,3.262500047683716,81.875,4.90625,24.546875,0.1399739533662796,0.00390625,1.0,0.96875,0.0,3,3 1
1055,8771.0537109375,6460.4765625,5700.388671875,405.2437438964844,9.8125,0.984375,16.40625,32.78125,9.6875,5.640625,5.859375,1.875,9.71875,160.37655639648438,44.515625,2.0,8.8125,118.5,37.890625,69.8765640258789,3.246875047683716,94.6796875,5.0,24.8828125,0.2376302033662796,0.01875000074505806,1.0,0.96875,0.0,3,3 1
1056,8566.740234375,6283.89306640625,5540.38916015625,411.59686279296875,9.625,0.953125,16.265625,32.484375,9.578125,5.59375,5.78125,1.890625,9.640625,159.0281219482422,45.265625,2.0,8.625,135.484375,39.671875,67.16874694824219,3.078125,85.09375,4.921875,24.59375,0.12890625,0.0031250000465661287,0.984375,0.953125,0.0,3,3 1
1057,8620.03515625,6314.76953125,5570.9990234375,408.1468811035156,9.625,0.953125,16.203125,32.375,9.59375,5.546875,5.765625,1.828125,9.640625,161.7734375,45.09375,2.0,8.625,136.25,35.140625,70.58280944824219,3.2593750953674316,76.7734375,4.828125,24.109375,0.166015625,0.00390625,1.015625,0.953125,0.0,3,3 1
1058,8915.1904296875,6492.5517578125,5728.01025390625,413.95001220703125,9.8125,1.0,16.515625,33.03125,9.75,5.6875,5.90625,1.859375,9.828125,168.56405639648438,46.15625,2.0,8.8125,179.046875,45.703125,74.85624694824219,3.4124999046325684,69.78125,4.96875,25.0,0.166015625,0.01875000074505806,0.984375,0.96875,0.0,3,3 2
1059,8728.3251953125,6403.7080078125,5652.046875,414.75,9.75,0.953125,16.28125,32.53125,9.640625,5.609375,5.84375,1.8125,9.625,161.9812469482422,45.625,1.984375,8.75,167.34375,41.625,70.8687515258789,3.328125,84.40625,4.984375,25.0,0.1953125,0.0,1.0,0.953125,0.0,3,3 1
1060,8082.021484375,5937.5439453125,5231.05712890625,407.35626220703125,9.265625,0.875,15.578125,31.15625,9.15625,5.234375,5.65625,1.765625,9.34375,150.95938110351562,42.703125,1.984375,8.265625,185.265625,47.921875,64.8578109741211,3.1031250953674316,75.3984375,4.90625,24.546875,0.3541666567325592,0.015625,0.96875,0.875,0.0,3,3 1
1061,8391.4990234375,6175.7958984375,5440.96875,420.45001220703125,9.5,0.953125,15.75,31.46875,9.359375,5.28125,5.609375,1.78125,9.4375,156.74063110351562,42.421875,2.0,8.5,193.953125,49.421875,66.87187194824219,3.140625,72.203125,4.765625,23.828125,0.3951822817325592,0.03125,0.953125,0.9375,0.0,3,3 1
1062,8545.65625,6270.54833984375,5526.27880859375,433.296875,9.59375,0.96875,16.015625,32.015625,9.484375,5.421875,5.765625,1.796875,9.546875,158.97030639648438,42.90625,2.0,8.59375,208.734375,56.796875,68.15312194824219,3.171875,81.734375,4.765625,23.703125,0.33984375,0.03203124925494194,0.96875,0.953125,0.0,3,3 1
1063,8643.1650390625,6363.57421875,5615.724609375,427.95001220703125,9.6875,0.953125,16.1875,32.359375,9.5625,5.5625,5.78125,1.859375,9.59375,160.4796905517578,42.390625,2.0,8.6875,180.046875,52.921875,67.43437194824219,3.1937499046325684,97.828125,4.828125,24.21875,0.2864583432674408,0.02265625074505806,0.984375,0.953125,0.0,3,3 4
1064,8303.3974609375,6109.1748046875,5383.052734375,419.0718688964844,9.4375,0.921875,15.8125,31.5625,9.296875,5.375,5.703125,1.796875,9.390625,156.52499389648438,41.65625,2.0,8.4375,176.203125,53.234375,65.8812484741211,3.15625,80.90625,4.921875,24.5546875,0.40234375,0.01875000074505806,0.96875,0.90625,0.0,3,3 1
1065,8901.3388671875,6524.888671875,5759.72314453125,427.37811279296875,9.859375,0.984375,16.484375,32.9375,9.78125,5.609375,5.890625,1.78125,9.875,168.40625,41.875,2.0,8.859375,157.15625,49.75,73.37968444824219,3.4281249046325684,80.6015625,4.921875,24.609375,0.2571614682674408,0.0,1.0,0.984375,0.0,3,3 2
1066,8745.3876953125,6423.0302734375,5669.7548828125,420.5375061035156,9.765625,0.953125,16.40625,32.8125,9.703125,5.640625,5.875,1.828125,9.765625,163.3828125,46.40625,2.0,8.765625,183.765625,54.8125,70.41093444824219,3.2906250953674316,92.0078125,5.0,25.0,0.21484375,0.0,1.0,0.953125,0.0,3,3 1
1067,8926.48828125,6545.29345703125,5778.86083984375,420.3968811035156,9.890625,0.984375,16.578125,33.09375,9.75,5.734375,5.890625,1.921875,9.796875,165.1515655517578,44.40625,2.0,8.890625,207.1875,65.78125,72.578125,3.3687500953674316,84.609375,4.921875,24.609375,0.13671875,0.0,1.03125,0.984375,0.0,3,3 4
1068,8846.9404296875,6508.99853515625,5744.97021484375,410.7406311035156,9.859375,0.984375,16.546875,33.09375,9.8125,5.734375,5.84375,1.890625,9.8125,164.16250610351562,44.96875,2.0,8.859375,248.078125,86.234375,72.69844055175781,3.3499999046325684,75.2578125,4.984375,24.828125,0.146484375,0.0,1.015625,0.984375,0.0,3,3 4
1069,8457.0068359375,6218.38818359375,5481.22998046875,397.48126220703125,9.546875,0.953125,16.046875,32.0625,9.421875,5.484375,5.734375,1.90625,9.515625,154.5984344482422,40.53125,1.953125,8.546875,202.53125,76.90625,68.62968444824219,3.231250047683716,77.7890625,4.921875,24.4921875,0.388671875,0.03125,0.953125,0.9375,0.0,3,3 1
1070,8872.7265625,6496.9931640625,5730.13330078125,408.59063720703125,9.828125,1.015625,16.515625,33.03125,9.765625,5.6875,5.90625,1.875,9.796875,163.24063110351562,41.609375,2.0,8.828125,192.734375,74.71875,73.2046890258789,3.371875047683716,78.0390625,5.0,25.0,0.376953125,0.05078125,0.953125,0.984375,0.0,3,3 1
1071,8890.0908203125,6535.5634765625,5765.28564453125,408.828125,9.890625,1.015625,16.546875,33.09375,9.796875,5.796875,5.84375,1.90625,9.75,161.0078125,42.375,2.0,8.890625,198.90625,77.53125,71.9156265258789,3.3531250953674316,73.859375,5.0,25.0,0.30859375,0.03203125298023224,0.96875,1.0,0.0,3,3 4
1072,8983.7666015625,6596.33203125,5822.2783203125,412.5718688964844,9.9375,1.015625,16.765625,33.53125,9.921875,5.875,5.90625,1.9375,9.890625,163.3093719482422,45.125,2.0,8.9375,184.5,81.671875,72.9078140258789,3.371875047683716,90.1484375,5.0,25.0,0.234375,0.01875000074505806,0.984375,1.0,0.0,3,3 2
1073,8831.12890625,6491.9453125,5729.7158203125,411.078125,9.84375,0.984375,16.359375,32.65625,9.765625,5.59375,5.796875,1.765625,9.734375,161.40469360351562,44.4375,2.0,8.84375,190.8125,83.484375,71.9124984741211,3.3187499046325684,82.625,4.921875,24.59375,0.1171875,0.0,1.046875,0.984375,0.0,3,3 2
1074,9065.28515625,6645.6962890625,5867.8515625,413.5718688964844,9.984375,1.015625,16.828125,33.65625,9.953125,5.890625,5.953125,1.921875,9.9375,167.88125610351562,45.40625,2.0,8.984375,187.296875,86.28125,75.1875,3.4937500953674316,78.75,5.0,25.0,0.2864583432674408,0.01875000074505806,0.984375,1.0,0.0,3,3 1
1075,8967.701171875,6584.2822265625,5808.61572265625,407.6781311035156,9.921875,1.03125,16.640625,33.25,9.828125,5.71875,5.90625,1.890625,9.90625,165.7921905517578,41.21875,2.0,8.921875,186.671875,80.21875,73.1500015258789,3.421875,83.625,4.984375,24.9375,0.42578125,0.05156249925494194,0.953125,1.0,0.0,3,3 2
1076,8832.2099609375,6479.82763671875,5720.5205078125,408.3843688964844,9.828125,0.96875,16.3125,32.546875,9.71875,5.578125,5.75,1.84375,9.65625,165.2390594482422,41.5625,2.0,8.828125,180.453125,82.421875,72.5562515258789,3.3499999046325684,81.28125,4.984375,24.59375,0.166015625,0.0,1.015625,0.96875,0.0,3,3 2
1077,8666.6767578125,6384.96142578125,5632.03759765625,400.8218688964844,9.703125,0.984375,16.234375,32.4375,9.5625,5.625,5.75,1.9375,9.5625,159.6875,41.328125,2.0,8.703125,186.1875,77.625,69.16719055175781,3.28125,89.1640625,4.84375,24.21875,0.44921875,0.03750000149011612,0.984375,0.953125,0.0,3,3 2
1078,8801.5,6492.375,5727.3876953125,408.94061279296875,9.84375,1.0,16.46875,32.890625,9.6875,5.703125,5.90625,1.90625,9.6875,161.97811889648438,41.109375,2.0,8.84375,198.484375,80.140625,70.4078140258789,3.362499952316284,92.0234375,4.96875,25.0,0.4029947817325592,0.03333333507180214,0.984375,0.984375,0.0,3,3 2
1079,8927.857421875,6565.265625,5798.01806640625,405.94061279296875,9.90625,0.984375,16.6875,33.34375,9.84375,5.8125,5.90625,1.9375,9.84375,165.6640625,43.765625,2.0,8.90625,199.078125,80.953125,72.42655944824219,3.4000000953674316,90.6796875,4.875,24.546875,0.25390625,0.0,1.0,0.984375,0.0,3,3 1
1080,8955.3916015625,6581.42431640625,5810.48681640625,409.0687561035156,9.921875,1.0,16.65625,33.296875,9.828125,5.8125,5.90625,1.9375,9.8125,166.890625,43.203125,2.0,8.921875,193.734375,75.546875,72.6546859741211,3.403125047683716,91.4140625,4.953125,25.0,0.2962239682674408,0.01875000074505806,0.984375,0.984375,0.0,3,3 1
1081,8635.2421875,6370.81591796875,5617.37841796875,406.98748779296875,9.703125,0.984375,16.3125,32.625,9.59375,5.640625,5.84375,1.90625,9.640625,160.640625,44.140625,2.0,8.703125,175.125,67.359375,68.79219055175781,3.237499952316284,87.6015625,4.859375,24.4453125,0.2897135317325592,0.02265625074505806,1.0,0.953125,0.0,3,3 2
1082,8084.58544921875,5964.4052734375,5257.26953125,390.54376220703125,9.25,0.890625,15.46875,30.921875,9.171875,5.1875,5.515625,1.765625,9.28125,149.8984375,43.0625,2.0,8.25,180.46875,70.21875,64.9515609741211,3.0562500953674316,76.1796875,4.421875,22.6015625,0.458984375,0.02265625074505806,1.015625,0.875,0.0,3,3 1
1083,8902.8359375,6507.5673828125,5741.23486328125,412.99688720703125,9.84375,1.0,16.546875,33.078125,9.75,5.734375,5.890625,1.9375,9.765625,167.91250610351562,45.4375,2.0,8.84375,198.53125,76.390625,73.1421890258789,3.387500047683716,73.0390625,4.953125,24.9375,0.279296875,0.02500000037252903,0.96875,0.984375,0.0,3,3 2
1084,8619.8095703125,6332.1845703125,5583.1513671875,414.375,9.671875,0.96875,16.171875,32.328125,9.546875,5.53125,5.765625,1.859375,9.625,160.8078155517578,45.46875,2.0,8.671875,224.578125,88.484375,68.20780944824219,3.221874952316284,90.5234375,4.875,24.546875,0.3736979067325592,0.00937500037252903,1.0,0.96875,0.0,3,3 1
1085,8255.060546875,6096.634765625,5375.6904296875,403.1499938964844,9.40625,0.90625,15.828125,31.625,9.359375,5.40625,5.609375,1.84375,9.40625,154.5437469482422,44.453125,2.0,8.40625,212.71875,86.375,65.0250015258789,3.090625047683716,79.5625,4.59375,23.4375,0.3470052182674408,0.0,1.0,0.90625,0.0,3,3 1
1086,8268.5361328125,6095.7939453125,5373.16259765625,402.3374938964844,9.4375,0.90625,15.84375,31.65625,9.375,5.34375,5.71875,1.75,9.46875,153.46875,45.65625,2.0,8.4375,205.265625,78.8125,65.15937805175781,3.106250047683716,91.703125,4.90625,24.9453125,0.2897135317325592,0.0078125,1.015625,0.90625,0.0,3,3 1
1087,8803.7197265625,6463.43798828125,5704.8349609375,412.65936279296875,9.8125,0.96875,16.515625,32.96875,9.75,5.71875,5.875,1.890625,9.734375,163.5671844482422,46.296875,2.0,8.8125,228.9375,97.78125,69.8140640258789,3.203125,94.9921875,4.921875,25.0,0.1009114608168602,0.00390625,1.0,0.96875,0.0,3,3 1
1088,8838.08203125,6454.6845703125,5697.86181640625,409.375,9.78125,0.96875,16.515625,33.015625,9.71875,5.734375,5.84375,1.953125,9.765625,164.640625,44.734375,2.0,8.78125,191.296875,80.875,72.62031555175781,3.315624952316284,73.7734375,4.890625,24.546875,0.17578125,0.01875000074505806,0.984375,0.96875,0.0,3,3 4
1089,8582.576171875,6294.09619140625,5549.09228515625,406.046875,9.609375,0.96875,16.171875,32.296875,9.515625,5.53125,5.78125,1.875,9.59375,160.6453094482422,44.34375,2.0,8.609375,172.640625,77.203125,68.77030944824219,3.190624952316284,75.2109375,4.8125,24.203125,0.3111979067325592,0.03437500074505806,0.96875,0.953125,0.0,3,3 2
1090,8854.0048828125,6489.19384765625,5726.6689453125,414.90936279296875,9.828125,0.984375,16.46875,32.890625,9.765625,5.6875,5.875,1.84375,9.71875,166.3984375,46.234375,2.0,8.828125,180.0,82.5625,71.71875,3.346874952316284,85.46875,4.984375,24.9453125,0.263671875,0.01875000074505806,1.0,0.96875,0.0,3,3 1
1091,8655.33203125,6379.72509765625,5628.56787109375,415.21875,9.703125,0.96875,16.171875,32.25,9.59375,5.625,5.6875,1.875,9.46875,162.0515594482422,44.96875,2.0,8.703125,185.703125,87.421875,67.5546875,3.200000047683716,97.2265625,4.84375,24.21875,0.244140625,0.0,1.0,0.96875,0.0,3,3 1
1092,8776.5283203125,6447.189453125,5687.21630859375,417.51873779296875,9.796875,0.984375,16.296875,32.53125,9.671875,5.578125,5.78125,1.84375,9.65625,164.1218719482422,44.53125,2.0,8.796875,197.921875,92.5625,69.3499984741211,3.2281250953674316,90.125,4.90625,24.546875,0.2174479216337204,0.0062500000931322575,0.984375,0.984375,0.0,3,3 2
1093,8867.173828125,6529.8427734375,5765.064453125,409.0874938964844,9.875,0.984375,16.46875,32.890625,9.6875,5.671875,5.890625,1.875,9.765625,164.265625,45.28125,2.0,8.875,211.296875,96.328125,69.68437194824219,3.284374952316284,99.078125,4.890625,24.546875,0.205078125,0.0,1.015625,0.984375,0.0,3,3 1
1094,8667.78125,6390.50439453125,5634.6025390625,407.6468811035156,9.75,0.984375,16.140625,32.21875,9.625,5.453125,5.734375,1.78125,9.625,160.5031280517578,42.421875,2.0,8.75,196.5,90.71875,67.27656555175781,3.171875,89.8671875,4.921875,24.546875,0.31640625,0.015625,0.96875,0.984375,0.0,3,3 4
1095,8876.5107421875,6531.61865234375,5764.38134765625,406.0406188964844,9.875,1.0,16.46875,32.90625,9.765625,5.640625,5.90625,1.796875,9.796875,164.54531860351562,43.515625,2.0,8.875,217.71875,102.671875,70.9828109741211,3.331249952316284,87.2734375,4.90625,24.609375,0.3567708432674408,0.03437500074505806,0.984375,0.984375,0.0,3,3 1
1096,8815.181640625,6486.9443359375,5727.76708984375,403.01873779296875,9.828125,0.96875,16.578125,33.078125,9.78125,5.734375,5.921875,1.875,9.765625,162.4578094482422,42.828125,2.0,8.828125,240.546875,117.3125,70.8734359741211,3.346874952316284,93.1328125,4.90625,24.609375,0.283203125,0.0,1.0,0.96875,0.0,3,3 2
1097,8414.640625,6198.7177734375,5464.22900390625,395.171875,9.546875,0.9375,16.0,31.9375,9.4375,5.40625,5.734375,1.84375,9.515625,154.5625,42.953125,1.96875,8.546875,254.875,114.203125,66.2718734741211,3.153125047683716,86.140625,5.0,24.875,0.2890625,0.01015624962747097,0.984375,0.9375,0.0,3,3 2
1098,9067.228515625,6635.98291015625,5860.65478515625,410.88751220703125,9.984375,1.0,16.6875,33.34375,9.84375,5.828125,5.9375,1.90625,9.828125,169.8015594482422,44.484375,2.0,8.984375,264.28125,119.5625,74.9312515258789,3.46875,80.03125,5.0,24.9375,0.166015625,0.0,1.0,1.0,0.0,3,3 2
1099,8283.248046875,6124.83203125,5399.8818359375,397.55938720703125,9.4375,0.921875,15.765625,31.5,9.25,5.296875,5.671875,1.84375,9.4375,154.1203155517578,41.71875,2.0,8.4375,209.265625,87.71875,65.5531234741211,3.125,84.109375,4.734375,23.7734375,0.609375,0.04453125223517418,0.96875,0.90625,0.0,3,3 1
1100,9085.9892578125,6666.1435546875,5884.6806640625,409.67498779296875,10.0,1.03125,16.828125,33.609375,9.890625,5.90625,5.953125,1.96875,9.890625,169.5343780517578,43.71875,1.984375,9.0,233.203125,98.0,74.7890625,3.534374952316284,86.0546875,4.984375,25.0,0.33203125,0.01875000074505806,1.0,1.0,0.0,3,3 2
1101,8702.4716796875,6369.03955078125,5620.375,403.1499938964844,9.703125,0.953125,16.234375,32.453125,9.546875,5.59375,5.8125,1.875,9.625,163.4109344482422,43.75,2.0,8.703125,195.640625,80.96875,71.8046875,3.3843750953674316,79.7265625,5.0,25.0,0.234375,0.0,1.0,0.953125,0.0,3,3 2
1102,8744.1748046875,6432.43310546875,5677.13720703125,407.99688720703125,9.765625,0.96875,16.328125,32.640625,9.65625,5.625,5.8125,1.875,9.671875,163.68124389648438,43.359375,2.0,8.765625,181.078125,72.109375,69.80781555175781,3.331249952316284,93.1484375,4.90625,24.546875,0.357421875,0.00937500037252903,0.984375,0.96875,0.0,3,3 2
1103,8832.162109375,6477.98291015625,5716.8154296875,399.4437561035156,9.8125,0.984375,16.5625,33.125,9.78125,5.703125,5.90625,1.875,9.859375,165.609375,43.15625,2.0,8.8125,155.96875,58.578125,72.0843734741211,3.371875047683716,83.640625,4.953125,24.9375,0.3059895932674408,0.01875000074505806,0.984375,0.96875,0.0,3,3 2
1104,8860.994140625,6493.46728515625,5733.76806640625,402.92498779296875,9.828125,0.96875,16.5,32.953125,9.6875,5.734375,5.84375,1.953125,9.734375,166.24374389648438,43.28125,1.984375,8.828125,143.6875,48.515625,73.203125,3.450000047683716,81.484375,4.921875,24.546875,0.263671875,0.0,1.0,0.96875,0.0,3,3 2
1105,8846.8759765625,6489.49462890625,5729.4208984375,403.76251220703125,9.828125,0.96875,16.625,33.21875,9.796875,5.765625,5.921875,1.90625,9.828125,166.7921905517578,43.59375,1.984375,8.828125,133.796875,45.890625,72.6109390258789,3.378124952316284,81.0078125,5.0,25.0,0.25390625,0.01171875,1.0,0.96875,0.0,3,3 1
1106,9103.5419921875,6671.171875,5889.28271484375,407.8812561035156,10.0,1.03125,16.765625,33.53125,9.890625,5.859375,5.953125,1.921875,9.90625,172.89688110351562,43.984375,2.0,9.0,122.609375,39.828125,76.2421875,3.528125047683716,78.7890625,4.984375,24.8828125,0.3125,0.03750000149011612,1.0,1.0,0.0,3,3 2
1107,9074.822265625,6622.7294921875,5846.23779296875,411.390625,9.953125,1.015625,16.734375,33.453125,9.875,5.84375,5.890625,1.953125,9.890625,172.18905639648438,42.46875,2.0,8.953125,111.125,33.515625,76.30937194824219,3.5250000953674316,73.140625,5.0,24.8125,0.166015625,0.0,1.0,1.0,0.0,3,3 2
1108,9044.0625,6593.84619140625,5824.1962890625,412.66876220703125,9.921875,0.984375,16.765625,33.515625,9.875,5.859375,5.9375,1.953125,9.890625,171.8125,42.984375,2.0,8.921875,111.984375,32.859375,77.26875305175781,3.581249952316284,68.34375,5.0,25.0,0.21484375,0.0,1.0,0.984375,0.0,3,3 2
1109,8612.7392578125,6329.03759765625,5583.03515625,416.42498779296875,9.65625,0.953125,16.15625,32.3125,9.5625,5.625,5.71875,1.875,9.53125,162.89999389648438,41.796875,2.0,8.65625,99.140625,25.828125,69.83125305175781,3.293750047683716,82.40625,4.890625,24.546875,0.3515625,0.01875000074505806,0.984375,0.9375,0.0,3,3 2
1110,8559.046875,6292.4208984375,5547.51318359375,423.01251220703125,9.640625,0.953125,16.140625,32.265625,9.484375,5.546875,5.75,1.921875,9.5625,161.10311889648438,40.890625,2.0,8.640625,105.5625,28.34375,67.83906555175781,3.25,83.6171875,5.0,25.0,0.408203125,0.02187500149011612,0.96875,0.953125,0.0,3,3 1
1111,8797.74609375,6459.1259765625,5695.49267578125,420.87188720703125,9.765625,1.015625,16.4375,32.84375,9.65625,5.6875,5.8125,1.9375,9.75,164.9718780517578,40.6875,2.0,8.765625,112.109375,31.78125,70.0765609741211,3.2750000953674316,86.4921875,4.90625,24.609375,0.513671875,0.07578124850988388,0.921875,0.96875,0.0,3,3 2
1112,8968.541015625,6539.5341796875,5770.89208984375,426.72186279296875,9.859375,1.0,16.6875,33.359375,9.796875,5.8125,5.921875,1.96875,9.859375,171.6843719482422,42.859375,2.0,8.859375,105.875,31.125,74.83280944824219,3.484375,75.2109375,5.0,25.0,0.373046875,0.03437500074505806,0.96875,0.984375,0.0,3,3 2
1113,9010.0888671875,6571.44677734375,5796.8486328125,429.6656188964844,9.875,1.03125,16.640625,33.265625,9.8125,5.765625,5.90625,1.921875,9.859375,171.8125,41.921875,2.0,8.875,109.0625,37.640625,74.3843765258789,3.409374952316284,75.578125,4.921875,24.609375,0.29296875,0.03750000149011612,0.96875,0.984375,0.0,3,3 2
1114,8756.8505859375,6398.4638671875,5641.5849609375,419.8343811035156,9.734375,0.984375,16.375,32.671875,9.65625,5.6875,5.75,1.953125,9.625,166.5109405517578,41.53125,2.0,8.734375,109.015625,40.859375,71.60624694824219,3.340625047683716,64.78125,4.984375,24.9375,0.34765625,0.02812499925494194,0.96875,0.96875,0.0,3,3 2
1115,8872.85546875,6497.89990234375,5737.52099609375,409.84375,9.828125,0.96875,16.578125,33.109375,9.75,5.75,5.890625,1.90625,9.8125,167.99844360351562,44.015625,2.0,8.828125,105.625,43.046875,72.8609390258789,3.3687500953674316,83.1953125,4.921875,24.609375,0.15625,0.0,1.015625,0.96875,0.0,3,3 2
1116,8907.2294921875,6492.56591796875,5732.42333984375,406.65313720703125,9.828125,0.96875,16.453125,32.859375,9.703125,5.703125,5.859375,1.875,9.71875,168.6046905517578,43.6875,2.0,8.828125,89.5,35.640625,74.5640640258789,3.4281249046325684,71.2421875,4.984375,24.9375,0.1640625,0.0062500000931322575,0.984375,0.96875,0.0,3,3 2
1117,8489.52734375,6232.0068359375,5495.32275390625,402.11248779296875,9.5625,0.9375,16.0625,32.109375,9.515625,5.484375,5.6875,1.875,9.546875,159.70156860351562,41.03125,1.984375,8.5625,75.703125,30.4375,68.0687484741211,3.200000047683716,85.90625,4.90625,24.4453125,0.234375,0.00390625,1.03125,0.9375,0.0,3,3 1
1118,8786.044921875,6433.666015625,5678.33935546875,399.40625,9.765625,0.96875,16.46875,32.921875,9.71875,5.6875,5.84375,1.90625,9.765625,163.72030639648438,43.046875,2.0,8.765625,68.296875,23.96875,72.5531234741211,3.3812499046325684,74.109375,4.921875,24.609375,0.283203125,0.0,1.0,0.96875,0.0,3,3 2
1119,8901.697265625,6539.21484375,5771.10791015625,408.4125061035156,9.875,1.0,16.671875,33.296875,9.796875,5.859375,5.90625,2.0,9.734375,166.72811889648438,44.109375,2.0,8.875,60.25,21.78125,72.5531234741211,3.4437499046325684,86.609375,5.0,25.0,0.380859375,0.01875000074505806,0.984375,0.984375,0.0,3,3 1
1120,8604.8408203125,6304.9248046875,5552.97607421875,391.2749938964844,9.609375,1.015625,16.171875,32.34375,9.5625,5.53125,5.71875,1.90625,9.625,160.0203094482422,40.84375,1.96875,8.609375,50.984375,17.046875,71.3062515258789,3.3375000953674316,71.59375,4.96875,24.875,0.6627604365348816,0.09062500298023224,0.90625,0.9375,0.0,3,3 2
1121,8927.1669921875,6549.44677734375,5782.94921875,403.84686279296875,9.890625,0.984375,16.75,33.5,9.859375,5.875,5.90625,1.984375,9.875,166.36093139648438,44.21875,2.0,8.890625,53.765625,18.765625,73.5546875,3.46875,81.6015625,4.984375,25.0,0.2962239682674408,0.0,1.0,0.984375,0.0,3,3 2
1122,8880.1982421875,6478.29345703125,5713.4521484375,403.34686279296875,9.78125,1.015625,16.46875,32.921875,9.75,5.71875,5.796875,1.921875,9.734375,169.046875,43.546875,2.0,8.78125,45.546875,14.109375,76.43437194824219,3.534374952316284,54.703125,4.921875,24.546875,0.400390625,0.03750000149011612,0.984375,0.96875,0.0,3,3 1
1123,8933.1005859375,6512.0830078125,5742.88427734375,405.4906311035156,9.8125,1.03125,16.53125,33.0625,9.734375,5.796875,5.828125,1.96875,9.734375,167.8953094482422,43.21875,2.0,8.8125,55.515625,19.453125,76.2406234741211,3.5093750953674316,60.984375,4.921875,24.609375,0.3515625,0.03750000149011612,0.984375,0.96875,0.0,3,3 2
1124,8771.361328125,6392.2216796875,5639.8505859375,396.8062438964844,9.71875,0.96875,16.375,32.75,9.671875,5.671875,5.828125,1.90625,9.671875,164.3984375,45.421875,2.0,8.71875,44.71875,16.34375,74.73905944824219,3.4281249046325684,59.7421875,4.984375,25.0,0.2239583283662796,0.00937500037252903,1.0,0.96875,0.0,3,3 1
1125,8773.427734375,6408.8359375,5655.33056640625,399.2406311035156,9.734375,0.96875,16.40625,32.796875,9.671875,5.65625,5.828125,1.90625,9.734375,164.7421875,44.921875,1.984375,8.734375,44.875,17.890625,73.7015609741211,3.4468750953674316,68.3671875,4.90625,24.546875,0.2955729067325592,0.00937500037252903,0.984375,0.96875,0.0,3,3 2
1126,8773.3330078125,6401.3837890625,5647.17724609375,400.93438720703125,9.703125,0.984375,16.390625,32.78125,9.640625,5.6875,5.84375,1.90625,9.703125,165.05313110351562,44.5625,2.0,8.703125,46.671875,16.296875,74.3359375,3.424999952316284,65.1953125,4.90625,24.609375,0.263671875,0.01875000074505806,0.984375,0.953125,0.0,3,3 1
1127,8354.9326171875,6112.451171875,5391.55517578125,391.5249938964844,9.40625,0.90625,15.796875,31.59375,9.296875,5.40625,5.609375,1.90625,9.375,156.56405639648438,44.609375,2.0,8.40625,55.359375,17.578125,67.6171875,3.1187500953674316,71.9140625,4.671875,23.3203125,0.1302083283662796,0.00390625,1.015625,0.90625,0.0,3,3 2
1128,8700.19921875,6335.3603515625,5589.64794921875,395.5843811035156,9.65625,0.953125,16.21875,32.40625,9.578125,5.65625,5.6875,1.9375,9.546875,164.0671844482422,44.265625,2.0,8.65625,61.203125,21.15625,74.80781555175781,3.4000000953674316,54.0859375,4.96875,24.65625,0.2018229216337204,0.01875000074505806,1.0,0.9375,0.0,3,3 1
1129,8816.876953125,6447.35693359375,5689.32275390625,398.7906188964844,9.765625,0.984375,16.34375,32.65625,9.671875,5.65625,5.78125,1.875,9.671875,166.3671875,44.921875,2.0,8.765625,52.859375,19.890625,73.19999694824219,3.387500047683716,74.3125,4.8125,24.15625,0.1627604216337204,0.0,1.015625,0.96875,0.0,3,3 2
1130,8958.5390625,6522.919921875,5757.18701171875,403.828125,9.828125,1.0,16.640625,33.265625,9.765625,5.796875,5.921875,1.953125,9.828125,170.27188110351562,44.734375,2.0,8.828125,51.859375,18.734375,76.96875,3.5218749046325684,62.65625,4.921875,24.609375,0.21484375,0.01875000074505806,1.0,0.96875,0.0,3,3 2
1131,9196.9033203125,6683.8505859375,5901.22021484375,405.984375,10.0,1.03125,16.953125,33.90625,9.96875,5.984375,5.984375,2.0,9.96875,175.25,46.40625,2.0,9.0,55.1875,18.953125,77.45625305175781,3.484375,72.71875,5.0,25.0,0.029296875,0.0,1.0,1.0,0.0,3,3 2
1132,8943.7041015625,6546.95849609375,5781.37109375,405.34686279296875,9.875,0.984375,16.71875,33.421875,9.8125,5.828125,5.921875,1.984375,9.875,166.60781860351562,46.140625,2.0,8.875,46.5,15.078125,72.6812515258789,3.3531250953674316,84.09375,4.90625,24.609375,0.15625,0.0,1.0,0.984375,0.0,3,3 2
1133,9018.259765625,6541.77880859375,5776.5546875,400.890625,9.859375,0.984375,16.703125,33.40625,9.84375,5.828125,5.9375,1.921875,9.875,170.7156219482422,46.8125,2.0,8.859375,39.15625,13.4375,78.140625,3.5374999046325684,58.671875,5.0,25.0,0.087890625,0.0,1.0,0.984375,0.0,3,3 1
1134,9058.9501953125,6589.3134765625,5818.7724609375,403.140625,9.90625,1.0,16.546875,33.09375,9.796875,5.734375,5.875,1.875,9.8125,172.10000610351562,46.296875,2.0,8.90625,41.046875,15.046875,77.9375,3.512500047683716,63.125,4.921875,24.609375,0.15625,0.01875000074505806,0.984375,0.984375,0.0,3,3 2
1135,9046.162109375,6592.4580078125,5820.7509765625,403.79998779296875,9.921875,1.0,16.703125,33.375,9.828125,5.828125,5.9375,1.921875,9.859375,171.52188110351562,44.8125,2.0,8.921875,41.390625,16.40625,75.0640640258789,3.4375,79.3671875,5.0,24.9375,0.17578125,0.01875000074505806,0.984375,0.984375,0.0,3,3 2
1136,8956.0498046875,6560.8046875,5793.7666015625,403.16876220703125,9.90625,0.984375,16.546875,33.078125,9.765625,5.703125,5.921875,1.859375,9.828125,166.5281219482422,45.875,2.0,8.90625,48.234375,18.46875,74.2265625,3.450000047683716,78.2421875,5.0,25.0,0.185546875,0.00390625,1.0,0.984375,0.0,3,3 2
1137,9116.8896484375,6645.35009765625,5861.4814453125,408.34375,9.953125,1.0625,16.78125,33.546875,9.875,5.875,5.953125,1.984375,9.859375,171.4953155517578,41.78125,2.0,8.953125,50.125,20.53125,77.8499984741211,3.581249952316284,65.4375,5.0,25.0,0.3059895932674408,0.03750000149011612,0.96875,1.0,0.0,3,3 2
1138,8941.54296875,6542.3095703125,5776.34228515625,399.9281311035156,9.875,0.984375,16.71875,33.390625,9.859375,5.8125,5.921875,1.921875,9.875,169.6218719482422,44.765625,2.0,8.875,49.953125,21.71875,75.9781265258789,3.496875047683716,64.171875,5.0,25.0,0.1790364533662796,0.0,1.015625,0.984375,0.0,3,3 1
1139,8848.2490234375,6441.86865234375,5684.29638671875,394.8531188964844,9.75,0.984375,16.453125,32.90625,9.71875,5.765625,5.78125,1.953125,9.6875,168.44375610351562,43.3125,2.0,8.75,51.0,23.25,74.6187515258789,3.434375047683716,63.78125,4.921875,24.609375,0.287109375,0.03125,0.96875,0.96875,0.0,3,3 2
1140,9153.296875,6672.61865234375,5893.35009765625,401.01873779296875,10.0,1.015625,16.75,33.5,9.875,5.890625,5.9375,1.953125,9.84375,173.54843139648438,46.640625,2.0,9.0,64.6875,28.796875,78.2015609741211,3.5875000953674316,68.9921875,5.0,25.0,0.21484375,0.01875000074505806,0.984375,1.0,0.0,3,3 2
1141,8712.328125,6397.0322265625,5644.34033203125,393.48748779296875,9.734375,0.96875,16.4375,32.859375,9.640625,5.65625,5.890625,1.890625,9.78125,160.8328094482422,44.109375,1.984375,8.734375,60.234375,25.328125,70.68281555175781,3.293750047683716,80.0234375,5.0,25.0,0.32421875,0.03437500074505806,0.96875,0.953125,0.0,3,3 1
1142,8964.3056640625,6575.13671875,5807.62841796875,394.06561279296875,9.921875,0.984375,16.640625,33.265625,9.859375,5.75,5.921875,1.84375,9.890625,164.40469360351562,45.65625,2.0,8.921875,72.359375,33.59375,74.0218734741211,3.4156250953674316,84.578125,4.984375,24.9453125,0.15625,0.0,1.015625,0.984375,0.0,3,3 2
1143,8953.9755859375,6533.5322265625,5765.30712890625,395.58123779296875,9.84375,1.015625,16.671875,33.34375,9.828125,5.796875,5.9375,1.90625,9.875,166.0515594482422,42.953125,1.984375,8.84375,72.90625,33.828125,76.5453109741211,3.543750047683716,66.6484375,4.984375,25.0,0.3515625,0.03750000149011612,0.96875,0.96875,0.0,3,3 2
1144,8736.44140625,6418.60302734375,5664.34765625,389.859375,9.765625,0.96875,16.5,32.984375,9.71875,5.6875,5.890625,1.875,9.8125,159.0078125,43.8125,1.984375,8.765625,88.375,45.28125,71.2109375,3.3499999046325684,82.6953125,5.0,24.9375,0.234375,0.0,1.0,0.96875,0.0,3,3 2
1145,8798.31640625,6464.48046875,5701.74609375,397.3125,9.8125,1.0,16.40625,32.796875,9.6875,5.6875,5.796875,1.90625,9.71875,162.51406860351562,45.5625,1.96875,8.8125,106.40625,48.03125,71.72187805175781,3.3499999046325684,69.515625,5.0,25.0,0.2962239682674408,0.02786458469927311,1.0,0.984375,0.0,3,3 2
1146,8839.7412109375,6478.13623046875,5717.38916015625,399.890625,9.8125,0.984375,16.53125,33.046875,9.78125,5.71875,5.875,1.875,9.796875,163.546875,46.921875,2.0,8.8125,112.234375,51.296875,73.75312805175781,3.403125047683716,69.984375,4.984375,25.0,0.25390625,0.02265625074505806,0.984375,0.96875,0.0,3,3 1
1147,8909.8720703125,6540.39990234375,5774.755859375,404.20001220703125,9.890625,0.984375,16.640625,33.265625,9.796875,5.734375,5.9375,1.921875,9.875,162.77499389648438,48.4375,2.0,8.890625,112.796875,48.46875,72.625,3.3499999046325684,86.25,5.0,25.0,0.1627604216337204,0.00390625,1.0,0.984375,0.0,3,3 2
1148,9049.568359375,6607.17578125,5834.22998046875,411.28436279296875,9.953125,1.0,16.71875,33.40625,9.84375,5.859375,5.890625,1.984375,9.828125,166.56875610351562,49.203125,2.0,8.953125,121.25,46.078125,76.6015625,3.4749999046325684,66.3671875,4.984375,24.8203125,0.078125,0.0,1.0,1.0,0.0,3,3 2
1149,8888.099609375,6498.20556640625,5733.39208984375,402.515625,9.828125,1.0,16.625,33.25,9.765625,5.8125,5.890625,1.984375,9.796875,165.55624389648438,47.90625,2.0,8.828125,129.453125,48.28125,73.64375305175781,3.409374952316284,75.84375,4.96875,24.9453125,0.3046875,0.03437500074505806,0.96875,0.984375,0.0,3,3 2
1150,8680.3876953125,6337.4365234375,5591.6259765625,386.1937561035156,9.625,0.96875,16.296875,32.59375,9.5625,5.640625,5.796875,1.9375,9.65625,161.83749389648438,47.421875,2.0,8.625,110.609375,40.28125,72.37968444824219,3.331249952316284,73.1015625,4.796875,24.21875,0.29296875,0.03750000149011612,0.96875,0.9375,0.0,3,3 2
1151,8901.1220703125,6516.3046875,5752.10595703125,398.359375,9.859375,0.984375,16.65625,33.3125,9.796875,5.796875,5.90625,1.953125,9.859375,165.9609375,47.890625,2.0,8.859375,120.078125,40.78125,72.953125,3.3687500953674316,79.296875,4.984375,24.8828125,0.2122395783662796,0.012500000186264515,0.984375,0.984375,0.0,3,3 2
1152,8760.48046875,6398.9052734375,5649.2705078125,393.01873779296875,9.71875,0.953125,16.359375,32.703125,9.640625,5.703125,5.8125,1.921875,9.625,163.89218139648438,48.25,1.984375,8.71875,133.265625,44.828125,73.1265640258789,3.359375,71.2421875,4.890625,24.609375,0.126953125,0.0,1.015625,0.953125,0.0,3,3 2
1153,9029.3798828125,6572.09228515625,5798.5234375,401.79998779296875,9.875,1.03125,16.65625,33.3125,9.8125,5.8125,5.890625,1.953125,9.84375,170.56875610351562,48.75,2.0,8.875,123.46875,38.4375,77.7593765258789,3.5374999046325684,58.703125,4.875,24.609375,0.2265625,0.01875000074505806,0.96875,0.984375,0.0,3,3 2
1154,8759.84375,6403.587890625,5649.62548828125,397.23748779296875,9.703125,0.984375,16.328125,32.640625,9.609375,5.625,5.828125,1.875,9.703125,165.0109405517578,48.4375,2.0,8.703125,124.34375,39.125,72.9515609741211,3.346874952316284,70.2421875,4.84375,24.1796875,0.29296875,0.03750000149011612,0.96875,0.953125,0.0,3,3 1
1155,9102.931640625,6643.6474609375,5868.271484375,402.125,9.984375,1.0,16.78125,33.546875,9.875,5.875,5.953125,1.9375,9.90625,170.484375,51.109375,2.0,8.984375,151.71875,48.78125,76.10469055175781,3.456249952316284,74.1640625,4.9375,24.9453125,0.05859375,0.0,1.0,1.0,0.0,3,3 2
1156,8872.935546875,6484.9267578125,5724.02197265625,402.421875,9.8125,0.984375,16.5,32.96875,9.71875,5.71875,5.859375,1.90625,9.765625,164.34375,48.4375,2.0,8.8125,170.515625,58.3125,73.44062805175781,3.362499952316284,74.984375,4.90625,24.578125,0.2337239533662796,0.02812499925494194,0.96875,0.96875,0.0,3,3 2
1157,8763.8720703125,6416.7158203125,5660.3271484375,409.6343688964844,9.734375,0.984375,16.46875,32.90625,9.65625,5.71875,5.859375,1.953125,9.71875,164.43905639648438,47.828125,2.0,8.734375,146.28125,50.59375,74.55155944824219,3.4375,60.6796875,4.984375,25.0,0.234375,0.01875000074505806,0.984375,0.953125,0.0,3,3 1
1158,8178.978515625,6065.158203125,5345.3623046875,406.19061279296875,9.390625,0.90625,15.8125,31.609375,9.3125,5.359375,5.671875,1.8125,9.453125,153.0421905517578,45.96875,2.0,8.390625,168.203125,51.265625,66.6312484741211,3.1781249046325684,69.96875,4.796875,24.0,0.341796875,0.00390625,1.046875,0.90625,0.0,3,3 2
1159,8903.1171875,6486.2607421875,5724.37060546875,416.4937438964844,9.8125,0.984375,16.546875,33.09375,9.71875,5.75,5.90625,1.921875,9.796875,166.95468139648438,48.234375,2.0,8.8125,203.609375,63.8125,75.1343765258789,3.450000047683716,68.390625,4.984375,25.0,0.1953125,0.02265625074505806,0.984375,0.96875,0.0,3,3 4
1160,8964.771484375,6558.09130859375,5787.6259765625,425.2124938964844,9.90625,1.0,16.59375,33.1875,9.765625,5.765625,5.875,1.96875,9.8125,167.48281860351562,49.953125,2.0,8.90625,233.9375,76.46875,74.0328140258789,3.4312500953674316,68.5859375,4.984375,24.9375,0.15625,0.0,1.0,1.0,0.0,3,3 1
1161,8780.6044921875,6445.2744140625,5687.6513671875,423.65936279296875,9.796875,0.96875,16.40625,32.78125,9.65625,5.734375,5.84375,1.875,9.671875,162.7109375,50.0625,1.984375,8.796875,245.875,82.671875,69.1624984741211,3.2249999046325684,98.25,5.0,25.0,0.15234375,0.01328125037252903,0.984375,0.96875,0.0,3,3 2
1162,8830.0244140625,6427.9296875,5673.5947265625,415.28436279296875,9.734375,0.96875,16.4375,32.84375,9.671875,5.671875,5.859375,1.890625,9.75,166.328125,51.015625,1.984375,8.734375,229.328125,81.484375,74.6109390258789,3.387500047683716,69.1328125,4.90625,24.609375,0.087890625,0.0,1.0,0.953125,0.0,3,3 1
1163,8743.6787109375,6398.599609375,5646.9970703125,416.0562438964844,9.734375,0.953125,16.375,32.75,9.609375,5.671875,5.828125,1.9375,9.703125,165.6046905517578,51.75,2.0,8.734375,209.578125,66.328125,71.828125,3.3218750953674316,74.296875,4.984375,25.0,0.1171875,0.0,1.015625,0.953125,0.0,3,3 1
1164,8827.0986328125,6423.90625,5667.4072265625,412.34686279296875,9.734375,0.984375,16.359375,32.71875,9.6875,5.65625,5.828125,1.84375,9.703125,165.81875610351562,50.46875,2.0,8.734375,218.296875,69.921875,74.5875015258789,3.3843750953674316,63.9375,4.90625,24.609375,0.2376302033662796,0.03750000149011612,0.96875,0.953125,0.0,3,3 4
1165,8974.76953125,6562.8525390625,5790.4228515625,411.76873779296875,9.90625,1.015625,16.59375,33.171875,9.796875,5.734375,5.90625,1.90625,9.828125,166.74063110351562,51.21875,2.0,8.90625,189.03125,60.328125,74.24687194824219,3.3968749046325684,67.515625,4.984375,24.9453125,0.220703125,0.02812499925494194,0.984375,1.0,0.0,3,3 2
1166,8823.2099609375,6449.35498046875,5688.01123046875,413.10626220703125,9.765625,1.0,16.453125,32.90625,9.734375,5.671875,5.84375,1.875,9.78125,167.2609405517578,49.84375,2.0,8.765625,172.25,56.3125,75.71875,3.487499952316284,54.84375,4.96875,24.9375,0.376953125,0.046875,0.953125,0.96875,0.0,3,3 2
1167,8854.4921875,6441.72021484375,5682.3935546875,406.3218688964844,9.734375,1.0,16.375,32.734375,9.65625,5.640625,5.828125,1.890625,9.71875,168.4734344482422,49.6875,2.0,8.734375,195.296875,67.109375,75.546875,3.4375,62.578125,4.78125,24.21875,0.2734375,0.03750000149011612,0.96875,0.953125,0.0,3,3 2
1168,8958.830078125,6545.97607421875,5779.01318359375,419.55938720703125,9.890625,0.984375,16.609375,33.21875,9.78125,5.84375,5.859375,1.96875,9.765625,167.8874969482422,52.609375,2.0,8.890625,231.984375,81.65625,73.47187805175781,3.3687500953674316,76.703125,4.96875,24.9375,0.1009114608168602,0.0,1.0,0.984375,0.0,3,3 2
1169,9040.2783203125,6644.3974609375,5868.5732421875,418.75,9.984375,1.0,16.6875,33.375,9.828125,5.859375,5.90625,1.96875,9.8125,171.2468719482422,52.375,2.0,8.984375,229.671875,77.59375,76.8812484741211,3.518749952316284,70.28125,5.0,24.9375,0.087890625,0.0,1.015625,1.0,0.0,3,3 2
1170,9015.8408203125,6590.99072265625,5819.4912109375,409.2250061035156,9.921875,1.0,16.75,33.484375,9.859375,5.875,5.9375,1.96875,9.84375,168.94686889648438,50.0,2.0,8.921875,243.359375,91.84375,74.37187194824219,3.434375047683716,82.828125,5.0,25.0,0.234375,0.01875000074505806,0.984375,0.984375,0.0,3,3 2
1171,8731.2646484375,6365.38671875,5613.4775390625,400.3343811035156,9.671875,0.984375,16.28125,32.546875,9.625,5.609375,5.75,1.921875,9.640625,164.0234375,47.765625,1.96875,8.671875,218.25,84.65625,73.06718444824219,3.331249952316284,66.2265625,4.921875,24.609375,0.2018229216337204,0.02265625074505806,0.984375,0.96875,0.0,3,3 2
1172,8558.150390625,6260.18115234375,5521.171875,401.3687438964844,9.59375,0.9375,16.25,32.5,9.546875,5.59375,5.796875,1.90625,9.65625,160.2390594482422,49.140625,1.984375,8.59375,225.40625,81.421875,68.37031555175781,3.168750047683716,80.9609375,5.0,25.0,0.15625,0.00390625,1.0,0.9375,0.0,3,3 2
1173,8830.87109375,6470.458984375,5712.8486328125,403.73748779296875,9.796875,0.96875,16.5,33.0,9.703125,5.703125,5.890625,1.921875,9.78125,164.921875,50.5625,2.0,8.796875,211.015625,71.03125,71.91874694824219,3.325000047683716,82.59375,4.890625,24.609375,0.17578125,0.0,1.0,0.96875,0.0,3,3 2
1174,8520.068359375,6258.09814453125,5520.435546875,399.9437561035156,9.578125,0.9375,16.109375,32.21875,9.515625,5.5,5.78125,1.8125,9.609375,159.765625,49.21875,2.0,8.578125,193.296875,67.34375,70.2562484741211,3.2562499046325684,74.96875,4.875,24.5546875,0.3203125,0.0062500000931322575,1.0,0.9375,0.0,3,3 1
1175,8814.701171875,6419.93505859375,5665.26220703125,398.83123779296875,9.75,0.96875,16.484375,32.9375,9.6875,5.71875,5.859375,1.953125,9.71875,165.21875,50.234375,2.0,8.75,203.625,78.625,73.5296859741211,3.34375,65.7890625,5.0,24.9453125,0.068359375,0.0,1.0,0.96875,0.0,3,3 2
1176,8801.099609375,6464.64990234375,5705.8173828125,400.67498779296875,9.78125,0.984375,16.4375,32.875,9.6875,5.734375,5.8125,1.9375,9.703125,164.2375030517578,48.40625,2.0,8.78125,205.390625,81.359375,70.1578140258789,3.296875,91.3984375,4.90625,24.609375,0.345703125,0.03437500074505806,0.96875,0.96875,0.0,3,3 1
1177,8982.80078125,6564.6142578125,5796.75146484375,409.6468811035156,9.90625,0.984375,16.625,33.25,9.828125,5.796875,5.875,1.921875,9.828125,169.15469360351562,49.765625,1.984375,8.90625,192.671875,77.015625,74.06562805175781,3.393749952316284,79.046875,5.0,24.9375,0.1204427108168602,0.0052083334885537624,1.015625,0.984375,0.0,3,3 2
1178,8627.224609375,6322.73974609375,5575.73291015625,403.7718811035156,9.640625,0.96875,16.15625,32.3125,9.5,5.578125,5.734375,1.921875,9.578125,161.9109344482422,49.0625,2.0,8.640625,184.078125,74.046875,71.25312805175781,3.309375047683716,69.984375,4.890625,24.609375,0.224609375,0.02656250074505806,1.015625,0.953125,0.0,3,3 2
1179,8620.857421875,6294.4443359375,5550.32177734375,409.7281188964844,9.625,0.953125,16.1875,32.375,9.53125,5.59375,5.734375,1.9375,9.578125,163.63906860351562,49.453125,1.984375,8.625,174.78125,68.90625,70.8609390258789,3.265625,68.5078125,4.96875,24.90625,0.146484375,0.00390625,1.015625,0.953125,0.0,3,3 1
1180,8987.8720703125,6581.07177734375,5811.78515625,417.09686279296875,9.921875,0.984375,16.8125,33.625,9.890625,5.90625,5.9375,1.984375,9.90625,168.52969360351562,50.6875,2.0,8.921875,202.09375,81.25,72.515625,3.3656249046325684,92.109375,5.0,24.9375,0.166015625,0.0,1.0,0.984375,0.0,3,3 1
1181,8359.408203125,6151.4892578125,5418.8876953125,401.109375,9.46875,0.953125,15.890625,31.765625,9.34375,5.453125,5.65625,1.90625,9.40625,156.45468139648438,48.078125,1.96875,8.46875,174.03125,71.859375,66.703125,3.1624999046325684,80.234375,4.8125,24.1640625,0.21484375,0.0,1.046875,0.953125,0.0,3,3 1
1182,8917.6796875,6545.33740234375,5779.00634765625,411.734375,9.890625,0.984375,16.59375,33.15625,9.75,5.78125,5.875,1.9375,9.8125,165.8562469482422,48.5,2.0,8.890625,193.0,78.390625,71.0234375,3.296875,92.3828125,4.921875,24.609375,0.126953125,0.00390625,1.015625,0.984375,0.0,3,3 2
1183,9017.947265625,6606.81640625,5833.0166015625,416.1468811035156,9.953125,1.0,16.75,33.5,9.828125,5.84375,5.9375,2.0,9.890625,170.1515655517578,49.296875,2.0,8.953125,208.421875,87.21875,73.3140640258789,3.424999952316284,82.8046875,4.96875,24.9453125,0.185546875,0.0,1.046875,1.0,0.0,3,3 1
1184,8936.8154296875,6535.5791015625,5769.71875,411.67498779296875,9.875,0.984375,16.625,33.234375,9.828125,5.765625,5.90625,1.875,9.859375,168.1125030517578,47.546875,1.96875,8.875,200.765625,87.359375,73.12187194824219,3.390625,83.765625,5.0,25.0,0.220703125,0.0062500000931322575,0.984375,0.984375,0.0,3,3 2
1185,8899.7607421875,6496.66162109375,5736.11474609375,409.05938720703125,9.828125,0.96875,16.625,33.25,9.765625,5.78125,5.90625,1.953125,9.84375,168.5421905517578,48.15625,2.0,8.828125,199.25,92.609375,74.2562484741211,3.4593749046325684,72.78125,5.0,25.0,0.224609375,0.0,1.0,0.96875,0.0,3,3 1
1186,8968.9482421875,6567.9580078125,5798.53271484375,412.921875,9.890625,1.0,16.609375,33.1875,9.8125,5.78125,5.859375,1.921875,9.8125,168.78125,46.984375,2.0,8.890625,206.0625,97.640625,73.0171890258789,3.387500047683716,87.7265625,4.921875,24.609375,0.2734375,0.02265625074505806,0.984375,0.984375,0.0,3,3 4
1187,8802.8232421875,6462.0908203125,5698.8544921875,406.8843688964844,9.8125,1.0,16.453125,32.875,9.671875,5.65625,5.84375,1.9375,9.765625,163.1828155517578,45.828125,2.0,8.8125,168.296875,81.875,71.02656555175781,3.3218750953674316,78.3046875,5.0,24.9375,0.2493489533662796,0.015625,1.0,1.0,0.0,3,3 1
1188,8471.66015625,6211.60302734375,5479.75732421875,395.23126220703125,9.53125,0.921875,16.125,32.25,9.46875,5.53125,5.734375,1.9375,9.578125,157.57968139648438,44.34375,1.984375,8.53125,163.6875,79.484375,67.7125015258789,3.168750047683716,80.5,4.84375,24.21875,0.21484375,0.0,1.0625,0.921875,0.0,3,3 4
1189,8660.6728515625,6382.6044921875,5627.5986328125,400.61248779296875,9.734375,0.984375,16.328125,32.59375,9.640625,5.625,5.765625,1.90625,9.65625,159.8249969482422,43.859375,2.0,8.734375,128.703125,59.640625,67.68437194824219,3.21875,87.828125,4.921875,24.4921875,0.4055989682674408,0.01875000074505806,0.953125,0.984375,0.0,3,3 2
1190,8750.3623046875,6424.8701171875,5669.28369140625,399.15313720703125,9.734375,0.984375,16.34375,32.671875,9.640625,5.65625,5.8125,1.890625,9.671875,163.1218719482422,44.390625,2.0,8.734375,112.90625,54.71875,70.796875,3.293750047683716,86.328125,4.828125,24.21875,0.36328125,0.03437500074505806,0.96875,0.96875,0.0,3,3 1
1191,8412.26953125,6196.33251953125,5464.08251953125,389.7124938964844,9.515625,0.9375,15.9375,31.875,9.390625,5.421875,5.65625,1.921875,9.484375,154.1437530517578,42.265625,2.0,8.515625,107.203125,49.71875,66.5796890258789,3.1156249046325684,84.2890625,4.765625,23.765625,0.1985677033662796,0.0,1.078125,0.921875,0.0,3,3 4
1192,8343.642578125,6162.7783203125,5434.45703125,391.140625,9.484375,0.921875,15.953125,31.875,9.390625,5.4375,5.703125,1.890625,9.453125,156.20938110351562,42.109375,2.0,8.484375,94.84375,42.859375,67.6390609741211,3.2093749046325684,75.5546875,4.828125,24.109375,0.328125,0.00937500037252903,1.03125,0.921875,0.0,3,3 1
1193,8324.31640625,6094.0087890625,5369.06201171875,388.4375,9.390625,0.9375,15.875,31.75,9.34375,5.40625,5.703125,1.84375,9.453125,156.1453094482422,43.078125,2.0,8.390625,90.671875,38.53125,68.171875,3.1781249046325684,67.578125,4.828125,24.21875,0.3860677182674408,0.04062500223517418,0.96875,0.90625,0.0,3,3 1
1194,8666.7734375,6354.92041015625,5606.85498046875,395.625,9.65625,0.96875,16.328125,32.609375,9.640625,5.640625,5.8125,1.875,9.640625,162.0281219482422,44.25,2.234375,8.65625,81.84375,34.34375,70.5625,3.2718749046325684,78.75,4.90625,24.609375,0.181640625,0.0,0.984375,0.96875,0.0,3,3 1
1195,8806.55859375,6466.32470703125,5702.71630859375,402.31561279296875,9.8125,1.0,16.515625,32.96875,9.71875,5.703125,5.875,1.9375,9.734375,165.31875610351562,45.390625,2.0,8.8125,93.46875,39.078125,71.6624984741211,3.346874952316284,75.125,5.0,25.0,0.1953125,0.0,1.015625,1.0,0.0,3,3 1
1196,8540.6630859375,6289.73193359375,5546.56396484375,403.2093811035156,9.625,0.953125,16.109375,32.171875,9.484375,5.515625,5.734375,1.90625,9.53125,160.2937469482422,44.84375,2.0,8.625,99.765625,41.71875,68.4984359741211,3.2093749046325684,76.5703125,4.8125,24.09375,0.3190104067325592,0.01171875,0.984375,0.953125,0.0,3,3 1
1197,8896.8583984375,6536.0791015625,5767.36865234375,413.39373779296875,9.890625,1.0,16.609375,33.21875,9.828125,5.796875,5.828125,1.984375,9.78125,164.73593139648438,44.046875,2.0,8.890625,120.71875,46.46875,71.54219055175781,3.328125,81.0390625,5.0,24.9375,0.240234375,0.01015624962747097,0.984375,1.0,0.0,3,3 1
1198,8498.0224609375,6269.72802734375,5530.3837890625,410.8187561035156,9.5625,0.953125,16.015625,32.015625,9.421875,5.546875,5.671875,1.921875,9.453125,159.65780639648438,43.453125,2.0,8.5625,132.09375,48.28125,68.45780944824219,3.203125,85.5234375,4.703125,23.7734375,0.375,0.03828125074505806,0.984375,0.953125,0.0,3,3 1
1199,8856.4052734375,6453.0986328125,5693.9189453125,417.4750061035156,9.765625,0.984375,16.46875,32.90625,9.671875,5.765625,5.859375,1.953125,9.65625,168.2234344482422,43.71875,2.0,8.765625,139.296875,52.96875,72.8656234741211,3.325000047683716,77.859375,4.921875,24.609375,0.166015625,0.01875000074505806,0.984375,0.96875,0.0,3,3 2
1200,8801.630859375,6445.31005859375,5685.63818359375,419.21875,9.78125,0.984375,16.375,32.75,9.625,5.640625,5.78125,1.96875,9.734375,166.50155639648438,44.875,2.0,8.78125,146.0625,51.515625,71.2265625,3.325000047683716,70.1171875,4.921875,24.546875,0.275390625,0.015625,0.984375,0.984375,0.0,3,3 1
1201,9030.169921875,6589.62890625,5815.5947265625,418.390625,9.90625,1.015625,16.796875,33.578125,9.875,5.890625,5.953125,1.96875,9.890625,172.3000030517578,42.484375,2.0,8.90625,153.171875,62.125,76.3421859741211,3.546875,67.6640625,5.0,25.0,0.283203125,0.01875000074505806,0.984375,0.984375,0.0,3,3 2
1202,8632.7744140625,6396.5791015625,5638.0048828125,408.85626220703125,9.75,1.0,16.171875,32.34375,9.59375,5.578125,5.671875,1.90625,9.59375,160.9171905517578,39.796875,2.0,8.75,149.265625,61.953125,66.79219055175781,3.203125,81.6640625,4.890625,24.546875,0.419921875,0.02265625074505806,1.0,0.984375,0.0,3,3 1
1203,8816.2255859375,6474.4111328125,5710.46337890625,407.8031311035156,9.8125,1.0,16.640625,33.265625,9.75,5.78125,5.9375,1.96875,9.828125,164.9031219482422,40.953125,2.0,8.8125,160.203125,68.5,69.87031555175781,3.3125,84.0859375,5.0,25.0,0.322265625,0.01875000074505806,0.984375,0.984375,0.0,3,3 2
1204,8980.091796875,6580.4541015625,5811.8359375,404.41876220703125,9.921875,0.984375,16.671875,33.34375,9.8125,5.78125,5.953125,1.90625,9.890625,168.4953155517578,41.875,1.984375,8.921875,157.921875,66.84375,73.2984390258789,3.409374952316284,88.1953125,5.0,25.0,0.185546875,0.0,1.0,0.984375,0.0,3,3 2
1205,8731.7490234375,6433.146484375,5677.4541015625,403.51251220703125,9.78125,0.96875,16.265625,32.515625,9.671875,5.625,5.6875,1.90625,9.625,162.1203155517578,40.484375,2.0,8.78125,134.453125,58.921875,70.52656555175781,3.356250047683716,78.9296875,4.921875,24.359375,0.3059895932674408,0.00390625,1.0,0.96875,0.0,3,3 2
1206,8988.978515625,6587.26171875,5816.38427734375,403.08123779296875,9.921875,1.0,16.640625,33.28125,9.84375,5.859375,5.859375,1.9375,9.78125,167.7265625,40.25,2.0,8.921875,113.21875,47.34375,74.4453125,3.465625047683716,82.4609375,5.0,25.0,0.185546875,0.0,1.0,0.984375,0.0,3,3 2
1207,8901.8212890625,6556.95556640625,5790.01611328125,401.04376220703125,9.90625,0.984375,16.59375,33.1875,9.8125,5.703125,5.921875,1.859375,9.890625,165.8078155517578,38.921875,2.0,8.90625,101.796875,42.1875,72.05155944824219,3.4281249046325684,89.1171875,5.0,25.0,0.3125,0.0,1.015625,0.984375,0.0,3,3 2
1208,8707.552734375,6413.9716796875,5659.0751953125,401.31561279296875,9.765625,0.96875,16.421875,32.828125,9.6875,5.671875,5.828125,1.921875,9.71875,161.53125,38.09375,1.984375,8.765625,106.921875,43.515625,68.79219055175781,3.2906250953674316,89.4765625,4.984375,24.9375,0.3125,0.00390625,1.0,0.96875,0.0,3,3 2
1209,8798.5400390625,6441.833984375,5678.34130859375,397.93438720703125,9.734375,1.03125,16.359375,32.703125,9.671875,5.609375,5.828125,1.859375,9.734375,165.4093780517578,35.15625,2.0,8.734375,105.703125,46.78125,73.41093444824219,3.4281249046325684,73.2578125,4.8125,24.21875,0.5305989384651184,0.06875000149011612,0.96875,0.953125,0.0,3,3 2
1210,9072.0849609375,6594.56884765625,5820.90625,405.99688720703125,9.90625,1.015625,16.6875,33.359375,9.859375,5.84375,5.875,1.953125,9.828125,173.50936889648438,38.859375,2.0,8.90625,103.0,40.03125,79.33125305175781,3.621875047683716,52.71875,5.0,24.9375,0.234375,0.02656250074505806,1.0,0.984375,0.0,3,3 2
1211,8573.2392578125,6295.3427734375,5555.7822265625,402.40936279296875,9.609375,0.9375,16.046875,32.09375,9.53125,5.5625,5.640625,1.875,9.484375,160.1796875,40.625,2.0,8.609375,99.625,37.640625,69.9515609741211,3.3125,78.0546875,4.765625,23.703125,0.2962239682674408,0.0,1.015625,0.9375,0.0,3,3 2
1212,8662.59765625,6350.43896484375,5603.74560546875,402.2593688964844,9.671875,0.953125,16.34375,32.6875,9.609375,5.65625,5.828125,1.90625,9.6875,161.80624389648438,44.109375,2.0,8.671875,83.390625,29.21875,70.5250015258789,3.328125,84.25,4.90625,24.609375,0.3515625,0.01875000074505806,0.984375,0.9375,0.0,3,3 2
1213,8862.80078125,6474.490234375,5716.0185546875,401.98126220703125,9.8125,0.96875,16.46875,32.921875,9.75,5.703125,5.8125,1.90625,9.75,165.13436889648438,42.796875,1.96875,8.8125,86.0,32.625,74.47343444824219,3.4000000953674316,66.3828125,5.0,24.875,0.1171875,0.0,1.0,0.96875,0.0,3,3 2
1214,8308.9423828125,6100.177734375,5379.51513671875,388.30938720703125,9.40625,0.90625,15.859375,31.703125,9.3125,5.359375,5.703125,1.859375,9.46875,155.10781860351562,39.25,1.984375,8.40625,81.625,28.5,67.87031555175781,3.184375047683716,74.3984375,4.828125,24.21875,0.205078125,0.00390625,1.046875,0.90625,0.0,3,3 2
1215,8762.466796875,6409.8017578125,5657.9423828125,405.12811279296875,9.75,0.953125,16.25,32.484375,9.578125,5.515625,5.84375,1.8125,9.734375,165.03125,45.15625,2.0,8.75,92.1875,29.390625,71.9906234741211,3.3343749046325684,78.796875,4.984375,25.0,0.146484375,0.00390625,1.0,0.953125,0.0,3,3 2
1216,8799.64453125,6438.8388671875,5682.95703125,410.69061279296875,9.765625,0.96875,16.4375,32.859375,9.71875,5.6875,5.828125,1.890625,9.734375,165.2703094482422,44.609375,2.0,8.765625,98.4375,29.3125,73.2906265258789,3.3968749046325684,77.609375,5.0,24.9375,0.29296875,0.01875000074505806,0.984375,0.953125,0.0,3,3 2
1217,8847.6220703125,6485.66259765625,5726.84912109375,413.04998779296875,9.8125,0.96875,16.4375,32.875,9.71875,5.6875,5.859375,1.875,9.734375,165.5359344482422,47.390625,2.0,8.8125,111.34375,30.453125,72.14530944824219,3.3843750953674316,86.7734375,4.921875,24.609375,0.275390625,0.015625,0.984375,0.96875,0.0,3,3 2
1218,8807.0751953125,6483.3447265625,5721.75244140625,416.984375,9.828125,0.984375,16.375,32.75,9.75,5.640625,5.78125,1.84375,9.734375,161.9187469482422,47.734375,2.0,8.828125,115.125,31.1875,71.25312805175781,3.3499999046325684,85.921875,4.90625,24.546875,0.25390625,0.00390625,1.0,0.984375,0.0,3,3 2
1219,8933.38671875,6507.49072265625,5738.8203125,418.828125,9.796875,1.03125,16.515625,33.015625,9.734375,5.78125,5.84375,1.9375,9.71875,168.1218719482422,45.71875,2.0,8.796875,147.109375,46.03125,76.55781555175781,3.503124952316284,59.3984375,4.921875,24.609375,0.244140625,0.02265625074505806,0.984375,0.96875,0.0,3,3 2
1220,8627.8623046875,6295.36572265625,5553.64990234375,405.92498779296875,9.59375,0.953125,16.015625,32.03125,9.5,5.5,5.625,1.890625,9.515625,163.22811889648438,46.640625,1.984375,8.59375,161.8125,50.046875,72.30937194824219,3.3125,62.828125,4.828125,24.09375,0.224609375,0.01875000074505806,0.984375,0.9375,0.0,3,3 1
1221,8791.3603515625,6477.265625,5717.2021484375,420.234375,9.796875,0.984375,16.375,32.734375,9.671875,5.6875,5.828125,1.890625,9.65625,163.3046875,47.109375,2.0,8.796875,176.296875,62.34375,72.33280944824219,3.3843750953674316,83.9609375,4.828125,24.21875,0.341796875,0.01875000074505806,1.03125,0.96875,0.0,3,3 2
1222,8946.1767578125,6508.0703125,5738.56396484375,414.8031311035156,9.8125,1.03125,16.515625,33.015625,9.671875,5.6875,5.921875,1.953125,9.78125,168.22500610351562,46.40625,1.984375,8.8125,180.0,63.484375,76.7796859741211,3.512500047683716,60.1640625,5.0,24.9375,0.263671875,0.03750000149011612,0.96875,0.96875,0.0,3,3 2
1223,8454.279296875,6163.31103515625,5432.50927734375,398.10626220703125,9.46875,0.9375,15.984375,31.96875,9.390625,5.453125,5.734375,1.875,9.515625,159.80624389648438,45.046875,2.0,8.46875,163.625,58.171875,69.7437515258789,3.253124952316284,66.90625,4.921875,24.609375,0.32421875,0.02187499962747097,0.953125,0.921875,0.0,3,3 2
1224,8592.8466796875,6302.62646484375,5560.72705078125,406.8843688964844,9.640625,0.9375,16.1875,32.359375,9.515625,5.578125,5.796875,1.90625,9.5625,160.44686889648438,45.140625,1.96875,8.640625,160.9375,64.875,69.6234359741211,3.268749952316284,85.3203125,5.0,25.0,0.265625,0.015625,0.984375,0.9375,0.0,3,3 2
1225,8753.8212890625,6427.4580078125,5668.82177734375,409.7124938964844,9.78125,0.984375,16.296875,32.546875,9.671875,5.59375,5.765625,1.875,9.640625,163.1984405517578,45.96875,2.0,8.78125,171.984375,67.53125,70.7046890258789,3.325000047683716,74.6015625,5.0,24.984375,0.27734375,0.012500000186264515,0.984375,0.984375,0.0,3,3 1
1226,8906.0078125,6499.4501953125,5736.72412109375,412.734375,9.828125,0.984375,16.546875,33.0625,9.75,5.734375,5.890625,1.90625,9.78125,167.01406860351562,46.65625,2.0,8.828125,174.40625,72.3125,74.6859359741211,3.4468750953674316,70.6328125,5.0,25.0,0.166015625,0.0,1.0,0.96875,0.0,3,3 1
1227,8585.8818359375,6281.75390625,5541.8935546875,404.29998779296875,9.609375,0.9375,16.0625,32.125,9.453125,5.515625,5.75,1.859375,9.546875,161.35311889648438,45.84375,1.96875,8.609375,164.53125,66.609375,70.1390609741211,3.28125,82.7421875,4.96875,25.0,0.322265625,0.02265625074505806,0.984375,0.921875,0.0,3,3 1
1228,9021.56640625,6589.03271484375,5817.52587890625,414.4156188964844,9.921875,1.0,16.640625,33.21875,9.796875,5.78125,5.90625,1.9375,9.796875,169.3359375,45.609375,2.0,8.921875,164.296875,70.84375,75.5562515258789,3.4937500953674316,76.90625,4.984375,24.875,0.224609375,0.01875000074505806,0.984375,0.984375,0.0,3,3 2
1229,8183.4619140625,5962.11376953125,5256.42578125,385.34063720703125,9.25,0.875,15.671875,31.296875,9.203125,5.28125,5.671875,1.796875,9.34375,154.3562469482422,43.3125,1.984375,8.25,141.28125,64.5,68.1624984741211,3.168750047683716,67.625,4.828125,24.21875,0.244140625,0.0,1.03125,0.859375,0.0,3,3 2
1230,8908.1650390625,6487.3310546875,5720.5947265625,408.7906188964844,9.8125,1.015625,16.5625,33.078125,9.765625,5.75,5.859375,1.9375,9.765625,167.20938110351562,43.796875,2.0,8.8125,165.671875,70.5625,75.1656265258789,3.4124999046325684,57.609375,5.0,24.9375,0.244140625,0.04531250149011612,0.984375,0.984375,0.0,3,3 1
1231,8942.85546875,6554.3388671875,5787.20947265625,413.14373779296875,9.90625,0.984375,16.5625,33.109375,9.765625,5.734375,5.859375,1.9375,9.8125,165.19686889648438,45.46875,2.0,8.90625,165.40625,67.296875,72.6546859741211,3.34375,86.1015625,4.984375,24.8125,0.1595052033662796,0.007031249813735485,0.984375,0.984375,0.0,3,3 2
1232,8932.99609375,6512.73974609375,5740.1708984375,404.20623779296875,9.828125,1.046875,16.546875,33.078125,9.71875,5.703125,5.859375,1.953125,9.84375,167.5656280517578,44.453125,2.0,8.828125,156.875,57.375,74.9765625,3.440624952316284,63.8671875,5.0,24.875,0.17578125,0.01875000074505806,0.984375,1.0,0.0,3,3 2
1233,8934.8486328125,6543.2353515625,5772.2509765625,403.02813720703125,9.890625,1.015625,16.578125,33.15625,9.78125,5.734375,5.875,1.921875,9.84375,165.55313110351562,44.3125,2.0,8.890625,107.078125,35.5,72.3296890258789,3.325000047683716,71.7890625,4.96875,24.9375,0.291015625,0.04375000298023224,0.953125,1.0,0.0,3,3 2
1234,8820.4189453125,6435.93896484375,5677.2216796875,404.6156311035156,9.734375,1.0,16.375,32.734375,9.65625,5.640625,5.8125,1.90625,9.71875,165.3718719482422,42.625,2.0,8.734375,112.046875,36.109375,73.82344055175781,3.378124952316284,73.0703125,4.90625,24.484375,0.3743489682674408,0.05624999850988388,0.953125,0.953125,0.0,3,3 2
1235,8756.154296875,6381.8603515625,5632.32763671875,404.75,9.703125,0.953125,16.359375,32.703125,9.65625,5.65625,5.796875,1.90625,9.6875,166.578125,44.125,1.984375,8.703125,103.765625,36.3125,73.953125,3.40625,61.796875,4.84375,24.546875,0.302734375,0.00390625,1.0,0.953125,0.0,3,3 2
1236,8364.255859375,6165.23486328125,5429.9658203125,404.38751220703125,9.515625,0.953125,15.8125,31.625,9.390625,5.234375,5.640625,1.78125,9.578125,155.97030639648438,42.3125,2.0,8.515625,91.78125,28.796875,66.4453125,3.1187500953674316,74.6484375,4.984375,24.75,0.2669270932674408,0.02265625074505806,1.046875,0.9375,0.0,3,3 1
1237,8392.923828125,6147.36962890625,5419.3330078125,403.4937438964844,9.46875,0.921875,15.921875,31.8125,9.375,5.421875,5.703125,1.859375,9.453125,158.12655639648438,44.1875,1.96875,8.46875,112.140625,41.078125,67.9156265258789,3.15625,70.734375,4.90625,24.609375,0.2766927182674408,0.02656250074505806,0.984375,0.90625,0.0,3,3 2
1238,8317.6875,6103.0732421875,5380.6474609375,398.73126220703125,9.390625,0.921875,15.734375,31.46875,9.3125,5.328125,5.59375,1.828125,9.40625,155.87655639648438,41.671875,2.0,8.390625,119.34375,41.25,66.6640625,3.121875047683716,76.6796875,4.65625,23.4375,0.341796875,0.02265625074505806,1.0,0.90625,0.0,3,3 1
1239,8758.6875,6448.08203125,5685.69287109375,424.984375,9.78125,1.0,16.390625,32.765625,9.65625,5.671875,5.796875,1.921875,9.71875,166.5734405517578,44.59375,2.0,8.78125,151.6875,48.65625,70.75312805175781,3.315624952316284,79.671875,4.96875,24.8359375,0.224609375,0.01875000074505806,1.03125,0.96875,0.0,3,3 2
1240,8550.724609375,6222.5654296875,5486.5634765625,415.98748779296875,9.53125,0.9375,16.03125,32.0625,9.46875,5.5,5.703125,1.859375,9.53125,164.35781860351562,44.890625,1.96875,8.53125,158.421875,51.890625,71.3828125,3.284374952316284,64.0234375,4.921875,24.546875,0.25,0.02812499925494194,0.96875,0.921875,0.0,3,3 1
1241,8937.9462890625,6486.8173828125,5727.837890625,414.78436279296875,9.796875,0.96875,16.484375,32.96875,9.71875,5.75,5.84375,1.921875,9.734375,170.86093139648438,45.53125,2.0,8.796875,156.171875,52.46875,76.4390640258789,3.453125,59.9921875,4.875,24.609375,0.0846354141831398,0.0,1.0,0.96875,0.0,3,3 2
1242,9049.7490234375,6589.99072265625,5815.44677734375,420.20001220703125,9.921875,1.015625,16.609375,33.1875,9.796875,5.78125,5.875,1.921875,9.8125,171.703125,43.40625,2.0,8.921875,158.765625,54.796875,75.9390640258789,3.465625047683716,64.3671875,5.0,25.0,0.146484375,0.01875000074505806,0.984375,1.0,0.0,3,3 2
1243,8816.99609375,6389.5986328125,5638.00634765625,407.375,9.6875,0.96875,16.3125,32.625,9.640625,5.625,5.796875,1.875,9.6875,169.421875,42.734375,1.96875,8.6875,151.96875,56.03125,74.83125305175781,3.375,62.71875,4.921875,24.546875,0.181640625,0.02500000037252903,0.96875,0.953125,0.0,3,3 1
1244,8877.5927734375,6482.8857421875,5721.01416015625,413.6781311035156,9.8125,0.984375,16.59375,33.171875,9.75,5.75,5.890625,1.96875,9.8125,166.796875,43.421875,2.0,8.8125,176.234375,70.640625,72.5859375,3.325000047683716,73.9453125,4.90625,24.609375,0.1595052033662796,0.0,0.984375,0.984375,0.0,3,3 2
1245,8766.5263671875,6367.31884765625,5618.57275390625,407.0531311035156,9.6875,0.953125,16.421875,32.828125,9.640625,5.6875,5.84375,1.9375,9.71875,166.33438110351562,44.140625,2.0,8.6875,169.875,60.296875,73.5562515258789,3.3499999046325684,65.65625,5.0,25.0,0.078125,0.0,1.0,0.953125,0.0,3,3 2
1246,8799.3662109375,6422.82275390625,5663.9521484375,410.1937561035156,9.734375,1.0,16.25,32.5,9.578125,5.640625,5.765625,1.921875,9.59375,166.6765594482422,43.25,2.0,8.734375,169.765625,63.015625,73.7890625,3.3687500953674316,62.6171875,4.921875,24.4921875,0.181640625,0.02812499925494194,0.984375,0.96875,0.0,3,3 1
1247,8556.783203125,6259.50732421875,5524.7978515625,395.4750061035156,9.53125,0.9375,15.96875,31.921875,9.390625,5.453125,5.734375,1.828125,9.515625,161.29531860351562,41.765625,2.0,8.53125,152.890625,59.90625,68.78125,3.1812500953674316,82.03125,4.65625,23.4375,0.1236979141831398,0.0,1.015625,0.9375,0.0,3,3 2
1248,8526.6943359375,6249.7587890625,5509.2890625,407.51251220703125,9.578125,0.953125,16.078125,32.125,9.5,5.453125,5.734375,1.8125,9.625,160.5593719482422,42.15625,2.0,8.578125,137.390625,51.875,68.3046875,3.1781249046325684,72.2265625,4.84375,24.21875,0.2552083432674408,0.012500000186264515,0.96875,0.953125,0.0,3,3 2
1249,8617.958984375,6299.43359375,5555.8251953125,400.6031188964844,9.625,0.953125,16.203125,32.375,9.5625,5.5625,5.734375,1.890625,9.625,162.1374969482422,43.71875,2.0,8.625,154.140625,64.1875,71.7125015258789,3.299999952316284,69.5625,5.0,24.796875,0.244140625,0.01875000074505806,0.984375,0.9375,0.0,3,3 1
1250,8571.224609375,6266.1181640625,5528.47509765625,398.59063720703125,9.578125,0.9375,16.015625,32.03125,9.46875,5.40625,5.75,1.796875,9.609375,160.9296875,41.921875,2.0,8.578125,141.375,59.796875,69.93437194824219,3.237499952316284,81.890625,4.921875,24.609375,0.314453125,0.03437500074505806,0.96875,0.921875,0.0,3,3 2
1251,8750.427734375,6412.8671875,5659.94580078125,400.9593811035156,9.734375,0.96875,16.3125,32.59375,9.640625,5.59375,5.78125,1.90625,9.671875,162.25,40.84375,2.0,8.734375,151.515625,64.484375,72.12187194824219,3.340625047683716,74.390625,4.828125,24.09375,0.224609375,0.01302083395421505,1.0,0.96875,0.0,3,3 2
1252,8120.84619140625,5951.8857421875,5248.45849609375,391.07501220703125,9.265625,0.859375,15.578125,31.140625,9.203125,5.1875,5.625,1.75,9.375,150.5578155517578,40.859375,2.0,8.265625,139.515625,62.265625,65.1968765258789,3.0687499046325684,84.328125,4.921875,24.484375,0.244140625,0.0,1.015625,0.859375,0.0,3,3 1
1253,8368.02734375,6157.8505859375,5428.8095703125,397.6187438964844,9.5,0.921875,15.9375,31.875,9.4375,5.46875,5.625,1.90625,9.4375,154.09375,40.515625,1.984375,8.5,152.296875,62.296875,66.17655944824219,3.096874952316284,79.4296875,4.921875,24.484375,0.19140625,0.00937500037252903,1.0,0.921875,0.0,3,3 1
1254,8439.615234375,6183.9423828125,5452.74560546875,394.39373779296875,9.484375,0.9375,16.078125,32.125,9.4375,5.484375,5.734375,1.9375,9.53125,156.36874389648438,39.625,2.0,8.484375,149.84375,59.59375,67.6343765258789,3.128124952316284,79.015625,4.765625,23.828125,0.2506510317325592,0.0,1.0,0.9375,0.0,3,3 2
1255,8720.16796875,6416.62255859375,5661.42236328125,407.3687438964844,9.765625,0.96875,16.546875,33.03125,9.6875,5.75,5.875,1.96875,9.75,160.8234405517578,41.046875,2.0,8.765625,169.234375,72.328125,69.7109375,3.309375047683716,84.8828125,4.953125,25.0,0.33203125,0.00390625,1.0,0.96875,0.0,3,3 1
1256,8529.85546875,6277.7373046875,5537.6865234375,403.95001220703125,9.625,0.9375,16.203125,32.34375,9.59375,5.578125,5.6875,1.90625,9.578125,155.6984405517578,40.953125,2.0,8.625,149.03125,59.34375,68.26249694824219,3.1781249046325684,86.8125,4.984375,24.90625,0.1920572966337204,0.00390625,1.0,0.9375,0.0,3,3 1
1257,8417.185546875,6206.45166015625,5472.2978515625,404.5718688964844,9.53125,0.9375,16.0625,32.125,9.46875,5.5,5.703125,1.90625,9.546875,155.64688110351562,41.734375,2.0,8.53125,149.078125,55.75,66.48750305175781,3.125,81.3125,4.796875,24.15625,0.2864583432674408,0.0,1.015625,0.9375,0.0,3,3 2
1258,8584.705078125,6368.4609375,5619.93017578125,405.1156311035156,9.71875,0.953125,16.3125,32.625,9.625,5.546875,5.828125,1.859375,9.765625,156.2609405517578,42.359375,2.0,8.71875,151.140625,57.3125,66.98750305175781,3.128124952316284,101.9375,4.921875,24.609375,0.1953125,0.0,1.0,0.953125,0.0,3,3 1
1259,8378.3935546875,6154.9951171875,5424.5712890625,394.37188720703125,9.484375,0.9375,15.796875,31.578125,9.375,5.390625,5.609375,1.828125,9.375,155.20156860351562,41.671875,2.0,8.484375,162.0625,60.71875,67.2203140258789,3.1156249046325684,68.8984375,4.90625,24.484375,0.177734375,0.0031250000465661287,0.984375,0.9375,0.0,3,3 2
1260,9112.1416015625,6656.82275390625,5876.2060546875,407.5375061035156,9.984375,1.03125,16.859375,33.71875,9.90625,5.921875,5.984375,1.96875,9.9375,170.05624389648438,41.796875,2.0,8.984375,187.359375,76.25,76.2437515258789,3.512500047683716,73.46875,4.984375,24.9453125,0.29296875,0.03750000149011612,0.96875,1.0,0.0,3,3 2
1261,8606.1279296875,6308.869140625,5561.8779296875,401.28125,9.640625,0.96875,16.296875,32.578125,9.59375,5.625,5.75,1.9375,9.671875,160.6765594482422,40.890625,2.0,8.640625,162.515625,58.484375,69.65312194824219,3.234375,67.359375,4.890625,24.484375,0.2734375,0.03437500074505806,0.984375,0.953125,0.0,3,3 1
1262,8842.4814453125,6482.33544921875,5724.4521484375,407.51251220703125,9.796875,0.96875,16.53125,33.046875,9.75,5.734375,5.890625,1.890625,9.78125,165.46249389648438,42.34375,2.0,8.796875,172.125,68.140625,72.4156265258789,3.371875047683716,85.421875,4.890625,24.609375,0.28515625,0.015625,0.984375,0.96875,0.0,3,3 4
1263,8594.9638671875,6308.64306640625,5567.6689453125,405.9750061035156,9.625,0.9375,16.21875,32.4375,9.609375,5.546875,5.8125,1.796875,9.671875,160.3171844482422,41.640625,2.0,8.625,162.46875,67.828125,68.66719055175781,3.237499952316284,88.2265625,4.890625,24.609375,0.234375,0.0,1.0,0.9375,0.0,3,3 1
1264,8483.2880859375,6278.35302734375,5536.4521484375,409.18438720703125,9.609375,0.953125,16.109375,32.1875,9.546875,5.5,5.734375,1.828125,9.578125,157.46875,41.296875,2.0,8.609375,166.0625,67.578125,65.3765640258789,3.143749952316284,94.0546875,4.90625,24.5,0.283203125,0.0,1.015625,0.953125,0.0,3,3 1
1265,8749.2470703125,6404.08642578125,5646.40869140625,406.984375,9.71875,1.0,16.359375,32.671875,9.65625,5.640625,5.828125,1.875,9.671875,164.57968139648438,41.328125,2.0,8.71875,156.4375,60.96875,71.6187515258789,3.331249952316284,73.46875,4.921875,24.609375,0.1953125,0.0,1.015625,0.953125,0.0,3,3 2
1266,8711.5654296875,6410.30712890625,5651.0771484375,403.51251220703125,9.75,1.0,16.453125,32.859375,9.703125,5.6875,5.84375,1.9375,9.6875,162.32656860351562,42.3125,2.0,8.75,141.546875,58.71875,68.4609375,3.25,85.8203125,4.984375,25.0,0.283203125,0.00390625,1.0,0.984375,0.0,3,3 1
1267,8915.71484375,6507.7294921875,5743.99365234375,409.26873779296875,9.84375,0.984375,16.53125,33.03125,9.796875,5.671875,5.90625,1.828125,9.828125,168.16561889648438,42.0,2.0,8.84375,143.875,57.3125,74.8656234741211,3.4625000953674316,69.734375,4.984375,24.9375,0.17578125,0.00390625,1.015625,0.984375,0.0,3,3 4
1268,9132.46484375,6667.38037109375,5888.29296875,410.7437438964844,10.0,1.015625,16.78125,33.53125,9.921875,5.8125,5.96875,1.875,9.953125,170.5671844482422,42.203125,2.0,9.0,142.421875,58.15625,77.3109359741211,3.5374999046325684,73.4453125,4.984375,24.9375,0.1171875,0.0,1.0,1.0,0.0,3,3 2
1269,9009.3076171875,6597.2685546875,5821.3056640625,407.2875061035156,9.921875,1.03125,16.53125,33.03125,9.8125,5.765625,5.84375,1.875,9.734375,168.7218780517578,42.046875,2.0,8.921875,147.28125,64.171875,75.28593444824219,3.5,78.2578125,4.9375,25.0,0.2571614682674408,0.01875000074505806,1.0,0.984375,0.0,3,3 2
1270,8670.5537109375,6374.01953125,5625.19384765625,396.953125,9.71875,0.953125,16.171875,32.328125,9.59375,5.609375,5.734375,1.84375,9.546875,160.8203125,41.609375,2.0,8.71875,153.4375,71.046875,70.80781555175781,3.3187499046325684,84.7109375,4.921875,24.9375,0.298828125,0.00937500037252903,0.984375,0.953125,0.0,3,3 2
1271,8577.0595703125,6307.97802734375,5562.13427734375,389.3968811035156,9.640625,0.96875,16.171875,32.328125,9.5,5.53125,5.828125,1.859375,9.609375,157.67031860351562,39.640625,1.96875,8.640625,128.609375,61.875,69.765625,3.3125,79.296875,4.90625,25.0,0.2701822817325592,0.0078125,1.0,0.9375,0.0,3,3 2
1272,8955.8642578125,6597.20947265625,5820.5615234375,406.5625,9.9375,1.03125,16.734375,33.46875,9.859375,5.859375,5.9375,1.96875,9.84375,165.17813110351562,38.03125,2.0,8.9375,141.75,68.015625,72.8218765258789,3.4937500953674316,85.265625,4.90625,25.0,0.41015625,0.02656250074505806,0.984375,1.0,0.0,3,3 1
1273,8586.732421875,6295.38818359375,5553.03759765625,400.8843688964844,9.609375,0.953125,16.265625,32.515625,9.5625,5.609375,5.8125,1.90625,9.625,159.6140594482422,40.28125,1.984375,8.609375,157.6875,75.4375,70.26094055175781,3.309375047683716,80.2578125,4.890625,24.609375,0.25390625,0.0,1.015625,0.9375,0.0,3,3 2
1274,8933.857421875,6571.9404296875,5800.13330078125,414.5375061035156,9.890625,1.015625,16.65625,33.28125,9.75,5.765625,5.9375,1.96875,9.859375,167.34219360351562,39.765625,2.0,8.890625,170.5625,83.140625,72.12031555175781,3.4437499046325684,92.2109375,4.890625,24.609375,0.421875,0.03437500074505806,0.96875,0.984375,0.0,3,3 2
1275,9019.017578125,6598.4189453125,5824.0458984375,415.1000061035156,9.921875,1.015625,16.75,33.46875,9.859375,5.859375,5.921875,1.96875,9.859375,170.0421905517578,41.75,2.0,8.921875,198.53125,97.546875,75.04219055175781,3.515625,79.4765625,4.953125,24.9375,0.3157552182674408,0.01875000074505806,0.984375,0.984375,0.0,3,3 2
1276,8872.833984375,6505.89599609375,5738.3779296875,412.12811279296875,9.828125,1.015625,16.5,33.0,9.703125,5.734375,5.859375,1.953125,9.75,166.484375,41.40625,2.0,8.828125,199.453125,97.453125,72.9515609741211,3.434375047683716,79.3046875,4.984375,25.0,0.53125,0.06875000149011612,0.9375,0.96875,0.0,3,3 2
1277,8875.8818359375,6493.10791015625,5732.82763671875,410.2906188964844,9.828125,0.96875,16.46875,32.90625,9.703125,5.6875,5.828125,1.921875,9.765625,168.5906219482422,41.9375,1.984375,8.828125,214.59375,101.25,74.28125,3.4625000953674316,72.65625,4.953125,25.0,0.294921875,0.02734375,0.984375,0.96875,0.0,3,3 2
1278,9030.8583984375,6616.8310546875,5838.923828125,415.9375,9.9375,1.03125,16.71875,33.421875,9.875,5.859375,5.875,1.96875,9.84375,170.7843780517578,41.875,2.0,8.9375,196.859375,91.96875,76.3687515258789,3.581249952316284,72.84375,4.96875,25.0,0.41015625,0.03750000149011612,0.984375,1.0,0.0,3,3 4
1279,8923.5625,6550.2314453125,5781.59619140625,423.52813720703125,9.875,1.0,16.421875,32.796875,9.78125,5.71875,5.78125,1.859375,9.65625,169.9187469482422,40.5625,2.0,8.875,189.828125,81.25,73.078125,3.4281249046325684,82.109375,4.875,24.609375,0.3046875,0.01953125,0.984375,0.984375,0.0,3,3 2
1280,8895.44140625,6517.4677734375,5747.75634765625,415.5375061035156,9.859375,1.015625,16.5,32.953125,9.78125,5.671875,5.859375,1.890625,9.75,167.6843719482422,40.96875,2.0,8.859375,195.671875,78.3125,72.7125015258789,3.3843750953674316,75.1875,4.953125,24.9375,0.1888020783662796,0.0,1.03125,1.0,0.0,3,3 2
1281,8185.31201171875,6047.4267578125,5333.00048828125,403.59063720703125,9.34375,0.890625,15.75,31.46875,9.296875,5.390625,5.59375,1.859375,9.328125,153.8546905517578,41.0,1.984375,8.34375,171.921875,71.9375,63.115623474121094,3.0,96.296875,4.703125,23.7734375,0.2513020932674408,0.0,1.015625,0.890625,0.0,3,3 2
1282,8666.7880859375,6404.65283203125,5649.546875,416.5531311035156,9.765625,0.96875,16.328125,32.640625,9.625,5.609375,5.8125,1.875,9.71875,161.19686889648438,42.25,2.0,8.765625,181.328125,78.921875,67.8359375,3.2437500953674316,88.9453125,4.9375,24.78125,0.32421875,0.015625,1.015625,0.96875,0.0,3,3 2
1283,8593.916015625,6366.19677734375,5617.275390625,420.1468811035156,9.703125,0.953125,16.390625,32.765625,9.65625,5.65625,5.828125,1.890625,9.734375,160.2687530517578,42.0625,2.0,8.703125,179.296875,77.578125,66.7828140258789,3.2406249046325684,97.6484375,4.875,24.609375,0.3678385317325592,0.0,1.0,0.953125,0.0,3,3 2
1284,7188.92431640625,5397.22021484375,4748.27294921875,392.01873779296875,8.65625,0.78125,14.28125,28.546875,8.515625,4.515625,5.15625,1.609375,8.75,134.71719360351562,40.34375,2.0,7.65625,168.21875,62.21875,53.8125,2.7093749046325684,85.625,4.328125,21.765625,0.60546875,0.0,1.046875,0.78125,0.0,3,3 1
1285,7963.322265625,5906.7255859375,5197.8603515625,407.1625061035156,9.234375,0.90625,15.34375,30.6875,9.109375,5.046875,5.5625,1.671875,9.296875,149.4484405517578,42.171875,1.984375,8.234375,199.40625,69.84375,62.16093826293945,3.059375047683716,78.2578125,4.796875,24.546875,0.48828125,0.0052083334885537624,0.984375,0.890625,0.0,3,3 1
1286,8847.1767578125,6463.9775390625,5705.66162109375,419.3218688964844,9.796875,0.96875,16.375,32.75,9.734375,5.609375,5.8125,1.828125,9.765625,167.63125610351562,43.421875,2.0,8.796875,216.28125,83.25,73.60624694824219,3.4000000953674316,68.84375,4.875,24.609375,0.17578125,0.0,1.015625,0.96875,0.0,3,3 4
1287,8311.6279296875,6150.453125,5422.1103515625,408.65625,9.484375,0.921875,15.78125,31.546875,9.34375,5.296875,5.625,1.8125,9.46875,155.3249969482422,42.46875,2.0,8.484375,204.90625,85.265625,66.26249694824219,3.2125000953674316,89.625,4.859375,24.4296875,0.390625,0.0,1.015625,0.921875,0.0,3,3 2
1288,8619.263671875,6352.80078125,5602.59326171875,419.6343688964844,9.6875,0.96875,16.21875,32.40625,9.484375,5.53125,5.828125,1.890625,9.671875,160.72500610351562,41.8125,1.96875,8.6875,190.46875,79.40625,68.46875,3.268749952316284,96.40625,4.953125,24.9375,0.341796875,0.01875000074505806,1.0,0.9375,0.0,3,3 1
1289,8607.4140625,6299.69482421875,5550.66259765625,420.71563720703125,9.625,0.984375,16.125,32.234375,9.5,5.53125,5.75,1.890625,9.5625,162.0046844482422,42.21875,2.0,8.625,164.84375,62.765625,69.59843444824219,3.25,72.9453125,4.921875,24.4921875,0.25,0.0062500000931322575,0.984375,0.953125,0.0,3,3 4
1290,8811.779296875,6477.7900390625,5715.25732421875,423.5218811035156,9.828125,0.984375,16.4375,32.859375,9.734375,5.703125,5.8125,1.890625,9.71875,165.359375,43.953125,2.0,8.828125,164.5625,60.09375,70.2265625,3.3656249046325684,87.6171875,4.96875,24.9375,0.3411458432674408,0.0062500000931322575,1.0,0.984375,0.0,3,3 4
1291,8218.2265625,6046.48974609375,5325.98828125,405.3187561035156,9.359375,0.921875,15.703125,31.390625,9.296875,5.265625,5.609375,1.796875,9.421875,154.85311889648438,41.875,2.0,8.359375,145.984375,52.96875,65.765625,3.171875,74.296875,4.828125,24.15625,0.4635416567325592,0.02187499962747097,0.984375,0.90625,0.0,3,3 4
1292,8629.3896484375,6321.8603515625,5574.5615234375,410.40625,9.640625,0.96875,16.171875,32.296875,9.5625,5.515625,5.71875,1.890625,9.609375,162.24844360351562,41.390625,2.0,8.640625,135.625,50.15625,70.41719055175781,3.325000047683716,74.1640625,4.921875,24.484375,0.30859375,0.0062500000931322575,0.984375,0.953125,0.0,3,3 4
1293,8503.0703125,6283.75927734375,5541.2392578125,410.93438720703125,9.625,0.953125,16.078125,32.125,9.53125,5.46875,5.703125,1.828125,9.59375,155.7578125,40.1875,2.0,8.625,124.4375,46.65625,65.7046890258789,3.1781249046325684,103.0390625,4.921875,24.484375,0.37109375,0.0,1.015625,0.9375,0.0,3,3 4
1294,8605.396484375,6364.8349609375,5613.2138671875,415.6031188964844,9.71875,0.96875,16.1875,32.359375,9.609375,5.5,5.8125,1.765625,9.671875,159.1828155517578,39.84375,2.0,8.71875,125.046875,43.953125,66.6968765258789,3.246875047683716,94.640625,4.96875,24.9375,0.458984375,0.02656250074505806,0.984375,0.953125,0.0,3,3 2
1295,8432.9365234375,6204.85302734375,5469.1220703125,409.06561279296875,9.515625,0.953125,15.90625,31.78125,9.46875,5.40625,5.65625,1.78125,9.46875,156.72030639648438,40.4375,2.0,8.515625,136.90625,48.71875,67.9281234741211,3.246875047683716,74.109375,4.796875,24.21875,0.3743489682674408,0.0,1.015625,0.9375,0.0,3,3 4
1296,8667.98046875,6347.3916015625,5598.74072265625,414.5218811035156,9.65625,0.96875,16.296875,32.5625,9.625,5.609375,5.796875,1.875,9.65625,162.4796905517578,41.296875,2.0,8.65625,135.546875,47.15625,71.1546859741211,3.34375,73.9140625,4.828125,24.15625,0.3352864682674408,0.01875000074505806,0.984375,0.953125,0.0,3,3 4
1297,8302.8798828125,6137.8642578125,5410.65869140625,398.90313720703125,9.4375,0.9375,15.765625,31.53125,9.375,5.296875,5.59375,1.828125,9.4375,152.5421905517578,40.46875,2.0,8.4375,110.984375,39.71875,64.0546875,3.106250047683716,89.7265625,4.640625,23.265625,0.498046875,0.0234375,1.03125,0.921875,0.0,3,3 4
1298,8715.228515625,6387.1279296875,5637.05615234375,415.3062438964844,9.71875,0.953125,16.359375,32.671875,9.65625,5.6875,5.796875,1.90625,9.625,162.60781860351562,42.328125,1.96875,8.71875,125.671875,47.953125,72.1171875,3.40625,76.2890625,4.90625,24.5546875,0.29296875,0.0,1.015625,0.953125,0.0,3,3 1
1299,8583.25,6347.7001953125,5596.7138671875,420.3343811035156,9.703125,0.96875,16.25,32.5,9.609375,5.5625,5.765625,1.890625,9.671875,159.3828125,40.78125,2.0,8.703125,113.171875,42.46875,65.94218444824219,3.221874952316284,103.7265625,5.0,24.8125,0.380859375,0.0,1.0,0.96875,0.0,3,3 4
1300,8557.9580078125,6270.37060546875,5528.8837890625,404.70001220703125,9.59375,0.953125,16.140625,32.28125,9.53125,5.515625,5.78125,1.828125,9.625,160.77499389648438,41.609375,2.0,8.59375,109.125,41.765625,68.9671859741211,3.246875047683716,83.2890625,4.9375,24.9453125,0.3548177182674408,0.02187500149011612,0.96875,0.921875,0.0,3,3 4
1301,8327.9833984375,6180.376953125,5446.7451171875,410.2250061035156,9.53125,0.9375,15.921875,31.84375,9.4375,5.4375,5.65625,1.84375,9.46875,153.36874389648438,41.84375,2.0,8.53125,116.734375,46.34375,61.209373474121094,2.965625047683716,109.578125,4.890625,24.484375,0.3828125,0.0,1.0,0.9375,0.0,3,3 2
1302,8799.5869140625,6487.7099609375,5725.828125,414.77813720703125,9.828125,0.984375,16.515625,33.03125,9.78125,5.734375,5.859375,1.875,9.78125,162.3328094482422,41.515625,2.0,8.828125,133.984375,50.296875,69.24687194824219,3.3187499046325684,95.953125,4.90625,24.609375,0.341796875,0.00390625,1.0,0.984375,0.0,3,3 4
1303,8460.806640625,6250.06640625,5509.611328125,403.4437561035156,9.59375,0.953125,16.09375,32.171875,9.453125,5.53125,5.71875,1.9375,9.53125,155.77499389648438,40.875,2.0,8.59375,125.625,51.84375,65.2109375,3.1875,96.7578125,4.96875,25.0,0.5390625,0.0390625,0.96875,0.9375,0.0,3,3 4
1304,9080.34375,6668.84912109375,5887.1005859375,415.2562561035156,10.0,1.03125,16.8125,33.625,9.9375,5.875,5.96875,1.921875,9.921875,170.3625030517578,41.171875,2.0,9.0,118.796875,47.296875,74.7578125,3.559375047683716,86.2109375,4.984375,25.0,0.302734375,0.0,1.0,1.0,0.0,3,3 2
1305,8674.796875,6422.54541015625,5664.79248046875,401.4468688964844,9.78125,0.984375,16.40625,32.8125,9.703125,5.65625,5.8125,1.890625,9.75,158.4562530517578,40.484375,2.0,8.78125,88.59375,35.890625,66.78593444824219,3.265625,94.1953125,4.9375,24.875,0.380859375,0.0,1.0,0.96875,0.0,3,3 2
1306,8704.5947265625,6419.841796875,5663.66259765625,400.125,9.75,0.984375,16.40625,32.8125,9.703125,5.625,5.828125,1.875,9.78125,160.3468780517578,39.90625,2.0,8.75,81.796875,31.8125,69.51094055175781,3.34375,89.3203125,4.84375,24.2109375,0.484375,0.02500000037252903,0.984375,0.96875,0.0,3,3 2
1307,8944.3505859375,6607.09228515625,5833.38818359375,415.72186279296875,9.96875,1.0,16.703125,33.40625,9.875,5.8125,5.875,1.953125,9.890625,165.00625610351562,41.0625,2.0,8.96875,89.15625,39.03125,70.94218444824219,3.40625,94.6640625,5.0,24.875,0.3776041567325592,0.00390625,1.0,1.0,0.0,3,3 4
1308,8753.4443359375,6440.3583984375,5679.34765625,406.59063720703125,9.78125,1.0,16.421875,32.84375,9.734375,5.625,5.84375,1.859375,9.78125,161.63436889648438,39.96875,2.0,8.78125,86.46875,35.859375,70.5718765258789,3.3499999046325684,85.890625,4.96875,24.9375,0.466796875,0.04062500223517418,0.953125,0.984375,0.0,3,3 2
1309,8591.224609375,6331.23193359375,5588.72265625,393.67498779296875,9.65625,0.9375,16.265625,32.5,9.609375,5.59375,5.8125,1.84375,9.640625,159.95938110351562,41.15625,2.0,8.65625,73.609375,30.9375,69.5687484741211,3.3218750953674316,89.03125,4.875,24.546875,0.3352864682674408,0.0,1.0,0.9375,0.0,3,3 4
1310,8478.4443359375,6243.4423828125,5506.3515625,390.91876220703125,9.578125,0.9375,16.078125,32.140625,9.515625,5.53125,5.703125,1.859375,9.53125,158.44375610351562,40.46875,1.96875,8.578125,94.109375,40.375,68.3578109741211,3.2562499046325684,81.0234375,4.875,24.765625,0.3938802182674408,0.02786458469927311,1.015625,0.921875,0.0,3,3 1
1311,8679.765625,6399.27001953125,5646.7783203125,390.390625,9.734375,0.96875,16.421875,32.84375,9.6875,5.6875,5.859375,1.875,9.734375,160.40780639648438,41.953125,2.0,8.734375,86.09375,35.578125,68.6484375,3.278125047683716,93.6328125,4.8125,24.625,0.3190104067325592,0.00390625,1.015625,0.96875,0.0,3,3 2
