generation,best_fitness,mean_fitness,mean_reward,mean_survival,mean_floor_reached,mean_bosses_defeated,mean_chests_opened,mean_powerups_picked,mean_damage_powerups,mean_range_powerups,mean_speed_powerups,mean_diagonal_powerups,mean_vitality_powerups,mean_damage,mean_gate_distance,mean_best_gate_distance,mean_gate_tile_visits,mean_use_gate_attempts,mean_invalid_use_gate_attempts,success_rate,champion_id,elite_ids
0,-24.008441925048828,-25.457815170288086,-29.65781593322754,66.5625,1.0,0.0,0.0,0.0,0.0,0.0,0.0,0.0,0.0,4.84375,45.21875,52.53125,0.0,26.40625,26.40625,0.0,2,2 4
1,-18.93688201904297,-20.902130126953125,-25.14712905883789,66.67500305175781,1.0,0.0,0.0,0.0,0.0,0.0,0.0,0.0,0.0,5.0625,44.3125,52.25,0.0,23.5625,23.5625,0.0,2,2 3
2,-27.87468910217285,-29.134685516357422,-33.20093536376953,64.5625,1.0,0.0,0.0,0.0,0.0,0.0,0.0,0.0,0.0,4.65625,38.875,52.09375,0.0,19.75,19.75,0.0,3,3 2
3,-10.716257095336914,-12.106880187988281,-16.883441925048828,75.28125,1.0,0.0,0.0,0.0,0.0,0.0,0.0,0.0,0.0,5.625,46.84375,51.40625,0.0,19.59375,19.59375,0.0,4,4 0
4,-4.081881523132324,-5.2200026512146,-10.192190170288086,76.71875,1.0,0.0,0.0,0.0,0.0,0.0,0.0,0.0,0.0,6.3125,48.03125,51.03125,0.0,18.9375,18.9375,0.0,2,2 4
5,-2.681567430496216,-4.197315216064453,-8.950440406799316,74.0250015258789,1.0,0.0,0.0,0.0,0.0,0.0,0.0,0.0,0.0,5.84375,49.875,51.28125,0.0,15.84375,15.84375,0.0,4,4 2
6,-5.357190132141113,-5.979938507080078,-10.415563583374023,68.80000305175781,1.0,0.0,0.0,0.0,0.0,0.0,0.0,0.0,0.0,5.53125,51.25,51.96875,0.0,14.03125,14.03125,0.0,4,4 0
7,2.924992084503174,0.9323687553405762,-4.117318630218506,78.4937515258789,1.0,0.0,0.0,0.0,0.0,0.0,0.0,0.0,0.0,6.25,54.125,51.8125,0.0,19.1875,19.1875,0.0,4,4 3
8,6.360304832458496,4.099180698394775,-0.7445695400238037,74.0374984741211,1.0,0.0,0.0,0.0,0.0,0.0,0.0,0.0,0.0,6.34375,54.78125,52.40625,0.0,18.8125,18.8125,0.0,4,4 3
9,7.761869430541992,6.340996742248535,1.315058946609497,76.89375305175781,1.0,0.0,0.0,0.0,0.0,0.0,0.0,0.0,0.0,6.5625,54.25,52.3125,0.0,14.96875,14.96875,0.0,3,3 4
10,-0.031573690474033356,-1.2189466953277588,-5.8555097579956055,71.6937484741211,1.0,0.0,0.0,0.0,0.0,0.0,0.0,0.0,0.0,5.84375,53.84375,53.21875,0.0,14.21875,14.21875,0.0,4,4 2
11,4.446867942810059,3.358867645263672,-1.3845696449279785,72.8187484741211,1.0,0.0,0.0,0.0,0.0,0.0,0.0,0.0,0.0,6.125,55.0625,52.8125,0.0,14.59375,14.59375,0.0,4,4 0
12,5.562173366546631,3.8941760063171387,-1.0308239459991455,75.6624984741211,1.0,0.0,0.0,0.0,0.0,0.0,0.0,0.0,0.0,6.34375,55.5,53.09375,0.0,13.90625,13.90625,0.0,3,3 4
13,9.640307426452637,8.570306777954102,3.5340561866760254,76.3125,1.0,0.0,0.0,0.0,0.0,0.0,0.0,0.0,0.0,6.78125,54.59375,52.46875,0.0,12.09375,12.09375,0.0,3,3 4
14,7.745934963226318,6.347559928894043,1.5078723430633545,73.95625305175781,1.0,0.0,0.0,0.0,0.0,0.0,0.0,0.0,0.0,6.34375,55.15625,52.8125,0.0,13.0,13.0,0.0,4,4 2
15,7.0456223487854,5.588995456695557,1.1139954328536987,67.44999694824219,1.0,0.0,0.0,0.0,0.0,0.0,0.0,0.0,0.0,6.125,55.4375,53.46875,0.0,8.3125,8.3125,0.0,2,2 3
16,6.773120880126953,5.092621326446533,0.2879335284233093,72.6937484741211,1.0,0.0,0.0,0.0,0.0,0.0,0.0,0.0,0.0,6.5,53.15625,52.8125,0.0,8.5,8.5,0.0,3,3 4
17,9.27843952178955,7.554439544677734,2.7756893634796143,72.73750305175781,1.0,0.0,0.0,0.0,0.0,0.0,0.0,0.0,0.0,6.34375,54.65625,52.96875,0.0,7.59375,7.59375,0.0,4,4 3
18,7.756561279296875,5.451808929443359,0.5621212720870972,73.60624694824219,1.0,0.0,0.0,0.0,0.0,0.0,0.0,0.0,0.0,6.71875,53.5625,53.0,0.0,7.96875,7.96875,0.0,2,2 3
19,9.381560325622559,7.109059810638428,2.2562477588653564,74.21875,1.0,0.0,0.0,0.0,0.0,0.0,0.0,0.0,0.0,6.34375,55.59375,52.90625,0.0,6.71875,6.71875,0.0,2,2 4
20,10.47125244140625,9.300374031066895,4.1884989738464355,78.61250305175781,1.0,0.0,0.0,0.0,0.0,0.0,0.0,0.0,0.0,6.5625,55.15625,52.46875,0.0,6.40625,6.40625,0.0,3,3 4
21,10.973432540893555,9.571557998657227,4.422807216644287,78.5625,1.0,0.0,0.0,0.0,0.0,0.0,0.0,0.0,0.0,6.78125,54.5,52.625,0.0,6.09375,6.09375,0.0,4,4 2
22,11.106249809265137,9.984251022338867,5.084563255310059,74.3687515258789,1.0,0.0,0.0,0.0,0.0,0.0,0.0,0.0,0.0,6.5625,53.90625,52.46875,0.0,5.09375,5.09375,0.0,3,3 2
23,12.002817153930664,10.627443313598633,5.464005470275879,78.85624694824219,1.0,0.0,0.0,0.0,0.0,0.0,0.0,0.0,0.0,6.78125,54.03125,52.21875,0.0,6.0,6.0,0.0,3,3 2
24,10.638123512268066,8.973750114440918,4.256563186645508,70.71875,1.0,0.0,0.0,0.0,0.0,0.0,0.0,0.0,0.0,6.5625,54.96875,53.03125,0.0,4.75,4.75,0.0,4,4 2
25,11.095932960510254,9.774557113647461,4.899557590484619,73.0875015258789,1.0,0.0,0.0,0.0,0.0,0.0,0.0,0.0,0.0,6.78125,54.84375,53.09375,0.0,5.0625,5.0625,0.0,2,2 4
26,9.433119773864746,8.379495620727539,3.8510582447052,66.9437484741211,1.0,0.0,0.0,0.0,0.0,0.0,0.0,0.0,0.0,6.5625,55.09375,53.65625,0.0,5.46875,5.46875,0.0,3,3 4
27,7.127802848815918,5.559930324554443,0.7830554246902466,72.69999694824219,1.0,0.0,0.0,0.0,0.0,0.0,0.0,0.0,0.0,6.34375,55.3125,53.78125,0.0,5.90625,5.90625,0.0,4,4 2
28,7.409054756164551,6.1263041496276855,1.6522419452667236,66.64375305175781,1.0,0.0,0.0,0.0,0.0,0.0,0.0,0.0,0.0,6.34375,55.4375,53.65625,0.0,6.0625,6.0625,0.0,3,3 2
29,8.089683532714844,6.595057010650635,1.9647445678710938,69.76875305175781,1.0,0.0,0.0,0.0,0.0,0.0,0.0,0.0,0.0,6.34375,55.59375,53.375,0.0,6.40625,6.40625,0.0,2,2 4
30,7.3015546798706055,6.265055179595947,1.585680365562439,69.17500305175781,1.0,0.0,0.0,0.0,0.0,0.0,0.0,0.0,0.0,6.78125,55.96875,54.21875,0.0,5.875,5.875,0.0,4,4 3
31,7.629055023193359,6.127930641174316,1.8060554265975952,63.599998474121094,1.0,0.0,0.0,0.0,0.0,0.0,0.0,0.0,0.0,6.34375,56.09375,54.25,0.0,2.8125,2.8125,0.0,4,4 2
32,3.9906179904937744,3.1594927310943604,-1.0395698547363281,63.506248474121094,1.0,0.0,0.0,0.0,0.0,0.0,0.0,0.0,0.0,5.6875,55.65625,54.3125,0.0,2.6875,2.6875,0.0,3,3 4
33,7.249059200286865,4.9046831130981445,0.5618704557418823,65.59375,1.0,0.0,0.0,0.0,0.0,0.0,0.0,0.0,0.0,5.90625,55.34375,54.0,0.0,3.9375,3.9375,0.0,3,3 2
34,10.370932579040527,9.465058326721191,4.801307201385498,68.86250305175781,1.0,0.0,0.0,0.0,0.0,0.0,0.0,0.0,0.0,6.78125,54.90625,53.5,0.0,3.34375,3.34375,0.0,3,3 2
35,9.735942840576172,7.775317192077637,2.960005044937134,73.46875,1.0,0.0,0.0,0.0,0.0,0.0,0.0,0.0,0.0,6.34375,54.40625,52.71875,0.0,3.46875,3.46875,0.0,3,3 4
36,10.514997482299805,10.066624641418457,5.55474853515625,66.61250305175781,1.0,0.0,0.0,0.0,0.0,0.0,0.0,0.0,0.0,6.5625,54.6875,53.1875,0.0,3.625,3.625,0.0,3,3 1
37,9.22061824798584,7.922490119934082,2.833427906036377,78.15625,1.0,0.0,0.0,0.0,0.0,0.0,0.0,0.0,0.0,6.5625,54.625,52.90625,0.0,2.40625,2.40625,0.0,3,3 4
38,8.235615730285645,6.851489067077637,2.1743013858795166,69.91874694824219,1.0,0.0,0.0,0.0,0.0,0.0,0.0,0.0,0.0,6.5625,55.28125,53.875,0.0,3.84375,3.84375,0.0,3,3 4
39,9.431246757507324,8.858996391296387,3.9130592346191406,75.29374694824219,1.0,0.0,0.0,0.0,0.0,0.0,0.0,0.0,0.0,6.5625,54.3125,52.6875,0.0,5.53125,5.53125,0.0,1,1 3
40,11.581873893737793,10.93224811553955,6.1322479248046875,70.80000305175781,1.0,0.0,0.0,0.0,0.0,0.0,0.0,0.0,0.0,7.0,54.78125,53.25,0.0,6.125,6.125,0.0,3,3 2
41,7.997180461883545,6.577181339263916,1.8978058099746704,70.75,1.0,0.0,0.0,0.0,0.0,0.0,0.0,0.0,0.0,6.34375,54.71875,53.40625,0.0,6.28125,6.28125,0.0,1,1 3
42,5.764369487762451,4.949746131896973,0.2916209101676941,71.11250305175781,1.0,0.0,0.0,0.0,0.0,0.0,0.0,0.0,0.0,6.125,55.3125,53.4375,0.0,6.25,6.25,0.0,4,4 2
43,6.075611114501953,4.925610542297363,-0.18688949942588806,78.625,1.0,0.0,0.0,0.0,0.0,0.0,0.0,0.0,0.0,6.5625,54.875,53.5,0.0,8.46875,8.46875,0.0,3,3 4
44,5.3249921798706055,4.440492153167725,0.07111748307943344,65.3375015258789,1.0,0.0,0.0,0.0,0.0,0.0,0.0,0.0,0.0,6.125,55.34375,54.0625,0.0,5.84375,5.84375,0.0,4,4 3
45,7.8149919509887695,6.080365180969238,1.3309898376464844,71.36250305175781,1.0,0.0,0.0,0.0,0.0,0.0,0.0,0.0,0.0,6.5625,54.8125,53.4375,0.0,11.0,11.0,0.0,4,4 3
46,9.538737297058105,8.175363540649414,2.8613009452819824,81.08125305175781,1.0,0.0,0.0,0.0,0.0,0.0,0.0,0.0,0.0,7.0,54.09375,52.59375,0.0,14.65625,14.65625,0.0,0,0 3
47,7.90468692779541,6.970186710357666,1.7770620584487915,81.0250015258789,1.0,0.0,0.0,0.0,0.0,0.0,0.0,0.0,0.0,6.34375,53.25,52.0,0.0,5.90625,5.90625,0.0,1,1 4
48,8.899377822875977,8.00049877166748,2.7789359092712402,80.8062515258789,1.0,0.0,0.0,0.0,0.0,0.0,0.0,0.0,0.0,6.5625,53.09375,51.8125,0.0,9.78125,9.78125,0.0,2,2 4
49,8.414067268371582,7.108567714691162,1.8195050954818726,82.9437484741211,1.0,0.0,0.0,0.0,0.0,0.0,0.0,0.0,0.0,6.34375,53.0,51.84375,0.0,7.4375,7.4375,0.0,3,3 0
50,9.471866607666016,8.311243057250977,3.172180652618408,79.15625,1.0,0.0,0.0,0.0,0.0,0.0,0.0,0.0,0.0,6.5625,53.59375,52.03125,0.0,9.28125,9.28125,0.0,4,4 0
51,12.188119888305664,11.396745681762695,6.013619422912598,82.4625015258789,1.0,0.0,0.0,0.0,0.0,0.0,0.0,0.0,0.0,7.0,53.46875,51.8125,0.0,8.75,8.75,0.0,4,4 1
52,11.057501792907715,8.913996696472168,4.049308776855469,73.66874694824219,1.0,0.0,0.0,0.0,0.0,0.0,0.0,0.0,0.0,6.5625,54.3125,52.90625,0.0,7.875,7.875,0.0,3,3 4
53,8.791243553161621,8.102242469787598,3.173180103302002,74.95625305175781,1.0,0.0,0.0,0.0,0.0,0.0,0.0,0.0,0.0,6.5625,54.40625,53.0,0.0,6.8125,6.8125,0.0,4,4 3
54,11.804076194763184,11.19532585144043,5.877825736999512,81.9375,1.0,0.0,0.0,0.0,0.0,0.0,0.0,0.0,0.0,6.78125,52.78125,51.34375,0.0,8.21875,8.21875,0.0,1,1 4
55,12.198444366455078,11.291316986083984,6.171317100524902,77.98750305175781,1.0,0.0,0.0,0.0,0.0,0.0,0.0,0.0,0.0,6.78125,53.40625,51.71875,0.0,8.5,8.5,0.0,3,3 4
56,15.900028228759766,15.028024673461914,9.332399368286133,88.7125015258789,1.0,0.0,0.0,0.0,0.0,0.0,0.0,0.0,0.0,7.0,51.34375,49.875,0.0,10.0,10.0,0.0,1,1 0
57,17.813461303710938,15.891965866088867,9.036028861999512,110.20625305175781,1.0,0.0,0.03125,0.03125,0.0,0.0,0.0,0.0,0.03125,6.78125,47.71875,46.3125,0.0,9.3125,9.3125,0.0,1,1 0
58,20.771928787231445,19.346303939819336,12.35505485534668,114.625,1.0,0.0,0.0,0.0,0.0,0.0,0.0,0.0,0.0,7.0,45.21875,43.875,0.0,12.25,12.25,0.0,3,3 1
59,28.58570671081543,27.29720687866211,18.92877197265625,137.1687469482422,1.0,0.0,0.0625,0.0625,0.0,0.0,0.0,0.0,0.0625,7.0,39.3125,38.25,0.0,12.5,12.5,0.0,0,0 3
60,44.14764404296875,43.50939178466797,32.54813766479492,169.02499389648438,1.0,0.0,0.3125,0.3125,0.0,0.0,0.0,0.0,0.3125,7.0,32.625,30.875,0.0,16.46875,16.46875,0.0,3,3 1
61,41.69326400756836,39.834632873535156,29.8143253326416,158.38125610351562,1.0,0.0,0.21875,0.21875,0.0,0.0,0.0,0.0,0.21875,6.8125,33.65625,31.21875,0.0,15.0625,15.0625,0.0,0,0 1
62,50.00392532348633,48.799041748046875,37.09404373168945,180.72500610351562,1.0,0.0,0.34375,0.34375,0.0,0.0,0.0,0.0,0.34375,7.1875,30.3125,27.59375,0.0,15.53125,15.53125,0.0,3,3 0
63,43.425743103027344,43.100746154785156,33.01637268066406,163.3125,1.0,0.0,0.15625,0.15625,0.0,0.0,0.0,0.0,0.15625,7.1875,35.375,29.625,0.0,12.28125,12.28125,0.0,0,0 3
64,31.211355209350586,30.187231063842773,20.984416961669922,151.3562469482422,1.0,0.0,0.09375,0.09375,0.0,0.0,0.0,0.0,0.09375,7.0,37.90625,35.15625,0.0,17.59375,17.59375,0.0,3,3 4
65,19.74754524230957,18.085155487060547,10.074844360351562,132.50625610351562,1.0,0.0,0.03125,0.03125,0.0,0.0,0.0,0.0,0.03125,7.0,44.0625,43.21875,0.0,14.5,14.5,0.0,3,3 1
66,21.144737243652344,18.937108993530273,11.702733039855957,115.2750015258789,1.0,0.0,0.0625,0.0625,0.03125,0.0,0.0,0.0,0.03125,6.78125,45.0625,44.3125,0.0,15.53125,15.53125,0.0,1,1 0
67,16.130962371826172,14.957086563110352,8.141460418701172,106.9000015258789,1.0,0.0,0.0625,0.0625,0.0,0.0,0.0,0.0,0.0625,6.78125,49.90625,47.1875,0.0,8.375,8.375,0.0,4,4 1
68,7.328736305236816,5.7901105880737305,1.016360878944397,71.8499984741211,1.0,0.0,0.0,0.0,0.0,0.0,0.0,0.0,0.0,6.5625,55.125,54.125,0.0,4.96875,4.96875,0.0,3,3 1
69,5.7118659019470215,3.859987735748291,-0.6987621784210205,69.125,1.0,0.0,0.0,0.0,0.0,0.0,0.0,0.0,0.0,6.125,54.78125,54.0625,0.0,7.3125,7.3125,0.0,1,1 3
70,6.415925979614258,5.422298431396484,0.8332359194755554,68.9437484741211,1.0,0.0,0.0,0.0,0.0,0.0,0.0,0.0,0.0,6.34375,55.09375,54.4375,0.0,4.125,4.125,0.0,3,3 1
71,10.136878967285156,8.728874206542969,3.7801241874694824,75.3499984741211,1.0,0.0,0.0,0.0,0.0,0.0,0.0,0.0,0.0,6.5625,54.34375,53.25,0.0,6.21875,6.21875,0.0,3,3 1
72,12.850634574890137,11.690130233764648,6.088255882263184,88.4124984741211,1.0,0.0,0.0,0.0,0.0,0.0,0.0,0.0,0.0,6.5625,51.4375,49.96875,0.0,6.75,6.75,0.0,1,1 3
73,12.916594505310059,11.736841201782227,6.345903396606445,84.98124694824219,1.0,0.0,0.0,0.0,0.0,0.0,0.0,0.0,0.0,6.34375,50.21875,49.21875,0.0,7.71875,7.71875,0.0,4,4 3
74,21.305675506591797,20.793306350708008,13.32518196105957,119.1624984741211,1.0,0.0,0.0625,0.0625,0.03125,0.0,0.0,0.0,0.03125,7.0,44.5,42.9375,0.0,8.78125,8.78125,0.0,2,2 0
75,26.04383087158203,24.600452423095703,16.223888397216797,137.3312530517578,1.0,0.0,0.0625,0.0625,0.0625,0.0,0.0,0.0,0.0,7.0,42.03125,39.3125,0.0,8.3125,8.3125,0.0,2,2 4
76,27.1035099029541,26.740259170532227,18.362445831298828,129.74374389648438,1.0,0.0,0.15625,0.15625,0.125,0.0,0.0,0.0,0.03125,7.03125,42.6875,40.78125,0.0,7.84375,7.84375,0.0,0,0 1
77,29.996356964111328,29.453479766845703,21.24285316467285,135.1374969482422,1.0,0.0,0.0625,0.0625,0.0625,0.0,0.0,0.0,0.0,6.6875,36.5625,34.15625,0.0,6.125,6.125,0.0,3,3 4
78,38.5213508605957,36.46696853637695,27.382282257080078,140.59375,1.0,0.0,0.1875,0.1875,0.15625,0.0,0.0,0.0,0.03125,7.25,38.5625,35.4375,0.0,7.25,7.25,0.0,3,3 1
79,35.369483947753906,33.84547805786133,24.879539489746094,150.2687530517578,1.0,0.0,0.03125,0.03125,0.0,0.0,0.0,0.0,0.03125,7.375,38.90625,32.9375,0.0,8.9375,8.9375,0.0,3,3 0
80,32.364444732666016,30.97857666015625,20.036701202392578,156.4875030517578,1.03125,0.0,0.125,0.125,0.0625,0.0,0.0,0.0,0.0625,7.25,39.90625,36.53125,0.03125,6.78125,6.78125,0.0,1,1 0
81,37.10197067260742,35.64373016357422,27.479040145874023,129.24374389648438,1.0,0.0,0.09375,0.09375,0.09375,0.0,0.0,0.0,0.0,7.375,39.34375,36.375,0.0,6.375,6.375,0.0,1,1 3
82,52.84702682495117,50.81026840209961,39.769081115722656,172.49374389648438,1.0,0.0,0.28125,0.28125,0.1875,0.0,0.0,0.0,0.09375,7.175000190734863,34.46875,24.46875,0.0,7.625,7.625,0.0,3,3 1
83,28.22538185119629,27.622507095336914,19.300067901611328,131.40625,1.0,0.0,0.125,0.125,0.09375,0.0,0.0,0.0,0.03125,6.956250190734863,42.53125,39.46875,0.0,8.40625,8.40625,0.0,4,4 2
84,49.60139083862305,48.30891036987305,36.548912048339844,187.75,1.0,0.0,0.25,0.25,0.09375,0.0,0.0,0.0,0.15625,7.625,32.9375,27.21875,0.0,7.125,7.125,0.0,3,3 4
85,55.39801025390625,54.040000915527344,41.59906768798828,197.38125610351562,1.0,0.0,0.3125,0.3125,0.125,0.0,0.0,0.0,0.1875,7.34375,26.375,21.78125,0.0,7.1875,7.1875,0.0,1,1 0
86,70.87300109863281,69.46825408935547,54.6188850402832,204.3249969482422,1.03125,0.0,0.46875,0.46875,0.03125,0.0,0.0,0.0,0.4375,8.03125,28.875,20.8125,0.03125,9.09375,9.09375,0.0,3,3 0
87,69.13584899902344,67.87434387207031,52.41596603393555,220.41250610351562,1.0,0.0,0.75,0.75,0.09375,0.0,0.0,0.0,0.65625,7.987500190734863,26.40625,21.4375,0.0,9.84375,9.84375,0.0,4,4 2
88,74.47396850585938,73.13845825195312,56.74470901489258,224.97500610351562,1.0,0.0,0.9375,0.9375,0.0,0.0,0.0,0.0,0.9375,7.75,27.53125,19.625,0.0,6.59375,6.59375,0.0,2,2 0
89,65.8614273071289,63.361549377441406,50.00067138671875,175.71249389648438,1.0,0.0,0.8125,0.8125,0.03125,0.0,0.0,0.0,0.78125,7.362500190734863,32.125,29.875,0.0,4.65625,4.65625,0.0,3,3 4
90,82.87614440917969,79.20576477050781,61.65232467651367,219.9812469482422,1.03125,0.0,0.96875,0.96875,0.0625,0.0,0.0,0.0,0.90625,7.59375,29.96875,20.71875,0.03125,6.6875,6.6875,0.0,3,3 1
91,57.4429817199707,55.4533576965332,41.93616485595703,187.0812530517578,1.0,0.0,0.71875,0.71875,0.0625,0.0,0.0,0.0,0.65625,7.15625,34.25,31.71875,0.0,5.0,5.0,0.0,3,3 1
92,37.09325408935547,35.97612380981445,24.449058532714844,179.30624389648438,1.0,0.0,0.3125,0.3125,0.0625,0.0,0.0,0.0,0.25,7.287499904632568,38.78125,35.09375,0.0,7.71875,7.71875,0.0,1,1 3
93,36.6788444519043,33.793968200683594,24.54302978515625,132.31875610351562,1.0,0.0,0.34375,0.34375,0.0625,0.0,0.0,0.0,0.28125,7.0,43.625,41.96875,0.0,3.71875,3.71875,0.0,3,3 2
94,52.9376220703125,51.475746154785156,39.84855270385742,144.84375,1.0,0.0,0.78125,0.78125,0.0,0.0,0.0,0.0,0.78125,7.0,39.09375,37.15625,0.0,8.90625,8.90625,0.0,1,1 3
95,47.546993255615234,44.660621643066406,34.35249328613281,133.46249389648438,1.0,0.0,0.59375,0.59375,0.0,0.0,0.0,0.0,0.59375,7.0,40.9375,39.15625,0.0,7.5625,7.5625,0.0,3,3 1
96,62.784523010253906,60.07714080810547,47.7277717590332,146.78750610351562,1.0,0.0,0.9375,0.9375,0.0,0.0,0.0,0.0,0.9375,7.0,37.15625,35.5,0.0,7.03125,7.03125,0.0,3,3 4
97,46.53886032104492,45.535614013671875,34.36811447143555,143.14999389648438,1.0,0.0,0.6875,0.6875,0.0,0.0,0.0,0.0,0.6875,7.0,40.53125,39.6875,0.0,7.90625,7.90625,0.0,1,1 3
98,61.52451705932617,59.07289505004883,46.7653923034668,148.4499969482422,1.0,0.0,0.90625,0.90625,0.0,0.0,0.0,0.0,0.90625,7.0,36.3125,34.9375,0.0,7.5625,7.5625,0.0,3,3 4
99,59.215145111083984,58.271270751953125,45.73345947265625,150.55624389648438,1.0,0.0,0.9375,0.9375,0.0,0.0,0.0,0.0,0.9375,7.0,36.28125,35.03125,0.0,7.78125,7.78125,0.0,3,3 4
100,49.95356750488281,48.704193115234375,37.11481857299805,147.375,1.0,0.0,0.75,0.75,0.0,0.0,0.0,0.0,0.75,6.78125,38.75,37.6875,0.0,5.6875,5.6875,0.0,3,3 2
101,52.26387405395508,50.517250061035156,38.380062103271484,155.0437469482422,1.0,0.0,0.78125,0.78125,0.0,0.0,0.0,0.0,0.78125,7.0,37.5625,36.25,0.0,6.34375,6.34375,0.0,1,1 3
102,37.462284088134766,36.949031829833984,27.434030532836914,124.9625015258789,1.0,0.0,0.53125,0.53125,0.0,0.0,0.0,0.0,0.53125,6.34375,42.0625,40.84375,0.0,4.375,4.375,0.0,1,1 3
103,34.116310119628906,33.076820373535156,24.10306739807129,121.7750015258789,1.0,0.0,0.40625,0.40625,0.0,0.0,0.0,0.0,0.40625,7.0,44.40625,43.71875,0.0,4.125,4.125,0.0,3,3 4
104,37.206947326660156,36.0653190612793,27.65157127380371,113.07499694824219,1.0,0.0,0.375,0.375,0.0,0.0,0.0,0.0,0.375,7.0,43.28125,42.5,0.0,2.5,2.5,0.0,3,3 1
105,34.537559509277344,34.092430114746094,26.126495361328125,106.6187515258789,1.0,0.0,0.34375,0.34375,0.0,0.0,0.0,0.0,0.34375,7.0,44.375,43.25,0.0,3.4375,3.4375,0.0,3,3 1
106,29.144739151000977,28.61211585998535,21.111177444458008,102.1812515258789,1.0,0.0,0.3125,0.3125,0.0,0.0,0.0,0.0,0.3125,6.34375,45.375,44.4375,0.0,3.25,3.25,0.0,3,3 4
107,31.061309814453125,29.09218406677246,20.672809600830078,119.76249694824219,1.0,0.0,0.3125,0.3125,0.0,0.0,0.0,0.0,0.3125,6.5625,43.78125,42.8125,0.0,4.34375,4.34375,0.0,1,1 3
108,26.449743270874023,25.48586654663086,17.944616317749023,105.9625015258789,1.0,0.0,0.25,0.25,0.0,0.0,0.0,0.0,0.25,6.90625,48.28125,46.125,0.0,2.71875,2.71875,0.0,3,3 1
109,21.14910125732422,20.163223266601562,13.42509937286377,96.92500305175781,1.0,0.0,0.1875,0.1875,0.0,0.0,0.0,0.0,0.1875,6.34375,49.1875,48.03125,0.0,2.15625,2.15625,0.0,3,3 4
110,31.45848846435547,31.2036190032959,22.881118774414062,114.5374984741211,1.0,0.0,0.34375,0.34375,0.0,0.0,0.0,0.0,0.34375,6.78125,45.15625,44.09375,0.0,1.375,1.375,0.0,1,1 3
111,20.521915435791016,19.7432861328125,12.383600234985352,108.5687484741211,1.0,0.0,0.1875,0.1875,0.0,0.0,0.0,0.0,0.1875,6.5625,47.875,46.71875,0.0,2.5,2.5,0.0,4,4 3
112,15.468761444091797,14.23701286315918,8.283575057983398,87.9437484741211,1.0,0.0,0.09375,0.09375,0.0,0.0,0.0,0.0,0.09375,6.5625,52.03125,51.28125,0.0,2.71875,2.71875,0.0,1,1 3
113,15.044072151184082,14.10944652557373,7.475383758544922,103.26875305175781,1.0,0.0,0.0625,0.0625,0.0,0.0,0.0,0.0,0.0625,6.78125,49.6875,48.84375,0.0,2.5625,2.5625,0.0,1,1 3
114,18.914411544799805,18.15328598022461,11.285161972045898,104.6624984741211,1.0,0.0,0.09375,0.09375,0.0,0.0,0.0,0.0,0.09375,7.0,49.6875,48.34375,0.0,3.625,3.625,0.0,3,3 4
115,19.12752914428711,17.789901733398438,10.783339500427246,102.4312515258789,1.0,0.0,0.15625,0.15625,0.0,0.0,0.0,0.0,0.15625,7.0,49.90625,49.15625,0.0,3.875,3.875,0.0,3,3 4
116,28.217252731323242,27.439754486083984,20.16756820678711,106.03125,1.0,0.0,0.1875,0.1875,0.0,0.0,0.0,0.0,0.1875,6.78125,44.90625,43.40625,0.0,5.03125,5.03125,0.0,1,1 2
117,15.53250789642334,13.835508346557617,7.418008327484131,98.1500015258789,1.0,0.0,0.0625,0.0625,0.0,0.0,0.0,0.0,0.0625,7.0,50.65625,49.84375,0.0,5.15625,5.15625,0.0,4,4 2
118,23.040979385375977,21.774099349975586,14.353477478027344,109.0,1.0,0.0,0.1875,0.1875,0.0,0.0,0.0,0.0,0.1875,6.78125,47.625,46.71875,0.0,4.84375,4.84375,0.0,3,3 1
119,27.691314697265625,26.25931167602539,18.23556137084961,117.7750015258789,1.0,0.0,0.21875,0.21875,0.0,0.0,0.0,0.0,0.21875,7.0,45.59375,44.3125,0.0,5.28125,5.28125,0.0,1,1 4
120,25.180374145507812,24.486248016357422,16.64468765258789,117.41874694824219,1.0,0.0,0.1875,0.1875,0.0,0.0,0.0,0.0,0.1875,6.78125,46.125,44.4375,0.0,3.15625,3.15625,0.0,4,4 3
121,30.588193893432617,29.462194442749023,21.056255340576172,115.41874694824219,1.0,0.0,0.34375,0.34375,0.0,0.0,0.0,0.0,0.34375,7.0,46.0,45.09375,0.0,3.09375,3.09375,0.0,3,3 1
122,29.365983963012695,28.546234130859375,20.304670333862305,110.41874694824219,1.0,0.0,0.375,0.375,0.0,0.0,0.0,0.0,0.375,6.78125,46.125,45.3125,0.0,3.78125,3.78125,0.0,4,4 3
123,29.382238388061523,28.242990493774414,20.431427001953125,106.8187484741211,1.0,0.0,0.3125,0.3125,0.0,0.0,0.0,0.0,0.3125,6.78125,45.53125,44.6875,0.0,3.9375,3.9375,0.0,3,3 1
124,47.18229293823242,46.404296875,35.37710952758789,138.63125610351562,1.0,0.0,0.71875,0.71875,0.0,0.0,0.0,0.0,0.71875,6.78125,39.46875,38.4375,0.0,6.0,6.0,0.0,1,1 4
125,54.974491119384766,53.6979866027832,41.749549865722656,151.2687530517578,1.0,0.0,0.78125,0.78125,0.0,0.0,0.0,0.0,0.78125,7.0,36.03125,35.09375,0.0,5.53125,5.53125,0.0,4,4 1
126,65.73139190673828,64.24452209472656,51.664207458496094,148.90625,1.0,0.0,0.96875,0.96875,0.0,0.0,0.0,0.0,0.96875,7.0,34.59375,33.375,0.0,6.4375,6.4375,0.0,1,1 3
127,61.99951934814453,59.844642639160156,47.935890197753906,142.97500610351562,1.0,0.0,0.875,0.875,0.0,0.0,0.0,0.0,0.875,7.0,36.65625,35.34375,0.0,7.375,7.375,0.0,1,1 2
128,61.048885345458984,58.930503845214844,46.99456787109375,143.5187530517578,1.0,0.0,0.875,0.875,0.0,0.0,0.0,0.0,0.875,7.0,37.1875,35.5625,0.0,8.0,8.0,0.0,1,1 4
129,64.56013488769531,63.349884033203125,51.318634033203125,140.4250030517578,1.0,0.0,0.9375,0.9375,0.0,0.0,0.0,0.0,0.9375,7.0,35.375,33.90625,0.0,5.1875,5.1875,0.0,1,1 3
130,65.8007583618164,64.66075134277344,52.711692810058594,136.28125,1.0,0.0,0.96875,0.96875,0.0,0.0,0.0,0.0,0.96875,7.0,35.78125,34.15625,0.0,7.8125,7.8125,0.0,3,3 4
131,53.687007904052734,53.22163772583008,41.72976303100586,144.6374969482422,1.0,0.0,0.75,0.75,0.0,0.0,0.0,0.0,0.75,7.0,37.6875,36.15625,0.0,6.625,6.625,0.0,1,1 3
132,52.48324966430664,51.17512512207031,40.44012451171875,134.5,1.0,0.0,0.6875,0.6875,0.0,0.0,0.0,0.0,0.6875,7.0,39.125,37.8125,0.0,6.5625,6.5625,0.0,1,1 3
133,43.084503173828125,42.75550079345703,32.81956481933594,136.0187530517578,1.0,0.0,0.46875,0.46875,0.0,0.0,0.0,0.0,0.46875,7.0,40.75,38.875,0.0,6.625,6.625,0.0,3,3 0
134,36.43195343017578,35.66983413696289,27.151086807250977,112.67500305175781,1.0,0.0,0.40625,0.40625,0.0,0.0,0.0,0.0,0.40625,7.0,44.4375,43.375,0.0,6.09375,6.09375,0.0,1,1 3
135,33.36632537841797,32.11194610595703,23.362884521484375,117.28125,1.0,0.0,0.40625,0.40625,0.0,0.0,0.0,0.0,0.40625,7.0,45.6875,44.28125,0.0,5.4375,5.4375,0.0,3,3 1
136,40.958831787109375,40.156578063964844,30.35845375061035,125.76249694824219,1.0,0.0,0.5625,0.5625,0.0,0.0,0.0,0.0,0.5625,7.0,42.875,41.53125,0.0,4.875,4.875,0.0,3,3 0
137,34.491943359375,32.81357192993164,24.04482078552246,117.67500305175781,1.0,0.0,0.40625,0.40625,0.0,0.0,0.0,0.0,0.40625,7.0,44.28125,42.71875,0.0,4.1875,4.1875,0.0,1,1 2
138,39.02694320678711,38.304691314697266,29.77687644958496,105.35624694824219,1.0,0.0,0.5,0.5,0.0,0.0,0.0,0.0,0.5,7.0,45.46875,43.78125,0.0,3.40625,3.40625,0.0,3,3 0
139,35.74070358276367,34.097206115722656,25.9475154876709,112.79374694824219,1.0,0.0,0.3125,0.3125,0.0,0.0,0.0,0.0,0.3125,7.0,43.625,42.125,0.0,3.03125,3.03125,0.0,1,1 3
140,57.076351165771484,56.368980407714844,46.0399169921875,118.8812484741211,1.0,0.0,0.78125,0.78125,0.0,0.0,0.0,0.0,0.78125,7.0,38.53125,37.03125,0.0,4.90625,4.90625,0.0,3,3 4
141,50.19072341918945,48.33696746826172,37.93165969848633,127.90625,1.0,0.0,0.6875,0.6875,0.0,0.0,0.0,0.0,0.6875,7.0,40.21875,38.90625,0.0,3.5,3.5,0.0,1,1 3
142,42.66572570800781,40.132972717285156,30.065786361694336,136.1437530517578,1.0,0.0,0.5,0.5,0.0,0.0,0.0,0.0,0.5,7.0,41.78125,39.4375,0.0,3.46875,3.46875,0.0,1,1 4
143,50.703861236572266,48.891109466552734,38.022361755371094,134.6750030517578,1.0,0.0,0.71875,0.71875,0.0,0.0,0.0,0.0,0.71875,7.0,40.53125,38.9375,0.0,2.8125,2.8125,0.0,1,1 3
144,57.99700164794922,56.071876525878906,44.438751220703125,147.46249389648438,1.0,0.0,0.75,0.75,0.0,0.0,0.0,0.0,0.75,7.0,36.78125,34.84375,0.0,3.8125,3.8125,0.0,1,1 3
145,62.759498596191406,61.7555046081543,49.63207244873047,144.7687530517578,1.0,0.0,0.90625,0.90625,0.0,0.0,0.0,0.0,0.90625,7.0,35.1875,34.0,0.0,3.96875,3.96875,0.0,1,1 3
146,53.97571563720703,52.86521530151367,41.2486572265625,142.13125610351562,1.0,0.0,0.8125,0.8125,0.0,0.0,0.0,0.0,0.8125,7.0,37.40625,36.53125,0.0,5.0,5.0,0.0,1,1 3
147,63.65794372558594,62.96381759643555,50.58475875854492,158.1687469482422,1.0,0.0,0.8125,0.8125,0.0,0.0,0.0,0.0,0.8125,6.78125,31.6875,30.0625,0.0,5.0,5.0,0.0,3,3 1
148,70.61515045166016,69.26651763916016,56.34995651245117,155.63125610351562,1.0,0.0,0.96875,0.96875,0.03125,0.0,0.0,0.0,0.9375,7.0,30.28125,29.21875,0.0,6.0,6.0,0.0,3,3 1
149,65.48014068603516,64.58126831054688,52.08095169067383,152.30624389648438,1.0,0.0,0.90625,0.90625,0.0,0.0,0.0,0.0,0.90625,7.0,32.8125,31.34375,0.0,4.5625,4.5625,0.0,1,1 3
150,68.85452270507812,67.9428939819336,54.36664962768555,168.8249969482422,1.0,0.0,0.96875,0.96875,0.03125,0.0,0.0,0.0,0.9375,7.0,30.15625,28.6875,0.0,6.625,6.625,0.0,3,3 1
151,72.3645248413086,71.1980209350586,57.21834182739258,179.3937530517578,1.0,0.0,0.9375,0.9375,0.0625,0.0,0.0,0.0,0.875,7.0,27.0,24.71875,0.0,5.84375,5.84375,0.0,1,1 4
152,64.33422088623047,62.851715087890625,49.971717834472656,173.1875,1.0,0.0,0.75,0.75,0.0,0.0,0.0,0.0,0.75,6.78125,30.71875,26.1875,0.0,3.15625,3.15625,0.0,3,3 2
153,65.93201446533203,64.0658950805664,51.3383903503418,161.85000610351562,1.0,0.0,0.84375,0.84375,0.0,0.0,0.0,0.0,0.84375,7.0,31.75,28.9375,0.0,4.625,4.625,0.0,3,3 4
154,58.81136703491211,57.56074142456055,46.34605407714844,136.59375,1.0,0.0,0.78125,0.78125,0.0,0.0,0.0,0.0,0.78125,7.0,39.40625,33.75,0.0,5.46875,5.46875,0.0,3,3 2
155,58.204166412353516,57.16303634643555,46.24397659301758,125.5687484741211,1.0,0.0,0.84375,0.84375,0.0,0.0,0.0,0.0,0.84375,7.03125,40.0,35.4375,0.0,7.03125,7.03125,0.0,3,3 4
156,62.70384979248047,60.517974853515625,49.94141387939453,116.33125305175781,1.0,0.0,0.875,0.875,0.0,0.0,0.0,0.0,0.875,7.0,38.15625,35.53125,0.0,4.46875,4.46875,0.0,1,1 2
157,75.89823150634766,75.16698455810547,62.733543395996094,143.46875,1.0,0.0,1.0,1.0,0.0,0.0,0.0,0.0,1.0,7.0,35.15625,26.0,0.0,4.0625,4.0625,0.0,1,1 2
158,29.330671310424805,26.477169036865234,18.674358367919922,110.85624694824219,1.0,0.0,0.25,0.25,0.0,0.0,0.0,0.0,0.25,7.0,46.15625,44.625,0.0,4.65625,4.65625,0.0,1,1 2
159,41.14008331298828,40.35895538330078,30.60176658630371,132.44375610351562,1.0,0.0,0.46875,0.46875,0.0,0.0,0.0,0.0,0.46875,7.0,41.15625,38.5,0.0,4.875,4.875,0.0,4,4 3
160,38.68506622314453,37.805824279785156,28.618946075439453,126.0374984741211,1.0,0.0,0.40625,0.40625,0.0,0.0,0.0,0.0,0.40625,7.0,42.40625,39.78125,0.0,5.90625,5.90625,0.0,1,1 4
161,35.76755142211914,35.11468505859375,25.827495574951172,123.04374694824219,1.0,0.0,0.46875,0.46875,0.0,0.0,0.0,0.0,0.46875,7.0,43.375,41.1875,0.0,5.5625,5.5625,0.0,1,1 4
162,58.01103591918945,55.14353561401367,43.39322280883789,148.09375,1.0,0.0,0.78125,0.78125,0.0,0.0,0.0,0.0,0.78125,6.78125,37.8125,32.53125,0.0,6.4375,6.4375,0.0,1,1 2
163,61.57135772705078,59.14573287963867,48.093544006347656,133.34375,1.0,0.0,0.78125,0.78125,0.0,0.0,0.0,0.0,0.78125,7.0,36.40625,33.1875,0.0,3.53125,3.53125,0.0,1,1 2
164,53.39385223388672,52.221107482910156,41.13672637939453,138.9875030517578,1.0,0.0,0.71875,0.71875,0.0,0.0,0.0,0.0,0.71875,7.0,38.84375,35.875,0.0,4.3125,4.3125,0.0,1,1 2
165,53.892601013183594,51.663360595703125,40.973358154296875,136.10000610351562,1.0,0.0,0.65625,0.65625,0.0,0.0,0.0,0.0,0.65625,7.0,39.3125,36.0625,0.0,2.28125,2.28125,0.0,1,1 3
166,60.182945251464844,59.032691955566406,47.01268768310547,148.4875030517578,1.0,0.0,0.84375,0.84375,0.0,0.0,0.0,0.0,0.84375,6.78125,36.0625,31.75,0.0,4.25,4.25,0.0,3,3 4
167,61.84512710571289,60.54987716674805,48.72175216674805,141.3625030517578,1.0,0.0,0.875,0.875,0.0,0.0,0.0,0.0,0.875,7.0,35.03125,33.84375,0.0,5.78125,5.78125,0.0,1,1 2
168,65.36576843261719,63.56189727783203,51.235023498535156,156.33749389648438,1.0,0.0,0.8125,0.8125,0.0,0.0,0.0,0.0,0.8125,7.0,33.28125,30.75,0.0,5.28125,5.28125,0.0,1,1 0
169,78.09639739990234,77.06702423095703,63.372955322265625,180.28125,1.0,0.0,0.84375,0.84375,0.0,0.0,0.0,0.0,0.84375,7.25,25.46875,20.40625,0.0,6.8125,6.8125,0.0,1,1 2
170,62.106109619140625,61.03023147583008,47.427734375,186.7375030517578,1.0,0.0,0.75,0.75,0.0,0.0,0.0,0.0,0.75,7.03125,30.5,27.0,0.0,4.125,4.125,0.0,3,3 0
171,32.76726531982422,31.095388412475586,23.215389251708984,110.6875,1.0,0.0,0.28125,0.28125,0.0,0.0,0.0,0.0,0.28125,6.78125,44.3125,43.625,0.0,2.65625,2.65625,0.0,3,3 4
172,63.10077667236328,62.51002883911133,49.455963134765625,175.43124389648438,1.0,0.0,0.75,0.75,0.0,0.0,0.0,0.0,0.75,7.125,31.25,28.15625,0.0,3.65625,3.65625,0.0,4,4 1
173,61.15639114379883,60.264007568359375,46.74275588989258,184.10000610351562,1.0,0.0,0.75,0.75,0.0,0.0,0.0,0.0,0.75,7.3125,31.1875,27.25,0.0,4.59375,4.59375,0.0,3,3 4
174,61.24292755126953,60.9916877746582,48.76668930053711,156.6875,1.0,0.0,0.78125,0.78125,0.0,0.0,0.0,0.0,0.78125,7.03125,33.5,29.96875,0.0,4.65625,4.65625,0.0,1,1 0
175,63.43013000488281,61.60113525390625,48.90800857543945,169.1125030517578,1.0,0.0,0.75,0.75,0.0,0.0,0.0,0.0,0.75,6.875,34.25,26.5625,0.0,5.84375,5.84375,0.0,1,1 4
176,38.702579498291016,37.38970184326172,27.915019989013672,131.7937469482422,1.0,0.0,0.40625,0.40625,0.0,0.0,0.0,0.0,0.40625,7.0,41.0625,40.21875,0.0,5.78125,5.78125,0.0,1,1 3
177,45.074466705322266,43.25360107421875,32.58391571044922,145.0187530517578,1.0,0.0,0.53125,0.53125,0.0,0.0,0.0,0.0,0.53125,7.1875,38.9375,37.25,0.0,5.625,5.625,0.0,1,1 3
178,52.00448989868164,50.96186065673828,39.572486877441406,152.58749389648438,1.0,0.0,0.625,0.625,0.0,0.0,0.0,0.0,0.625,7.0,38.59375,34.5,0.0,4.59375,4.59375,0.0,3,3 1
179,49.64136505126953,46.935482025146484,36.111106872558594,147.8625030517578,1.0,0.0,0.5625,0.5625,0.0,0.0,0.0,0.0,0.5625,6.5625,38.8125,34.0625,0.0,5.09375,5.09375,0.0,3,3 4
180,48.31574249267578,45.87061309814453,35.22748947143555,142.21249389648438,1.0,0.0,0.5625,0.5625,0.0,0.0,0.0,0.0,0.5625,7.125,39.53125,37.75,0.0,5.71875,5.71875,0.0,3,3 1
181,53.01260757446289,49.12297821044922,37.690162658691406,143.4562530517578,1.0,0.0,0.75,0.75,0.0,0.0,0.0,0.0,0.75,7.0,38.84375,37.65625,0.0,7.40625,7.40625,0.0,3,3 1
182,53.79700469970703,50.77387237548828,38.88574981689453,157.5625,1.0,0.0,0.6875,0.6875,0.0,0.0,0.0,0.0,0.6875,7.0,37.21875,34.5625,0.0,7.53125,7.53125,0.0,3,3 1
183,52.4660530090332,49.514556884765625,38.379554748535156,147.6125030517578,1.0,0.0,0.625,0.625,0.0,0.0,0.0,0.0,0.625,6.96875,36.25,34.84375,0.0,7.3125,7.3125,0.0,3,3 1
184,60.78043746948242,60.05031204223633,47.712493896484375,160.99374389648438,1.0,0.0,0.75,0.75,0.0,0.0,0.0,0.0,0.75,7.15625,33.09375,29.28125,0.0,6.59375,6.59375,0.0,1,1 2
185,61.197601318359375,59.80834197998047,48.00584411621094,153.35000610351562,1.0,0.0,0.71875,0.71875,0.0,0.0,0.0,0.0,0.71875,7.0,34.53125,27.8125,0.0,4.9375,4.9375,0.0,3,3 2
186,43.148841857910156,41.78346252441406,31.3581485748291,150.3562469482422,1.0,0.0,0.40625,0.40625,0.0,0.0,0.0,0.0,0.40625,7.125,39.34375,35.5625,0.0,4.3125,4.3125,0.0,3,3 0
187,50.10664749145508,49.58039855957031,37.27259063720703,153.46875,1.03125,0.0,0.5,0.5,0.0,0.0,0.0,0.0,0.5,7.34375,41.0625,34.625,0.03125,3.5,3.5,0.0,1,1 3
188,53.372886657714844,52.34151077270508,39.297760009765625,166.58749389648438,1.03125,0.0,0.53125,0.53125,0.0,0.0,0.0,0.0,0.53125,7.09375,40.78125,31.75,0.03125,6.3125,6.3125,0.0,3,3 4
189,37.618492126464844,35.410240173339844,26.306488037109375,131.08749389648438,1.0,0.0,0.3125,0.3125,0.0,0.0,0.0,0.0,0.3125,7.21875,44.71875,39.09375,0.0,3.40625,3.40625,0.0,1,1 4
190,68.90260314941406,68.23023986816406,54.11492156982422,164.50625610351562,1.03125,0.0,0.8125,0.8125,0.0,0.0,0.0,0.0,0.8125,7.375,34.1875,28.40625,0.03125,6.28125,6.28125,0.0,1,1 3
191,80.00074768066406,78.1107406616211,61.89886474609375,179.3125,1.0625,0.0,0.78125,0.78125,0.0,0.0,0.0,0.0,0.78125,8.3125,31.0625,23.40625,0.0625,5.15625,5.15625,0.0,1,1 4
192,70.3866958618164,68.90895080566406,53.22332000732422,177.3000030517578,1.0625,0.0,0.6875,0.6875,0.0,0.0,0.0,0.0,0.6875,8.03125,33.21875,27.25,0.0625,7.34375,7.34375,0.0,3,3 0
193,35.941925048828125,35.24480056762695,25.991674423217773,119.86250305175781,1.0,0.0,0.5,0.5,0.0,0.0,0.0,0.0,0.5,7.0,44.625,43.4375,0.0,4.15625,4.15625,0.0,1,1 4
194,34.48912048339844,32.640869140625,23.850242614746094,116.4000015258789,1.0,0.0,0.4375,0.4375,0.0,0.0,0.0,0.0,0.4375,6.78125,44.0,43.1875,0.0,3.5,3.5,0.0,3,3 1
195,39.65163803100586,38.861637115478516,29.564449310302734,125.40625,1.0,0.0,0.4375,0.4375,0.0,0.0,0.0,0.0,0.4375,7.09375,44.09375,38.9375,0.0,4.1875,4.1875,0.0,4,4 0
196,37.44819259643555,36.81569290161133,28.025070190429688,109.6875,1.0,0.0,0.53125,0.53125,0.0,0.0,0.0,0.0,0.53125,6.5625,44.25,42.75,0.0,3.0625,3.0625,0.0,0,0 3
197,41.77507781982422,40.99833679199219,32.2989616394043,113.7874984741211,1.0,0.0,0.4375,0.4375,0.0,0.0,0.0,0.0,0.4375,7.0,42.28125,40.09375,0.0,3.53125,3.53125,0.0,3,3 4
198,38.040069580078125,36.0954475402832,27.309505462646484,115.51875305175781,1.0,0.0,0.4375,0.4375,0.0,0.0,0.0,0.0,0.4375,7.0,43.4375,42.0,0.0,7.25,7.25,0.0,3,3 4
199,47.00728225708008,45.64178466796875,36.001163482666016,122.7249984741211,1.0,0.0,0.5625,0.5625,0.0,0.0,0.0,0.0,0.5625,6.96875,40.3125,38.6875,0.0,4.6875,4.6875,0.0,3,3 0
200,45.03821563720703,44.27197265625,35.4979133605957,112.78125,1.0,0.0,0.46875,0.46875,0.0,0.0,0.0,0.0,0.46875,7.0,40.59375,38.65625,0.0,3.125,3.125,0.0,3,3 2
201,63.45792770385742,62.72766876220703,52.06891632080078,120.36250305175781,1.0,0.0,0.84375,0.84375,0.0,0.0,0.0,0.0,0.84375,7.03125,34.71875,32.34375,0.0,4.28125,4.28125,0.0,0,0 1
202,56.22510528564453,55.33185577392578,44.861228942871094,124.2125015258789,1.0,0.0,0.75,0.75,0.0,0.0,0.0,0.0,0.75,7.0,37.0,35.71875,0.0,6.59375,6.59375,0.0,4,4 3
203,57.96479797363281,57.113304138183594,45.78236770629883,137.2062530517578,1.0,0.0,0.8125,0.8125,0.0,0.0,0.0,0.0,0.8125,6.78125,36.09375,34.0625,0.0,5.21875,5.21875,0.0,3,3 4
204,61.174163818359375,59.81354904174805,48.91948699951172,138.46875,1.0,0.0,0.6875,0.6875,0.0,0.0,0.0,0.0,0.6875,6.78125,33.625,29.625,0.0,4.78125,4.78125,0.0,3,3 1
205,64.71669006347656,63.5594367980957,50.980064392089844,160.8249969482422,1.0,0.0,0.8125,0.8125,0.03125,0.0,0.0,0.0,0.78125,7.15625,32.1875,27.0,0.0,11.03125,11.03125,0.0,3,3 1
206,58.74137878417969,57.0787467956543,44.937496185302734,152.39999389648438,1.0,0.0,0.8125,0.8125,0.0,0.0,0.0,0.0,0.8125,7.0625,36.375,32.5625,0.0,13.1875,13.1875,0.0,1,1 3
207,55.35385513305664,54.178489685058594,42.6275520324707,147.4187469482422,1.0,0.0,0.71875,0.71875,0.0,0.0,0.0,0.0,0.71875,7.25,35.34375,33.0,0.0,12.375,12.375,0.0,3,3 1
208,64.85824584960938,63.530128479003906,52.10668182373047,142.59375,1.0,0.0,0.75,0.75,0.0,0.0,0.0,0.0,0.75,7.1875,32.59375,28.03125,0.0,14.6875,14.6875,0.0,1,1 3
209,74.43295288085938,71.89144134521484,58.57175827026367,167.4562530517578,1.0,0.0,0.90625,0.90625,0.0,0.0,0.0,0.0,0.90625,7.34375,30.71875,22.96875,0.0,15.375,15.375,0.0,1,1 3
210,90.4454345703125,89.31880950927734,74.09037017822266,156.1062469482422,1.0625,0.0,0.84375,0.84375,0.0,0.0,0.0,0.0,0.84375,7.90625,29.9375,18.90625,0.0625,11.03125,11.03125,0.0,1,1 4
211,67.6919937133789,65.36299133300781,52.746437072753906,157.8312530517578,1.0,0.0,0.84375,0.84375,0.0,0.0,0.0,0.0,0.84375,7.5,30.90625,27.375,0.0,13.96875,13.96875,0.0,3,3 1
212,86.85578155517578,83.63865661621094,68.25334167480469,183.3312530517578,1.03125,0.0,0.875,0.875,0.0,0.0,0.0,0.0,0.875,7.8125,29.4375,19.09375,0.03125,15.71875,15.71875,0.0,3,3 1
213,69.7723388671875,67.6432113647461,55.2625846862793,173.6999969482422,1.0,0.0,0.5625,0.5625,0.0,0.0,0.0,0.0,0.5625,8.03125,30.375,21.5625,0.0,11.53125,11.53125,0.0,1,1 3
214,79.5151596069336,77.16340637207031,62.812469482421875,190.94375610351562,1.0,0.0,0.84375,0.84375,0.0,0.0,0.0,0.0,0.84375,7.9375,31.0,19.125,0.0,13.96875,13.96875,0.0,1,1 3
215,82.8426513671875,81.5604019165039,67.10353088378906,182.3874969482422,1.0,0.0,0.96875,0.96875,0.0,0.0,0.0,0.0,0.96875,8.125,29.21875,21.65625,0.0,8.46875,8.46875,0.0,4,4 3
216,80.40825653076172,78.36250305175781,64.99812316894531,168.71249389648438,1.0,0.0,0.875,0.875,0.0,0.0,0.0,0.0,0.875,7.9375,31.03125,20.9375,0.0,8.5,8.5,0.0,1,1 4
217,87.24452209472656,85.9513931274414,71.4092025756836,182.71875,1.0,0.0,1.0,1.0,0.0,0.0,0.0,0.0,1.0,7.8125,28.65625,17.71875,0.0,6.03125,6.03125,0.0,4,4 1
218,80.78199005126953,79.4131088256836,66.78617095947266,153.69375610351562,1.0,0.0,0.875,0.875,0.03125,0.0,0.0,0.0,0.84375,8.012499809265137,29.875,22.40625,0.0,6.09375,6.09375,0.0,1,1 3
219,84.7132568359375,82.64838409423828,69.03150939941406,166.03750610351562,1.0,0.0,0.96875,0.96875,0.0,0.0,0.0,0.0,0.96875,8.0,31.625,21.8125,0.0,5.125,5.125,0.0,3,3 4
220,99.68856811523438,98.2945556640625,82.57518005371094,178.8000030517578,1.03125,0.0,0.96875,0.96875,0.0,0.0,0.0,0.0,0.96875,8.84375,21.0,12.59375,0.03125,4.125,4.125,0.0,0,0 4
221,78.7913818359375,76.55751037597656,63.42095184326172,163.68124389648438,1.0,0.0,0.90625,0.90625,0.0,0.0,0.0,0.0,0.90625,7.375,32.09375,23.8125,0.0,4.03125,4.03125,0.0,3,3 0
222,76.15388488769531,74.76287841796875,61.429443359375,168.2937469482422,1.0,0.0,0.90625,0.90625,0.0,0.0,0.0,0.0,0.90625,7.1875,34.03125,22.03125,0.0,5.09375,5.09375,0.0,1,1 4
223,79.74605560302734,77.89982604980469,64.57075500488281,159.46875,1.0,0.0,1.0,1.0,0.0,0.0,0.0,0.0,1.0,7.53125,31.28125,24.65625,0.0,4.5,4.5,0.0,3,3 1
224,76.06575012207031,73.39811706542969,60.44281768798828,156.18124389648438,1.0,0.0,0.96875,0.96875,0.0,0.0,0.0,0.0,0.96875,7.0625,33.9375,25.5,0.0,3.59375,3.59375,0.0,3,3 1
225,71.30293273925781,70.21681213378906,56.65525436401367,153.31875610351562,1.03125,0.0,0.8125,0.8125,0.0,0.0,0.0,0.0,0.8125,7.40625,35.09375,27.84375,0.03125,2.34375,2.34375,0.0,3,3 1
226,78.9901351928711,77.98863983154297,63.419883728027344,165.1750030517578,1.03125,0.0,0.90625,0.90625,0.0,0.0,0.0,0.0,0.90625,7.625,33.8125,25.15625,0.03125,3.875,3.875,0.0,3,3 1
227,95.50579071044922,94.19852447509766,76.59634399414062,195.5437469482422,1.0625,0.0,0.90625,0.90625,0.0,0.0,0.0,0.0,0.90625,8.75,26.46875,16.375,0.0625,5.21875,5.21875,0.0,1,1 4
228,67.6548080444336,64.47468566894531,51.04969024658203,148.08749389648438,1.03125,0.0,0.84375,0.84375,0.0,0.0,0.0,0.0,0.84375,7.40625,37.3125,32.5,0.03125,4.3125,4.3125,0.0,3,3 1
229,74.4013671875,71.78736877441406,59.17393112182617,151.3937530517578,1.0,0.0,0.9375,0.9375,0.0,0.0,0.0,0.0,0.9375,7.1875,37.40625,27.15625,0.0,2.96875,2.96875,0.0,3,3 1
230,69.09856414794922,66.0948257446289,52.83075714111328,162.46875,1.0,0.0,0.96875,0.96875,0.0,0.0,0.0,0.0,0.96875,7.03125,37.40625,30.25,0.0,5.28125,5.28125,0.0,3,3 2
231,56.90511703491211,53.11436080932617,42.25249099731445,136.58749389648438,1.0,0.0,0.6875,0.6875,0.0,0.0,0.0,0.0,0.6875,7.125,39.40625,36.21875,0.0,4.90625,4.90625,0.0,3,3 2
232,60.935760498046875,58.380638122558594,45.91157150268555,158.05624389648438,1.0,0.0,0.8125,0.8125,0.0,0.0,0.0,0.0,0.8125,7.3125,37.53125,32.53125,0.0,2.9375,2.9375,0.0,3,3 1
233,83.03797912597656,80.31422424316406,64.12704467773438,197.90625,1.03125,0.0,0.875,0.875,0.0,0.0,0.0,0.0,0.875,8.21875,31.5625,22.59375,0.03125,3.8125,3.8125,0.0,3,3 1
234,70.36045837402344,68.55958557128906,53.844276428222656,178.8937530517578,1.03125,0.0,0.78125,0.78125,0.0,0.0,0.0,0.0,0.78125,7.40625,34.59375,27.15625,0.03125,4.9375,4.9375,0.0,3,3 1
235,73.92044067382812,72.01844787597656,57.881256103515625,167.55624389648438,1.03125,0.0,0.78125,0.78125,0.0,0.0,0.0,0.0,0.78125,7.34375,37.0625,25.59375,0.03125,6.6875,6.6875,0.0,3,3 1
236,75.35918426513672,73.40406799316406,60.32094192504883,164.77499389648438,1.0,0.0,0.875,0.875,0.0,0.0,0.0,0.0,0.875,7.46875,33.125,24.5,0.0,3.21875,3.21875,0.0,3,3 1
237,74.28734588623047,72.73497009277344,58.073089599609375,195.22500610351562,1.0,0.0,0.875,0.875,0.0,0.0,0.0,0.0,0.875,7.78125,34.65625,20.15625,0.0,6.625,6.625,0.0,1,1 3
238,62.99104690551758,61.47966766357422,47.15248107910156,177.05624389648438,1.03125,0.0,0.6875,0.6875,0.0,0.0,0.0,0.0,0.6875,7.84375,39.09375,28.09375,0.03125,7.1875,7.1875,0.0,1,1 3
239,77.71260070800781,76.1825942993164,61.69728469848633,176.03125,1.03125,0.0,0.71875,0.71875,0.0,0.0,0.0,0.0,0.71875,8.3125,37.46875,21.0625,0.03125,8.6875,8.6875,0.0,1,1 0
240,33.17597579956055,30.66847801208496,22.119726181030273,122.9375,1.0,0.0,0.28125,0.28125,0.0,0.0,0.0,0.0,0.28125,7.09375,44.78125,40.5,0.0,8.46875,8.46875,0.0,1,1 3
241,87.03793334960938,84.94866943359375,67.61024475097656,197.63125610351562,1.0625,0.0,0.84375,0.84375,0.0,0.0,0.0,0.0,0.84375,8.09375,37.03125,16.28125,0.0625,9.09375,9.09375,0.0,4,4 1
242,42.20410919189453,39.88960647583008,30.594921112060547,128.55624389648438,1.0,0.0,0.375,0.375,0.0,0.0,0.0,0.0,0.375,7.59375,47.71875,37.65625,0.0,9.28125,9.28125,0.0,3,3 0
243,23.50845718383789,22.039331436157227,14.313394546508789,111.48124694824219,1.0,0.0,0.21875,0.21875,0.0,0.0,0.0,0.0,0.21875,7.09375,50.6875,46.09375,0.0,5.21875,5.21875,0.0,3,3 1
244,35.645057678222656,34.66530990600586,24.890621185302734,139.1687469482422,1.0,0.0,0.375,0.375,0.0,0.0,0.0,0.0,0.375,7.3125,46.46875,39.1875,0.0,4.625,4.625,0.0,3,3 1
245,61.697898864746094,60.354515075683594,45.8945198059082,162.1125030517578,1.0625,0.0,0.5625,0.5625,0.0,0.0,0.0,0.0,0.5625,8.21875,39.28125,29.1875,0.0625,4.96875,4.96875,0.0,1,1 2
246,44.06412887573242,42.84062576293945,31.917499542236328,152.6999969482422,1.0,0.0,0.5,0.5,0.0,0.0,0.0,0.0,0.5,7.15625,44.375,34.78125,0.0,4.875,4.875,0.0,1,1 3
247,87.3829116821289,85.93753814697266,66.03660583496094,199.3562469482422,1.125,0.0,0.78125,0.78125,0.0,0.0,0.0,0.0,0.78125,8.65625,31.0625,17.96875,0.125,4.8125,4.8125,0.0,3,3 0
248,79.96261596679688,79.59586334228516,65.53118133544922,184.06875610351562,1.0,0.0,0.875,0.875,0.0,0.0,0.0,0.0,0.875,7.5625,35.09375,18.0625,0.0,5.90625,5.90625,0.0,1,1 2
249,90.1698226928711,89.5064468383789,70.27769470214844,209.8625030517578,1.09375,0.0,0.84375,0.84375,0.0,0.0,0.0,0.0,0.84375,7.90625,36.71875,17.3125,0.09375,8.125,8.125,0.0,1,1 0
250,85.62982177734375,85.20657348632812,69.470947265625,187.27499389648438,1.03125,0.0,0.90625,0.90625,0.0,0.0,0.0,0.0,0.90625,7.96875,33.875,19.46875,0.03125,6.21875,6.21875,0.0,1,1 3
251,69.73263549804688,68.8057632446289,53.05513381958008,171.1875,1.0625,0.0,0.8125,0.8125,0.0,0.0,0.0,0.0,0.8125,7.3125,39.375,29.90625,0.0625,4.21875,4.21875,0.0,1,1 0
252,96.73043823242188,95.71857452392578,74.58232116699219,189.1875,1.15625,0.0,0.875,0.875,0.0,0.0,0.0,0.0,0.875,8.96875,31.71875,20.625,0.15625,5.375,5.375,0.0,3,3 1
253,120.72606658935547,119.6521987915039,94.25688171386719,193.36874389648438,1.25,0.0,0.875,0.875,0.0,0.0,0.03125,0.0,0.84375,9.59375,33.59375,17.65625,0.25,5.3125,5.3125,0.0,3,3 2
254,120.70419311523438,119.23683166503906,92.51338958740234,219.50625610351562,1.25,0.0,0.84375,0.84375,0.0,0.0,0.0,0.0,0.84375,10.40625,31.75,14.75,0.25,7.78125,7.78125,0.0,3,3 1
255,87.63825225830078,86.71375274658203,67.05531311035156,173.36874389648438,1.15625,0.0,0.71875,0.71875,0.0,0.0,0.0,0.0,0.71875,8.625,40.21875,25.9375,0.15625,7.46875,7.46875,0.0,2,2 3
256,121.04948425292969,120.55400085449219,93.88744354248047,188.13125610351562,1.28125,0.0,0.90625,0.90625,0.0,0.0,0.0,0.0,0.90625,10.125,31.71875,16.5,0.28125,8.25,8.25,0.0,3,3 1
257,155.25074768066406,153.978759765625,124.16688537597656,213.71249389648438,1.3125,0.0,0.96875,0.96875,0.0,0.0,0.0,0.0,0.96875,11.8125,34.15625,8.65625,0.3125,6.875,6.875,0.0,2,2 1
258,107.80826568603516,105.65850830078125,84.47068786621094,195.3562469482422,1.15625,0.0,0.78125,0.78125,0.0,0.0,0.0,0.0,0.78125,9.625,32.03125,14.1875,0.15625,8.8125,8.8125,0.0,1,1 3
259,71.73353576660156,70.94590759277344,55.681846618652344,170.24374389648438,1.0625,0.0,0.65625,0.65625,0.0,0.0,0.0,0.0,0.65625,8.34375,38.0,25.09375,0.0625,9.0,9.0,0.0,2,2 3
260,122.73576354980469,121.45051574707031,96.47612762451172,208.6125030517578,1.21875,0.0,0.875,0.875,0.0,0.0,0.0,0.0,0.875,10.3125,31.46875,11.125,0.21875,12.65625,12.65625,0.0,4,4 1
261,96.99542236328125,95.15092468261719,74.00530242919922,182.89999389648438,1.1875,0.0,0.625,0.625,0.0,0.0,0.0,0.0,0.625,9.03125,33.34375,20.6875,0.1875,8.1875,8.1875,0.0,3,3 2
262,92.47728729248047,91.89053344726562,70.12865447998047,191.60000610351562,1.1875,0.0,0.65625,0.65625,0.0,0.0,0.0,0.0,0.65625,9.34375,37.375,21.5,0.1875,8.125,8.125,0.0,2,2 1
263,27.343175888061523,25.361919403076172,16.955671310424805,122.0,1.0,0.0,0.28125,0.28125,0.0,0.0,0.0,0.0,0.28125,6.5625,44.4375,42.84375,0.0,10.375,10.375,0.0,2,2 3
264,40.5231819152832,38.58705139160156,27.509552001953125,142.60000610351562,1.03125,0.0,0.34375,0.34375,0.0,0.0,0.0,0.0,0.34375,7.0,44.34375,38.40625,0.03125,9.15625,9.15625,0.0,3,3 2
265,36.133487701416016,34.88636016845703,25.691675186157227,134.7062530517578,1.0,0.0,0.3125,0.3125,0.0,0.0,0.0,0.0,0.3125,6.71875,45.375,36.6875,0.0,8.75,8.75,0.0,3,3 2
266,40.124752044677734,37.43913650512695,27.71132469177246,141.96875,1.0,0.0,0.34375,0.34375,0.0,0.0,0.0,0.0,0.34375,6.96875,43.6875,36.1875,0.0,9.6875,9.6875,0.0,3,3 2
267,88.17166137695312,86.79190826416016,65.6522216796875,181.8562469482422,1.1875,0.0,0.65625,0.65625,0.0,0.0,0.0,0.0,0.65625,8.59375,30.28125,22.15625,0.1875,11.5,11.5,0.0,2,2 3
268,80.19571685791016,78.93460083007812,60.8836555480957,172.94375610351562,1.125,0.0,0.625,0.625,0.0,0.0,0.0,0.0,0.625,9.1875,37.21875,26.1875,0.125,13.90625,13.90625,0.0,3,3 0
269,92.29731750488281,89.6808090209961,70.00019073486328,211.9250030517578,1.09375,0.0,0.84375,0.84375,0.03125,0.0,0.0,0.0,0.8125,9.84375,31.6875,17.9375,0.09375,18.15625,18.15625,0.0,3,3 2
270,69.79573822021484,67.39736938476562,50.82487106323242,167.3000030517578,1.09375,0.0,0.71875,0.71875,0.0,0.0,0.0,0.0,0.71875,7.75,33.8125,27.71875,0.09375,14.34375,14.34375,0.0,3,3 1
271,79.25704193115234,76.35078430175781,57.85234451293945,218.46875,1.0625,0.0,0.84375,0.84375,0.0,0.0,0.0,0.0,0.84375,8.75,28.8125,22.09375,0.0625,24.75,24.75,0.0,3,3 2
272,36.09849548339844,32.1934928894043,21.665369033813477,130.375,1.03125,0.0,0.34375,0.34375,0.0,0.0,0.0,0.0,0.34375,7.34375,45.96875,42.71875,0.03125,14.1875,14.1875,0.0,3,3 2
273,71.48670196533203,68.50457763671875,50.92707443237305,191.8625030517578,1.09375,0.0,0.625,0.625,0.0,0.0,0.0,0.0,0.625,8.59375,36.5,29.3125,0.09375,17.84375,17.84375,0.0,3,3 2
274,57.259185791015625,55.02356719970703,41.68950271606445,185.71875,1.0,0.0,0.65625,0.65625,0.0,0.0,0.0,0.0,0.65625,7.90625,36.875,30.09375,0.0,15.53125,15.53125,0.0,3,3 2
275,51.9766731262207,49.67517852783203,37.07705307006836,180.3000030517578,1.0,0.0,0.5625,0.5625,0.0,0.0,0.0,0.0,0.5625,7.40625,38.375,30.75,0.0,14.46875,14.46875,0.0,3,3 2
276,60.7601203918457,56.860748291015625,40.185123443603516,205.1875,1.0625,0.0,0.5625,0.5625,0.0,0.0,0.0,0.0,0.5625,8.5625,39.40625,29.25,0.0625,20.6875,20.6875,0.0,3,3 1
277,13.653753280639648,11.478128433227539,5.454065322875977,92.78125,1.0,0.0,0.03125,0.03125,0.0,0.0,0.0,0.0,0.03125,7.0,51.6875,50.90625,0.0,6.53125,6.53125,0.0,3,3 1
278,48.93042755126953,46.24217987060547,33.32030487060547,154.27499389648438,1.0625,0.0,0.3125,0.3125,0.0,0.0,0.0,0.0,0.3125,7.40625,38.875,35.625,0.0625,9.3125,9.3125,0.0,3,3 2
279,45.46821975708008,43.234344482421875,32.44247055053711,148.58749389648438,1.0,0.0,0.53125,0.53125,0.0,0.0,0.0,0.0,0.53125,6.875,38.125,35.4375,0.0,10.03125,10.03125,0.0,3,3 2
280,82.98514556884766,81.85051727294922,64.21770477294922,189.2062530517578,1.09375,0.0,0.6875,0.6875,0.0,0.0,0.0,0.0,0.6875,8.25,31.90625,20.8125,0.09375,11.625,11.625,0.0,1,1 2
281,100.77734375,99.82221984863281,80.54283142089844,202.27499389648438,1.09375,0.0,0.90625,0.90625,0.0,0.0,0.0,0.0,0.90625,8.90625,28.84375,16.15625,0.09375,14.0625,14.0625,0.0,0,0 3
282,122.48048400878906,121.9342269897461,96.3307876586914,219.03125,1.21875,0.0,0.90625,0.90625,0.0,0.0,0.0,0.0,0.90625,10.21875,32.6875,12.25,0.21875,8.03125,8.03125,0.0,2,2 1
283,125.52233123779297,121.95085144042969,94.78616333007812,199.5812530517578,1.28125,0.0,0.875,0.875,0.0,0.0,0.0,0.0,0.875,10.40625,28.4375,17.4375,0.28125,6.6875,6.6875,0.0,3,3 2
284,118.29389953613281,117.59727478027344,93.9510269165039,195.6999969482422,1.21875,0.0,0.6875,0.6875,0.0,0.0,0.0,0.0,0.6875,10.6875,31.875,15.71875,0.21875,7.15625,7.15625,0.0,2,2 0
285,178.52139282226562,176.66940307617188,137.06222534179688,226.36874389648438,1.53125,0.0,0.90625,0.90625,0.0,0.0,0.0,0.0,0.90625,13.0625,26.9375,10.40625,0.53125,8.4375,8.4375,0.0,3,3 0
286,163.0341796875,161.49807739257812,127.64558410644531,217.91250610351562,1.40625,0.0,0.96875,0.96875,0.0,0.0,0.0,0.0,0.96875,11.21875,24.875,7.0,0.40625,9.09375,9.09375,0.0,3,3 2
287,159.5082550048828,158.65524291992188,127.6915054321289,195.60000610351562,1.375,0.0,0.84375,0.84375,0.0,0.0,0.0,0.0,0.84375,11.4375,31.9375,9.21875,0.375,6.9375,6.9375,0.0,2,2 0
288,193.4051513671875,191.45687866210938,151.0650634765625,213.9812469482422,1.5625,0.0,1.0,1.0,0.03125,0.0,0.0,0.0,0.96875,11.487500190734863,35.625,7.0625,0.5625,7.9375,7.9375,0.0,0,0 3
289,148.46669006347656,146.68417358398438,115.89668273925781,194.4375,1.375,0.0,0.84375,0.84375,0.0,0.0,0.0,0.0,0.84375,10.78125,30.53125,11.59375,0.375,6.5,6.5,0.0,4,4 0
290,136.6057891845703,135.22702026367188,109.71451568603516,198.375,1.25,0.0,0.78125,0.78125,0.0,0.0,0.0,0.0,0.78125,10.9375,32.96875,12.78125,0.25,5.40625,5.40625,0.0,4,4 0
291,85.81822967529297,82.3898696899414,63.5289306640625,154.1437530517578,1.1875,0.0,0.40625,0.40625,0.0,0.0,0.0,0.0,0.40625,9.1875,34.3125,29.71875,0.1875,2.25,2.25,0.0,3,3 4
292,64.2000961303711,59.68046951293945,46.54328155517578,130.6437530517578,1.09375,0.0,0.3125,0.3125,0.0,0.0,0.0,0.0,0.3125,7.875,41.0625,34.90625,0.09375,1.71875,1.71875,0.0,3,3 2
293,58.46665573120117,55.850914001464844,43.965599060058594,135.36874389648438,1.0625,0.0,0.28125,0.28125,0.0,0.0,0.0,0.0,0.28125,7.59375,43.125,34.09375,0.0625,1.34375,1.34375,0.0,3,3 2
294,101.677001953125,99.86163330078125,80.21851348876953,176.2624969482422,1.15625,0.0,0.65625,0.65625,0.0,0.0,0.0,0.0,0.65625,9.125,35.96875,21.59375,0.15625,1.4375,1.4375,0.0,3,3 4
295,126.6354751586914,125.8660888671875,99.62640380859375,210.53125,1.25,0.0,0.8125,0.8125,0.0,0.0,0.0,0.0,0.8125,10.90625,31.5,15.25,0.25,2.59375,2.59375,0.0,2,2 4
296,102.39260864257812,101.66535949707031,82.78910827636719,161.8249969482422,1.15625,0.0,0.65625,0.65625,0.0,0.0,0.0,0.0,0.65625,8.875,32.15625,20.03125,0.15625,2.78125,2.78125,0.0,1,1 2
297,121.81826782226562,121.1141357421875,97.14663696289062,195.9499969482422,1.21875,0.0,0.8125,0.8125,0.0,0.0,0.0,0.0,0.8125,9.625,31.6875,15.59375,0.21875,4.0,4.0,0.0,1,1 4
298,80.884521484375,78.75801849365234,60.48896026611328,171.8312530517578,1.125,0.0,0.71875,0.71875,0.0,0.0,0.0,0.0,0.71875,8.625,36.1875,30.5625,0.125,3.96875,3.96875,0.0,3,3 1
299,100.93636322021484,98.90000915527344,79.15031433105469,162.49374389648438,1.15625,0.0,0.84375,0.84375,0.0,0.0,0.0,0.0,0.84375,9.375,35.25,26.75,0.15625,4.40625,4.40625,0.0,3,3 2
300,83.51042938232422,81.93519592285156,65.52613067626953,151.8937530517578,1.09375,0.0,0.84375,0.84375,0.0,0.0,0.0,0.0,0.84375,8.34375,34.21875,28.875,0.09375,5.40625,5.40625,0.0,3,3 2
301,133.54295349121094,132.45407104492188,104.25688171386719,178.68124389648438,1.34375,0.0,0.6875,0.6875,0.0,0.0,0.0,0.0,0.6875,11.53125,35.1875,22.0625,0.34375,6.1875,6.1875,0.0,4,4 2
302,150.34765625,149.21551513671875,119.35677337646484,199.0500030517578,1.34375,0.0,0.875,0.875,0.0,0.0,0.0,0.0,0.875,10.9375,32.9375,15.46875,0.34375,3.28125,3.28125,0.0,2,2 0
303,173.0973358154297,172.195068359375,133.51881408691406,207.1374969482422,1.53125,0.0,0.96875,0.96875,0.0,0.0,0.0,0.0,0.96875,11.84375,27.09375,9.75,0.53125,4.0625,4.0625,0.0,2,2 4
304,183.62420654296875,181.52261352539062,140.43817138671875,200.55624389648438,1.59375,0.0,0.90625,0.90625,0.0625,0.0,0.0,0.03125,0.8125,13.856249809265137,22.625,14.28125,0.59375,3.46875,3.46875,0.0,3,3 4
305,178.19358825683594,176.7161865234375,138.7465057373047,191.00625610351562,1.53125,0.0,0.9375,0.9375,0.0,0.0,0.0,0.0,0.9375,13.09375,29.6875,12.1875,0.53125,2.15625,2.15625,0.0,4,4 3
306,158.317626953125,155.45315551757812,122.51002502441406,196.96249389648438,1.40625,0.0,0.90625,0.90625,0.0,0.0,0.0,0.0,0.90625,13.375,25.84375,15.875,0.40625,2.78125,2.78125,0.0,3,3 4
307,97.86293029785156,96.10469818115234,75.15626525878906,164.43124389648438,1.1875,0.0,0.78125,0.78125,0.0,0.0,0.0,0.0,0.78125,9.59375,32.65625,27.6875,0.1875,2.59375,2.59375,0.0,3,3 1
308,144.25360107421875,141.8695068359375,107.99825286865234,218.7624969482422,1.40625,0.0,0.9375,0.9375,0.0625,0.0,0.0,0.0,0.875,11.78125,27.28125,17.0625,0.40625,4.71875,4.71875,0.0,3,3 1
309,192.24017333984375,190.80152893066406,148.21603393554688,225.8249969482422,1.59375,0.0,0.96875,0.96875,0.03125,0.0,0.0,0.0,0.9375,13.787500381469727,28.15625,8.90625,0.59375,4.6875,4.6875,0.0,1,1 4
310,216.7429656982422,216.1963348388672,169.80221557617188,208.52499389648438,1.6875,0.0,1.0625,1.0625,0.03125,0.0,0.03125,0.03125,0.96875,15.793749809265137,22.8125,7.90625,0.6875,4.9375,4.9375,0.0,4,4 1
311,206.43394470214844,204.76681518554688,160.52023315429688,229.3312530517578,1.625,0.0,0.96875,0.96875,0.0,0.0,0.03125,0.0,0.9375,14.75,23.09375,8.625,0.625,5.09375,5.09375,0.0,4,4 3
312,208.55552673339844,205.7250518798828,162.75204467773438,232.3874969482422,1.59375,0.0,0.90625,0.90625,0.03125,0.0,0.0625,0.03125,0.78125,15.506250381469727,32.5,13.625,0.59375,4.46875,4.46875,0.0,3,3 4
313,151.41859436035156,149.86309814453125,117.37373352050781,220.10000610351562,1.375,0.0,0.90625,0.90625,0.0,0.0,0.0,0.0,0.90625,11.71875,26.65625,13.9375,0.375,6.4375,6.4375,0.0,3,3 0
314,178.701416015625,177.72816467285156,142.9000244140625,207.71249389648438,1.4375,0.0,0.9375,0.9375,0.0,0.0,0.0,0.0,0.9375,12.875,30.5,11.65625,0.4375,3.625,3.625,0.0,4,4 3
315,200.2267303466797,197.22299194335938,158.42861938476562,220.875,1.5,0.0,1.0,1.0,0.0,0.0,0.03125,0.0,0.96875,15.28125,22.6875,7.71875,0.5,4.78125,4.78125,0.0,3,3 4
316,231.56170654296875,229.2963409423828,183.08642578125,229.15625,1.65625,0.0,1.0625,1.0625,0.03125,0.0,0.03125,0.0,1.0,16.331249237060547,27.21875,4.0,0.65625,5.53125,5.53125,0.0,3,3 4
317,231.14796447753906,229.9291229248047,184.8331756591797,210.30624389648438,1.65625,0.0,0.9375,0.9375,0.0,0.0,0.03125,0.0,0.90625,18.15625,19.59375,5.78125,0.65625,5.46875,5.46875,0.0,3,3 0
318,291.50732421875,289.97601318359375,233.34130859375,216.80624389648438,1.90625,0.0,1.0625,1.0625,0.0,0.0,0.0625,0.0,1.0,19.34375,33.6875,2.1875,0.90625,7.03125,7.03125,0.0,3,3 4
319,263.14361572265625,259.59326171875,207.5123291015625,211.7312469482422,1.8125,0.0,1.0,1.0,0.0,0.0,0.0625,0.0,0.9375,18.71875,25.84375,5.4375,0.8125,7.625,7.625,0.0,3,3 1
320,252.8582763671875,250.2935333251953,200.51541137695312,195.6374969482422,1.78125,0.0,1.0,1.0,0.0,0.0,0.0,0.0,1.0,17.6875,23.9375,4.34375,0.78125,8.78125,8.78125,0.0,3,3 4
321,268.4254455566406,266.41259765625,216.352294921875,195.2937469482422,1.78125,0.0,1.03125,1.03125,0.0,0.0,0.03125,0.0,1.0,18.65625,34.03125,4.75,0.78125,8.65625,8.65625,0.0,3,3 4
322,296.17706298828125,293.44696044921875,233.9219512939453,216.14999389648438,1.96875,0.0,1.0625,1.0625,0.0,0.0,0.0625,0.0,1.0,21.0,27.0625,2.0,0.96875,11.59375,11.59375,0.0,3,3 1
323,259.319580078125,257.36846923828125,209.8400115966797,195.44375610351562,1.71875,0.0,1.0625,1.0625,0.03125,0.0,0.09375,0.0,0.9375,18.4375,25.40625,5.25,0.71875,11.15625,11.15625,0.0,1,1 4
324,312.884033203125,309.46954345703125,252.30953979492188,221.14999389648438,1.90625,0.0,1.03125,1.03125,0.0,0.0,0.0,0.03125,1.0,21.75,28.6875,3.53125,0.90625,15.90625,15.90625,0.0,3,3 0
325,256.7493591308594,253.6969757080078,206.3585205078125,213.00625610351562,1.6875,0.0,1.125,1.125,0.0,0.0,0.125,0.0,1.0,18.40625,26.03125,7.3125,0.6875,16.46875,16.46875,0.0,1,1 3
326,340.6930847167969,338.602783203125,278.22747802734375,211.5437469482422,1.96875,0.0,1.21875,1.21875,0.0,0.0,0.1875,0.03125,1.0,23.53125,26.625,1.375,0.96875,12.25,12.25,0.0,3,3 4
327,351.07257080078125,346.92376708984375,285.4803161621094,204.15625,2.0,0.0,1.25,1.25,0.0,0.0,0.25,0.0,1.0,23.53125,32.40625,1.0,1.0,8.28125,8.28125,0.0,1,1 3
328,319.4793395996094,317.00775146484375,261.90399169921875,198.8874969482422,1.875,0.0,1.125,1.125,0.0,0.0,0.125,0.0,1.0,21.71875,35.21875,2.25,0.875,6.28125,6.28125,0.0,3,3 4
329,327.53704833984375,325.2392883300781,266.4377746582031,196.25,1.96875,0.0,1.15625,1.15625,0.0625,0.0,0.0625,0.03125,1.0,20.424999237060547,34.78125,1.375,0.96875,5.6875,5.6875,0.0,3,3 4
330,306.6767578125,304.44305419921875,246.41867065429688,187.875,1.96875,0.0,1.0,1.0,0.0,0.0,0.0,0.0,1.0,21.90625,24.5625,1.625,0.96875,5.71875,5.71875,0.0,3,3 4
331,353.431884765625,350.9013671875,287.90826416015625,223.85000610351562,2.03125,0.0,1.125,1.125,0.125,0.0,0.0,0.0,1.0,22.15625,34.84375,1.65625,1.03125,6.3125,6.3125,0.0,3,3 4
332,292.6292724609375,288.94744873046875,234.34494018554688,203.5625,1.875,0.0,1.03125,1.03125,0.0,0.0,0.03125,0.0,1.0,19.71875,26.53125,2.1875,0.875,3.46875,3.46875,0.0,3,3 4
333,299.15087890625,294.9001770019531,241.462646484375,200.52499389648438,1.84375,0.0,1.0625,1.0625,0.0,0.0,0.125,0.0,0.9375,20.6875,33.8125,6.125,0.84375,3.5,3.5,0.0,3,3 1
334,293.7454833984375,291.85504150390625,236.1422119140625,199.06875610351562,1.90625,0.0,1.03125,1.03125,0.0,0.0,0.03125,0.0,1.0,19.84375,30.4375,1.53125,0.90625,3.53125,3.53125,0.0,3,3 1
335,320.0615234375,317.1598205566406,261.0463562011719,211.69375610351562,1.875,0.0,1.21875,1.21875,0.0,0.0,0.21875,0.0,1.0,21.6875,30.71875,2.375,0.875,4.0625,4.0625,0.0,3,3 4
336,347.2716369628906,346.0872497558594,286.5536193847656,224.78750610351562,1.9375,0.0,1.1875,1.1875,0.0625,0.0,0.15625,0.03125,0.9375,23.162500381469727,33.59375,2.71875,0.9375,5.21875,5.21875,0.0,4,4 0
337,346.356201171875,344.2746276855469,282.9465026855469,210.6999969482422,2.0,0.0,1.15625,1.15625,0.03125,0.0,0.15625,0.0,0.96875,23.15625,32.78125,2.0,1.0,5.3125,5.3125,0.0,3,3 4
338,365.257568359375,362.77398681640625,300.90191650390625,229.7937469482422,1.96875,0.0,1.3125,1.3125,0.03125,0.0,0.28125,0.0,1.0,24.693750381469727,34.375,1.28125,0.96875,6.1875,6.1875,0.0,3,3 1
339,373.8013000488281,371.5091247558594,307.4590759277344,224.34375,2.03125,0.0,1.28125,1.28125,0.03125,0.0,0.25,0.0,1.0,24.418750762939453,34.34375,1.0,1.03125,5.6875,5.6875,0.0,4,4 3
340,317.8724365234375,315.422607421875,259.7166748046875,206.38125610351562,1.875,0.0,1.1875,1.1875,0.0,0.0,0.28125,0.0,0.90625,21.59375,35.90625,5.59375,0.875,5.5625,5.5625,0.0,3,3 4
341,335.4405822753906,334.4246520996094,274.3650207519531,213.0,1.96875,0.0,1.125,1.125,0.03125,0.0,0.09375,0.0,1.0,23.456249237060547,32.46875,1.09375,0.96875,5.59375,5.59375,0.0,3,3 1
342,320.8145751953125,318.6497497558594,257.15850830078125,222.22500610351562,2.0,0.0,1.09375,1.09375,0.0,0.0,0.125,0.0,0.96875,22.25,31.0,1.0,1.0,6.5625,6.5625,0.0,3,3 2
343,328.6371154785156,325.81915283203125,264.7032775878906,231.46249389648438,1.96875,0.0,1.21875,1.21875,0.03125,0.0,0.1875,0.0,1.0,22.112499237060547,34.375,1.09375,0.96875,5.375,5.375,0.0,3,3 2
344,333.75067138671875,332.58660888671875,273.29888916015625,217.91250610351562,1.9375,0.0,1.1875,1.1875,0.03125,0.0,0.15625,0.0,1.0,23.706249237060547,34.0,1.5,0.9375,6.9375,6.9375,0.0,4,4 1
345,314.2327575683594,310.44415283203125,251.84060668945312,229.28125,1.90625,0.0,1.25,1.25,0.0625,0.0,0.21875,0.0,0.96875,22.649999618530273,23.71875,2.0,0.90625,7.3125,7.3125,0.0,3,3 4
346,272.38214111328125,270.32452392578125,220.09359741210938,224.49374389648438,1.71875,0.0,1.375,1.375,0.09375,0.0,0.3125,0.0,0.96875,18.4375,29.4375,6.75,0.71875,5.53125,5.53125,0.0,3,3 2
347,279.9433898925781,278.52313232421875,224.52218627929688,233.0187530517578,1.8125,0.0,1.15625,1.15625,0.125,0.0,0.09375,0.0,0.9375,20.0,35.0625,6.34375,0.8125,6.125,6.125,0.0,3,3 1
348,296.5789794921875,293.54339599609375,238.7939453125,216.6687469482422,1.84375,0.0,1.25,1.25,0.1875,0.0,0.09375,0.0,0.96875,19.325000762939453,36.09375,3.71875,0.84375,8.4375,8.4375,0.0,3,3 2
349,303.53753662109375,301.9198913574219,247.4437713623047,224.75,1.8125,0.0,1.40625,1.40625,0.15625,0.0,0.28125,0.0,0.96875,19.381250381469727,34.3125,4.0,0.8125,6.53125,6.53125,0.0,0,0 3
350,329.2244567871094,328.435791015625,269.6434020996094,238.1999969482422,1.875,0.0,1.5625,1.5625,0.15625,0.0,0.40625,0.0,1.0,21.568750381469727,33.65625,2.25,0.875,5.78125,5.78125,0.0,2,2 3
351,312.3165283203125,309.845458984375,255.0046844482422,222.25,1.8125,0.0,1.46875,1.46875,0.1875,0.0,0.28125,0.0,1.0,20.712499618530273,30.03125,3.5,0.8125,5.8125,5.8125,0.0,3,3 4
352,312.6509094238281,310.98516845703125,251.818603515625,236.68124389648438,1.90625,0.0,1.40625,1.40625,0.09375,0.0,0.3125,0.0,1.0,20.25,33.09375,3.0625,0.90625,4.625,4.625,0.0,1,1 3
353,328.3424377441406,326.1259765625,265.63385009765625,236.22500610351562,1.9375,0.0,1.375,1.375,0.1875,0.0,0.21875,0.0,0.96875,21.143749237060547,39.28125,2.75,0.9375,4.15625,4.15625,0.0,3,3 4
354,308.4145812988281,305.4582214355469,246.3633575439453,227.6875,1.9375,0.0,1.21875,1.21875,0.125,0.0,0.09375,0.0,1.0,19.225000381469727,38.625,2.25,0.9375,5.40625,5.40625,0.0,3,3 4
355,324.5306091308594,319.8231506347656,261.93609619140625,225.94375610351562,1.875,0.0,1.5625,1.5625,0.15625,0.0,0.40625,0.0,1.0,19.943750381469727,35.9375,3.0625,0.875,6.40625,6.40625,0.0,3,3 2
356,331.0059509277344,327.10699462890625,266.4926452636719,242.75625610351562,1.90625,0.0,1.65625,1.65625,0.3125,0.0,0.34375,0.0,1.0,21.049999237060547,35.0,2.84375,0.90625,10.375,10.375,0.0,3,3 1
357,328.3831787109375,323.66357421875,263.189697265625,245.1999969482422,1.875,0.0,2.0,2.0,0.59375,0.0,0.40625,0.0,1.0,19.243749618530273,37.03125,3.4375,0.875,12.0625,12.0625,0.0,3,3 1
358,319.2981872558594,314.8094787597656,259.6107177734375,237.3125,1.75,0.0,2.0625,2.0625,0.5,0.0,0.5625,0.0,1.0,19.90625,32.46875,5.53125,0.75,11.71875,11.71875,0.0,3,3 1
359,380.92230224609375,376.4627990722656,309.37939453125,259.8687438964844,1.96875,0.0,2.34375,2.34375,0.71875,0.0,0.625,0.0,1.0,22.375,40.03125,1.625,0.96875,12.125,12.125,0.0,3,3 4
360,371.80072021484375,368.1456298828125,303.73895263671875,249.0812530517578,1.90625,0.0,2.46875,2.46875,0.84375,0.0,0.625,0.0,1.0,22.306249618530273,35.84375,1.71875,0.90625,12.0625,12.0625,0.0,3,3 0
361,389.26422119140625,386.08074951171875,317.71783447265625,264.9437561035156,1.96875,0.0,2.5625,2.5625,0.9375,0.0,0.625,0.0,1.0,23.212499618530273,39.96875,1.6875,0.96875,11.28125,11.28125,0.0,3,3 4
362,369.104736328125,365.74365234375,300.49176025390625,240.28750610351562,1.96875,0.0,2.125,2.125,0.71875,0.0,0.4375,0.0,0.96875,22.5,41.78125,2.46875,0.96875,10.5625,10.5625,0.0,3,3 4
363,362.8231506347656,359.90777587890625,294.43231201171875,229.6125030517578,2.0,0.0,2.0,2.0,0.71875,0.0,0.28125,0.0,1.0,22.193750381469727,40.03125,1.0,1.0,13.875,13.875,0.0,3,3 1
364,398.30450439453125,392.38323974609375,324.3492126464844,235.09375,2.0,0.0,2.46875,2.46875,0.9375,0.0,0.53125,0.0,1.0,24.46875,38.46875,1.0,1.0,15.3125,15.3125,0.0,3,3 4
365,387.07794189453125,382.9483337402344,316.1092834472656,236.5812530517578,1.96875,0.0,2.5625,2.5625,0.96875,0.0,0.59375,0.0,1.0,22.625,38.1875,1.0,0.96875,13.4375,13.4375,0.0,3,3 4
366,407.77734375,404.540771484375,335.5958557128906,239.84375,2.0,0.0,2.625,2.625,0.9375,0.0,0.6875,0.0,1.0,24.737499237060547,39.0,1.0,1.0,13.40625,13.40625,0.0,3,3 1
367,358.04693603515625,356.7865905761719,293.75775146484375,221.99374389648438,1.90625,0.0,2.5,2.5,0.96875,0.0,0.53125,0.0,1.0,21.481250762939453,35.125,3.0,0.90625,9.0,9.0,0.0,3,3 1
368,370.6241455078125,366.5912780761719,302.10003662109375,222.1999969482422,1.9375,0.0,2.53125,2.53125,1.0,0.0,0.53125,0.0,1.0,21.5625,35.875,2.34375,0.9375,10.1875,10.1875,0.0,3,3 1
369,371.33258056640625,368.3774719238281,305.49658203125,215.0749969482422,1.90625,0.0,2.5,2.5,0.90625,0.0,0.59375,0.0,1.0,22.581249237060547,36.8125,2.40625,0.90625,13.40625,13.40625,0.0,1,1 3
370,399.5451354980469,396.93743896484375,330.89794921875,212.0124969482422,1.96875,0.0,2.625,2.625,1.0,0.0,0.625,0.0,1.0,23.618749618530273,38.40625,1.65625,0.96875,12.3125,12.3125,0.0,3,3 4
371,403.8919982910156,399.96075439453125,331.6794738769531,219.9187469482422,2.0,0.0,2.8125,2.8125,1.0,0.0,0.8125,0.0,1.0,22.418750762939453,39.65625,1.0,1.0,9.71875,9.71875,0.0,3,3 1
372,403.9923400878906,402.0834655761719,333.72369384765625,224.3312530517578,2.0,0.0,2.71875,2.71875,1.0,0.0,0.71875,0.0,1.0,23.712499618530273,40.21875,1.0,1.0,9.59375,9.59375,0.0,3,3 1
373,405.5201416015625,401.76055908203125,334.51776123046875,221.66250610351562,1.96875,0.0,2.8125,2.8125,1.0,0.0,0.8125,0.0,1.0,23.456249237060547,37.9375,1.21875,0.96875,7.5,7.5,0.0,3,3 1
374,412.3370361328125,409.44244384765625,340.528564453125,238.6999969482422,2.0,0.0,2.6875,2.6875,1.0,0.0,0.6875,0.0,1.0,23.493749618530273,35.1875,1.0,1.0,6.78125,6.78125,0.0,3,3 1
375,407.61163330078125,403.002685546875,333.29425048828125,242.3937530517578,2.03125,0.0,2.53125,2.53125,1.03125,0.0,0.5,0.0,1.0,23.0625,37.6875,1.0,1.03125,5.09375,5.09375,0.0,3,3 1
376,378.1862487792969,374.6863708496094,308.567626953125,219.16250610351562,2.0,0.0,2.34375,2.34375,1.03125,0.0,0.3125,0.0,1.0,21.03125,38.625,1.21875,1.0,5.21875,5.21875,0.0,3,3 1
377,356.6078186035156,353.9457092285156,292.76617431640625,209.5749969482422,1.90625,0.0,2.25,2.25,1.0,0.0,0.25,0.0,1.0,20.212499618530273,38.65625,3.375,0.90625,4.96875,4.96875,0.0,3,3 1
378,415.21649169921875,411.3577575683594,343.8968505859375,240.8000030517578,1.96875,0.0,2.625,2.625,0.96875,0.0,0.65625,0.0,1.0,23.518749237060547,26.125,1.6875,0.96875,7.84375,7.84375,0.0,1,1 4
379,382.30657958984375,380.34442138671875,316.2861633300781,184.9499969482422,1.96875,0.0,2.53125,2.53125,0.9375,0.0,0.59375,0.0,1.0,22.212499618530273,36.65625,3.625,0.96875,5.96875,5.96875,0.0,4,4 1
380,410.4295654296875,407.89630126953125,340.9385986328125,240.65625,1.9375,0.0,2.84375,2.84375,1.03125,0.0,0.78125,0.03125,1.0,23.193750381469727,28.21875,3.0625,0.9375,7.5,7.5,0.0,1,1 3
381,370.70452880859375,367.91900634765625,306.96942138671875,223.89999389648438,1.84375,0.0,2.625,2.625,0.96875,0.0,0.65625,0.0,1.0,21.206249237060547,32.375,4.40625,0.84375,3.875,3.875,0.0,3,3 1
382,376.0691833496094,373.01898193359375,307.44183349609375,244.66250610351562,1.9375,0.0,2.5,2.5,1.0,0.0,0.5,0.0,1.0,22.049999237060547,28.09375,2.15625,0.9375,4.75,4.75,0.0,3,3 0
383,428.2135925292969,425.83502197265625,354.04827880859375,261.32501220703125,2.03125,0.0,2.8125,2.8125,1.0,0.0,0.78125,0.03125,1.0,23.100000381469727,28.34375,1.0,1.03125,4.53125,4.53125,0.0,3,3 1
384,379.4538269042969,374.9917297363281,310.5596618652344,218.49374389648438,1.9375,0.0,2.5625,2.5625,1.0,0.0,0.5625,0.0,1.0,21.568750381469727,34.0,2.3125,0.9375,4.625,4.625,0.0,3,3 1
385,386.27197265625,382.73284912109375,317.13470458984375,224.3249969482422,1.96875,0.0,2.46875,2.46875,1.0,0.0,0.40625,0.0625,1.0,21.21875,33.0,1.6875,0.96875,5.21875,5.21875,0.0,3,3 1
386,410.34588623046875,408.5870666503906,340.169921875,234.86874389648438,2.0,0.0,2.625,2.625,1.03125,0.0,0.53125,0.0625,1.0,23.1875,32.09375,1.78125,1.0,4.96875,4.96875,0.0,3,3 1
387,402.4305419921875,399.4930419921875,331.2604675292969,216.7937469482422,2.03125,0.0,2.5,2.5,1.03125,0.0,0.375,0.09375,1.0,22.668750762939453,34.1875,2.78125,1.03125,5.5,5.5,0.0,3,3 0
388,425.7776184082031,420.811279296875,351.46160888671875,246.55624389648438,2.0,0.0,2.75,2.75,0.96875,0.0,0.71875,0.0625,1.0,22.34375,22.15625,1.65625,1.0,4.28125,4.28125,0.0,3,3 1
389,482.59197998046875,481.34002685546875,402.4410400390625,275.82501220703125,2.15625,0.0,3.0625,3.0625,1.1875,0.0,0.6875,0.1875,1.0,23.862499237060547,22.125,2.21875,1.15625,5.5625,5.5625,0.0,1,1 3
390,419.10589599609375,415.32940673828125,342.71746826171875,272.96875,2.0625,0.0,2.625,2.625,1.09375,0.0,0.4375,0.09375,1.0,21.325000762939453,28.78125,2.3125,1.0625,5.5,5.5,0.0,3,3 0
391,390.495361328125,386.17236328125,320.26458740234375,253.27499389648438,1.9375,0.0,2.53125,2.53125,0.9375,0.0,0.53125,0.0625,1.0,20.799999237060547,26.78125,3.21875,0.9375,6.46875,6.46875,0.0,3,3 1
392,441.9727783203125,439.84454345703125,365.7652893066406,257.625,2.09375,0.0,2.78125,2.78125,1.125,0.0,0.53125,0.125,1.0,22.975000381469727,29.03125,1.71875,1.09375,5.21875,5.21875,0.0,3,3 1
393,422.7420349121094,420.1044921875,348.7076110839844,270.125,2.03125,0.0,2.625,2.625,0.96875,0.0,0.5625,0.09375,1.0,22.65625,26.25,1.71875,1.03125,6.09375,6.09375,0.0,3,3 1
394,452.65191650390625,449.9019470214844,374.249267578125,285.5062561035156,2.0625,0.0,3.09375,3.09375,1.0625,0.0,0.6875,0.34375,1.0,24.318750381469727,27.5,1.53125,1.0625,6.0625,6.0625,0.0,3,3 1
395,548.0670776367188,543.9794921875,453.6080017089844,311.3374938964844,2.34375,0.0,3.46875,3.46875,1.40625,0.0,0.65625,0.40625,1.0,24.956249237060547,30.375,3.40625,1.34375,6.25,6.25,0.0,3,3 1
396,452.5948791503906,450.66876220703125,376.7922058105469,278.86248779296875,2.03125,0.0,3.125,3.125,1.09375,0.0,0.6875,0.34375,1.0,22.893749237060547,21.09375,3.34375,1.03125,3.09375,3.09375,0.0,1,1 3
397,498.9757080078125,496.0269470214844,414.3193359375,297.125,2.1875,0.0,3.125,3.125,1.21875,0.0,0.625,0.28125,1.0,24.868749618530273,22.25,1.625,1.1875,3.0,3.0,0.0,3,3 0
398,564.2915649414062,561.5291137695312,471.4847717285156,308.26873779296875,2.34375,0.0,3.34375,3.34375,1.3125,0.0,0.6875,0.34375,1.0,26.768749237060547,16.34375,2.59375,1.34375,4.21875,4.21875,0.0,3,3 1
399,674.1966552734375,672.2420043945312,562.3226318359375,333.28125,2.71875,0.0,3.90625,3.90625,1.5625,0.0,0.71875,0.625,1.0,30.237499237060547,31.625,1.0,1.71875,4.96875,4.96875,0.0,4,4 1
400,569.5221557617188,568.5765380859375,474.5166015625,313.7124938964844,2.46875,0.0,3.0,3.0,1.21875,0.0,0.34375,0.4375,1.0,26.037500381469727,32.0,1.84375,1.46875,4.34375,4.34375,0.0,4,4 3
401,484.12603759765625,483.084228515625,401.35357666015625,302.79376220703125,2.21875,0.0,2.8125,2.8125,0.96875,0.0,0.375,0.5,0.96875,23.075000762939453,25.375,4.1875,1.21875,3.96875,3.96875,0.0,1,1 0
402,698.8572998046875,696.7564697265625,581.0557250976562,363.7875061035156,2.875,0.0,3.3125,3.3125,1.5,0.0,0.3125,0.5,1.0,30.618749618530273,36.21875,1.0,1.875,4.8125,4.8125,0.0,1,1 4
403,600.564208984375,598.9095458984375,500.59490966796875,314.375,2.53125,0.0,3.34375,3.34375,1.40625,0.0,0.40625,0.53125,1.0,27.268749237060547,32.0625,1.71875,1.53125,4.5,4.5,0.0,4,4 0
404,610.6494140625,608.5260009765625,507.65167236328125,330.86248779296875,2.59375,0.0,3.125,3.125,1.34375,0.0,0.3125,0.46875,1.0,27.1875,26.875,1.0,1.59375,5.5,5.5,0.0,1,1 3
405,663.5435791015625,662.6510620117188,554.2638549804688,322.64373779296875,2.75,0.0,3.40625,3.40625,1.3125,0.0,0.53125,0.5625,1.0,28.5,34.21875,1.0,1.75,5.375,5.375,0.0,3,3 4
406,643.586669921875,640.8522338867188,535.2936401367188,312.7437438964844,2.71875,0.0,3.21875,3.21875,1.40625,0.0,0.3125,0.5,1.0,26.993749618530273,31.34375,1.25,1.71875,3.96875,3.96875,0.0,3,3 0
407,686.2545166015625,683.14208984375,570.7161865234375,334.375,2.78125,0.0,3.9375,3.9375,1.59375,0.0,0.625,0.71875,1.0,28.581249237060547,28.34375,1.0,1.78125,5.625,5.625,0.0,1,1 3
408,678.4053344726562,677.4039306640625,566.9288330078125,325.26251220703125,2.8125,0.0,3.1875,3.1875,1.53125,0.0,0.25,0.4375,0.96875,29.649999618530273,33.09375,1.53125,1.8125,5.53125,5.53125,0.0,0,0 2
409,595.9041137695312,593.2462158203125,495.6807556152344,310.04998779296875,2.5625,0.0,2.9375,2.9375,1.3125,0.0,0.25,0.375,1.0,26.043750762939453,32.40625,2.0,1.5625,5.9375,5.9375,0.0,3,3 1
410,529.9597778320312,528.4754638671875,438.61773681640625,288.7749938964844,2.4375,0.0,2.65625,2.65625,1.25,0.0,0.25,0.15625,1.0,24.549999237060547,32.53125,1.6875,1.4375,5.25,5.25,0.0,3,3 4
411,508.78082275390625,507.8409118652344,420.733642578125,267.26873779296875,2.40625,0.0,2.5625,2.5625,1.03125,0.0,0.21875,0.3125,1.0,24.618749618530273,31.0625,1.0,1.40625,5.28125,5.28125,0.0,4,4 0
412,461.4677734375,459.0376892089844,377.7131652832031,275.86248779296875,2.28125,0.0,2.40625,2.40625,1.03125,0.0,0.15625,0.21875,1.0,22.743749618530273,30.84375,1.5625,1.28125,6.6875,6.6875,0.0,4,4 1
413,500.8529968261719,497.5157165527344,413.3154296875,267.5,2.34375,0.0,2.5625,2.5625,1.28125,0.0,0.0625,0.21875,1.0,22.987499237060547,41.59375,2.25,1.34375,4.1875,4.1875,0.0,3,3 1
414,622.8646240234375,621.4014282226562,517.7562866210938,319.0375061035156,2.6875,0.0,2.96875,2.96875,1.46875,0.0,0.15625,0.34375,1.0,27.462499618530273,35.625,1.0,1.6875,5.625,5.625,0.0,1,1 3
415,606.6198120117188,604.6373291015625,501.70880126953125,310.46875,2.6875,0.0,2.9375,2.9375,1.3125,0.0,0.0625,0.5625,1.0,26.556249618530273,39.75,1.0,1.6875,5.15625,5.15625,0.0,1,1 2
416,625.5094604492188,624.670654296875,521.1386108398438,325.61248779296875,2.65625,0.0,3.21875,3.21875,1.40625,0.0,0.1875,0.625,1.0,26.743749618530273,37.46875,2.15625,1.65625,3.3125,3.3125,0.0,2,2 1
417,652.4591674804688,649.9498291015625,542.4498291015625,338.625,2.71875,0.0,3.34375,3.34375,1.5,0.0,0.1875,0.65625,1.0,27.8125,32.78125,2.03125,1.71875,2.34375,2.34375,0.0,4,4 1
418,700.8185424804688,699.0314331054688,584.1854858398438,342.95001220703125,2.875,0.0,3.40625,3.40625,1.53125,0.0,0.09375,0.78125,1.0,29.575000762939453,41.3125,1.0,1.875,1.6875,1.6875,0.0,0,0 1
419,664.1576538085938,660.73193359375,552.3225708007812,335.95001220703125,2.75,0.0,3.21875,3.21875,1.53125,0.0,0.0625,0.625,1.0,29.09375,36.03125,1.0,1.75,2.15625,2.15625,0.0,3,3 0
420,643.7631225585938,642.3163452148438,538.0047607421875,329.96875,2.65625,0.0,3.3125,3.3125,1.625,0.0,0.125,0.5625,1.0,27.78125,33.1875,1.59375,1.65625,2.65625,2.65625,0.0,1,1 2
421,659.9093627929688,658.6918334960938,550.1051635742188,334.26873779296875,2.75,0.0,3.3125,3.3125,1.65625,0.0,0.03125,0.625,1.0,28.462499618530273,37.5,1.0,1.75,1.875,1.875,0.0,1,1 4
422,597.9963989257812,596.3538208007812,499.7791442871094,325.26251220703125,2.5,0.0,3.09375,3.09375,1.4375,0.0,0.15625,0.5,1.0,27.424999237060547,29.125,1.90625,1.5,2.46875,2.46875,0.0,3,3 1
423,586.0670776367188,583.4317626953125,486.5201110839844,327.84375,2.53125,0.0,2.875,2.875,1.5,0.0,0.0,0.375,1.0,26.149999618530273,35.40625,4.9375,1.53125,1.9375,1.9375,0.0,3,3 1
424,639.42431640625,636.590576171875,533.1626586914062,329.2437438964844,2.625,0.0,3.4375,3.4375,1.46875,0.0,0.125,0.84375,1.0,27.587499618530273,34.4375,3.625,1.625,2.0,2.0,0.0,3,3 4
425,596.1060791015625,592.7080078125,494.10565185546875,352.75,2.5,0.0,3.3125,3.3125,1.40625,0.0,0.28125,0.625,1.0,26.193750381469727,34.375,5.375,1.5,2.125,2.125,0.0,3,3 1
426,453.37579345703125,451.67816162109375,374.98736572265625,305.7749938964844,2.09375,0.0,2.90625,2.90625,1.09375,0.0,0.25,0.5625,1.0,21.331249237060547,31.75,9.6875,1.09375,2.5,2.5,0.0,3,3 4
427,489.16888427734375,488.169921875,404.9141845703125,319.26251220703125,2.21875,0.0,3.0,3.0,1.03125,0.0,0.28125,0.6875,1.0,22.806249618530273,31.65625,6.46875,1.21875,2.25,2.25,0.0,3,3 0
428,479.659912109375,478.4405212402344,395.06451416015625,321.1812438964844,2.25,0.0,2.71875,2.71875,0.8125,0.0,0.3125,0.65625,0.9375,21.899999618530273,36.15625,7.1875,1.25,2.8125,2.8125,0.0,1,1 3
429,546.8009643554688,543.875732421875,452.1268615722656,346.38751220703125,2.34375,0.0,3.34375,3.34375,1.03125,0.0,0.53125,0.78125,1.0,25.649999618530273,30.375,2.84375,1.34375,2.78125,2.78125,0.0,3,3 0
430,609.1246337890625,606.3433837890625,504.41510009765625,353.59375,2.5625,0.0,3.46875,3.46875,1.34375,0.0,0.3125,0.8125,1.0,26.381250381469727,32.53125,2.65625,1.5625,3.78125,3.78125,0.0,4,4 3
431,654.2340087890625,651.4041748046875,543.1143798828125,350.6937561035156,2.6875,0.0,3.71875,3.71875,1.5625,0.0,0.28125,0.875,1.0,27.806249618530273,35.65625,1.65625,1.6875,4.09375,4.09375,0.0,3,3 1
432,551.7490234375,550.205078125,460.20623779296875,306.29998779296875,2.34375,0.0,3.375,3.375,1.28125,0.0,0.40625,0.6875,1.0,26.368749618530273,29.53125,2.90625,1.34375,3.8125,3.8125,0.0,4,4 3
433,572.5698852539062,571.8123779296875,478.61041259765625,306.625,2.40625,0.0,3.5,3.5,1.3125,0.0,0.46875,0.71875,1.0,26.712499618530273,31.40625,2.1875,1.40625,4.0,4.0,0.0,3,3 4
434,631.4530029296875,629.203125,526.7965087890625,334.6312561035156,2.5625,0.0,3.75,3.75,1.5,0.0,0.40625,0.84375,1.0,28.056249618530273,29.46875,1.96875,1.5625,4.4375,4.4375,0.0,3,3 2
435,612.0117797851562,609.03271484375,509.1219787597656,333.88751220703125,2.53125,0.0,3.5,3.5,1.375,0.0,0.3125,0.8125,1.0,27.243749618530273,30.40625,1.65625,1.53125,3.90625,3.90625,0.0,3,3 1
436,584.3919677734375,582.3682250976562,487.3140563964844,303.89373779296875,2.46875,0.0,3.34375,3.34375,1.3125,0.0,0.21875,0.8125,1.0,26.649999618530273,30.09375,1.1875,1.46875,3.15625,3.15625,0.0,3,3 0
437,528.698486328125,528.0731201171875,442.3822326660156,289.07501220703125,2.28125,0.0,3.25,3.25,1.15625,0.0,0.34375,0.75,1.0,24.581249237060547,29.71875,4.84375,1.28125,3.78125,3.78125,0.0,3,3 1
438,586.4181518554688,583.2842407226562,488.0755920410156,310.85626220703125,2.46875,0.0,3.3125,3.3125,1.34375,0.0,0.21875,0.75,1.0,26.268749237060547,31.5625,1.6875,1.46875,3.75,3.75,0.0,3,3 1
439,655.8050537109375,654.0514526367188,546.4276123046875,314.58123779296875,2.75,0.0,3.34375,3.34375,1.3125,0.0,0.1875,0.84375,1.0,27.887500762939453,40.375,1.0,1.75,4.0625,4.0625,0.0,3,3 1
440,668.84814453125,667.5203247070312,558.1681518554688,322.7562561035156,2.75,0.0,3.625,3.625,1.53125,0.0,0.34375,0.75,1.0,28.96875,37.40625,1.0,1.75,2.9375,2.9375,0.0,4,4 3
441,633.6473999023438,631.31640625,527.3690795898438,311.6875,2.65625,0.0,3.5,3.5,1.4375,0.0,0.40625,0.65625,1.0,26.668750762939453,35.84375,2.1875,1.65625,4.03125,4.03125,0.0,3,3 1
442,689.5961303710938,686.1079711914062,572.8532104492188,343.82501220703125,2.8125,0.0,3.6875,3.6875,1.375,0.0,0.5,0.8125,1.0,28.825000762939453,37.90625,1.0,1.8125,6.625,6.625,0.0,3,3 4
443,639.1398315429688,637.3467407226562,531.6369018554688,342.1812438964844,2.6875,0.0,3.15625,3.15625,1.34375,0.0,0.25,0.5625,1.0,28.337499618530273,36.65625,1.0,1.6875,8.34375,8.34375,0.0,3,3 2
444,672.4965209960938,670.508544921875,560.0299682617188,350.4312438964844,2.78125,0.0,3.21875,3.21875,1.34375,0.0,0.28125,0.59375,1.0,29.274999618530273,35.4375,1.0,1.78125,9.0,9.0,0.0,1,1 3
445,615.52587890625,612.6715087890625,511.53460693359375,361.4750061035156,2.53125,0.0,3.4375,3.4375,1.4375,0.0,0.53125,0.46875,1.0,27.78125,22.96875,1.625,1.53125,11.875,11.875,0.0,3,3 4
446,564.035888671875,561.569580078125,469.4043884277344,320.5687561035156,2.40625,0.0,3.125,3.125,1.21875,0.0,0.4375,0.5,0.96875,25.412500381469727,23.34375,2.28125,1.40625,8.875,8.875,0.0,3,3 1
447,593.7743530273438,591.697021484375,494.07733154296875,345.41876220703125,2.5,0.0,3.125,3.125,1.40625,0.0,0.25,0.46875,1.0,26.9375,29.1875,2.78125,1.5,10.21875,10.21875,0.0,2,2 4
448,612.6094360351562,610.4124755859375,508.7509765625,342.9125061035156,2.59375,0.0,3.15625,3.15625,1.375,0.0,0.21875,0.5625,1.0,27.518749237060547,28.84375,1.78125,1.59375,6.6875,6.6875,0.0,1,1 4
449,696.4067993164062,693.5038452148438,578.5697021484375,383.7250061035156,2.875,0.0,2.875,2.875,1.375,0.0,0.125,0.375,1.0,30.543750762939453,34.625,1.0,1.875,10.59375,10.59375,0.0,3,3 2
450,681.628662109375,679.1925048828125,568.1770629882812,354.57501220703125,2.84375,0.0,2.59375,2.59375,1.4375,0.0,0.0625,0.125,0.96875,30.412500381469727,33.09375,1.0,1.84375,13.71875,13.71875,0.0,2,2 1
451,678.8863525390625,678.2518310546875,567.0490112304688,338.4312438964844,2.84375,0.0,2.875,2.875,1.4375,0.0,0.125,0.3125,1.0,29.6875,34.84375,1.0,1.84375,8.25,8.25,0.0,2,2 3
452,660.1541137695312,654.0438232421875,547.184814453125,318.6000061035156,2.78125,0.0,2.75,2.75,1.375,0.0,0.125,0.25,1.0,28.424999237060547,34.09375,1.0,1.78125,6.8125,6.8125,0.0,3,3 4
453,641.0440063476562,639.5994262695312,535.2919311523438,332.46875,2.6875,0.0,2.9375,2.9375,1.46875,0.0,0.125,0.34375,1.0,28.106250762939453,31.28125,2.625,1.6875,7.625,7.625,0.0,1,1 3
454,663.942138671875,662.8477783203125,554.0521240234375,346.9624938964844,2.75,0.0,3.1875,3.1875,1.65625,0.0,0.1875,0.34375,1.0,28.875,32.375,2.3125,1.75,5.125,5.125,0.0,1,1 3
455,604.0830688476562,602.6325073242188,502.551513671875,342.7875061035156,2.59375,0.0,2.78125,2.78125,1.28125,0.0,0.21875,0.28125,1.0,27.106250762939453,30.5,2.4375,1.59375,6.0625,6.0625,0.0,0,0 3
456,628.6578979492188,626.27392578125,521.412841796875,343.60626220703125,2.6875,0.0,2.9375,2.9375,1.375,0.0,0.125,0.4375,1.0,28.087499618530273,34.84375,1.0,1.6875,7.1875,7.1875,0.0,3,3 2
457,653.316650390625,649.2738037109375,541.0308837890625,367.375,2.75,0.0,2.78125,2.78125,1.34375,0.0,0.09375,0.34375,1.0,29.162500381469727,35.9375,1.40625,1.75,4.40625,4.40625,0.0,3,3 2
458,654.926513671875,652.2213134765625,543.0140380859375,358.4125061035156,2.75,0.0,3.1875,3.1875,1.40625,0.0,0.09375,0.6875,1.0,27.981250762939453,37.46875,1.0,1.75,3.34375,3.34375,0.0,3,3 4
459,493.75390625,491.03875732421875,409.1622009277344,297.08123779296875,2.21875,0.0,2.96875,2.96875,1.375,0.0,0.25,0.34375,1.0,22.0,31.34375,6.03125,1.21875,4.78125,4.78125,0.0,3,3 4
460,660.5349731445312,659.1919555664062,549.6204833984375,370.64373779296875,2.71875,0.0,3.40625,3.40625,1.59375,0.0,0.1875,0.625,1.0,29.037500381469727,32.65625,1.65625,1.71875,7.71875,7.71875,0.0,3,3 0
461,573.7260131835938,571.7444458007812,477.38885498046875,317.16876220703125,2.46875,0.0,3.0625,3.0625,1.5,0.0,0.125,0.4375,1.0,25.331249237060547,30.09375,3.75,1.46875,6.1875,6.1875,0.0,3,3 1
462,666.9765014648438,662.0335083007812,553.78369140625,339.6875,2.71875,0.0,3.4375,3.4375,1.59375,0.0,0.1875,0.65625,1.0,29.600000381469727,29.5,1.0,1.71875,6.5625,6.5625,0.0,3,3 1
463,573.4535522460938,571.3094482421875,476.1280212402344,346.07501220703125,2.46875,0.0,2.875,2.875,1.3125,0.0,0.03125,0.53125,1.0,26.056249618530273,32.71875,4.78125,1.46875,6.03125,6.03125,0.0,3,3 1
464,574.2470092773438,570.3450317382812,477.0397033691406,322.14373779296875,2.4375,0.0,3.0625,3.0625,1.375,0.0,0.03125,0.65625,1.0,25.40625,32.1875,5.9375,1.4375,6.25,6.25,0.0,3,3 2
465,583.1217041015625,580.2732543945312,485.2041931152344,321.8687438964844,2.46875,0.0,3.15625,3.15625,1.53125,0.0,0.0625,0.5625,1.0,25.90625,31.71875,5.6875,1.46875,5.59375,5.59375,0.0,4,4 3
466,643.2471923828125,641.1339721679688,535.7687377929688,354.9750061035156,2.625,0.0,3.5625,3.5625,1.71875,0.0,0.09375,0.75,1.0,28.424999237060547,32.4375,3.0625,1.625,4.5625,4.5625,0.0,4,4 3
467,711.173583984375,707.7353515625,592.5076904296875,369.29376220703125,2.84375,0.0,3.4375,3.4375,1.59375,0.0,0.03125,0.8125,1.0,30.975000381469727,35.46875,1.46875,1.84375,4.875,4.875,0.0,3,3 0
468,716.1394653320312,714.33203125,598.2510375976562,366.3374938964844,2.84375,0.0,3.6875,3.6875,1.625,0.0,0.1875,0.875,1.0,30.981250762939453,31.0625,1.0,1.84375,5.46875,5.46875,0.0,3,3 4
469,747.361328125,746.2379760742188,624.6732177734375,369.4375,2.96875,0.0,3.6875,3.6875,1.75,0.0,0.125,0.8125,1.0,31.418750762939453,37.9375,1.0,1.96875,5.40625,5.40625,0.0,3,3 2
470,651.4546508789062,649.7147216796875,543.8905029296875,329.2875061035156,2.6875,0.0,3.375,3.375,1.53125,0.0,0.09375,0.75,1.0,27.693750381469727,37.59375,2.0,1.6875,5.34375,5.34375,0.0,4,4 0
471,691.998779296875,691.07421875,578.4421997070312,346.375,2.8125,0.0,3.4375,3.4375,1.5,0.0,0.0625,0.875,1.0,30.212499618530273,37.5625,2.03125,1.8125,5.15625,5.15625,0.0,2,2 1
472,693.3955078125,691.5263671875,580.3470458984375,332.5562438964844,2.78125,0.0,3.59375,3.59375,1.6875,0.0,0.0625,0.84375,1.0,29.799999237060547,33.40625,3.09375,1.78125,4.9375,4.9375,0.0,2,2 3
473,646.6729736328125,645.7062377929688,542.6007690429688,305.1499938964844,2.65625,0.0,3.3125,3.3125,1.5625,0.0,0.03125,0.75,0.96875,27.975000381469727,32.5625,3.78125,1.65625,4.84375,4.84375,0.0,0,0 3
474,711.3941650390625,708.2965087890625,593.8701171875,344.90625,2.84375,0.0,3.59375,3.59375,1.75,0.0,0.0,0.84375,1.0,29.825000762939453,33.21875,1.625,1.84375,5.1875,5.1875,0.0,3,3 1
475,687.7962036132812,687.0403442382812,577.6619873046875,326.79376220703125,2.75,0.0,3.5625,3.5625,1.71875,0.0,0.03125,0.8125,1.0,29.381250381469727,34.25,3.53125,1.75,7.4375,7.4375,0.0,2,2 3
476,746.3482055664062,744.6282958984375,624.1720581054688,352.6499938964844,2.96875,0.0,3.625,3.625,1.8125,0.0,0.0,0.8125,1.0,31.3125,36.78125,1.0,1.96875,8.875,8.875,0.0,3,3 1
477,705.4614868164062,703.5347290039062,591.5770263671875,332.59375,2.8125,0.0,3.46875,3.46875,1.71875,0.0,0.0,0.75,1.0,29.600000381469727,34.125,1.65625,1.8125,8.78125,8.78125,0.0,2,2 3
478,730.8330688476562,729.8555908203125,612.9605712890625,347.82501220703125,2.90625,0.0,3.40625,3.40625,1.625,0.0,0.03125,0.75,1.0,32.3125,39.65625,1.0,1.90625,7.59375,7.59375,0.0,3,3 1
479,708.868408203125,708.34716796875,595.12158203125,327.88751220703125,2.875,0.0,3.15625,3.15625,1.5,0.0,0.03125,0.625,1.0,30.3125,37.03125,1.25,1.875,6.125,6.125,0.0,3,3 2
480,629.1397705078125,627.5433959960938,525.2278442382812,298.6312561035156,2.65625,0.0,3.1875,3.1875,1.59375,0.0,0.0625,0.53125,1.0,28.174999237060547,39.65625,1.59375,1.65625,5.15625,5.15625,0.0,2,2 3
481,631.96484375,630.07275390625,527.60888671875,285.4125061035156,2.6875,0.0,3.09375,3.09375,1.5625,0.0,0.03125,0.5,1.0,27.462499618530273,36.9375,2.03125,1.6875,5.53125,5.53125,0.0,1,1 0
482,690.747802734375,688.3870849609375,579.3995361328125,278.8999938964844,2.84375,0.0,3.09375,3.09375,1.5,0.0,0.03125,0.59375,0.96875,29.056249618530273,36.0,2.0,1.84375,4.71875,4.71875,0.0,1,1 0
483,651.344970703125,649.1863403320312,543.39990234375,327.20623779296875,2.6875,0.0,3.34375,3.34375,1.5625,0.0,0.125,0.6875,0.96875,28.756250381469727,35.59375,1.625,1.6875,5.9375,5.9375,0.0,3,3 0
484,556.7053833007812,555.8675537109375,464.25390625,290.26251220703125,2.4375,0.0,3.125,3.125,1.375,0.0,0.125,0.625,1.0,23.475000381469727,35.84375,5.25,1.4375,5.09375,5.09375,0.0,3,3 0
485,525.4658203125,523.7750854492188,436.66302490234375,265.90625,2.375,0.0,2.96875,2.96875,1.34375,0.0,0.03125,0.59375,1.0,23.287500381469727,31.875,4.75,1.375,4.34375,4.34375,0.0,2,2 0
486,705.8557739257812,703.9267578125,587.2366943359375,356.7562561035156,2.90625,0.0,3.375,3.375,1.40625,0.0,0.15625,0.84375,0.96875,29.387500762939453,40.625,1.0,1.90625,5.6875,5.6875,0.0,3,3 1
487,703.3185424804688,701.6246337890625,585.274169921875,349.10626220703125,2.90625,0.0,3.40625,3.40625,1.5625,0.0,0.0625,0.84375,0.9375,28.931249618530273,41.28125,1.0,1.90625,5.46875,5.46875,0.0,2,2 0
488,707.8407592773438,705.9806518554688,590.5745849609375,352.41876220703125,2.875,0.0,3.40625,3.40625,1.5,0.0,0.125,0.84375,0.9375,30.056249618530273,38.5,1.0,1.875,6.78125,6.78125,0.0,1,1 2
489,645.6734619140625,643.1910400390625,537.9205322265625,334.70001220703125,2.6875,0.0,3.15625,3.15625,1.375,0.0,0.03125,0.8125,0.9375,27.975000381469727,37.15625,1.625,1.6875,4.40625,4.40625,0.0,2,2 1
490,650.6005859375,649.3121337890625,541.0433349609375,345.1875,2.75,0.0,3.09375,3.09375,1.4375,0.0,0.03125,0.75,0.875,28.524999618530273,40.375,1.625,1.75,3.5625,3.5625,0.0,1,1 2
491,681.7501831054688,679.9286499023438,567.7724609375,353.0062561035156,2.8125,0.0,3.25,3.25,1.40625,0.0,0.0625,0.84375,0.9375,29.893749237060547,36.59375,1.0,1.8125,3.46875,3.46875,0.0,2,2 3
492,705.6846313476562,704.3306884765625,590.1741943359375,332.70001220703125,2.875,0.0,3.3125,3.3125,1.28125,0.0,0.15625,0.875,1.0,30.674999237060547,35.875,1.0,1.875,4.59375,4.59375,0.0,2,2 1
493,725.2235717773438,722.4845581054688,605.9036254882812,347.1812438964844,2.875,0.0,3.71875,3.71875,1.5625,0.0,0.21875,0.9375,1.0,31.09375,34.46875,1.15625,1.875,3.53125,3.53125,0.0,3,3 4
494,718.299560546875,716.7420043945312,600.1666870117188,355.48748779296875,2.875,0.0,3.65625,3.65625,1.46875,0.0,0.25,0.9375,1.0,30.143749237060547,39.15625,1.65625,1.875,2.84375,2.84375,0.0,3,3 2
495,564.9105834960938,563.8609619140625,470.1206970214844,312.88751220703125,2.4375,0.0,3.34375,3.34375,1.25,0.0,0.3125,0.78125,1.0,24.143749237060547,29.9375,3.03125,1.4375,3.875,3.875,0.0,3,3 1
496,637.9292602539062,636.8887939453125,533.944580078125,312.8125,2.625,0.0,3.53125,3.53125,1.4375,0.0,0.3125,0.78125,1.0,27.381250381469727,34.21875,2.3125,1.625,3.125,3.125,0.0,4,4 0
497,655.6864013671875,653.0408325195312,546.690185546875,308.79998779296875,2.6875,0.0,3.78125,3.78125,1.34375,0.0,0.625,0.84375,0.96875,27.28125,33.28125,2.28125,1.6875,2.59375,2.59375,0.0,1,1 2
498,594.5785522460938,593.63818359375,495.770263671875,317.8999938964844,2.5,0.0,3.59375,3.59375,1.34375,0.0,0.5,0.75,1.0,25.543750762939453,32.4375,3.0,1.5,3.125,3.125,0.0,3,3 2
499,604.2709350585938,601.7775268554688,504.69732666015625,307.66876220703125,2.5,0.0,3.46875,3.46875,1.46875,0.0,0.1875,0.8125,1.0,26.787500381469727,31.71875,4.34375,1.5,3.25,3.25,0.0,2,2 0
500,625.1900634765625,623.1868286132812,522.8419799804688,306.70623779296875,2.5625,0.0,3.5625,3.5625,1.5,0.0,0.25,0.8125,1.0,28.524999618530273,34.59375,1.9375,1.5625,4.0625,4.0625,0.0,3,3 0
501,548.8203125,547.3474731445312,460.1640625,264.9375,2.34375,0.0,3.28125,3.28125,1.375,0.0,0.1875,0.75,0.96875,24.299999237060547,30.78125,5.15625,1.34375,2.84375,2.84375,0.0,4,4 3
502,598.8135986328125,596.8712768554688,497.822509765625,300.4437561035156,2.5625,0.0,3.375,3.375,1.375,0.0,0.21875,0.78125,1.0,27.231250762939453,28.9375,1.65625,1.5625,4.125,4.125,0.0,1,1 4
503,591.46875,589.7814331054688,493.097412109375,308.5062561035156,2.5,0.0,3.375,3.375,1.3125,0.0,0.28125,0.78125,1.0,26.4375,34.78125,2.8125,1.5,4.28125,4.28125,0.0,4,4 3
504,720.6727294921875,720.3353271484375,604.3472900390625,329.2749938964844,2.90625,0.0,3.5,3.5,1.5625,0.0,0.03125,0.90625,1.0,30.34375,39.0,1.59375,1.90625,4.1875,4.1875,0.0,4,4 3
505,717.3895263671875,715.5806884765625,600.8695068359375,300.73126220703125,2.875,0.0,3.84375,3.84375,1.59375,0.0,0.34375,0.90625,1.0,30.831249237060547,34.4375,1.0,1.875,7.90625,7.90625,0.0,2,2 1
506,721.7362060546875,719.4863891601562,605.5090942382812,309.1499938964844,2.84375,0.0,3.875,3.875,1.6875,0.0,0.28125,0.90625,1.0,31.012500762939453,33.875,1.0,1.84375,8.5,8.5,0.0,2,2 4
507,698.8964233398438,697.0781860351562,583.70751953125,319.35626220703125,2.84375,0.0,3.65625,3.65625,1.53125,0.0,0.1875,0.9375,1.0,29.668750762939453,31.9375,1.0,1.84375,9.6875,9.6875,0.0,3,3 0
508,613.28662109375,609.7325439453125,511.5921325683594,287.2749938964844,2.5625,0.0,3.3125,3.3125,1.3125,0.0,0.28125,0.71875,1.0,27.231250762939453,33.875,1.6875,1.5625,7.5625,7.5625,0.0,3,3 4
509,589.208251953125,586.1488037109375,489.79852294921875,285.2437438964844,2.53125,0.0,3.21875,3.21875,1.4375,0.0,0.09375,0.6875,1.0,27.225000381469727,34.6875,1.65625,1.53125,9.4375,9.4375,0.0,3,3 1
510,707.1032104492188,705.2775268554688,590.1775512695312,342.07501220703125,2.84375,0.0,3.78125,3.78125,1.625,0.0,0.21875,0.9375,1.0,30.1875,36.1875,1.0,1.84375,7.3125,7.3125,0.0,3,3 4
511,683.1500854492188,679.9430541992188,568.4984130859375,327.04998779296875,2.78125,0.0,3.75,3.75,1.53125,0.0,0.3125,0.90625,1.0,29.331249237060547,35.15625,1.0,1.78125,8.46875,8.46875,0.0,3,3 2
512,654.4822998046875,651.0248413085938,545.13037109375,320.0,2.6875,0.0,3.4375,3.4375,1.375,0.0,0.3125,0.78125,0.96875,29.274999618530273,35.71875,2.1875,1.6875,8.1875,8.1875,0.0,3,3 2
513,679.148681640625,677.1878051757812,566.4306030273438,338.48126220703125,2.78125,0.0,3.4375,3.4375,1.46875,0.0,0.125,0.875,0.96875,29.28125,37.59375,1.0,1.78125,7.03125,7.03125,0.0,2,2 3
514,685.7677001953125,682.8326416015625,569.8316650390625,351.8812561035156,2.8125,0.0,3.5,3.5,1.46875,0.0,0.1875,0.875,0.96875,29.34375,36.96875,1.0,1.8125,8.28125,8.28125,0.0,3,3 2
515,647.5424194335938,645.935791015625,541.5759887695312,316.1875,2.65625,0.0,3.4375,3.4375,1.375,0.0,0.34375,0.71875,1.0,29.100000381469727,37.59375,2.34375,1.65625,7.4375,7.4375,0.0,0,0 1
516,672.091552734375,670.7728881835938,561.6024169921875,332.8500061035156,2.71875,0.0,3.75,3.75,1.5,0.0,0.375,0.875,1.0,29.668750762939453,33.8125,1.84375,1.71875,7.8125,7.8125,0.0,3,3 0
517,605.9627685546875,603.2138061523438,506.7188415527344,317.04998779296875,2.5,0.0,3.15625,3.15625,1.1875,0.0,0.25,0.78125,0.9375,27.875,32.03125,5.625,1.5,6.96875,6.96875,0.0,3,3 4
518,455.1018371582031,453.3456115722656,378.4171447753906,251.96249389648438,2.15625,0.0,2.5625,2.5625,1.0,0.0,0.09375,0.5625,0.90625,19.543750762939453,38.90625,10.0625,1.15625,7.3125,7.3125,0.0,3,3 2
519,564.951171875,562.7774658203125,466.9276428222656,326.5562438964844,2.53125,0.0,2.6875,2.6875,0.96875,0.0,0.03125,0.6875,1.0,24.774999618530273,39.3125,3.5,1.53125,7.125,7.125,0.0,2,2 3
520,480.6873779296875,479.0157165527344,399.3560791015625,263.8999938964844,2.25,0.0,2.53125,2.53125,1.03125,0.0,0.0,0.53125,0.96875,21.331249237060547,39.6875,6.625,1.25,6.625,6.625,0.0,4,4 0
521,705.8824462890625,703.0528564453125,588.8499145507812,360.2749938964844,2.8125,0.0,3.625,3.625,1.46875,0.0,0.21875,0.96875,0.96875,30.912500381469727,32.4375,1.0,1.8125,10.90625,10.90625,0.0,3,3 2
522,738.3068237304688,736.291748046875,618.3468017578125,333.8187561035156,2.90625,0.0,3.90625,3.90625,1.625,0.0,0.3125,0.96875,1.0,30.924999237060547,31.6875,1.0,1.90625,9.03125,9.03125,0.0,4,4 3
523,677.0179443359375,674.77099609375,566.0925903320312,318.6625061035156,2.71875,0.0,3.8125,3.8125,1.4375,0.0,0.5625,0.8125,1.0,29.487499237060547,33.53125,1.625,1.71875,10.75,10.75,0.0,3,3 2
524,706.232177734375,703.9484252929688,588.8546752929688,353.34375,2.84375,0.0,3.65625,3.65625,1.5,0.0,0.3125,0.84375,1.0,29.799999237060547,38.03125,1.6875,1.84375,11.96875,11.96875,0.0,2,2 3
525,669.8384399414062,666.0810546875,555.4493408203125,355.0375061035156,2.75,0.0,3.53125,3.53125,1.59375,0.0,0.09375,0.875,0.96875,29.193750381469727,36.4375,1.0,1.75,12.8125,12.8125,0.0,4,4 2
526,668.02685546875,666.511962890625,558.6907958984375,321.9437561035156,2.71875,0.0,3.59375,3.59375,1.625,0.0,0.125,0.875,0.96875,28.674999237060547,37.375,2.5,1.71875,9.21875,9.21875,0.0,3,3 0
527,690.5042114257812,689.1336669921875,576.1148681640625,340.6625061035156,2.8125,0.0,3.625,3.625,1.65625,0.0,0.15625,0.8125,1.0,29.78125,39.125,1.6875,1.8125,7.53125,7.53125,0.0,2,2 1
528,669.355224609375,665.251220703125,556.8318481445312,324.64373779296875,2.75,0.0,3.34375,3.34375,1.46875,0.0,0.09375,0.78125,1.0,29.512500762939453,38.90625,1.0,1.75,7.59375,7.59375,0.0,3,3 2
529,735.363037109375,733.574951171875,615.5648193359375,351.33123779296875,2.875,0.0,3.96875,3.96875,1.78125,0.0,0.25,0.9375,1.0,32.32500076293945,36.625,1.0,1.875,11.15625,11.15625,0.0,2,2 3
530,708.227783203125,706.5596923828125,591.8385009765625,334.8187561035156,2.84375,0.0,3.71875,3.71875,1.71875,0.0,0.125,0.875,1.0,31.487499237060547,35.90625,1.0,1.84375,11.375,11.375,0.0,2,2 3
531,677.049560546875,673.3385009765625,562.1912231445312,319.46875,2.8125,0.0,3.46875,3.46875,1.53125,0.0,0.125,0.8125,1.0,28.743749618530273,43.46875,1.0,1.8125,11.21875,11.21875,0.0,3,3 4
532,696.9730834960938,696.0148315429688,581.78662109375,308.125,2.90625,0.0,3.40625,3.40625,1.40625,0.0,0.0625,0.9375,1.0,28.524999618530273,45.65625,1.0,1.90625,4.9375,4.9375,0.0,2,2 4
533,634.3382568359375,632.1500854492188,527.5833129882812,297.45623779296875,2.71875,0.0,3.15625,3.15625,1.3125,0.0,0.0,0.84375,1.0,27.118749618530273,38.40625,1.0,1.71875,4.84375,4.84375,0.0,4,4 1
534,643.2185668945312,639.2448120117188,535.87451171875,294.0625,2.6875,0.0,3.1875,3.1875,1.28125,0.0,0.03125,0.875,1.0,28.012500762939453,35.84375,1.25,1.6875,3.53125,3.53125,0.0,3,3 4
535,534.70947265625,533.1162109375,443.67071533203125,291.01251220703125,2.40625,0.0,2.875,2.875,1.125,0.0,0.0625,0.6875,1.0,24.068750381469727,35.65625,4.40625,1.40625,3.34375,3.34375,0.0,3,3 2
536,492.0407409667969,490.4012756347656,409.82928466796875,285.20623779296875,2.21875,0.0,2.71875,2.71875,1.09375,0.0,0.03125,0.59375,1.0,23.606250762939453,32.40625,5.8125,1.21875,3.53125,3.53125,0.0,3,3 4
537,525.0708618164062,523.8466796875,436.735107421875,290.7437438964844,2.375,0.0,2.59375,2.59375,0.96875,0.0,0.0,0.625,1.0,24.71875,33.46875,3.34375,1.375,2.46875,2.46875,0.0,3,3 2
538,453.12725830078125,451.57855224609375,377.0674133300781,271.8187561035156,2.125,0.0,2.34375,2.34375,0.8125,0.0,0.0,0.5625,0.96875,23.862499237060547,28.96875,4.21875,1.125,2.0625,2.0625,0.0,3,3 1
539,488.0531311035156,486.57080078125,407.36859130859375,282.7562561035156,2.1875,0.0,2.71875,2.71875,1.0625,0.0,0.09375,0.625,0.9375,23.96875,30.46875,5.40625,1.1875,2.15625,2.15625,0.0,3,3 4
540,479.18408203125,476.5579528808594,396.83245849609375,292.45001220703125,2.21875,0.0,2.34375,2.34375,0.90625,0.0,0.0,0.4375,1.0,25.225000381469727,32.875,2.03125,1.21875,2.0,2.0,0.0,3,3 4
541,444.3396301269531,442.10955810546875,368.1285095214844,277.70623779296875,2.125,0.0,2.09375,2.09375,0.6875,0.0,0.03125,0.375,1.0,24.837499618530273,28.40625,1.53125,1.125,2.5,2.5,0.0,4,4 1
542,566.580810546875,563.9012451171875,472.1617736816406,308.2875061035156,2.4375,0.0,2.78125,2.78125,1.125,0.0,0.0,0.65625,1.0,26.806249618530273,33.6875,1.71875,1.4375,2.53125,2.53125,0.0,3,3 2
543,682.9970092773438,681.2019653320312,569.0554809570312,340.20001220703125,2.8125,0.0,3.40625,3.40625,1.5,0.0,0.0625,0.84375,1.0,29.924999237060547,39.3125,1.0,1.8125,3.71875,3.71875,0.0,3,3 1
544,692.8096313476562,690.85302734375,580.098388671875,331.5874938964844,2.78125,0.0,3.46875,3.46875,1.5,0.0,0.09375,0.875,1.0,30.487499237060547,37.4375,1.59375,1.78125,3.40625,3.40625,0.0,4,4 2
545,756.542236328125,753.6959228515625,633.1246337890625,361.63751220703125,2.9375,0.0,3.78125,3.78125,1.75,0.0,0.125,0.90625,1.0,33.275001525878906,36.40625,1.0,1.9375,5.5,5.5,0.0,3,3 4
546,740.1767578125,738.3450927734375,621.4940795898438,351.20001220703125,2.84375,0.0,4.03125,4.03125,1.75,0.0,0.3125,0.96875,1.0,31.825000762939453,34.9375,1.625,1.84375,6.4375,6.4375,0.0,3,3 2
547,664.0366821289062,662.6629638671875,556.2133178710938,328.0625,2.6875,0.0,3.46875,3.46875,1.4375,0.0,0.1875,0.84375,1.0,29.424999237060547,36.1875,3.65625,1.6875,5.0,5.0,0.0,3,3 4
548,725.2286987304688,722.6705322265625,605.1181640625,366.70001220703125,2.875,0.0,3.71875,3.71875,1.59375,0.0,0.15625,0.96875,1.0,31.068750381469727,37.375,1.0,1.875,5.125,5.125,0.0,3,3 1
549,621.8436889648438,619.2014770507812,518.8746948242188,329.45001220703125,2.5625,0.0,3.3125,3.3125,1.25,0.0,0.25,0.8125,1.0,27.662500381469727,36.03125,5.6875,1.5625,4.0625,4.0625,0.0,3,3 4
550,572.2296142578125,571.5531005859375,478.022216796875,317.5249938964844,2.40625,0.0,3.46875,3.46875,1.125,0.0,0.53125,0.8125,1.0,26.206249237060547,30.6875,3.9375,1.40625,3.625,3.625,0.0,3,3 1
551,465.80926513671875,464.08148193359375,389.54742431640625,272.98126220703125,2.09375,0.0,2.71875,2.71875,0.75,0.0,0.40625,0.5625,1.0,22.625,32.59375,9.75,1.09375,3.125,3.125,0.0,1,1 2
552,627.228515625,626.0568237304688,526.0858154296875,325.1875,2.53125,0.0,3.5625,3.5625,1.28125,0.0,0.40625,0.875,1.0,28.606250762939453,27.28125,4.40625,1.53125,3.5625,3.5625,0.0,3,3 2
553,581.102294921875,578.9465942382812,484.4873046875,315.23748779296875,2.46875,0.0,3.0625,3.0625,1.0625,0.0,0.21875,0.78125,1.0,26.443750381469727,31.3125,6.71875,1.46875,2.40625,2.40625,0.0,3,3 1
554,708.1455078125,706.5235595703125,593.30712890625,340.3062438964844,2.78125,0.0,3.96875,3.96875,1.5,0.0,0.53125,0.9375,1.0,30.631250381469727,30.375,1.625,1.78125,2.6875,2.6875,0.0,4,4 2
555,705.9188232421875,705.1129150390625,592.4384765625,345.70623779296875,2.78125,0.0,3.75,3.75,1.625,0.0,0.3125,0.8125,1.0,30.981250762939453,33.8125,2.9375,1.78125,3.0625,3.0625,0.0,2,2 3
556,703.559814453125,701.9014892578125,590.224853515625,338.09375,2.78125,0.0,3.59375,3.59375,1.53125,0.0,0.1875,0.875,1.0,31.024999618530273,32.6875,1.6875,1.78125,2.21875,2.21875,0.0,1,1 4
557,678.0068969726562,675.4976806640625,565.6852416992188,335.9312438964844,2.75,0.0,3.5,3.5,1.21875,0.0,0.375,0.90625,1.0,30.643749237060547,34.34375,1.0,1.75,1.90625,1.90625,0.0,3,3 1
558,631.8654174804688,630.7803955078125,527.053955078125,326.91876220703125,2.65625,0.0,3.15625,3.15625,1.21875,0.0,0.1875,0.75,1.0,28.850000381469727,36.09375,2.125,1.65625,2.53125,2.53125,0.0,3,3 2
559,607.4359741210938,605.4923706054688,506.31982421875,306.2437438964844,2.59375,0.0,2.96875,2.96875,1.1875,0.0,0.125,0.65625,1.0,28.043750762939453,39.25,1.65625,1.59375,2.96875,2.96875,0.0,3,3 1
560,687.3545532226562,685.7528686523438,574.1709594726562,343.01873779296875,2.78125,0.0,3.5625,3.5625,1.375,0.0,0.3125,0.875,1.0,29.825000762939453,34.46875,1.125,1.78125,4.09375,4.09375,0.0,4,4 3
561,655.8685913085938,652.9558715820312,547.08349609375,343.33123779296875,2.65625,0.0,3.4375,3.4375,1.34375,0.0,0.34375,0.75,1.0,29.962499618530273,30.75,1.71875,1.65625,4.53125,4.53125,0.0,3,3 1
562,645.7224731445312,643.6849365234375,539.9100952148438,315.88751220703125,2.65625,0.0,3.25,3.25,1.3125,0.0,0.28125,0.65625,1.0,30.100000381469727,34.34375,2.03125,1.65625,3.28125,3.28125,0.0,3,3 2
563,658.9866943359375,658.1345825195312,552.8035888671875,313.13751220703125,2.65625,0.0,3.65625,3.65625,1.375,0.0,0.625,0.65625,1.0,30.481250762939453,24.5,1.0,1.65625,4.46875,4.46875,0.0,0,0 1
564,677.72265625,676.0538330078125,568.8652954101562,315.34375,2.6875,0.0,3.78125,3.78125,1.46875,0.0,0.53125,0.78125,1.0,30.118749618530273,31.0,2.3125,1.6875,4.84375,4.84375,0.0,3,3 1
565,641.7593383789062,639.8895263671875,536.9556884765625,297.70623779296875,2.65625,0.0,3.375,3.375,1.375,0.0,0.3125,0.6875,1.0,27.700000762939453,33.3125,2.28125,1.65625,4.15625,4.15625,0.0,4,4 0
566,672.4039916992188,670.8360595703125,561.0367431640625,340.8687438964844,2.75,0.0,3.46875,3.46875,1.4375,0.0,0.1875,0.84375,1.0,29.893749237060547,35.59375,1.21875,1.75,4.375,4.375,0.0,1,1 3
567,664.8058471679688,661.0802612304688,554.0089721679688,318.9312438964844,2.71875,0.0,3.40625,3.40625,1.375,0.0,0.34375,0.6875,1.0,29.512500762939453,34.1875,1.6875,1.71875,4.03125,4.03125,0.0,3,3 4
568,678.4004516601562,675.2536010742188,564.8197021484375,313.33123779296875,2.8125,0.0,3.375,3.375,1.375,0.0,0.09375,0.90625,1.0,28.568750381469727,39.53125,1.0,1.8125,3.28125,3.28125,0.0,3,3 4
569,665.5245971679688,661.09375,552.9093017578125,338.20001220703125,2.71875,0.0,3.4375,3.4375,1.28125,0.0,0.21875,0.9375,1.0,29.649999618530273,31.125,1.0,1.71875,4.125,4.125,0.0,3,3 4
570,656.7715454101562,654.765625,547.861083984375,324.4437561035156,2.71875,0.0,3.34375,3.34375,1.34375,0.0,0.125,0.875,1.0,28.443750381469727,35.34375,2.3125,1.71875,5.90625,5.90625,0.0,3,3 4
571,585.7769165039062,583.5738525390625,487.35565185546875,312.29376220703125,2.5,0.0,3.25,3.25,1.3125,0.0,0.125,0.8125,1.0,25.575000762939453,35.28125,3.84375,1.5,3.53125,3.53125,0.0,4,4 3
572,573.4120483398438,571.4793090820312,475.35198974609375,335.10626220703125,2.46875,0.0,3.25,3.25,1.5,0.0,0.0625,0.6875,1.0,26.024999618530273,37.28125,4.34375,1.46875,5.1875,5.1875,0.0,3,3 2
573,587.407470703125,582.17529296875,485.0746154785156,330.82501220703125,2.5,0.0,3.21875,3.21875,1.4375,0.0,0.0,0.78125,1.0,26.024999618530273,34.53125,3.78125,1.5,5.96875,5.96875,0.0,3,3 2
574,631.3721923828125,627.2218627929688,525.3156127929688,342.375,2.5625,0.0,3.46875,3.46875,1.46875,0.0,0.0625,0.9375,1.0,29.375,29.53125,1.03125,1.5625,5.875,5.875,0.0,3,3 1
575,648.9560546875,646.27587890625,540.4588623046875,344.8812561035156,2.65625,0.0,3.4375,3.4375,1.4375,0.0,0.15625,0.84375,1.0,29.225000381469727,35.8125,2.03125,1.65625,7.1875,7.1875,0.0,3,3 1
576,634.8051147460938,632.6461791992188,527.6702270507812,349.82501220703125,2.625,0.0,3.53125,3.53125,1.34375,0.0,0.3125,0.875,1.0,28.387500762939453,36.40625,3.21875,1.625,4.53125,4.53125,0.0,3,3 1
577,568.2297973632812,564.5081176757812,469.42742919921875,334.4312438964844,2.4375,0.0,3.34375,3.34375,1.3125,0.0,0.28125,0.75,1.0,25.606250762939453,31.46875,1.9375,1.4375,6.34375,6.34375,0.0,3,3 0
578,598.8658447265625,596.2545776367188,498.50189208984375,324.29376220703125,2.5,0.0,3.4375,3.4375,1.3125,0.0,0.375,0.75,1.0,26.600000381469727,31.9375,2.375,1.5,5.9375,5.9375,0.0,3,3 1
579,598.5179443359375,596.5791015625,499.31976318359375,329.83123779296875,2.5,0.0,3.25,3.25,1.375,0.0,0.125,0.75,1.0,26.487499237060547,32.90625,5.09375,1.5,7.125,7.125,0.0,3,3 0
580,684.2138671875,683.43017578125,570.2926025390625,346.35626220703125,2.84375,0.0,3.3125,3.3125,1.34375,0.0,0.0625,0.90625,1.0,28.512500762939453,40.125,1.09375,1.84375,7.6875,7.6875,0.0,1,1 3
581,680.9220581054688,677.0546875,565.6351928710938,366.17498779296875,2.75,0.0,3.59375,3.59375,1.53125,0.0,0.1875,0.875,1.0,29.087499618530273,33.40625,1.65625,1.75,7.625,7.625,0.0,3,3 4
582,564.1800537109375,562.1883544921875,466.50128173828125,340.76251220703125,2.46875,0.0,3.0625,3.0625,1.1875,0.0,0.1875,0.6875,1.0,26.174999237060547,37.03125,2.28125,1.46875,6.46875,6.46875,0.0,4,4 3
583,567.4407958984375,564.9171142578125,471.51129150390625,333.51251220703125,2.40625,0.0,3.25,3.25,1.25,0.0,0.3125,0.6875,1.0,25.931249618530273,35.25,2.84375,1.40625,4.78125,4.78125,0.0,3,3 1
584,526.8182373046875,525.2927856445312,437.80322265625,299.6187438964844,2.34375,0.0,2.9375,2.9375,1.1875,0.0,0.1875,0.5625,1.0,24.006250381469727,36.375,3.03125,1.34375,3.5,3.5,0.0,3,3 4
585,622.4625244140625,618.7718505859375,513.7093505859375,331.54998779296875,2.6875,0.0,3.1875,3.1875,1.21875,0.0,0.21875,0.75,1.0,27.0,39.5625,1.0,1.6875,4.0,4.0,0.0,3,3 4
586,661.884033203125,657.2476806640625,548.8247680664062,343.51873779296875,2.75,0.0,3.125,3.125,1.40625,0.0,0.03125,0.6875,1.0,29.149999618530273,39.09375,1.09375,1.75,4.625,4.625,0.0,3,3 4
587,688.248291015625,686.9385375976562,574.3131103515625,350.92498779296875,2.8125,0.0,3.40625,3.40625,1.46875,0.0,0.0625,0.875,1.0,29.606250762939453,36.15625,2.125,1.8125,6.03125,6.03125,0.0,4,4 3
588,620.7557373046875,619.1715087890625,518.8878784179688,302.20001220703125,2.59375,0.0,3.34375,3.34375,1.5625,0.0,0.125,0.65625,1.0,27.006250381469727,33.90625,3.1875,1.59375,6.03125,6.03125,0.0,3,3 0
589,734.094970703125,733.6124877929688,615.8294677734375,344.86248779296875,2.90625,0.0,3.6875,3.6875,1.65625,0.0,0.1875,0.84375,1.0,31.818750381469727,33.3125,1.0,1.90625,5.25,5.25,0.0,3,3 1
590,744.594482421875,742.3350219726562,622.9461669921875,345.54998779296875,2.9375,0.0,3.75,3.75,1.71875,0.0,0.21875,0.8125,1.0,31.868749618530273,39.1875,1.0,1.9375,7.84375,7.84375,0.0,3,3 0
591,677.8217163085938,676.2557373046875,567.0595703125,318.39373779296875,2.75,0.0,3.6875,3.6875,1.71875,0.0,0.125,0.84375,1.0,27.924999237060547,34.90625,2.28125,1.75,8.71875,8.71875,0.0,2,2 3
592,735.3839721679688,734.1318969726562,616.6101684570312,336.07501220703125,2.90625,0.0,3.78125,3.78125,1.71875,0.0,0.09375,0.96875,1.0,30.725000381469727,36.875,1.625,1.90625,6.875,6.875,0.0,1,1 2
593,673.0473022460938,670.8489379882812,563.2803955078125,324.2124938964844,2.71875,0.0,3.46875,3.46875,1.53125,0.0,0.125,0.8125,1.0,29.418750762939453,28.75,2.375,1.71875,8.09375,8.09375,0.0,3,3 4
594,735.2316284179688,731.6935424804688,612.6599731445312,350.3999938964844,2.9375,0.0,3.65625,3.65625,1.75,0.0,0.09375,0.8125,1.0,30.631250381469727,38.3125,1.0,1.9375,9.5625,9.5625,0.0,3,3 4
595,691.641845703125,690.2627563476562,576.8504638671875,354.5687561035156,2.8125,0.0,3.5625,3.5625,1.59375,0.0,0.09375,0.875,1.0,29.493749618530273,37.34375,2.25,1.8125,11.125,11.125,0.0,1,1 3
596,710.667724609375,708.5556640625,594.0745849609375,335.64373779296875,2.84375,0.0,3.6875,3.6875,1.75,0.0,0.0625,0.875,1.0,30.618749618530273,34.0,1.21875,1.84375,11.71875,11.71875,0.0,2,2 1
597,734.4243774414062,731.0585327148438,612.6812744140625,358.86248779296875,2.90625,0.0,3.6875,3.6875,1.625,0.0,0.15625,0.90625,1.0,31.231250762939453,37.375,1.0,1.90625,13.34375,13.34375,0.0,2,2 3
598,713.4639892578125,712.5440673828125,596.1878662109375,345.9937438964844,2.875,0.0,3.71875,3.71875,1.53125,0.0,0.34375,0.84375,1.0,30.174999237060547,35.375,1.0,1.875,10.9375,10.9375,0.0,2,2 4
599,681.9849243164062,679.2811279296875,566.2532958984375,363.38751220703125,2.8125,0.0,3.375,3.375,1.625,0.0,0.09375,0.65625,1.0,29.075000762939453,36.0625,1.0,1.8125,10.21875,10.21875,0.0,3,3 4
600,624.2791137695312,621.5433349609375,518.3079833984375,338.65625,2.625,0.0,3.28125,3.28125,1.46875,0.0,0.15625,0.65625,1.0,27.375,37.5,2.84375,1.625,11.34375,11.34375,0.0,3,3 1
601,688.1956787109375,683.5005493164062,570.7215576171875,342.9375,2.8125,0.0,3.5625,3.5625,1.75,0.0,0.125,0.6875,1.0,29.206249237060547,40.6875,1.6875,1.8125,14.53125,14.53125,0.0,3,3 0
602,709.4094848632812,706.494384765625,590.373779296875,357.38751220703125,2.875,0.0,3.5,3.5,1.71875,0.0,0.03125,0.75,1.0,30.5625,37.90625,1.0,1.875,14.40625,14.40625,0.0,4,4 3
603,747.3275146484375,743.00146484375,622.5231323242188,362.04376220703125,2.9375,0.0,3.84375,3.84375,1.78125,0.0,0.15625,0.90625,1.0,31.256250381469727,36.8125,1.0,1.9375,12.65625,12.65625,0.0,3,3 0
604,698.4515380859375,695.3331909179688,581.8043823242188,353.03125,2.8125,0.0,3.53125,3.53125,1.75,0.0,0.0625,0.71875,1.0,31.262500762939453,39.03125,1.0,1.8125,16.21875,16.21875,0.0,4,4 2
605,629.3846435546875,625.4339599609375,523.2584228515625,308.07501220703125,2.625,0.0,3.34375,3.34375,1.5625,0.0,0.09375,0.6875,1.0,28.59375,38.03125,1.0,1.625,17.21875,17.21875,0.0,3,3 1
606,693.43115234375,690.3201293945312,579.0731201171875,313.83123779296875,2.8125,0.0,3.5,3.5,1.625,0.0,0.0625,0.8125,1.0,30.168750762939453,35.9375,1.0,1.8125,19.3125,19.3125,0.0,3,3 1
607,728.0614013671875,725.2107543945312,608.784912109375,336.2437438964844,2.875,0.0,3.78125,3.78125,1.75,0.0,0.125,0.90625,1.0,31.881250381469727,32.8125,1.0,1.875,20.9375,20.9375,0.0,3,3 2
608,733.9656982421875,730.7920532226562,614.7507934570312,339.13751220703125,2.875,0.0,3.65625,3.65625,1.65625,0.0,0.09375,0.90625,1.0,31.71875,35.09375,1.90625,1.875,22.40625,22.40625,0.0,3,3 2
609,766.7747802734375,764.9501953125,642.5972900390625,360.5,2.96875,0.0,3.90625,3.90625,1.84375,0.0,0.0625,1.0,1.0,33.41875076293945,33.4375,1.0,1.96875,22.59375,22.59375,0.0,4,4 3
610,752.1982421875,750.639404296875,628.6130981445312,362.63751220703125,2.96875,0.0,3.84375,3.84375,1.75,0.0,0.125,0.96875,1.0,32.400001525878906,36.03125,1.0,1.96875,22.46875,22.46875,0.0,1,1 3
611,652.7424926757812,650.5614013671875,545.4073486328125,308.8812561035156,2.6875,0.0,3.4375,3.4375,1.59375,0.0,0.03125,0.8125,1.0,28.25,34.875,3.59375,1.6875,17.90625,17.90625,0.0,1,1 3
612,689.72900390625,688.2720947265625,578.9124145507812,324.8062438964844,2.75,0.0,3.5,3.5,1.5625,0.0,0.0625,0.875,1.0,31.21875,30.71875,2.3125,1.75,16.75,16.75,0.0,3,3 1
613,680.5630493164062,678.7262573242188,571.7783813476562,301.98126220703125,2.71875,0.0,3.59375,3.59375,1.75,0.0,0.0,0.84375,1.0,29.368749618530273,36.3125,3.09375,1.71875,15.78125,15.78125,0.0,3,3 0
614,674.2404174804688,672.013671875,565.3377685546875,291.57501220703125,2.75,0.0,3.3125,3.3125,1.625,0.0,0.0,0.71875,0.96875,29.706249237060547,35.84375,1.75,1.75,17.46875,17.46875,0.0,3,3 2
615,692.9494018554688,691.1040649414062,581.4364624023438,308.70001220703125,2.78125,0.0,3.46875,3.46875,1.625,0.0,0.03125,0.84375,0.96875,30.806249618530273,34.40625,2.46875,1.78125,18.9375,18.9375,0.0,1,1 0
616,650.8836669921875,650.0996704101562,545.9334716796875,298.2250061035156,2.6875,0.0,3.3125,3.3125,1.53125,0.0,0.03125,0.75,1.0,28.5,37.125,3.9375,1.6875,17.625,17.625,0.0,1,1 3
617,612.0106201171875,608.9623413085938,512.8067016601562,284.28125,2.53125,0.0,3.1875,3.1875,1.53125,0.0,0.03125,0.625,1.0,27.106250762939453,31.75,2.875,1.53125,12.59375,12.59375,0.0,3,3 2
618,693.8577270507812,691.4066162109375,580.2835693359375,323.7875061035156,2.8125,0.0,3.3125,3.3125,1.59375,0.0,0.03125,0.71875,0.96875,30.881250381469727,37.0625,1.0625,1.8125,11.75,11.75,0.0,2,2 4
619,642.5012817382812,640.72119140625,537.5281982421875,307.98126220703125,2.65625,0.0,3.3125,3.3125,1.5625,0.0,0.03125,0.71875,1.0,27.674999237060547,38.5625,5.03125,1.65625,7.25,7.25,0.0,4,4 3
620,684.6293334960938,682.1677856445312,571.8359375,325.8999938964844,2.78125,0.0,3.46875,3.46875,1.71875,0.0,0.0625,0.6875,1.0,29.71875,39.8125,2.1875,1.78125,8.90625,8.90625,0.0,3,3 1
621,666.5527954101562,664.0438842773438,556.255859375,318.20623779296875,2.75,0.0,3.3125,3.3125,1.53125,0.0,0.03125,0.75,1.0,28.487499237060547,38.53125,2.3125,1.75,5.59375,5.59375,0.0,4,4 3
622,618.437744140625,616.7786865234375,518.9429931640625,286.92498779296875,2.5625,0.0,3.21875,3.21875,1.46875,0.0,0.0625,0.6875,1.0,27.71875,35.59375,2.34375,1.5625,6.8125,6.8125,0.0,3,3 1
623,763.6737060546875,760.2457275390625,640.0335693359375,331.17498779296875,2.96875,0.0,3.75,3.75,1.8125,0.0,0.03125,0.90625,1.0,33.14374923706055,38.03125,1.0,1.96875,7.8125,7.8125,0.0,3,3 4
624,675.9362182617188,673.756103515625,566.4647216796875,312.38751220703125,2.71875,0.0,3.53125,3.53125,1.625,0.0,0.15625,0.75,1.0,29.774999618530273,35.46875,2.1875,1.71875,8.0,8.0,0.0,3,3 4
625,712.0285034179688,710.9849853515625,597.5450439453125,312.6812438964844,2.84375,0.0,3.71875,3.71875,1.75,0.0,0.15625,0.8125,1.0,30.518749237060547,37.6875,1.0,1.84375,8.21875,8.21875,0.0,3,3 1
626,719.8555908203125,716.3866577148438,601.5484619140625,312.4624938964844,2.875,0.0,3.71875,3.71875,1.6875,0.0,0.15625,0.875,1.0,31.056249618530273,33.71875,1.96875,1.875,8.4375,8.4375,0.0,3,3 1
627,698.1717529296875,694.55419921875,583.5518798828125,301.7749938964844,2.8125,0.0,3.59375,3.59375,1.59375,0.0,0.21875,0.78125,1.0,30.075000762939453,35.53125,1.6875,1.8125,7.96875,7.96875,0.0,4,4 1
628,680.428955078125,678.1590576171875,569.3197021484375,286.8687438964844,2.8125,0.0,3.28125,3.28125,1.40625,0.0,0.0625,0.8125,1.0,29.143749237060547,38.78125,1.21875,1.8125,5.8125,5.8125,0.0,3,3 1
629,692.4285278320312,691.1007080078125,580.90185546875,297.7124938964844,2.8125,0.0,3.4375,3.4375,1.59375,0.0,0.09375,0.75,1.0,30.212499618530273,40.71875,1.0,1.8125,6.625,6.625,0.0,3,3 1
630,720.1077880859375,718.6398315429688,604.5545654296875,306.6875,2.875,0.0,3.5625,3.5625,1.625,0.0,0.25,0.6875,1.0,31.950000762939453,34.625,1.0,1.875,6.4375,6.4375,0.0,1,1 4
631,684.1251831054688,683.5977783203125,573.3409423828125,307.35626220703125,2.8125,0.0,3.40625,3.40625,1.40625,0.0,0.1875,0.8125,1.0,28.549999237060547,38.09375,1.0,1.8125,6.09375,6.09375,0.0,2,2 3
632,717.4483032226562,715.0602416992188,601.446044921875,309.9375,2.875,0.0,3.5,3.5,1.53125,0.0,0.21875,0.75,1.0,29.818750381469727,36.59375,1.0,1.875,6.1875,6.1875,0.0,4,4 3
633,726.0494995117188,724.6842651367188,607.5715942382812,331.57501220703125,2.9375,0.0,3.40625,3.40625,1.53125,0.0,0.0625,0.8125,1.0,30.743749618530273,39.84375,1.0,1.9375,6.40625,6.40625,0.0,4,4 3
634,674.3739013671875,673.0299682617188,565.3930053710938,301.6499938964844,2.75,0.0,3.46875,3.46875,1.65625,0.0,0.15625,0.6875,0.96875,28.774999618530273,38.15625,2.75,1.75,7.21875,7.21875,0.0,3,3 4
635,689.33837890625,688.5762939453125,578.0408325195312,326.2562561035156,2.78125,0.0,3.5,3.5,1.65625,0.0,0.125,0.71875,1.0,30.056249618530273,36.1875,1.0,1.78125,6.71875,6.71875,0.0,4,4 3
636,702.5027465820312,700.05615234375,587.7105712890625,323.36248779296875,2.84375,0.0,3.3125,3.3125,1.5625,0.0,0.1875,0.5625,1.0,30.5,36.15625,1.0,1.84375,5.28125,5.28125,0.0,2,2 1
637,722.1605834960938,717.7634887695312,604.6046142578125,318.03125,2.84375,0.0,3.53125,3.53125,1.5625,0.0,0.25,0.71875,1.0,31.637500762939453,35.875,1.0,1.84375,5.6875,5.6875,0.0,4,4 3
638,635.5558471679688,633.771240234375,531.384765625,291.1625061035156,2.6875,0.0,3.0,3.0,1.5,0.0,0.09375,0.40625,1.0,27.518749237060547,35.6875,1.75,1.6875,5.75,5.75,0.0,4,4 3
639,589.2686157226562,585.4402465820312,490.576416015625,292.53125,2.5,0.0,3.09375,3.09375,1.4375,0.0,0.09375,0.5625,1.0,27.012500762939453,34.8125,2.25,1.5,6.40625,6.40625,0.0,4,4 3
640,659.5667724609375,657.3848876953125,551.2972412109375,309.84375,2.71875,0.0,3.28125,3.28125,1.6875,0.0,0.1875,0.40625,1.0,29.350000381469727,37.0,1.0,1.71875,6.53125,6.53125,0.0,4,4 3
641,628.3875122070312,625.4837646484375,525.43115234375,298.66876220703125,2.59375,0.0,3.21875,3.21875,1.59375,0.0,0.28125,0.34375,1.0,29.481250762939453,27.96875,1.625,1.59375,4.6875,4.6875,0.0,4,4 3
642,633.6213989257812,631.6936645507812,529.3887939453125,292.33123779296875,2.65625,0.0,3.3125,3.3125,1.5625,0.0,0.09375,0.65625,1.0,27.087499618530273,34.9375,1.0,1.65625,3.65625,3.65625,0.0,4,4 0
643,668.6322021484375,665.1287231445312,556.6842651367188,324.08123779296875,2.75,0.0,3.40625,3.40625,1.59375,0.0,0.15625,0.65625,1.0,28.418750762939453,36.59375,1.0,1.75,3.5625,3.5625,0.0,4,4 3
644,602.5599365234375,599.7058715820312,501.6631774902344,302.6625061035156,2.5625,0.0,3.09375,3.09375,1.34375,0.0,0.0625,0.6875,1.0,27.274999618530273,34.4375,1.0,1.5625,2.78125,2.78125,0.0,3,3 4
645,687.8115844726562,684.3798828125,573.6121826171875,322.73748779296875,2.8125,0.0,3.28125,3.28125,1.5,0.0,0.125,0.65625,1.0,29.893749237060547,39.78125,1.71875,1.8125,2.625,2.625,0.0,4,4 3
646,542.2367553710938,540.3380126953125,450.43231201171875,277.70623779296875,2.4375,0.0,2.8125,2.8125,1.34375,0.0,0.125,0.34375,1.0,24.418750762939453,35.71875,2.34375,1.4375,2.53125,2.53125,0.0,3,3 1
647,617.952392578125,614.129638671875,513.3883056640625,296.40625,2.625,0.0,3.25,3.25,1.4375,0.0,0.15625,0.65625,1.0,25.950000762939453,38.46875,1.6875,1.625,1.75,1.75,0.0,4,4 2
648,631.1072998046875,630.0111083984375,526.2313842773438,301.1625061035156,2.6875,0.0,3.28125,3.28125,1.53125,0.0,0.09375,0.65625,1.0,26.231250762939453,38.53125,2.34375,1.6875,2.8125,2.8125,0.0,1,1 3
649,670.9949340820312,668.4691162109375,558.920166015625,344.08123779296875,2.75,0.0,3.40625,3.40625,1.40625,0.0,0.25,0.75,1.0,29.0,34.03125,1.0,1.75,3.71875,3.71875,0.0,4,4 3
650,682.9627075195312,679.353759765625,566.8983154296875,345.7437438964844,2.8125,0.0,3.46875,3.46875,1.40625,0.0,0.3125,0.75,1.0,28.712499618530273,39.125,1.0,1.8125,2.78125,2.78125,0.0,3,3 4
651,626.9932861328125,624.0272216796875,521.2918701171875,312.73748779296875,2.65625,0.0,3.25,3.25,1.3125,0.0,0.15625,0.78125,1.0,25.200000762939453,39.3125,3.59375,1.65625,2.1875,2.1875,0.0,4,4 3
652,583.4835205078125,580.3338012695312,482.49127197265625,310.11248779296875,2.5625,0.0,3.09375,3.09375,1.28125,0.0,0.09375,0.71875,1.0,24.09375,37.21875,2.84375,1.5625,2.71875,2.71875,0.0,4,4 3
653,665.8327026367188,662.2630615234375,552.8027954101562,331.54376220703125,2.78125,0.0,3.28125,3.28125,1.375,0.0,0.15625,0.75,1.0,27.475000381469727,37.03125,1.0,1.78125,2.3125,2.3125,0.0,4,4 3
654,665.004638671875,659.5819091796875,551.911865234375,330.61248779296875,2.71875,0.0,3.4375,3.4375,1.46875,0.0,0.1875,0.78125,1.0,28.899999618530273,35.53125,1.0,1.71875,2.125,2.125,0.0,3,3 4
655,714.1859130859375,710.7864379882812,596.3978271484375,328.9375,2.875,0.0,3.4375,3.4375,1.46875,0.0,0.09375,0.875,1.0,30.231250762939453,38.78125,1.0,1.875,2.4375,2.4375,0.0,4,4 2
656,671.1181030273438,669.283935546875,560.1353759765625,310.35626220703125,2.78125,0.0,3.46875,3.46875,1.34375,0.0,0.21875,0.90625,1.0,27.462499618530273,37.90625,1.75,1.78125,3.03125,3.03125,0.0,4,4 3
657,697.31591796875,693.7028198242188,581.7985229492188,326.4125061035156,2.8125,0.0,3.53125,3.53125,1.5,0.0,0.21875,0.8125,1.0,29.631250381469727,39.15625,1.0,1.8125,3.8125,3.8125,0.0,3,3 4
658,748.397216796875,747.0817260742188,626.5119018554688,335.28125,2.96875,0.0,3.875,3.875,1.625,0.0,0.3125,0.9375,1.0,31.212499618530273,38.15625,1.0,1.96875,4.71875,4.71875,0.0,3,3 4
659,691.7806396484375,691.2482299804688,579.111083984375,323.34375,2.8125,0.0,3.65625,3.65625,1.65625,0.0,0.25,0.75,1.0,29.0,35.71875,1.0,1.8125,5.375,5.375,0.0,4,4 3
660,652.2478637695312,649.9354858398438,545.197265625,297.04998779296875,2.6875,0.0,3.5,3.5,1.375,0.0,0.40625,0.71875,1.0,27.837499618530273,34.5,1.0,1.6875,6.3125,6.3125,0.0,3,3 4
661,639.6537475585938,637.5433349609375,535.5618896484375,274.89373779296875,2.65625,0.0,3.46875,3.46875,1.40625,0.0,0.3125,0.75,1.0,26.662500381469727,36.0625,2.125,1.65625,7.40625,7.40625,0.0,4,4 3
662,733.3160400390625,731.4903564453125,614.07421875,309.46875,2.9375,0.0,3.78125,3.78125,1.71875,0.0,0.25,0.8125,1.0,30.237499237060547,35.65625,1.0,1.9375,8.8125,8.8125,0.0,1,1 4
663,736.9612426757812,733.0362548828125,617.4473876953125,319.3125,2.84375,0.0,4.125,4.125,1.84375,0.0,0.34375,0.9375,1.0,31.587499618530273,32.25,1.1875,1.84375,6.6875,6.6875,0.0,4,4 3
664,707.5949096679688,704.2515258789062,593.4197387695312,303.58123779296875,2.78125,0.0,3.84375,3.84375,1.625,0.0,0.3125,0.90625,1.0,30.362499237060547,30.8125,1.0,1.78125,10.1875,10.1875,0.0,3,3 4
665,694.2658081054688,691.7642211914062,582.3040771484375,298.3187561035156,2.75,0.0,3.90625,3.90625,1.65625,0.0,0.40625,0.8125,1.03125,30.106250762939453,27.6875,1.0,1.75,9.625,9.625,0.0,4,4 3
666,714.6192016601562,713.0701904296875,601.1524047851562,300.83123779296875,2.8125,0.0,3.8125,3.8125,1.5625,0.0,0.46875,0.78125,1.0,30.5625,32.59375,1.0,1.8125,8.3125,8.3125,0.0,3,3 4
667,705.0164794921875,702.8929443359375,591.3992919921875,303.8999938964844,2.8125,0.0,3.6875,3.6875,1.5625,0.0,0.375,0.75,1.0,30.131250381469727,33.15625,1.0,1.8125,6.5625,6.5625,0.0,4,4 3
668,671.6475830078125,668.3694458007812,563.3572387695312,309.26251220703125,2.65625,0.0,3.625,3.625,1.4375,0.0,0.4375,0.75,1.0,30.481250762939453,27.0,1.0,1.65625,7.625,7.625,0.0,3,3 4
669,620.3496704101562,617.3932495117188,519.1712036132812,285.0062561035156,2.53125,0.0,3.625,3.625,1.40625,0.0,0.5625,0.65625,1.0,28.662500381469727,34.53125,1.65625,1.53125,6.59375,6.59375,0.0,4,4 0
670,591.8533325195312,591.2218017578125,495.1991271972656,277.6187438964844,2.5,0.0,3.625,3.625,1.40625,0.0,0.5,0.71875,1.0,25.787500381469727,34.03125,1.6875,1.5,5.09375,5.09375,0.0,4,4 2
671,577.336181640625,575.3187866210938,480.8811950683594,279.5625,2.5,0.0,3.25,3.25,1.25,0.0,0.34375,0.65625,1.0,24.774999618530273,39.59375,2.4375,1.5,6.75,6.75,0.0,4,4 3
672,533.2702026367188,531.4483642578125,441.718994140625,279.3999938964844,2.4375,0.0,2.8125,2.8125,1.0625,0.0,0.15625,0.59375,1.0,22.96875,41.0625,2.46875,1.4375,7.21875,7.21875,0.0,4,4 3
673,610.6526489257812,607.7506103515625,507.199951171875,316.3812561035156,2.5625,0.0,3.5625,3.5625,1.40625,0.0,0.46875,0.6875,1.0,26.981250762939453,34.65625,1.71875,1.5625,11.0,11.0,0.0,3,3 4
674,571.2415771484375,569.0802612304688,475.69970703125,300.04376220703125,2.4375,0.0,3.375,3.375,1.21875,0.0,0.40625,0.75,1.0,25.018749237060547,36.03125,3.125,1.4375,10.125,10.125,0.0,2,2 4
675,586.462890625,582.4249267578125,485.114501953125,310.1187438964844,2.53125,0.0,3.21875,3.21875,1.40625,0.0,0.1875,0.625,1.0,25.649999618530273,37.46875,2.3125,1.53125,10.4375,10.4375,0.0,4,4 2
676,573.9483642578125,571.3768310546875,476.11578369140625,324.5562438964844,2.46875,0.0,3.21875,3.21875,1.4375,0.0,0.125,0.65625,1.0,24.837499618530273,33.9375,3.625,1.46875,11.4375,11.4375,0.0,3,3 4
677,639.5335083007812,637.5845336914062,534.7955322265625,318.45001220703125,2.625,0.0,3.375,3.375,1.5,0.0,0.09375,0.78125,1.0,28.424999237060547,34.8125,2.28125,1.625,10.71875,10.71875,0.0,3,3 4
678,686.8984375,685.5060424804688,576.0735473632812,314.2437438964844,2.78125,0.0,3.375,3.375,1.5625,0.0,0.09375,0.71875,1.0,30.043750762939453,34.4375,1.0,1.78125,9.90625,9.90625,0.0,3,3 2
679,680.4295043945312,679.247314453125,570.1307983398438,300.6625061035156,2.78125,0.0,3.5625,3.5625,1.65625,0.0,0.125,0.78125,1.0,27.893749237060547,35.53125,1.59375,1.78125,10.84375,10.84375,0.0,4,4 3
680,685.267578125,683.2340698242188,573.4696044921875,309.6875,2.78125,0.0,3.53125,3.53125,1.59375,0.0,0.09375,0.84375,1.0,29.681249618530273,31.96875,1.0,1.78125,12.65625,12.65625,0.0,4,4 1
681,733.4872436523438,731.7398681640625,615.8491821289062,314.625,2.90625,0.0,3.625,3.625,1.78125,0.0,0.09375,0.75,1.0,31.09375,37.28125,1.0,1.90625,11.84375,11.84375,0.0,4,4 3
682,682.3634643554688,679.5093994140625,571.08203125,312.08123779296875,2.75,0.0,3.46875,3.46875,1.625,0.0,0.09375,0.75,1.0,30.268749237060547,30.125,1.53125,1.75,9.21875,9.21875,0.0,3,3 1
683,667.8838500976562,667.1567993164062,559.5646362304688,301.40625,2.75,0.0,3.46875,3.46875,1.59375,0.0,0.125,0.75,1.0,28.59375,37.75,1.0,1.75,7.8125,7.8125,0.0,0,0 4
684,680.838623046875,679.544921875,570.0445556640625,308.1625061035156,2.78125,0.0,3.53125,3.53125,1.53125,0.0,0.25,0.75,1.0,28.637500762939453,35.96875,1.5625,1.78125,8.15625,8.15625,0.0,1,1 4
685,676.5090942382812,675.4774169921875,567.3942260742188,295.26873779296875,2.78125,0.0,3.34375,3.34375,1.46875,0.0,0.15625,0.71875,1.0,28.512500762939453,36.0,1.0,1.78125,7.53125,7.53125,0.0,2,2 3
686,693.4170532226562,692.1624755859375,581.1163330078125,308.4375,2.8125,0.0,3.59375,3.59375,1.4375,0.0,0.21875,0.9375,1.0,28.46875,36.59375,1.09375,1.8125,5.78125,5.78125,0.0,4,4 3
687,704.99658203125,701.2195434570312,586.7958984375,323.01251220703125,2.875,0.0,3.59375,3.59375,1.5,0.0,0.15625,0.9375,1.0,28.600000381469727,39.1875,1.78125,1.875,6.0625,6.0625,0.0,3,3 1
688,736.2151489257812,734.1202392578125,616.0809326171875,346.26873779296875,2.90625,0.0,3.78125,3.78125,1.5625,0.0,0.28125,0.9375,1.0,30.768749237060547,37.84375,1.0,1.90625,6.8125,6.8125,0.0,4,4 0
689,676.9716186523438,675.0565185546875,564.8316650390625,309.125,2.8125,0.0,3.375,3.375,1.34375,0.0,0.125,0.90625,1.0,28.575000762939453,39.21875,1.5625,1.8125,6.84375,6.84375,0.0,4,4 3
690,714.0438842773438,712.51025390625,598.139892578125,326.07501220703125,2.875,0.0,3.46875,3.46875,1.4375,0.0,0.09375,0.9375,1.0,30.231250762939453,40.34375,2.25,1.875,7.5,7.5,0.0,4,4 3
691,740.66015625,737.6494750976562,619.8558349609375,334.39373779296875,2.90625,0.0,3.875,3.875,1.71875,0.0,0.21875,0.9375,1.0,30.618749618530273,38.53125,1.625,1.90625,7.125,7.125,0.0,1,1 3
692,730.8299560546875,728.9176025390625,610.5275268554688,346.79376220703125,2.90625,0.0,3.90625,3.90625,1.65625,0.0,0.34375,0.90625,1.0,29.793750762939453,36.21875,2.03125,1.90625,7.8125,7.8125,0.0,1,1 3
693,725.3627319335938,721.89501953125,605.5914306640625,329.4125061035156,2.90625,0.0,3.59375,3.59375,1.40625,0.0,0.28125,0.875,1.03125,29.975000381469727,37.8125,1.75,1.90625,7.65625,7.65625,0.0,3,3 0
694,731.5045776367188,730.1954345703125,610.9869384765625,357.0062561035156,2.9375,0.0,3.59375,3.59375,1.34375,0.0,0.28125,0.96875,1.0,31.15625,38.1875,1.0,1.9375,6.25,6.25,0.0,4,4 3
695,716.8316650390625,715.35986328125,598.6873779296875,353.60626220703125,2.875,0.0,3.6875,3.6875,1.59375,0.0,0.21875,0.875,1.0,30.512500762939453,39.0,1.0,1.875,4.84375,4.84375,0.0,4,4 3
696,692.377197265625,689.4625244140625,577.2669067382812,337.15625,2.8125,0.0,3.40625,3.40625,1.4375,0.0,0.15625,0.8125,1.0,31.043750762939453,35.21875,1.0,1.8125,4.6875,4.6875,0.0,4,4 1
697,652.199951171875,648.6036376953125,543.8387451171875,326.7875061035156,2.65625,0.0,3.40625,3.40625,1.375,0.0,0.21875,0.84375,0.96875,29.100000381469727,33.0,3.0625,1.65625,3.8125,3.8125,0.0,3,3 4
698,682.4682006835938,681.1024780273438,569.488037109375,341.1875,2.78125,0.0,3.625,3.625,1.5625,0.0,0.21875,0.84375,1.0,29.125,38.03125,1.625,1.78125,3.8125,3.8125,0.0,3,3 4
699,689.220458984375,688.1954956054688,575.5830688476562,345.36248779296875,2.78125,0.0,3.8125,3.8125,1.53125,0.0,0.40625,0.875,1.0,29.34375,34.0,2.84375,1.78125,4.59375,4.59375,0.0,3,3 4
700,717.6729736328125,715.2088012695312,597.7909545898438,368.0625,2.875,0.0,3.6875,3.6875,1.4375,0.0,0.3125,0.9375,1.0,30.637500762939453,36.6875,1.0,1.875,6.46875,6.46875,0.0,1,1 3
701,654.9036254882812,653.8026123046875,545.2741088867188,334.73748779296875,2.71875,0.0,3.625,3.625,1.53125,0.0,0.3125,0.78125,1.0,28.356250762939453,35.34375,1.5625,1.71875,6.03125,6.03125,0.0,3,3 1
702,599.2868041992188,596.5294799804688,497.7989807128906,327.8687438964844,2.53125,0.0,3.34375,3.34375,1.40625,0.0,0.21875,0.71875,1.0,25.831249237060547,37.3125,4.15625,1.53125,4.625,4.625,0.0,3,3 1
703,659.39208984375,656.3028564453125,545.866943359375,348.7875061035156,2.78125,0.0,3.25,3.25,1.34375,0.0,0.1875,0.71875,1.0,28.799999237060547,41.09375,1.0,1.78125,5.75,5.75,0.0,3,3 1
704,750.3013305664062,748.13427734375,628.1809692382812,362.71875,2.875,0.0,4.3125,4.3125,1.90625,0.0,0.46875,0.9375,1.0,32.318748474121094,35.65625,1.65625,1.875,8.65625,8.65625,0.0,3,3 1
705,670.4024047851562,669.0198974609375,558.9237670898438,338.8062438964844,2.75,0.0,3.625,3.625,1.5625,0.0,0.21875,0.84375,1.0,28.643749237060547,34.625,2.3125,1.75,6.65625,6.65625,0.0,3,3 1
706,650.2352905273438,649.3484497070312,544.4117431640625,320.71875,2.65625,0.0,3.53125,3.53125,1.40625,0.0,0.28125,0.84375,1.0,28.962499618530273,30.25,2.90625,1.65625,9.15625,9.15625,0.0,3,3 1
707,727.1185302734375,725.176025390625,609.7218017578125,332.25,2.84375,0.0,3.9375,3.9375,1.59375,0.0,0.4375,0.90625,1.0,31.412500381469727,33.0,2.28125,1.84375,9.78125,9.78125,0.0,3,3 1
708,756.6394653320312,753.4367065429688,634.2691650390625,334.88751220703125,2.9375,0.0,3.78125,3.78125,1.53125,0.0,0.3125,0.9375,1.0,32.90625,36.5625,1.0,1.9375,8.75,8.75,0.0,3,3 1
709,717.013916015625,712.50830078125,599.3480224609375,325.75,2.8125,0.0,3.78125,3.78125,1.5,0.0,0.375,0.90625,1.0,31.237499237060547,32.21875,1.0,1.8125,7.65625,7.65625,0.0,3,3 1
710,728.061767578125,725.74267578125,611.381103515625,329.85626220703125,2.84375,0.0,3.6875,3.6875,1.40625,0.0,0.3125,0.96875,1.0,31.5625,33.40625,1.6875,1.84375,8.03125,8.03125,0.0,4,4 2
711,751.393798828125,750.0272827148438,630.522705078125,325.70623779296875,2.9375,0.0,4.0,4.0,1.78125,0.0,0.28125,0.9375,1.0,32.46875,32.5,1.0,1.9375,8.03125,8.03125,0.0,4,4 3
712,689.4219970703125,688.052734375,578.70263671875,311.59375,2.75,0.0,3.6875,3.6875,1.5,0.0,0.34375,0.84375,1.0,30.668750762939453,32.78125,1.0,1.75,7.96875,7.96875,0.0,3,3 4
713,655.1222534179688,652.5422973632812,547.9536743164062,294.6937561035156,2.6875,0.0,3.40625,3.40625,1.34375,0.0,0.25,0.8125,1.0,29.743749618530273,34.5625,1.0,1.6875,6.8125,6.8125,0.0,4,4 3
714,651.3729248046875,649.0286865234375,546.1923217773438,306.1625061035156,2.625,0.0,3.4375,3.4375,1.28125,0.0,0.34375,0.8125,1.0,30.712499618530273,29.4375,1.0,1.625,5.6875,5.6875,0.0,3,3 2
715,705.236572265625,703.5100708007812,592.7598876953125,305.26251220703125,2.78125,0.0,3.75,3.75,1.46875,0.0,0.34375,0.9375,1.0,31.524999618530273,32.125,1.59375,1.78125,6.625,6.625,0.0,3,3 4
716,692.1052856445312,690.5845947265625,582.3803100585938,305.46875,2.71875,0.0,3.8125,3.8125,1.5,0.0,0.40625,0.90625,1.0,30.518749237060547,32.6875,2.1875,1.71875,7.09375,7.09375,0.0,3,3 4
717,645.4537353515625,644.7015380859375,543.180419921875,304.0062561035156,2.59375,0.0,3.5625,3.5625,1.4375,0.0,0.28125,0.84375,1.0,28.518749237060547,31.59375,3.90625,1.59375,6.9375,6.9375,0.0,4,4 3
718,690.3726806640625,688.8109741210938,579.5743408203125,328.7437438964844,2.6875,0.0,4.0625,4.0625,1.5625,0.0,0.625,0.875,1.0,31.524999618530273,32.0625,1.0,1.6875,10.03125,10.03125,0.0,2,2 3
719,656.49267578125,654.9720458984375,551.6873779296875,308.98748779296875,2.59375,0.0,3.90625,3.90625,1.5625,0.0,0.5,0.84375,1.0,29.293750762939453,30.71875,4.09375,1.59375,8.90625,8.90625,0.0,3,3 4
720,695.3995361328125,692.8021850585938,583.3873291015625,331.375,2.71875,0.0,3.71875,3.71875,1.53125,0.0,0.3125,0.875,1.0,32.131248474121094,32.84375,1.5625,1.71875,12.53125,12.53125,0.0,3,3 2
721,759.2396850585938,756.2818603515625,636.6646118164062,341.7124938964844,2.90625,0.0,4.09375,4.09375,1.65625,0.0,0.46875,0.96875,1.0,33.85625076293945,29.8125,1.0,1.90625,10.5,10.5,0.0,3,3 1
722,736.7178955078125,733.9080200195312,616.6752319335938,330.3125,2.875,0.0,4.03125,4.03125,1.59375,0.0,0.5625,0.875,1.0,32.45624923706055,32.46875,1.0,1.875,11.1875,11.1875,0.0,3,3 4
723,668.7306518554688,665.6151733398438,560.2391357421875,332.5249938964844,2.625,0.0,3.65625,3.65625,1.3125,0.0,0.5625,0.78125,1.0,32.63750076293945,27.3125,1.0,1.625,14.75,14.75,0.0,3,3 4
724,558.2294921875,555.2966918945312,463.20703125,311.875,2.40625,0.0,3.1875,3.1875,1.25,0.0,0.28125,0.65625,1.0,26.018749237060547,33.53125,4.75,1.40625,14.5625,14.5625,0.0,3,3 2
725,493.9497985839844,491.9541015625,412.17120361328125,280.90625,2.1875,0.0,2.84375,2.84375,1.0,0.0,0.25,0.59375,1.0,24.931249618530273,30.53125,4.625,1.1875,10.5625,10.5625,0.0,3,3 2
726,388.0321044921875,386.85064697265625,323.9933166503906,250.3312530517578,1.875,0.0,2.4375,2.4375,0.84375,0.0,0.15625,0.4375,1.0,21.337499618530273,27.3125,6.96875,0.875,10.9375,10.9375,0.0,3,3 4
727,526.9443969726562,523.668701171875,438.35662841796875,304.1937561035156,2.25,0.0,3.25,3.25,1.21875,0.0,0.40625,0.625,1.0,25.568750381469727,29.4375,4.03125,1.25,14.90625,14.90625,0.0,3,3 4
728,548.6968994140625,546.0732421875,455.52362060546875,317.26873779296875,2.34375,0.0,3.375,3.375,1.3125,0.0,0.46875,0.59375,1.0,26.381250381469727,35.34375,4.0625,1.34375,12.9375,12.9375,0.0,3,3 4
729,565.7936401367188,563.9740600585938,470.5348205566406,315.4937438964844,2.40625,0.0,3.40625,3.40625,1.28125,0.0,0.46875,0.65625,1.0,27.649999618530273,31.0,1.78125,1.40625,9.34375,9.34375,0.0,3,3 2
730,591.0477905273438,590.5015869140625,493.7544860839844,326.8062438964844,2.46875,0.0,3.46875,3.46875,1.28125,0.0,0.4375,0.75,1.0,26.912500381469727,32.0,4.25,1.46875,12.71875,12.71875,0.0,1,1 3
731,615.0018310546875,613.3611450195312,512.3746948242188,352.48748779296875,2.5,0.0,3.8125,3.8125,1.5,0.0,0.53125,0.78125,1.0,28.399999618530273,30.46875,2.21875,1.5,12.21875,12.21875,0.0,4,4 3
732,641.5331420898438,639.5780029296875,533.720703125,371.21875,2.5625,0.0,4.0625,4.0625,1.5,0.0,0.71875,0.8125,1.03125,30.118749618530273,29.90625,1.53125,1.5625,12.46875,12.46875,0.0,3,3 0
733,655.1864013671875,652.7093505859375,547.2380981445312,360.6812438964844,2.5625,0.0,4.125,4.125,1.5,0.0,0.78125,0.84375,1.0,29.512500762939453,25.8125,3.53125,1.5625,9.375,9.375,0.0,3,3 2
734,747.8270263671875,744.5994873046875,625.9443969726562,386.61248779296875,2.78125,0.0,4.625,4.625,1.6875,0.0,0.96875,0.96875,1.0,33.400001525878906,25.71875,1.0,1.78125,10.0625,10.0625,0.0,3,3 4
735,725.7112426757812,724.4080810546875,607.5906982421875,370.53125,2.78125,0.0,4.40625,4.40625,1.71875,0.0,0.78125,0.90625,1.0,32.51874923706055,31.40625,1.53125,1.78125,10.96875,10.96875,0.0,3,3 1
736,661.1436157226562,659.1112060546875,553.0614013671875,361.78125,2.5625,0.0,4.21875,4.21875,1.5,0.0,0.8125,0.90625,1.0,30.337499618530273,28.09375,1.75,1.5625,9.5625,9.5625,0.0,4,4 3
737,637.0018310546875,635.1057739257812,532.331298828125,329.2437438964844,2.5625,0.0,3.84375,3.84375,1.375,0.0,0.75,0.71875,1.0,29.512500762939453,32.28125,2.78125,1.5625,10.1875,10.1875,0.0,3,3 4
738,715.1828002929688,712.961669921875,599.7667236328125,338.6312561035156,2.75,0.0,4.25,4.25,1.625,0.0,0.78125,0.84375,1.0,32.01874923706055,32.0,2.03125,1.75,11.125,11.125,0.0,4,4 3
739,766.2546997070312,764.312255859375,645.1409912109375,364.1625061035156,2.8125,0.0,4.59375,4.59375,1.5625,0.03125,1.0,1.0,1.0,35.90625,18.84375,1.0,1.8125,9.375,9.375,0.0,1,1 3
740,725.4781494140625,724.0098876953125,609.1839599609375,333.7875061035156,2.78125,0.0,4.375,4.375,1.53125,0.0,0.9375,0.90625,1.0,32.35625076293945,28.1875,1.0,1.78125,7.28125,7.28125,0.0,3,3 1
741,747.8065185546875,746.8914794921875,629.1290283203125,340.60626220703125,2.84375,0.0,4.3125,4.3125,1.59375,0.0,0.875,0.84375,1.0,33.58124923706055,29.46875,1.53125,1.84375,7.90625,7.90625,0.0,4,4 3
742,687.6463012695312,685.0843505859375,577.1998291015625,337.41876220703125,2.625,0.0,4.3125,4.3125,1.59375,0.03125,0.84375,0.84375,1.0,30.631250381469727,25.65625,2.25,1.625,5.28125,5.28125,0.0,3,3 4
743,673.5165405273438,671.9984130859375,566.8575439453125,316.23126220703125,2.59375,0.0,4.1875,4.1875,1.4375,0.0,0.875,0.875,1.0,31.34375,22.96875,2.21875,1.59375,5.96875,5.96875,0.0,3,3 2
744,721.4376220703125,719.3365478515625,607.8966674804688,314.82501220703125,2.71875,0.0,4.4375,4.4375,1.5625,0.0,0.9375,0.9375,1.0,32.006248474121094,24.84375,1.5,1.71875,5.09375,5.09375,0.0,3,3 4
745,778.2889404296875,776.6420288085938,656.26025390625,337.6937561035156,2.875,0.0,4.625,4.625,1.6875,0.0,0.96875,0.96875,1.0,34.70624923706055,24.875,1.0,1.875,5.875,5.875,0.0,3,3 0
746,788.9345703125,787.2888793945312,665.3156127929688,314.65625,2.9375,0.0,4.6875,4.6875,1.71875,0.0,1.0,0.96875,1.0,33.974998474121094,30.0625,1.0,1.9375,7.3125,7.3125,0.0,2,2 4
747,762.4962768554688,760.9158935546875,642.423095703125,312.5874938964844,2.875,0.0,4.53125,4.53125,1.5625,0.0,1.0,0.96875,1.0,33.26874923706055,29.0625,1.0,1.875,5.40625,5.40625,0.0,1,1 3
748,777.0895385742188,774.4180908203125,654.9890747070312,309.34375,2.90625,0.0,4.46875,4.46875,1.53125,0.0,1.0,0.9375,1.0,33.46875,28.90625,1.0,1.90625,5.25,5.25,0.0,3,3 2
749,761.3217163085938,760.5128173828125,643.734619140625,308.1937561035156,2.84375,0.0,4.5,4.5,1.53125,0.0,0.96875,0.96875,1.03125,32.95000076293945,26.71875,1.0,1.84375,6.84375,6.84375,0.0,2,2 1
750,789.5067138671875,787.6302490234375,666.080810546875,330.4937438964844,2.90625,0.0,4.6875,4.6875,1.71875,0.0,1.0,0.96875,1.0,34.51250076293945,27.59375,1.0,1.90625,7.09375,7.09375,0.0,2,2 3
751,778.2188110351562,777.3624877929688,658.3746948242188,319.29376220703125,2.875,0.0,4.53125,4.53125,1.65625,0.0,0.90625,0.90625,1.0625,34.15625,30.3125,1.9375,1.875,8.15625,8.15625,0.0,4,4 1
752,755.9879150390625,753.9615478515625,636.6859130859375,330.01251220703125,2.84375,0.0,4.34375,4.34375,1.4375,0.0,0.9375,0.96875,1.0,33.125,29.4375,1.4375,1.84375,4.375,4.375,0.0,4,4 3
753,783.5339965820312,780.8621826171875,658.2303466796875,334.51251220703125,2.9375,0.0,4.625,4.625,1.75,0.0,0.9375,0.9375,1.0,33.506248474121094,27.90625,1.0,1.9375,3.8125,3.8125,0.0,3,3 2
754,791.4349365234375,787.8984375,664.4329223632812,336.71875,2.96875,0.0,4.46875,4.46875,1.625,0.0,0.9375,0.90625,1.0,33.70624923706055,32.28125,1.0,1.96875,4.3125,4.3125,0.0,3,3 2
755,729.4410400390625,727.2145385742188,612.0462646484375,334.76873779296875,2.78125,0.0,4.53125,4.53125,1.71875,0.0,0.90625,0.90625,1.0,30.512500762939453,33.75,2.65625,1.78125,5.125,5.125,0.0,4,4 3
756,727.4183959960938,724.2724609375,609.8802490234375,322.6000061035156,2.8125,0.0,4.09375,4.09375,1.4375,0.0,0.75,0.90625,1.0,32.01250076293945,28.96875,1.71875,1.8125,3.875,3.875,0.0,3,3 2
757,714.8112182617188,713.2086181640625,599.2125244140625,322.10626220703125,2.8125,0.0,4.0625,4.0625,1.46875,0.0,0.75,0.84375,1.0,30.643749237060547,33.875,1.0,1.8125,4.0625,4.0625,0.0,3,3 2
758,714.5839233398438,712.13720703125,600.5443115234375,327.34375,2.71875,0.0,4.34375,4.34375,1.5625,0.0,0.875,0.90625,1.0,31.462499618530273,27.78125,1.0,1.71875,5.75,5.75,0.0,2,2 3
759,700.4454345703125,696.4005737304688,585.8773193359375,330.7250061035156,2.71875,0.0,4.03125,4.03125,1.375,0.0,0.8125,0.84375,1.0,31.524999618530273,30.53125,1.0,1.71875,5.40625,5.40625,0.0,3,3 2
760,571.2051391601562,569.2230224609375,477.4685974121094,286.34375,2.40625,0.0,3.40625,3.40625,1.21875,0.0,0.59375,0.59375,1.0,26.387500762939453,33.28125,2.96875,1.40625,4.84375,4.84375,0.0,3,3 1
761,739.8292846679688,736.1515502929688,619.7718505859375,321.32501220703125,2.84375,0.0,4.28125,4.28125,1.625,0.0,0.75,0.90625,1.0,31.950000762939453,34.59375,1.625,1.84375,5.09375,5.09375,0.0,3,3 4
762,575.9903564453125,571.0667724609375,479.3243103027344,273.96875,2.40625,0.0,3.5,3.5,1.375,0.0,0.5625,0.5625,1.0,27.674999237060547,38.9375,2.1875,1.40625,4.03125,4.03125,0.0,3,3 0
763,522.7406005859375,520.2080078125,434.6356506347656,273.54376220703125,2.3125,0.0,3.03125,3.03125,1.21875,0.0,0.375,0.4375,1.0,25.806249618530273,36.9375,2.03125,1.3125,4.8125,4.8125,0.0,3,3 2
764,385.54730224609375,382.31884765625,316.85198974609375,222.59375,1.96875,0.0,2.53125,2.53125,1.0,0.0,0.25,0.28125,1.0,19.581249237060547,37.90625,6.6875,0.96875,3.53125,3.53125,0.0,3,3 4
765,552.842529296875,549.3426513671875,459.49761962890625,280.28125,2.375,0.0,3.375,3.375,1.25,0.0,0.5625,0.5625,1.0,25.450000762939453,33.125,2.21875,1.375,5.65625,5.65625,0.0,3,3 2
766,619.5078125,618.7669677734375,519.4237060546875,293.8687438964844,2.53125,0.0,3.8125,3.8125,1.53125,0.0,0.65625,0.625,1.0,28.262500762939453,35.15625,2.65625,1.53125,7.6875,7.6875,0.0,3,3 4
767,681.7677001953125,677.50244140625,568.4892578125,316.0687561035156,2.6875,0.0,4.25,4.25,1.59375,0.0,0.90625,0.75,1.0,29.637500762939453,33.09375,1.0,1.6875,7.9375,7.9375,0.0,3,3 1
768,577.8888549804688,576.3805541992188,483.12213134765625,284.66876220703125,2.40625,0.0,3.78125,3.78125,1.4375,0.0,0.6875,0.65625,1.0,26.875,32.75,2.875,1.40625,7.09375,7.09375,0.0,3,3 4
769,592.0751953125,588.4833374023438,492.81878662109375,300.2437438964844,2.46875,0.0,3.5625,3.5625,1.125,0.0,0.78125,0.65625,1.0,26.193750381469727,33.375,5.375,1.46875,6.09375,6.09375,0.0,3,3 2
770,564.3510131835938,561.51806640625,469.9707946777344,305.1875,2.375,0.0,3.40625,3.40625,1.125,0.0,0.75,0.53125,1.0,27.293750762939453,28.25,2.03125,1.375,4.9375,4.9375,0.0,3,3 4
771,547.5797729492188,543.11962890625,452.7783203125,300.1499938964844,2.375,0.0,3.125,3.125,1.125,0.0,0.59375,0.40625,1.0,28.243749618530273,32.25,1.0,1.375,4.53125,4.53125,0.0,3,3 1
772,502.639404296875,500.48236083984375,415.2261657714844,296.82501220703125,2.28125,0.0,3.03125,3.03125,1.0625,0.0,0.53125,0.4375,1.0,24.875,33.875,3.25,1.28125,4.09375,4.09375,0.0,3,3 2
773,519.316162109375,515.5337524414062,425.8628845214844,290.7124938964844,2.375,0.0,3.25,3.25,1.125,0.0,0.59375,0.53125,1.0,24.362499237060547,32.34375,1.0,1.375,3.875,3.875,0.0,3,3 1
774,517.8364868164062,515.6370239257812,428.42236328125,279.5062561035156,2.34375,0.0,3.09375,3.09375,1.15625,0.0,0.46875,0.46875,1.0,24.59375,42.84375,2.03125,1.34375,5.5,5.5,0.0,3,3 1
775,531.9915161132812,529.8062744140625,440.743896484375,292.75,2.34375,0.0,3.3125,3.3125,1.09375,0.0,0.625,0.59375,1.0,26.318750381469727,33.59375,1.0,1.34375,5.6875,5.6875,0.0,3,3 0
776,538.722412109375,536.8636474609375,448.28271484375,280.9375,2.34375,0.0,3.34375,3.34375,1.09375,0.0,0.71875,0.53125,1.0,26.231250762939453,34.46875,1.4375,1.34375,7.0,7.0,0.0,3,3 1
777,568.3546142578125,567.0913696289062,474.6778259277344,268.38751220703125,2.4375,0.0,3.46875,3.46875,1.1875,0.0,0.65625,0.625,1.0,26.356250762939453,39.59375,2.96875,1.4375,5.96875,5.96875,0.0,3,3 4
778,603.9552001953125,601.9788818359375,501.7970275878906,296.79998779296875,2.5625,0.0,3.6875,3.6875,1.34375,0.0,0.6875,0.65625,1.0,27.59375,37.65625,1.0,1.5625,5.78125,5.78125,0.0,3,3 4
779,608.0279541015625,605.8738403320312,506.8832092285156,297.9375,2.53125,0.0,3.75,3.75,1.28125,0.0,0.75,0.71875,1.0,26.5625,34.78125,3.3125,1.53125,3.71875,3.71875,0.0,3,3 4
780,493.5881652832031,490.68841552734375,406.6672058105469,278.0687561035156,2.28125,0.0,2.96875,2.96875,1.0,0.0,0.5,0.46875,1.0,24.612499237060547,36.15625,2.03125,1.28125,2.34375,2.34375,0.0,3,3 1
781,469.4985046386719,467.03411865234375,387.94256591796875,269.1499938964844,2.1875,0.0,2.84375,2.84375,1.0,0.0,0.40625,0.4375,1.0,24.356250762939453,37.03125,3.8125,1.1875,1.625,1.625,0.0,3,3 4
782,465.12469482421875,461.02764892578125,384.32244873046875,251.74374389648438,2.15625,0.0,2.84375,2.84375,1.0625,0.0,0.375,0.40625,1.0,23.225000381469727,35.96875,5.0625,1.15625,2.03125,2.03125,0.0,3,3 4
783,511.4447326660156,509.08343505859375,422.52801513671875,273.28125,2.34375,0.0,3.0,3.0,1.125,0.0,0.40625,0.46875,1.0,24.743749618530273,38.34375,1.125,1.34375,2.21875,2.21875,0.0,3,3 2
784,542.148193359375,539.944091796875,450.1000061035156,281.8187561035156,2.375,0.0,3.3125,3.3125,1.125,0.0,0.625,0.5625,1.0,26.40625,32.21875,1.9375,1.375,2.15625,2.15625,0.0,4,4 0
785,576.036376953125,574.4107055664062,480.5187072753906,287.23748779296875,2.4375,0.0,3.59375,3.59375,1.15625,0.0,0.78125,0.65625,1.0,26.556249618530273,30.375,1.0,1.4375,2.8125,2.8125,0.0,4,4 3
786,594.3796997070312,592.126220703125,495.2496032714844,290.10626220703125,2.5,0.0,3.625,3.625,1.28125,0.0,0.65625,0.6875,1.0,27.0625,34.21875,1.96875,1.5,2.90625,2.90625,0.0,4,4 3
787,565.8938598632812,564.0048828125,472.2259826660156,281.15625,2.40625,0.0,3.5,3.5,1.28125,0.0,0.6875,0.53125,1.0,25.881250381469727,34.90625,2.1875,1.40625,2.15625,2.15625,0.0,3,3 4
788,653.6969604492188,650.4969482421875,546.7288818359375,318.3374938964844,2.59375,0.0,3.90625,3.90625,1.34375,0.0,0.84375,0.71875,1.0,29.381250381469727,30.53125,1.4375,1.59375,2.6875,2.6875,0.0,4,4 3
789,614.2642211914062,610.43798828125,512.4125366210938,276.54376220703125,2.53125,0.0,3.71875,3.71875,1.3125,0.0,0.78125,0.625,1.0,27.837499618530273,34.3125,2.125,1.53125,2.6875,2.6875,0.0,3,3 4
790,646.0016479492188,643.7664794921875,539.9017333984375,310.08123779296875,2.625,0.0,3.6875,3.6875,1.1875,0.0,0.90625,0.59375,1.0,29.78125,29.875,1.0,1.625,2.4375,2.4375,0.0,4,4 3
791,648.3619384765625,647.3326416015625,542.6456298828125,294.1937561035156,2.65625,0.0,3.78125,3.78125,1.25,0.0,0.78125,0.75,1.0,29.387500762939453,37.1875,1.0,1.65625,2.875,2.875,0.0,4,4 3
792,605.0706176757812,603.3695068359375,505.21954345703125,278.76251220703125,2.53125,0.0,3.75,3.75,1.34375,0.0,0.71875,0.6875,1.0,27.21875,30.0,1.46875,1.53125,3.5625,3.5625,0.0,3,3 4
793,613.6951293945312,612.0805053710938,514.2633056640625,284.5874938964844,2.53125,0.0,3.5625,3.5625,1.34375,0.0,0.59375,0.625,1.0,27.918750762939453,30.25,2.25,1.53125,5.15625,5.15625,0.0,4,4 3
794,641.5047607421875,638.9114379882812,536.4808349609375,303.79376220703125,2.59375,0.0,3.78125,3.78125,1.25,0.0,0.78125,0.75,1.0,28.768749237060547,31.5,1.4375,1.59375,5.5,5.5,0.0,3,3 4
795,643.9993286132812,642.1676635742188,538.0924682617188,289.29998779296875,2.65625,0.0,3.71875,3.71875,1.09375,0.0,0.84375,0.78125,1.0,28.737499237060547,31.875,1.0,1.65625,4.375,4.375,0.0,1,1 4
796,656.4309692382812,655.0656127929688,550.8031005859375,282.16876220703125,2.65625,0.0,3.8125,3.8125,1.1875,0.0,0.8125,0.8125,1.0,29.674999237060547,29.03125,1.46875,1.65625,4.6875,4.6875,0.0,3,3 1
797,663.6862182617188,662.1126708984375,556.3880615234375,296.7250061035156,2.65625,0.0,4.0,4.0,1.375,0.0,0.875,0.75,1.0,29.587499618530273,28.78125,1.46875,1.65625,4.4375,4.4375,0.0,4,4 3
798,631.3343505859375,628.5494995117188,528.8997192382812,275.1000061035156,2.5625,0.0,3.8125,3.8125,1.28125,0.0,0.875,0.65625,1.0,27.887500762939453,27.5,1.96875,1.5625,4.78125,4.78125,0.0,4,4 3
799,645.346923828125,643.8193359375,544.2105712890625,274.42498779296875,2.5625,0.0,3.6875,3.6875,1.09375,0.0,0.8125,0.75,1.03125,30.625,22.15625,1.0,1.5625,4.125,4.125,0.0,0,0 1
800,737.169677734375,735.0499877929688,618.8990478515625,293.3812561035156,2.875,0.0,4.25,4.25,1.53125,0.0,0.875,0.8125,1.03125,31.84375,32.125,1.0,1.875,4.1875,4.1875,0.0,2,2 4
801,688.0104370117188,686.2950439453125,577.6569213867188,285.6875,2.75,0.0,3.84375,3.84375,1.125,0.0,0.84375,0.875,1.0,30.4375,31.625,1.03125,1.75,3.875,3.875,0.0,3,3 0
802,622.869873046875,621.487060546875,520.9224853515625,291.73126220703125,2.5625,0.0,3.8125,3.8125,1.3125,0.0,0.75,0.75,1.0,28.350000381469727,33.0625,1.25,1.5625,4.53125,4.53125,0.0,4,4 3
803,685.4324951171875,682.2100830078125,573.973388671875,307.3125,2.71875,0.0,3.75,3.75,1.1875,0.0,0.8125,0.6875,1.0625,31.575000762939453,31.84375,1.1875,1.71875,4.8125,4.8125,0.0,3,3 2
804,632.0824584960938,630.4033203125,529.99072265625,292.3187561035156,2.5625,0.0,3.75,3.75,1.25,0.0,0.78125,0.71875,1.0,28.731250762939453,29.03125,2.96875,1.5625,5.8125,5.8125,0.0,3,3 4
805,634.5106811523438,630.5238037109375,527.48193359375,289.4312438964844,2.625,0.0,3.78125,3.78125,1.4375,0.0,0.65625,0.6875,1.0,28.862499237060547,31.21875,1.0,1.625,3.46875,3.46875,0.0,3,3 4
806,663.072021484375,660.9105224609375,556.0989990234375,290.6312561035156,2.65625,0.0,3.8125,3.8125,1.4375,0.0,0.65625,0.71875,1.0,30.375,33.65625,1.0,1.65625,3.59375,3.59375,0.0,3,3 4
807,581.404052734375,580.9305419921875,486.28863525390625,262.23748779296875,2.5,0.0,3.40625,3.40625,1.21875,0.0,0.59375,0.59375,1.0,27.25,36.8125,1.875,1.5,2.59375,2.59375,0.0,0,0 4
808,661.487548828125,657.9757690429688,553.1796264648438,294.1937561035156,2.65625,0.0,3.8125,3.8125,1.28125,0.0,0.78125,0.71875,1.03125,29.299999237060547,38.09375,1.46875,1.65625,2.46875,2.46875,0.0,3,3 2
809,515.3850708007812,512.555908203125,426.41943359375,241.85000610351562,2.375,0.0,2.96875,2.96875,1.03125,0.0,0.46875,0.46875,1.0,24.549999237060547,38.34375,1.0,1.375,1.9375,1.9375,0.0,3,3 1
810,608.1018676757812,604.9920654296875,506.1146545410156,255.38125610351562,2.59375,0.0,3.59375,3.59375,1.375,0.0,0.5625,0.65625,1.0,26.643749237060547,39.71875,1.0,1.59375,1.71875,1.71875,0.0,3,3 4
811,557.1316528320312,554.166015625,461.6746520996094,255.3125,2.46875,0.0,3.375,3.375,1.3125,0.0,0.5625,0.5,1.0,25.212499618530273,41.59375,1.0,1.46875,1.6875,1.6875,0.0,3,3 4
812,593.1067504882812,591.6525268554688,495.5023498535156,253.6125030517578,2.53125,0.0,3.53125,3.53125,1.28125,0.0,0.625,0.625,1.0,27.956249237060547,36.59375,1.0,1.53125,1.8125,1.8125,0.0,3,3 4
813,595.2237548828125,592.9705810546875,496.3580017089844,269.8687438964844,2.5,0.0,3.84375,3.84375,1.46875,0.0,0.6875,0.6875,1.0,26.356250762939453,33.90625,2.6875,1.5,2.3125,2.3125,0.0,3,3 2
814,544.9671630859375,542.2803344726562,453.64923095703125,260.01251220703125,2.375,0.0,3.3125,3.3125,1.21875,0.0,0.5,0.59375,1.0,25.725000381469727,32.9375,3.3125,1.375,2.15625,2.15625,0.0,3,3 4
815,469.12762451171875,467.00213623046875,391.8532409667969,249.625,2.09375,0.0,3.15625,3.15625,1.15625,0.0,0.5,0.5,1.0,22.806249618530273,31.90625,4.90625,1.09375,2.34375,2.34375,0.0,3,3 1
816,450.67913818359375,447.6963806152344,372.77642822265625,239.5812530517578,2.125,0.0,2.9375,2.9375,1.15625,0.0,0.34375,0.4375,1.0,21.893749237060547,34.875,4.5,1.125,1.84375,1.84375,0.0,3,3 4
817,500.9364318847656,495.595947265625,413.70458984375,258.5874938964844,2.25,0.0,3.0625,3.0625,1.15625,0.0,0.4375,0.46875,1.0,23.399999618530273,35.1875,3.28125,1.25,2.90625,2.90625,0.0,3,3 4
818,557.031982421875,554.1986083984375,461.65203857421875,282.9375,2.4375,0.0,3.375,3.375,1.28125,0.0,0.4375,0.65625,1.0,25.137500762939453,37.53125,1.0,1.4375,2.90625,2.90625,0.0,3,3 4
819,639.2801513671875,636.205810546875,533.3513793945312,303.73126220703125,2.59375,0.0,3.9375,3.9375,1.4375,0.0,0.71875,0.78125,1.0,27.668750762939453,35.96875,2.9375,1.59375,3.0,3.0,0.0,3,3 4
820,640.2144775390625,637.5423583984375,533.7002563476562,299.23748779296875,2.625,0.0,3.9375,3.9375,1.5,0.0,0.6875,0.75,1.0,27.112499237060547,35.59375,1.59375,1.625,4.1875,4.1875,0.0,3,3 1
821,755.5698852539062,753.0369873046875,635.367431640625,310.10626220703125,2.875,0.0,4.40625,4.40625,1.65625,0.0,0.875,0.875,1.0,32.162498474121094,34.875,2.96875,1.875,4.0,4.0,0.0,3,3 4
822,762.141845703125,759.2642822265625,639.4949951171875,330.38751220703125,2.875,0.0,4.6875,4.6875,1.8125,0.0,0.9375,0.9375,1.0,31.943750381469727,36.625,1.71875,1.875,4.5,4.5,0.0,3,3 4
823,777.4371948242188,775.9595947265625,654.2113647460938,314.26873779296875,2.9375,0.0,4.71875,4.71875,1.84375,0.0,0.9375,0.9375,1.0,32.13750076293945,39.5,1.5,1.9375,6.59375,6.59375,0.0,3,3 4
824,784.825927734375,782.7916259765625,660.095703125,327.9125061035156,2.9375,0.0,4.71875,4.71875,1.8125,0.0,0.96875,0.96875,0.96875,33.61249923706055,36.90625,1.0,1.9375,6.03125,6.03125,0.0,3,3 4
825,785.4946899414062,783.971923828125,661.887939453125,313.17498779296875,2.9375,0.0,4.75,4.75,1.84375,0.0,0.96875,0.9375,1.0,33.61249923706055,33.25,1.0,1.9375,6.625,6.625,0.0,1,1 4
826,681.8738403320312,678.5364379882812,571.3790893554688,295.45623779296875,2.6875,0.0,4.09375,4.09375,1.53125,0.0,0.8125,0.75,1.0,28.524999618530273,33.75,2.625,1.6875,5.96875,5.96875,0.0,4,4 3
827,790.173583984375,788.1419677734375,663.1736450195312,323.6937561035156,3.0,0.0,4.75,4.75,1.8125,0.0,1.0,0.96875,0.96875,32.131248474121094,34.875,1.0,2.0,6.75,6.75,0.0,3,3 4
828,778.49658203125,775.3935546875,653.8421630859375,316.2562561035156,2.9375,0.0,4.625,4.625,1.78125,0.0,0.96875,0.9375,0.9375,32.57500076293945,32.75,1.0,1.9375,7.53125,7.53125,0.0,3,3 0
829,753.9693603515625,751.5150146484375,632.6268310546875,307.23748779296875,2.90625,0.0,4.4375,4.4375,1.6875,0.0,1.0,0.875,0.875,31.743749618530273,34.40625,1.0,1.90625,5.75,5.75,0.0,3,3 4
830,773.9359741210938,772.494384765625,651.9500732421875,309.4312438964844,2.9375,0.0,4.40625,4.40625,1.625,0.0,1.0,0.90625,0.875,33.73749923706055,32.5,1.0,1.9375,4.65625,4.65625,0.0,4,4 0
831,788.7935791015625,788.0853271484375,666.6245727539062,318.5062561035156,2.9375,0.0,4.5,4.5,1.78125,0.0,1.0,0.8125,0.90625,34.224998474121094,28.59375,1.0,1.9375,4.78125,4.78125,0.0,3,3 1
832,798.4906616210938,797.7350463867188,672.2368774414062,316.01251220703125,3.03125,0.0,4.65625,4.65625,1.75,0.0,1.0,0.96875,0.9375,32.0,31.90625,1.0,2.03125,4.1875,4.1875,0.0,3,3 2
833,791.4331665039062,789.3978271484375,665.9244384765625,306.63751220703125,3.0,0.0,4.53125,4.53125,1.625,0.0,1.0,0.9375,0.96875,33.42499923706055,30.09375,1.0,2.0,4.1875,4.1875,0.0,3,3 2
834,771.5713500976562,769.9371337890625,650.240234375,306.4750061035156,2.90625,0.0,4.625,4.625,1.75,0.0,1.0,0.90625,0.96875,32.28125,30.59375,1.0,1.90625,4.65625,4.65625,0.0,3,3 1
835,750.0521240234375,749.3187255859375,633.8125,291.78125,2.84375,0.0,4.4375,4.4375,1.625,0.0,1.0,0.875,0.9375,31.831249237060547,32.5625,1.0,1.84375,3.96875,3.96875,0.0,3,3 1
836,776.0283813476562,774.742431640625,653.7408447265625,310.26251220703125,2.9375,0.0,4.5625,4.5625,1.6875,0.0,1.0,0.9375,0.9375,32.57500076293945,34.0625,1.0,1.9375,4.8125,4.8125,0.0,3,3 2
837,691.0645141601562,687.4703369140625,579.4583129882812,289.21875,2.6875,0.0,4.375,4.375,1.625,0.0,0.96875,0.875,0.90625,28.756250381469727,29.40625,1.46875,1.6875,4.1875,4.1875,0.0,4,4 3
838,763.217529296875,761.361572265625,642.1246948242188,304.86248779296875,2.90625,0.0,4.5625,4.5625,1.75,0.0,1.0,0.9375,0.875,31.5625,35.25,1.0,1.90625,4.5625,4.5625,0.0,3,3 4
839,774.640380859375,770.3304443359375,648.6661987304688,308.0062561035156,2.96875,0.0,4.4375,4.4375,1.65625,0.0,1.0,0.9375,0.84375,32.368751525878906,32.46875,1.0,1.96875,4.5,4.5,0.0,3,3 4
840,778.5394897460938,776.1275634765625,653.3180541992188,314.875,2.96875,0.0,4.65625,4.65625,1.6875,0.0,1.0,0.96875,1.0,31.962499618530273,37.28125,1.0,1.96875,3.46875,3.46875,0.0,3,3 2
841,797.1854248046875,794.6785888671875,669.62841796875,326.1875,3.0,0.0,4.71875,4.71875,1.78125,0.0,1.0,1.0,0.9375,32.587501525878906,36.625,1.0,2.0,3.34375,3.34375,0.0,3,3 4
842,773.416259765625,772.4332275390625,649.7230224609375,315.90625,2.96875,0.0,4.625,4.625,1.6875,0.0,1.0,1.0,0.9375,31.818750381469727,39.84375,1.0,1.96875,3.34375,3.34375,0.0,3,3 2
843,789.3857421875,785.4093017578125,660.5694580078125,328.625,3.0,0.0,4.65625,4.65625,1.71875,0.0,0.96875,0.96875,1.0,32.131248474121094,39.21875,1.0,2.0,4.40625,4.40625,0.0,3,3 0
844,760.27490234375,758.3976440429688,637.6241455078125,320.6625061035156,2.90625,0.0,4.75,4.75,1.75,0.0,1.0,1.0,1.0,31.543750762939453,34.40625,1.0,1.90625,4.59375,4.59375,0.0,3,3 1
845,738.4069213867188,736.9303588867188,619.7735595703125,315.53125,2.84375,0.0,4.625,4.625,1.75,0.0,0.9375,0.9375,1.0,30.237499237060547,36.75,1.0,1.84375,3.40625,3.40625,0.0,3,3 0
846,661.8571166992188,660.4996948242188,554.0272827148438,313.28125,2.65625,0.0,4.0,4.0,1.40625,0.0,0.84375,0.78125,0.96875,29.143749237060547,36.125,1.96875,1.65625,4.3125,4.3125,0.0,3,3 4
847,689.9940795898438,688.3129272460938,577.9616088867188,310.40625,2.71875,0.0,4.375,4.375,1.71875,0.0,0.84375,0.8125,1.0,28.575000762939453,35.59375,2.46875,1.71875,5.4375,5.4375,0.0,3,3 4
848,705.9802856445312,702.7789306640625,590.1099853515625,329.6187438964844,2.75,0.0,4.25,4.25,1.6875,0.0,0.78125,0.78125,1.0,31.600000381469727,35.25,2.375,1.75,4.875,4.875,0.0,3,3 4
849,582.4553833007812,579.8699340820312,485.9371032714844,281.85626220703125,2.4375,0.0,3.71875,3.71875,1.46875,0.0,0.59375,0.65625,1.0,25.5,36.3125,5.9375,1.4375,4.0,4.0,0.0,3,3 4
850,687.9432373046875,686.2896728515625,574.0426025390625,327.54376220703125,2.75,0.0,4.3125,4.3125,1.65625,0.0,0.84375,0.8125,1.0,28.443750381469727,38.46875,1.9375,1.75,5.3125,5.3125,0.0,2,2 3
851,758.0441284179688,755.1216430664062,636.033203125,320.78125,2.875,0.0,4.625,4.625,1.71875,0.0,0.96875,0.9375,1.0,32.21875,34.3125,1.46875,1.875,5.40625,5.40625,0.0,3,3 2
852,787.8941040039062,785.2916259765625,660.6068115234375,331.17498779296875,3.0,0.0,4.59375,4.59375,1.625,0.0,1.0,1.0,0.96875,31.950000762939453,32.90625,1.0,2.0,5.1875,5.1875,0.0,3,3 4
853,703.4468383789062,701.31201171875,589.7000732421875,310.6312561035156,2.75,0.0,4.34375,4.34375,1.59375,0.0,0.875,0.875,1.0,28.918750762939453,31.0,2.6875,1.75,6.21875,6.21875,0.0,3,3 0
854,734.5490112304688,733.5397338867188,617.4194946289062,302.75,2.84375,0.0,4.53125,4.53125,1.6875,0.0,0.9375,0.90625,1.0,30.112499237060547,28.1875,2.0,1.84375,6.15625,6.15625,0.0,3,3 2
855,818.0315551757812,816.1914672851562,686.8245239257812,347.14373779296875,3.0625,0.0,4.84375,4.84375,1.84375,0.0,1.0,1.0,1.0,33.38750076293945,31.8125,1.0,2.0625,8.59375,8.59375,0.0,3,3 2
856,787.4893798828125,785.7186279296875,661.0070190429688,330.70001220703125,3.0,0.0,4.59375,4.59375,1.6875,0.0,0.96875,0.96875,0.96875,32.23125076293945,33.03125,1.0,2.0,6.0625,6.0625,0.0,2,2 4
857,787.6530151367188,786.5836791992188,663.2406005859375,322.54998779296875,2.96875,0.0,4.6875,4.6875,1.8125,0.0,0.96875,0.96875,0.9375,32.099998474121094,31.6875,1.53125,1.96875,8.0625,8.0625,0.0,0,0 3
858,769.6945190429688,767.8596801757812,647.2665405273438,300.3999938964844,2.9375,0.0,4.625,4.625,1.71875,0.0,0.96875,0.96875,0.96875,31.65625,35.03125,1.0,1.9375,6.4375,6.4375,0.0,3,3 2
859,789.1668090820312,785.9974975585938,663.119873046875,313.04376220703125,2.96875,0.0,4.65625,4.65625,1.75,0.0,0.96875,0.90625,1.03125,32.849998474121094,37.71875,1.0,1.96875,6.1875,6.1875,0.0,3,3 4
860,819.1223754882812,816.6866455078125,688.5074462890625,345.3687438964844,3.03125,0.0,4.8125,4.8125,1.8125,0.0,1.0,0.96875,1.03125,35.26874923706055,34.90625,1.0,2.03125,4.8125,4.8125,0.0,3,3 4
861,758.266845703125,756.5791015625,638.136474609375,324.66876220703125,2.875,0.0,4.40625,4.40625,1.65625,0.0,0.90625,0.84375,1.0,32.412498474121094,32.0625,2.34375,1.875,5.65625,5.65625,0.0,3,3 4
862,805.3103637695312,803.14453125,675.0402221679688,360.0562438964844,3.03125,0.0,4.6875,4.6875,1.75,0.0,0.96875,0.96875,1.0,33.54999923706055,28.78125,1.4375,2.03125,7.59375,7.59375,0.0,3,3 4
863,758.0040283203125,755.3370971679688,636.4236450195312,322.0375061035156,2.875,0.0,4.53125,4.53125,1.6875,0.0,0.90625,0.9375,1.0,32.98125076293945,29.34375,1.0,1.875,8.25,8.25,0.0,3,3 2
864,762.071533203125,757.1414794921875,636.9337158203125,342.7875061035156,2.875,0.0,4.625,4.625,1.78125,0.0,0.875,0.96875,1.0,32.32500076293945,30.625,1.6875,1.875,9.625,9.625,0.0,3,3 4
865,734.6177978515625,730.6331787109375,614.806640625,345.98126220703125,2.78125,0.0,4.5,4.5,1.6875,0.0,0.90625,0.90625,1.0,31.75,32.28125,1.21875,1.78125,11.5625,11.5625,0.0,3,3 2
866,700.0617065429688,699.4970703125,586.8297729492188,344.48126220703125,2.71875,0.0,4.4375,4.4375,1.6875,0.0,0.90625,0.875,0.96875,30.587499618530273,30.40625,3.1875,1.71875,13.53125,13.53125,0.0,4,4 2
867,612.9603881835938,610.5924072265625,511.55157470703125,315.125,2.5,0.0,3.84375,3.84375,1.40625,0.0,0.71875,0.71875,1.0,27.274999618530273,31.71875,3.5,1.5,9.875,9.875,0.0,3,3 2
868,699.0651245117188,696.4768676757812,584.6254272460938,343.1625061035156,2.71875,0.0,4.25,4.25,1.6875,0.0,0.78125,0.78125,1.0,30.587499618530273,33.15625,3.5,1.71875,11.09375,11.09375,0.0,3,3 1
869,684.1971435546875,680.2427978515625,572.375,321.88751220703125,2.65625,0.0,4.21875,4.21875,1.5625,0.0,0.78125,0.875,1.0,29.643749237060547,31.15625,2.84375,1.65625,9.8125,9.8125,0.0,3,3 4
870,666.8233032226562,664.5035400390625,558.6734619140625,306.7875061035156,2.65625,0.0,3.90625,3.90625,1.46875,0.0,0.6875,0.75,1.0,29.462499618530273,38.09375,3.90625,1.65625,7.9375,7.9375,0.0,3,3 4
871,495.73272705078125,493.79119873046875,410.26531982421875,257.29376220703125,2.3125,0.0,2.8125,2.8125,1.09375,0.0,0.34375,0.40625,0.96875,23.8125,45.625,1.46875,1.3125,7.71875,7.71875,0.0,4,4 1
872,759.7807006835938,756.9223022460938,635.6351928710938,354.0249938964844,2.90625,0.0,4.40625,4.40625,1.5625,0.0,0.90625,0.9375,1.0,32.76874923706055,38.78125,1.5,1.90625,8.28125,8.28125,0.0,3,3 4
873,639.806396484375,637.9200439453125,533.4696044921875,313.73126220703125,2.625,0.0,3.8125,3.8125,1.40625,0.0,0.6875,0.71875,1.0,29.243749618530273,40.15625,1.46875,1.625,7.40625,7.40625,0.0,4,4 3
874,596.1926879882812,593.8468627929688,497.00762939453125,298.4125061035156,2.5,0.0,3.53125,3.53125,1.34375,0.0,0.5625,0.625,1.0,26.631250381469727,39.34375,2.46875,1.5,7.5,7.5,0.0,3,3 4
875,722.9846801757812,720.5674438476562,605.7286376953125,327.4312438964844,2.8125,0.0,4.15625,4.15625,1.5625,0.0,0.75,0.84375,1.0,31.762500762939453,35.78125,2.3125,1.8125,9.34375,9.34375,0.0,3,3 1
876,701.8538208007812,700.900634765625,587.2268676757812,323.2250061035156,2.8125,0.0,3.96875,3.96875,1.5,0.0,0.6875,0.75,1.03125,30.625,37.34375,2.15625,1.8125,9.75,9.75,0.0,1,1 3
877,661.1345825195312,658.7092895507812,552.6459350585938,321.29376220703125,2.65625,0.0,3.78125,3.78125,1.375,0.0,0.65625,0.71875,1.03125,29.506250381469727,39.28125,1.90625,1.65625,9.46875,9.46875,0.0,3,3 4
878,622.5892944335938,621.537109375,520.3512573242188,307.53125,2.5625,0.0,3.8125,3.8125,1.3125,0.0,0.78125,0.6875,1.03125,27.412500381469727,33.1875,2.40625,1.5625,5.96875,5.96875,0.0,3,3 4
879,625.4984130859375,622.4976806640625,519.8258056640625,315.4624938964844,2.59375,0.0,3.75,3.75,1.28125,0.0,0.78125,0.6875,1.0,27.5625,35.75,2.8125,1.59375,4.78125,4.78125,0.0,3,3 4
880,693.803955078125,691.3767700195312,578.2733154296875,347.71875,2.75,0.0,4.1875,4.1875,1.5625,0.0,0.84375,0.75,1.03125,30.375,36.375,1.0,1.75,5.78125,5.78125,0.0,3,3 2
881,600.1242065429688,596.7514038085938,496.5648498535156,311.39373779296875,2.5625,0.0,3.5625,3.5625,1.28125,0.0,0.65625,0.59375,1.03125,26.34375,40.78125,2.5,1.5625,5.0625,5.0625,0.0,3,3 4
882,725.3207397460938,723.5921020507812,605.0369262695312,356.0562438964844,2.875,0.0,4.125,4.125,1.40625,0.0,0.84375,0.8125,1.0625,30.568750381469727,42.5625,1.6875,1.875,7.28125,7.28125,0.0,3,3 4
883,730.5606689453125,729.5009155273438,612.82763671875,332.41876220703125,2.84375,0.0,4.25,4.25,1.5,0.0,0.90625,0.84375,1.0,31.193750381469727,36.90625,1.6875,1.84375,6.40625,6.40625,0.0,1,1 0
884,775.0972290039062,772.0115356445312,650.2232666015625,354.6812438964844,2.90625,0.0,4.5,4.5,1.53125,0.0,1.0,0.875,1.09375,33.287498474121094,36.59375,1.65625,1.90625,6.53125,6.53125,0.0,3,3 2
885,768.3110961914062,767.6634521484375,644.81298828125,349.1937561035156,2.9375,0.0,4.59375,4.59375,1.625,0.0,1.0,0.9375,1.03125,31.337499618530273,36.40625,1.53125,1.9375,6.40625,6.40625,0.0,4,4 1
886,815.9622802734375,814.4862060546875,686.6398315429688,349.70001220703125,3.03125,0.0,4.6875,4.6875,1.65625,0.0,1.0,1.0,1.03125,34.993751525878906,38.59375,1.0,2.03125,7.59375,7.59375,0.0,3,3 4
887,775.356201171875,773.0626831054688,649.2698364257812,349.0249938964844,2.96875,0.0,4.46875,4.46875,1.53125,0.0,1.0,0.90625,1.03125,32.10625076293945,35.96875,1.4375,1.96875,5.625,5.625,0.0,3,3 4
888,737.3804931640625,735.961669921875,619.0670776367188,343.33123779296875,2.84375,0.0,4.15625,4.15625,1.4375,0.0,0.875,0.84375,1.0,31.475000381469727,37.875,1.9375,1.84375,5.53125,5.53125,0.0,3,3 4
889,716.1029663085938,715.0186157226562,599.79296875,357.0,2.78125,0.0,4.25,4.25,1.625,0.0,0.75,0.875,1.0,30.90625,34.65625,1.46875,1.78125,4.5625,4.5625,0.0,3,3 4
890,752.6797485351562,750.4526977539062,631.0784912109375,352.21875,2.875,0.0,4.28125,4.28125,1.5625,0.0,0.84375,0.875,1.0,32.712501525878906,36.46875,2.1875,1.875,4.53125,4.53125,0.0,3,3 2
891,701.834228515625,699.7857666015625,585.927978515625,346.26251220703125,2.78125,0.0,4.0625,4.0625,1.46875,0.03125,0.78125,0.78125,1.0,30.456249237060547,38.34375,1.71875,1.78125,5.78125,5.78125,0.0,3,3 1
892,791.4043579101562,790.0517578125,665.1021118164062,360.23126220703125,2.96875,0.0,4.53125,4.53125,1.65625,0.0,0.90625,0.96875,1.0,34.03125,34.25,1.40625,1.96875,6.0625,6.0625,0.0,4,4 2
893,819.4887084960938,817.1246337890625,689.8707275390625,360.95001220703125,3.0,0.0,4.6875,4.6875,1.75,0.0,0.9375,0.9375,1.0625,35.868751525878906,29.8125,2.21875,2.0,9.84375,9.84375,0.0,2,2 0
894,760.8258056640625,758.9680786132812,637.0594482421875,340.0,2.9375,0.0,4.4375,4.4375,1.5625,0.0,0.90625,0.96875,1.0,32.131248474121094,35.65625,1.5625,1.9375,10.125,10.125,0.0,3,3 4
895,729.6566162109375,728.6383056640625,611.1389770507812,343.48748779296875,2.84375,0.0,4.3125,4.3125,1.625,0.0,0.8125,0.84375,1.03125,31.318750381469727,36.40625,1.0,1.84375,10.3125,10.3125,0.0,1,1 3
896,735.2592163085938,732.5181884765625,616.033203125,311.76873779296875,2.875,0.0,4.15625,4.15625,1.40625,0.0,0.875,0.84375,1.03125,30.674999237060547,39.0625,1.53125,1.875,9.9375,9.9375,0.0,4,4 1
897,712.9535522460938,711.0086059570312,596.1768798828125,323.90625,2.8125,0.0,4.25,4.25,1.625,0.0,0.78125,0.84375,1.0,30.618749618530273,39.40625,1.0,1.8125,7.65625,7.65625,0.0,2,2 3
898,781.7264404296875,780.1490478515625,657.0965576171875,340.42498779296875,2.9375,0.0,4.65625,4.65625,1.71875,0.0,0.96875,0.9375,1.03125,33.506248474121094,32.96875,1.0,1.9375,8.1875,8.1875,0.0,3,3 4
899,708.461181640625,706.8646850585938,595.44140625,314.9312438964844,2.75,0.0,4.125,4.125,1.40625,0.0,0.875,0.875,0.96875,31.537500381469727,36.875,2.21875,1.75,9.34375,9.34375,0.0,3,3 0
900,702.9490966796875,698.8820190429688,585.7388916015625,311.6875,2.8125,0.0,4.0,4.0,1.53125,0.0,0.6875,0.78125,1.0,30.1875,39.75,1.0,1.8125,8.46875,8.46875,0.0,3,3 2
901,685.5725708007812,683.2476806640625,572.352783203125,312.10626220703125,2.75,0.0,4.09375,4.09375,1.71875,0.0,0.625,0.75,1.0,30.081249237060547,40.1875,1.0,1.75,8.59375,8.59375,0.0,3,3 0
902,537.3180541992188,536.1695556640625,446.6591796875,265.1499938964844,2.40625,0.0,3.1875,3.1875,1.28125,0.0,0.4375,0.46875,1.0,24.668750762939453,38.53125,1.0625,1.40625,6.375,6.375,0.0,3,3 4
903,602.5270385742188,601.1392211914062,501.8267517089844,289.98126220703125,2.59375,0.0,3.28125,3.28125,1.21875,0.0,0.40625,0.65625,1.0,26.393749237060547,39.96875,1.0,1.59375,8.3125,8.3125,0.0,3,3 4
904,590.434326171875,588.427490234375,490.2100524902344,274.7437438964844,2.59375,0.0,3.25,3.25,1.3125,0.0,0.40625,0.5625,0.96875,25.237499237060547,44.0625,1.0,1.59375,5.75,5.75,0.0,3,3 2
905,573.6447143554688,572.23681640625,479.09979248046875,295.0,2.4375,0.0,3.28125,3.28125,1.25,0.0,0.5625,0.46875,1.0,27.149999618530273,30.40625,1.0,1.4375,5.78125,5.78125,0.0,4,4 3
906,618.049072265625,615.5487060546875,513.17578125,306.09375,2.625,0.0,3.46875,3.46875,1.28125,0.0,0.59375,0.59375,1.0,27.462499618530273,41.125,1.0,1.625,8.40625,8.40625,0.0,3,3 4
907,557.8119506835938,557.0257568359375,465.0585021972656,268.71875,2.4375,0.0,3.375,3.375,1.25,0.0,0.625,0.5,1.0,25.868749618530273,40.34375,1.625,1.4375,6.5,6.5,0.0,4,4 2
908,523.3447875976562,520.4901123046875,433.56756591796875,290.03125,2.34375,0.0,2.96875,2.96875,1.15625,0.0,0.375,0.46875,0.96875,22.825000762939453,34.78125,3.84375,1.34375,4.4375,4.4375,0.0,2,2 3
909,425.48828125,422.32843017578125,350.45208740234375,250.0749969482422,2.0625,0.0,2.8125,2.8125,1.25,0.0,0.21875,0.34375,1.0,19.431249618530273,39.0625,5.5,1.0625,4.125,4.125,0.0,3,3 4
910,524.1381225585938,522.302734375,433.2013244628906,288.33123779296875,2.375,0.0,3.15625,3.15625,1.15625,0.0,0.4375,0.5625,1.0,23.943750381469727,43.53125,2.78125,1.375,5.28125,5.28125,0.0,4,4 3
911,471.8344421386719,469.08673095703125,387.02862548828125,262.42498779296875,2.28125,0.0,2.78125,2.78125,1.1875,0.0,0.25,0.375,0.96875,22.21875,45.46875,2.5,1.28125,4.0625,4.0625,0.0,4,4 3
912,530.0201416015625,523.6376953125,432.1982421875,296.3500061035156,2.4375,0.0,3.0,3.0,1.1875,0.0,0.3125,0.5,1.0,23.59375,46.25,1.65625,1.4375,4.78125,4.78125,0.0,3,3 2
913,599.451171875,595.4973754882812,498.466796875,297.33123779296875,2.5,0.0,3.5625,3.5625,1.4375,0.0,0.46875,0.65625,1.0,27.299999237060547,38.75,2.65625,1.5,6.125,6.125,0.0,3,3 4
914,652.3117065429688,648.8933715820312,543.6353759765625,312.48748779296875,2.625,0.0,4.125,4.125,1.5625,0.0,0.78125,0.78125,1.0,27.131250381469727,37.34375,2.8125,1.625,6.21875,6.21875,0.0,3,3 4
915,670.19921875,667.4769287109375,558.7598876953125,323.90625,2.6875,0.0,4.09375,4.09375,1.625,0.0,0.78125,0.6875,1.0,29.287500381469727,40.53125,1.65625,1.6875,7.3125,7.3125,0.0,3,3 4
916,655.7496337890625,649.9268798828125,544.5148315429688,296.54998779296875,2.65625,0.0,4.0,4.0,1.59375,0.0,0.71875,0.71875,0.96875,27.899999618530273,37.96875,2.21875,1.65625,6.78125,6.78125,0.0,3,3 4
917,608.6481323242188,606.0725708007812,506.7572326660156,295.98748779296875,2.53125,0.0,3.84375,3.84375,1.5,0.0,0.71875,0.625,1.0,26.825000762939453,38.21875,1.625,1.53125,6.375,6.375,0.0,3,3 4
918,631.2097778320312,628.4801025390625,526.0474853515625,316.8187561035156,2.5625,0.0,3.96875,3.96875,1.5625,0.0,0.78125,0.625,1.0,28.287500381469727,36.0625,2.25,1.5625,10.40625,10.40625,0.0,3,3 0
919,711.2405395507812,709.6118774414062,596.6851806640625,314.1499938964844,2.78125,0.0,4.21875,4.21875,1.53125,0.0,0.84375,0.78125,1.0625,30.731250762939453,37.5,1.21875,1.78125,7.625,7.625,0.0,3,3 4
920,782.4714965820312,779.3562622070312,654.75244140625,351.32501220703125,2.96875,0.0,4.625,4.625,1.71875,0.0,0.9375,0.96875,1.0,32.5,40.34375,1.0,1.96875,8.4375,8.4375,0.0,3,3 4
921,773.5023193359375,771.3306274414062,649.4821166992188,325.2875061035156,2.9375,0.0,4.5625,4.5625,1.75,0.0,0.90625,0.90625,1.0,33.10625076293945,34.40625,1.0,1.9375,6.15625,6.15625,0.0,3,3 4
922,699.4146728515625,696.5203857421875,585.765380859375,323.3999938964844,2.71875,0.0,4.1875,4.1875,1.65625,0.03125,0.78125,0.75,0.96875,31.375,33.40625,1.59375,1.71875,5.3125,5.3125,0.0,3,3 4
923,712.4734497070312,710.9144897460938,597.6033935546875,317.71875,2.78125,0.0,4.25,4.25,1.59375,0.0,0.84375,0.8125,1.0,31.181249618530273,38.125,1.0,1.78125,4.78125,4.78125,0.0,4,4 3
924,694.3094482421875,692.4486083984375,580.7698974609375,320.08123779296875,2.75,0.0,4.15625,4.15625,1.53125,0.0,0.8125,0.8125,1.0,30.831249237060547,37.34375,1.0,1.75,4.96875,4.96875,0.0,3,3 1
925,723.6075439453125,721.057373046875,603.2985229492188,323.6625061035156,2.875,0.0,4.375,4.375,1.625,0.0,0.875,0.875,1.0,29.587499618530273,39.28125,1.0,1.875,4.4375,4.4375,0.0,3,3 4
926,685.4017333984375,683.1146240234375,571.6200561523438,321.1187438964844,2.75,0.0,4.21875,4.21875,1.5625,0.0,0.8125,0.84375,1.0,28.131250381469727,36.78125,1.0,1.75,5.125,5.125,0.0,3,3 4
927,806.0877075195312,803.0950927734375,677.0205688476562,340.08123779296875,3.0,0.0,4.75,4.75,1.78125,0.0,0.96875,0.96875,1.03125,33.724998474121094,36.5625,1.0,2.0,6.09375,6.09375,0.0,2,2 3
928,761.4715576171875,759.390380859375,639.3895874023438,340.20001220703125,2.875,0.0,4.59375,4.59375,1.65625,0.0,0.96875,0.96875,1.0,32.587501525878906,31.28125,1.0,1.875,7.03125,7.03125,0.0,2,2 3
929,639.9765014648438,637.4893798828125,535.5596313476562,307.9312438964844,2.5625,0.0,3.9375,3.9375,1.5,0.0,0.71875,0.71875,1.0,28.65625,35.84375,3.46875,1.5625,9.1875,9.1875,0.0,3,3 4
930,651.6691284179688,649.3369750976562,541.7456665039062,335.4312438964844,2.65625,0.0,4.03125,4.03125,1.5,0.0,0.75,0.78125,1.0,28.512500762939453,36.84375,1.0,1.65625,11.9375,11.9375,0.0,4,4 3
931,559.45166015625,557.7643432617188,466.2549743652344,297.9375,2.375,0.0,3.5625,3.5625,1.4375,0.0,0.59375,0.53125,1.0,25.625,35.53125,4.53125,1.375,10.1875,10.1875,0.0,4,4 3
932,656.1380004882812,653.0978393554688,547.0556030273438,336.2875061035156,2.625,0.0,3.9375,3.9375,1.46875,0.0,0.78125,0.6875,1.0,29.043750762939453,31.6875,3.0625,1.625,16.125,16.125,0.0,2,2 3
933,700.9008178710938,697.8767700195312,586.8457641601562,324.63751220703125,2.71875,0.0,4.28125,4.28125,1.59375,0.0,0.875,0.78125,1.03125,30.481250762939453,32.53125,1.9375,1.71875,15.34375,15.34375,0.0,4,4 2
934,715.8396606445312,712.2617797851562,597.3212280273438,343.4624938964844,2.78125,0.0,4.3125,4.3125,1.625,0.03125,0.84375,0.8125,1.0,31.693750381469727,37.46875,1.0,1.78125,15.15625,15.15625,0.0,3,3 4
935,750.458740234375,747.2461547851562,627.2129516601562,344.26251220703125,2.90625,0.0,4.21875,4.21875,1.40625,0.0,0.9375,0.875,1.0,32.681251525878906,34.84375,1.0,1.90625,15.65625,15.65625,0.0,3,3 2
936,663.4119262695312,659.9417724609375,553.57568359375,311.875,2.65625,0.0,4.0,4.0,1.4375,0.0,0.84375,0.71875,1.0,28.943750381469727,34.53125,1.6875,1.65625,12.375,12.375,0.0,3,3 2
937,700.0107421875,696.6911010742188,583.5809326171875,338.9312438964844,2.75,0.0,4.3125,4.3125,1.5625,0.0,0.875,0.875,1.0,30.075000762939453,37.90625,1.53125,1.75,12.28125,12.28125,0.0,4,4 2
938,705.4762573242188,701.8052978515625,588.0496215820312,316.07501220703125,2.8125,0.0,4.125,4.125,1.3125,0.0,0.90625,0.90625,1.0,29.59375,35.75,1.03125,1.8125,12.53125,12.53125,0.0,2,2 3
939,642.35595703125,639.8093872070312,534.8182373046875,310.78125,2.625,0.0,4.03125,4.03125,1.4375,0.0,0.8125,0.78125,1.0,28.206249237060547,34.96875,1.0,1.625,9.34375,9.34375,0.0,4,4 3
940,666.4927368164062,663.9758911132812,555.5720825195312,323.25,2.6875,0.0,4.03125,4.03125,1.53125,0.0,0.78125,0.75,0.96875,29.118749618530273,38.4375,1.46875,1.6875,8.40625,8.40625,0.0,4,4 2
941,599.9794311523438,597.2879638671875,500.77008056640625,301.1875,2.46875,0.0,3.71875,3.71875,1.3125,0.0,0.71875,0.6875,1.0,27.200000762939453,32.0625,3.96875,1.46875,5.78125,5.78125,0.0,3,3 4
942,651.1683349609375,649.2120361328125,544.5263671875,310.23748779296875,2.625,0.0,3.90625,3.90625,1.5,0.0,0.71875,0.6875,1.0,29.4375,39.6875,3.5,1.625,5.59375,5.59375,0.0,4,4 2
943,644.4573974609375,640.46728515625,535.7315063476562,332.9375,2.59375,0.0,4.0,4.0,1.4375,0.0,0.8125,0.75,1.0,28.618749618530273,35.875,2.0625,1.59375,6.8125,6.8125,0.0,3,3 1
944,709.251708984375,707.4012451171875,593.579345703125,337.0562438964844,2.78125,0.0,4.15625,4.15625,1.5625,0.0,0.8125,0.78125,1.0,30.731250762939453,37.15625,1.4375,1.78125,7.96875,7.96875,0.0,3,3 4
945,718.8314819335938,716.2654418945312,600.3387451171875,338.3062438964844,2.8125,0.0,4.34375,4.34375,1.65625,0.0,0.84375,0.84375,1.0,30.618749618530273,39.46875,1.0,1.8125,7.375,7.375,0.0,3,3 4
946,630.4696044921875,629.0126953125,526.1731567382812,306.8999938964844,2.59375,0.0,3.90625,3.90625,1.375,0.0,0.78125,0.75,1.0,27.399999618530273,35.90625,3.625,1.59375,5.875,5.875,0.0,4,4 3
947,695.229248046875,692.4362182617188,579.8972778320312,319.6812438964844,2.78125,0.0,4.09375,4.09375,1.46875,0.0,0.84375,0.78125,1.0,29.818750381469727,41.4375,1.96875,1.78125,4.34375,4.34375,0.0,3,3 4
948,717.2584838867188,715.196533203125,600.4334106445312,327.1312561035156,2.8125,0.0,4.1875,4.1875,1.4375,0.0,0.90625,0.84375,1.0,30.731250762939453,36.8125,1.28125,1.8125,4.0625,4.0625,0.0,4,4 3
949,696.9385375976562,693.1185302734375,580.4976806640625,321.96875,2.78125,0.0,4.125,4.125,1.375,0.0,0.875,0.90625,0.96875,28.943750381469727,37.8125,1.4375,1.78125,3.84375,3.84375,0.0,4,4 3
950,757.8273315429688,756.0367431640625,634.7485961914062,326.6187438964844,2.9375,0.0,4.46875,4.46875,1.5,0.0,1.0,0.96875,1.0,31.706249237060547,39.625,1.0,1.9375,3.4375,3.4375,0.0,3,3 2
951,694.9625854492188,693.3506469726562,581.9751586914062,312.9750061035156,2.75,0.0,4.25,4.25,1.4375,0.0,0.90625,0.90625,1.0,29.037500381469727,38.84375,1.46875,1.75,4.625,4.625,0.0,3,3 4
952,702.9141845703125,698.7291870117188,586.69091796875,308.38751220703125,2.78125,0.0,4.09375,4.09375,1.375,0.0,0.875,0.84375,1.0,30.174999237060547,37.8125,1.5,1.78125,3.125,3.125,0.0,4,4 3
953,749.2670288085938,747.9371337890625,629.0992431640625,333.04376220703125,2.875,0.0,4.40625,4.40625,1.5625,0.0,0.9375,0.90625,1.0,32.28125,38.8125,1.6875,1.875,2.46875,2.46875,0.0,3,3 1
954,797.3519897460938,794.8839721679688,669.37646484375,328.6499938964844,3.0,0.0,4.75,4.75,1.75,0.0,1.0,1.0,1.0,33.75,38.84375,1.0,2.0,3.15625,3.15625,0.0,4,4 3
955,722.1180419921875,720.4567260742188,605.0682373046875,300.6625061035156,2.84375,0.0,4.34375,4.34375,1.4375,0.0,1.0,0.90625,1.0,30.793750762939453,37.59375,1.0,1.84375,3.09375,3.09375,0.0,4,4 1
956,669.65380859375,666.7537841796875,560.2569580078125,309.10626220703125,2.65625,0.0,4.0625,4.0625,1.5,0.0,0.78125,0.78125,1.0,29.049999237060547,36.59375,1.6875,1.65625,3.21875,3.21875,0.0,4,4 2
957,688.640625,685.8834228515625,576.4691162109375,309.89373779296875,2.71875,0.0,4.0625,4.0625,1.5,0.0,0.78125,0.78125,1.0,30.456249237060547,40.71875,1.34375,1.71875,3.3125,3.3125,0.0,4,4 2
958,743.8615112304688,741.393798828125,622.388916015625,334.48748779296875,2.875,0.0,4.5,4.5,1.625,0.0,0.96875,0.90625,1.0,30.725000381469727,38.53125,1.28125,1.875,4.03125,4.03125,0.0,4,4 3
959,730.9097290039062,728.8302001953125,612.9522705078125,327.6937561035156,2.8125,0.0,4.4375,4.4375,1.625,0.03125,0.90625,0.84375,1.03125,31.212499618530273,37.21875,1.6875,1.8125,4.15625,4.15625,0.0,4,4 2
960,677.129150390625,675.4077758789062,568.0147705078125,312.07501220703125,2.65625,0.0,4.25,4.25,1.53125,0.0,0.875,0.84375,1.0,29.037500381469727,33.34375,2.3125,1.65625,4.5,4.5,0.0,3,3 4
961,707.7684936523438,705.3865356445312,592.9700317382812,307.5249938964844,2.78125,0.0,4.21875,4.21875,1.53125,0.0,0.84375,0.8125,1.03125,29.737499237060547,35.46875,1.03125,1.78125,4.75,4.75,0.0,3,3 4
962,747.2932739257812,743.7216186523438,626.922119140625,323.79998779296875,2.84375,0.0,4.3125,4.3125,1.6875,0.0,0.78125,0.84375,1.0,32.900001525878906,35.65625,1.625,1.84375,3.65625,3.65625,0.0,4,4 2
963,845.881103515625,842.88525390625,713.6647338867188,333.6625061035156,3.0625,0.0,4.84375,4.84375,1.84375,0.0,1.0,0.9375,1.0625,36.318748474121094,35.3125,1.0,2.0625,4.59375,4.59375,0.0,3,3 4
964,725.6464233398438,722.1204833984375,608.5634765625,307.3687438964844,2.78125,0.0,4.4375,4.4375,1.65625,0.0,0.96875,0.84375,0.96875,31.256250381469727,33.1875,1.21875,1.78125,4.75,4.75,0.0,2,2 4
965,751.1831665039062,748.2227783203125,631.567626953125,314.36248779296875,2.84375,0.0,4.375,4.375,1.6875,0.0,0.90625,0.78125,1.0,33.33124923706055,33.28125,1.0,1.84375,5.9375,5.9375,0.0,3,3 4
966,759.798583984375,757.268798828125,639.8217163085938,306.3125,2.875,0.0,4.375,4.375,1.65625,0.0,0.90625,0.8125,1.0,32.67499923706055,34.875,1.65625,1.875,6.0625,6.0625,0.0,3,3 2
967,723.2490234375,720.5408935546875,607.158447265625,304.88751220703125,2.78125,0.0,4.4375,4.4375,1.625,0.0,0.90625,0.90625,1.0,30.975000381469727,37.15625,1.71875,1.78125,4.84375,4.84375,0.0,3,3 2
968,777.27978515625,774.1567993164062,652.78076171875,319.1312561035156,2.9375,0.0,4.46875,4.46875,1.625,0.0,0.96875,0.875,1.0,34.275001525878906,38.96875,1.0,1.9375,6.15625,6.15625,0.0,3,3 2
969,809.5559692382812,804.0238037109375,678.06494140625,339.59375,3.0,0.0,4.6875,4.6875,1.8125,0.0,0.96875,0.9375,0.96875,34.60625076293945,32.09375,1.0,2.0,8.0,8.0,0.0,3,3 2
970,760.9202880859375,758.5516357421875,640.250732421875,309.67498779296875,2.875,0.0,4.5,4.5,1.71875,0.0,0.90625,0.875,1.0,33.70624923706055,34.78125,1.0,1.875,6.9375,6.9375,0.0,3,3 2
971,747.8775634765625,745.3153686523438,628.1283569335938,300.04998779296875,2.875,0.0,4.40625,4.40625,1.71875,0.0,0.8125,0.875,1.0,32.275001525878906,36.125,1.0,1.875,8.125,8.125,0.0,2,2 3
972,730.2153930664062,727.2813720703125,613.034912109375,304.6812438964844,2.8125,0.0,4.3125,4.3125,1.65625,0.0,0.8125,0.84375,1.0,31.318750381469727,33.78125,1.6875,1.8125,8.8125,8.8125,0.0,2,2 3
973,760.305419921875,756.686279296875,635.857421875,321.26251220703125,2.9375,0.0,4.4375,4.4375,1.65625,0.0,0.84375,0.9375,1.0,31.337499618530273,36.0625,1.0,1.9375,9.5,9.5,0.0,3,3 2
974,773.9814453125,770.5303955078125,650.8060913085938,308.4437561035156,2.90625,0.0,4.59375,4.59375,1.75,0.0,0.9375,0.875,1.03125,32.58124923706055,36.9375,1.5,1.90625,11.1875,11.1875,0.0,2,2 3
975,737.5452270507812,734.9674682617188,618.21630859375,313.73126220703125,2.84375,0.0,4.46875,4.46875,1.6875,0.0,0.875,0.90625,1.0,31.956249237060547,36.71875,1.0,1.84375,10.625,10.625,0.0,3,3 2
976,734.8651123046875,732.1065673828125,614.7788696289062,324.1000061035156,2.875,0.0,4.1875,4.1875,1.53125,0.0,0.8125,0.78125,1.0625,31.237499237060547,36.71875,1.625,1.875,12.09375,12.09375,0.0,2,2 3
977,694.6866455078125,691.9971313476562,580.0997314453125,318.98126220703125,2.75,0.0,4.25,4.25,1.59375,0.0,0.78125,0.875,1.0,30.268749237060547,34.1875,1.0,1.75,9.21875,9.21875,0.0,2,2 3
978,691.6323852539062,687.91845703125,578.4976806640625,291.92498779296875,2.75,0.0,3.96875,3.96875,1.5,0.0,0.71875,0.78125,0.96875,30.274999618530273,37.0,1.0,1.75,9.21875,9.21875,0.0,3,3 4
979,664.2359619140625,660.7159423828125,556.9024658203125,289.2562561035156,2.625,0.0,3.96875,3.96875,1.5,0.0,0.78125,0.6875,1.0,29.03125,35.375,1.875,1.625,7.125,7.125,0.0,3,3 2
980,775.1408081054688,771.7868041992188,650.9185791015625,310.85626220703125,2.9375,0.0,4.5625,4.5625,1.65625,0.0,0.90625,0.96875,1.03125,31.668750762939453,34.09375,1.0,1.9375,7.28125,7.28125,0.0,3,3 2
981,659.762939453125,656.3410034179688,552.9845581054688,293.03125,2.59375,0.0,4.15625,4.15625,1.59375,0.0,0.78125,0.78125,1.0,28.568750381469727,32.03125,2.6875,1.59375,7.78125,7.78125,0.0,2,2 3
982,657.4450073242188,654.4348754882812,548.9474487304688,286.875,2.6875,0.0,3.8125,3.8125,1.375,0.0,0.75,0.71875,0.96875,27.881250381469727,40.46875,2.28125,1.6875,8.84375,8.84375,0.0,2,2 3
983,567.340087890625,564.8324584960938,472.4764709472656,264.1000061035156,2.4375,0.0,3.59375,3.59375,1.3125,0.0,0.65625,0.59375,1.03125,24.450000762939453,39.3125,3.96875,1.4375,11.5625,11.5625,0.0,2,2 4
984,532.3695678710938,530.0646362304688,443.39892578125,263.08123779296875,2.3125,0.0,3.5625,3.5625,1.40625,0.0,0.625,0.5625,0.96875,22.981250762939453,35.28125,5.09375,1.3125,9.59375,9.59375,0.0,3,3 2
985,664.017578125,662.9746704101562,555.7385864257812,292.5375061035156,2.71875,0.0,3.84375,3.84375,1.4375,0.0,0.6875,0.75,0.96875,28.037500381469727,36.5625,3.25,1.71875,10.71875,10.71875,0.0,2,2 3
986,719.5613403320312,716.0841064453125,602.104736328125,299.6499938964844,2.8125,0.0,4.375,4.375,1.625,0.0,0.875,0.875,1.0,29.84375,29.4375,1.0,1.8125,10.4375,10.4375,0.0,3,3 2
987,703.9412841796875,701.5406494140625,589.1727294921875,283.5249938964844,2.8125,0.0,4.15625,4.15625,1.5625,0.0,0.75,0.78125,1.0625,30.231250762939453,33.46875,1.0,1.8125,10.9375,10.9375,0.0,2,2 3
988,756.4782104492188,753.7131958007812,638.9113159179688,270.10626220703125,2.84375,0.0,4.5,4.5,1.65625,0.0,0.9375,0.875,1.03125,32.54999923706055,27.8125,2.5625,1.84375,8.46875,8.46875,0.0,3,3 4
989,801.4581909179688,796.81005859375,672.7288208007812,315.54998779296875,3.0,0.0,4.59375,4.59375,1.71875,0.0,0.9375,0.9375,1.0,32.9375,33.625,1.90625,2.0,10.34375,10.34375,0.0,3,3 2
990,879.3873901367188,876.1521606445312,740.4705810546875,336.2250061035156,3.21875,0.0,4.8125,4.8125,1.78125,0.0,1.0,1.0,1.03125,35.73749923706055,32.25,1.0,2.21875,11.78125,11.78125,0.0,3,3 2
991,804.6094360351562,803.2040405273438,680.8746948242188,295.32501220703125,2.96875,0.0,4.6875,4.6875,1.75,0.0,0.96875,0.9375,1.03125,34.03125,29.125,1.59375,1.96875,11.84375,11.84375,0.0,2,2 1
992,772.20703125,769.5772705078125,651.0099487304688,289.46875,2.90625,0.0,4.5625,4.5625,1.6875,0.0,0.96875,0.90625,1.0,32.118751525878906,31.1875,2.71875,1.90625,11.84375,11.84375,0.0,3,3 4
993,788.4290771484375,785.0989990234375,664.7291870117188,309.54376220703125,2.9375,0.0,4.375,4.375,1.6875,0.0,0.71875,0.875,1.09375,33.431251525878906,31.3125,1.25,1.9375,11.90625,11.90625,0.0,2,2 3
994,797.8449096679688,796.5812377929688,672.7923583984375,311.7124938964844,3.0,0.0,4.5,4.5,1.75,0.0,0.78125,0.90625,1.0625,34.462501525878906,31.09375,1.0,2.0,9.875,9.875,0.0,3,3 2
995,872.325927734375,869.5947265625,738.4893798828125,308.04998779296875,3.125,0.0,4.96875,4.96875,1.78125,0.0,1.03125,0.9375,1.21875,36.54375076293945,30.6875,1.0,2.125,9.5625,9.5625,0.0,3,3 1
996,828.5527954101562,825.5726318359375,698.6978759765625,311.58123779296875,3.0625,0.0,4.65625,4.65625,1.6875,0.0,0.9375,1.0,1.03125,33.587501525878906,34.625,1.0,2.0625,10.28125,10.28125,0.0,2,2 3
997,712.5805053710938,710.5977172851562,599.1450805664062,280.65625,2.78125,0.0,4.3125,4.3125,1.59375,0.0,0.84375,0.875,1.0,29.762500762939453,32.15625,1.0,1.78125,9.53125,9.53125,0.0,3,3 2
998,789.9493408203125,785.8123779296875,662.688232421875,306.0687561035156,3.0,0.0,4.5,4.5,1.6875,0.0,0.90625,0.875,1.03125,32.337501525878906,36.5625,1.0,2.0,11.21875,11.21875,0.0,3,3 2
999,652.7796630859375,649.3462524414062,543.4507446289062,277.08123779296875,2.6875,0.0,4.09375,4.09375,1.59375,0.0,0.75,0.75,1.0,26.618749618530273,37.375,1.0,1.6875,12.46875,12.46875,0.0,3,3 2
1000,691.3989868164062,689.0858154296875,580.6484375,274.7562561035156,2.75,0.0,3.96875,3.96875,1.5,0.0,0.6875,0.75,1.03125,29.581249237060547,38.15625,1.1875,1.75,10.65625,10.65625,0.0,3,3 2
1001,662.9434204101562,658.003173828125,554.5584716796875,284.4750061035156,2.625,0.0,3.90625,3.90625,1.46875,0.0,0.6875,0.71875,1.03125,29.700000762939453,33.4375,1.0,1.625,14.0625,14.0625,0.0,3,3 2
1002,811.736572265625,809.786865234375,683.847900390625,315.54376220703125,3.0625,0.0,4.375,4.375,1.59375,0.0,0.84375,0.8125,1.125,33.537498474121094,34.3125,1.0,2.0625,17.1875,17.1875,0.0,2,2 3
1003,765.8770751953125,762.08251953125,643.6937255859375,305.7437438964844,2.90625,0.0,4.28125,4.28125,1.65625,0.0,0.78125,0.8125,1.03125,32.85625076293945,31.25,1.0,1.90625,17.625,17.625,0.0,2,2 3
1004,756.4778442382812,753.770751953125,637.5152587890625,297.0562438964844,2.875,0.0,4.15625,4.15625,1.5625,0.0,0.78125,0.75,1.0625,33.48749923706055,36.96875,1.0,1.875,15.8125,15.8125,0.0,3,3 2
1005,758.7030029296875,755.9155883789062,637.9073486328125,297.0062561035156,2.90625,0.0,4.3125,4.3125,1.6875,0.0,0.78125,0.8125,1.03125,32.474998474121094,31.59375,1.0,1.90625,14.375,14.375,0.0,3,3 4
1006,795.1272583007812,792.7123413085938,671.3178100585938,306.4937438964844,2.96875,0.0,4.3125,4.3125,1.59375,0.0,0.75,0.84375,1.125,34.068748474121094,33.09375,1.0,1.96875,14.3125,14.3125,0.0,2,2 3
1007,824.0007934570312,821.1044921875,694.2459106445312,321.17498779296875,3.0625,0.0,4.4375,4.4375,1.6875,0.0,0.875,0.84375,1.03125,35.693748474121094,37.1875,1.0,2.0625,17.90625,17.90625,0.0,2,2 4
1008,764.9114990234375,760.766845703125,641.916259765625,314.4624938964844,2.90625,0.0,4.25,4.25,1.5625,0.0,0.78125,0.8125,1.09375,33.693748474121094,28.78125,1.0,1.90625,20.5625,20.5625,0.0,3,3 2
1009,764.4729614257812,760.3840942382812,641.7733154296875,319.54376220703125,2.875,0.0,4.46875,4.46875,1.65625,0.0,0.875,0.84375,1.09375,33.381248474121094,32.5625,1.0,1.875,17.21875,17.21875,0.0,3,3 2
1010,766.1350708007812,763.4349365234375,644.4248046875,331.76873779296875,2.875,0.0,4.34375,4.34375,1.625,0.0,0.875,0.78125,1.0625,34.98125076293945,30.75,1.59375,1.875,17.03125,17.03125,0.0,2,2 3
1011,709.7371826171875,706.4376831054688,595.8318481445312,302.23748779296875,2.75,0.0,4.0,4.0,1.59375,0.0,0.71875,0.6875,1.0,33.29999923706055,30.59375,1.0,1.75,15.90625,15.90625,0.0,3,3 2
1012,904.3703002929688,897.8473510742188,761.3216552734375,351.86248779296875,3.21875,0.0,4.65625,4.65625,1.71875,0.0,0.9375,0.875,1.125,39.556251525878906,36.375,1.0,2.21875,17.09375,17.09375,0.0,3,3 2
1013,772.7025146484375,771.0201416015625,651.6463623046875,319.1875,2.90625,0.0,4.3125,4.3125,1.5625,0.0,0.90625,0.8125,1.03125,33.900001525878906,37.03125,1.0,1.90625,17.65625,17.65625,0.0,2,2 3
1014,717.8906860351562,716.4111938476562,600.2860107421875,317.8187561035156,2.875,0.0,3.96875,3.96875,1.53125,0.0,0.65625,0.75,1.03125,31.162500381469727,41.0,1.0,1.875,20.0625,20.0625,0.0,3,3 2
1015,623.0094604492188,619.205078125,516.3363037109375,285.79376220703125,2.65625,0.0,3.5625,3.5625,1.21875,0.0,0.65625,0.6875,1.0,26.481250762939453,43.09375,1.0,1.65625,21.78125,21.78125,0.0,2,2 3
1016,606.419189453125,602.1380615234375,501.99951171875,287.70001220703125,2.59375,0.0,3.46875,3.46875,1.15625,0.0,0.65625,0.6875,0.96875,27.450000762939453,40.5625,1.0,1.59375,24.0625,24.0625,0.0,3,3 4
1017,576.8502807617188,572.9736328125,477.39208984375,280.5562438964844,2.5,0.0,3.4375,3.4375,1.3125,0.0,0.53125,0.59375,1.0,26.6875,41.90625,1.0,1.5,21.46875,21.46875,0.0,3,3 2
1018,657.1931762695312,653.6129150390625,546.794921875,314.9312438964844,2.6875,0.0,3.78125,3.78125,1.3125,0.0,0.6875,0.78125,1.0,28.174999237060547,39.65625,1.1875,1.6875,22.6875,22.6875,0.0,3,3 2
1019,652.9742431640625,648.8125610351562,542.8304443359375,317.9125061035156,2.65625,0.0,3.8125,3.8125,1.375,0.0,0.6875,0.75,1.0,29.299999237060547,38.9375,1.6875,1.65625,21.71875,21.71875,0.0,3,3 2
1020,612.8756713867188,606.79296875,507.2786560058594,302.35626220703125,2.53125,0.0,3.78125,3.78125,1.34375,0.0,0.75,0.6875,1.0,27.549999237060547,37.4375,1.03125,1.53125,23.4375,23.4375,0.0,3,3 2
1021,670.0878295898438,667.3167724609375,561.8578491210938,308.91876220703125,2.65625,0.0,3.6875,3.6875,1.375,0.0,0.625,0.65625,1.03125,31.668750762939453,36.15625,1.65625,1.65625,18.75,18.75,0.0,4,4 2
1022,644.162353515625,641.0294189453125,537.1778564453125,319.35626220703125,2.59375,0.0,3.90625,3.90625,1.40625,0.0,0.75,0.75,1.0,29.5625,32.09375,2.1875,1.59375,20.71875,20.71875,0.0,2,2 3
1023,656.882568359375,653.1961059570312,550.9447021484375,297.375,2.59375,0.0,3.78125,3.78125,1.40625,0.0,0.65625,0.6875,1.03125,29.556249618530273,33.0,3.875,1.59375,16.1875,16.1875,0.0,3,3 4
1024,741.6549072265625,738.4725341796875,622.1249389648438,321.67498779296875,2.84375,0.0,4.25,4.25,1.59375,0.0,0.84375,0.78125,1.03125,32.368751525878906,37.5625,1.0,1.84375,16.15625,16.15625,0.0,3,3 4
1025,874.4385375976562,872.3236083984375,739.1017456054688,335.61248779296875,3.1875,0.0,4.40625,4.40625,1.625,0.0,0.84375,0.875,1.0625,38.5625,35.5625,1.53125,2.1875,13.96875,13.96875,0.0,3,3 2
1026,879.2123413085938,877.8271484375,745.6495361328125,324.76251220703125,3.15625,0.0,4.59375,4.59375,1.6875,0.0,0.90625,0.90625,1.09375,38.900001525878906,33.15625,1.0,2.15625,11.78125,11.78125,0.0,3,3 1
1027,890.7691650390625,886.8109130859375,752.6600952148438,345.33123779296875,3.15625,0.0,4.8125,4.8125,1.8125,0.0,0.96875,0.9375,1.09375,39.287498474121094,26.375,1.6875,2.15625,15.40625,15.40625,0.0,3,3 2
1028,859.9107666015625,857.9485473632812,728.7503051757812,325.7124938964844,3.09375,0.0,4.53125,4.53125,1.6875,0.0,0.90625,0.84375,1.09375,38.056251525878906,28.9375,2.28125,2.09375,13.71875,13.71875,0.0,3,3 2
1029,918.5421752929688,917.4373168945312,778.23095703125,335.7875061035156,3.28125,0.0,4.90625,4.90625,1.8125,0.0,0.96875,0.96875,1.15625,38.775001525878906,30.4375,1.0,2.28125,15.3125,15.3125,0.0,4,4 2
1030,745.9539794921875,743.8011474609375,632.5094604492188,314.84375,2.71875,0.0,4.28125,4.28125,1.5,0.0,0.875,0.75,1.15625,34.650001525878906,26.625,3.15625,1.71875,15.25,15.25,0.0,4,4 0
1031,792.0696411132812,788.4854736328125,668.5036010742188,332.3374938964844,2.875,0.0,4.5,4.5,1.65625,0.0,0.90625,0.84375,1.09375,36.75,26.8125,1.0,1.875,15.125,15.125,0.0,3,3 2
1032,662.9464111328125,660.4216918945312,557.9708862304688,301.51251220703125,2.5625,0.0,4.0625,4.0625,1.5,0.0,0.8125,0.6875,1.0625,30.556249618530273,26.3125,2.5625,1.5625,13.53125,13.53125,0.0,3,3 4
1033,733.1964111328125,730.01611328125,619.3198852539062,297.42498779296875,2.75,0.0,4.0625,4.0625,1.4375,0.0,0.84375,0.6875,1.09375,33.75,28.5625,2.1875,1.75,11.15625,11.15625,0.0,2,2 4
1034,790.6651000976562,786.89013671875,667.0555419921875,314.98126220703125,2.90625,0.0,4.4375,4.4375,1.6875,0.0,0.9375,0.84375,0.96875,34.849998474121094,30.0,1.0,1.90625,10.4375,10.4375,0.0,3,3 2
1035,877.4205932617188,873.2235107421875,742.0571899414062,331.41876220703125,3.125,0.0,4.5625,4.5625,1.71875,0.0,0.96875,0.71875,1.15625,39.41875076293945,26.46875,1.0,2.125,11.28125,11.28125,0.0,3,3 0
1036,877.6194458007812,876.6513671875,745.88720703125,327.92498779296875,3.125,0.0,4.5,4.5,1.6875,0.0,0.90625,0.78125,1.125,39.54375076293945,30.625,1.0,2.125,10.09375,10.09375,0.0,3,3 4
1037,668.5264892578125,667.0401611328125,562.6738891601562,280.33123779296875,2.65625,0.0,3.8125,3.8125,1.46875,0.0,0.75,0.625,0.96875,30.762500762939453,36.75,1.0,1.65625,9.4375,9.4375,0.0,3,3 2
1038,737.6806030273438,734.7769775390625,620.7664184570312,291.51251220703125,2.84375,0.0,4.03125,4.03125,1.5625,0.0,0.78125,0.65625,1.03125,32.625,33.90625,1.0,1.84375,9.96875,9.96875,0.0,3,3 2
1039,707.51806640625,705.7781982421875,596.8323974609375,289.67498779296875,2.71875,0.0,4.125,4.125,1.59375,0.0,0.84375,0.6875,1.0,32.08124923706055,31.71875,1.6875,1.71875,10.6875,10.6875,0.0,3,3 2
1040,787.0369262695312,783.9266967773438,664.1947021484375,310.91876220703125,2.9375,0.0,4.09375,4.09375,1.5625,0.0,0.78125,0.6875,1.0625,35.756248474121094,33.40625,1.0,1.9375,13.625,13.625,0.0,3,3 2
1041,792.8407592773438,789.99169921875,669.6466674804688,319.95623779296875,2.9375,0.0,4.15625,4.15625,1.5625,0.0,0.8125,0.78125,1.0,35.26250076293945,38.40625,2.375,1.9375,12.0625,12.0625,0.0,2,2 3
1042,735.65478515625,732.3372802734375,617.0281982421875,319.125,2.84375,0.0,4.0,4.0,1.53125,0.0,0.75,0.71875,1.0,32.86249923706055,39.75,1.53125,1.84375,13.40625,13.40625,0.0,3,3 2
1043,758.2260131835938,754.1842041015625,636.0972900390625,341.91876220703125,2.84375,0.0,4.34375,4.34375,1.75,0.0,0.78125,0.8125,1.0,34.32500076293945,37.78125,2.40625,1.84375,16.59375,16.59375,0.0,3,3 2
1044,719.0881958007812,715.8765869140625,604.1421508789062,311.9937438964844,2.75,0.0,4.15625,4.15625,1.59375,0.0,0.8125,0.75,1.0,33.38750076293945,35.8125,1.71875,1.75,14.59375,14.59375,0.0,3,3 2
1045,738.3655395507812,735.0576171875,620.07568359375,324.1937561035156,2.8125,0.0,4.1875,4.1875,1.625,0.0,0.78125,0.75,1.03125,32.76250076293945,38.375,2.4375,1.8125,15.5625,15.5625,0.0,3,3 2
1046,741.3341064453125,740.1490478515625,624.1083374023438,328.90625,2.8125,0.0,4.375,4.375,1.6875,0.0,0.90625,0.78125,1.0,33.16875076293945,35.6875,1.5,1.8125,17.5,17.5,0.0,4,4 3
1047,807.2391357421875,804.3221435546875,680.7136840820312,332.51251220703125,2.96875,0.0,4.4375,4.4375,1.65625,0.0,0.90625,0.84375,1.03125,36.36249923706055,35.03125,2.46875,1.96875,17.25,17.25,0.0,3,3 2
1048,806.3634643554688,803.2868041992188,680.3004760742188,328.0562438964844,2.9375,0.0,4.65625,4.65625,1.90625,0.0,0.84375,0.90625,1.0,36.57500076293945,33.8125,1.5,1.9375,17.6875,17.6875,0.0,3,3 2
1049,701.9537353515625,698.7350463867188,588.7130737304688,303.8999938964844,2.71875,0.0,4.21875,4.21875,1.65625,0.0,0.8125,0.75,1.0,32.025001525878906,31.78125,2.1875,1.71875,17.5,17.5,0.0,3,3 4
1050,747.9968872070312,746.0553588867188,629.9044189453125,322.0562438964844,2.8125,0.0,4.5,4.5,1.71875,0.0,0.90625,0.875,1.0,32.90625,31.09375,1.6875,1.8125,13.90625,13.90625,0.0,3,3 2
1051,691.231689453125,688.32666015625,578.2870483398438,318.14373779296875,2.71875,0.0,4.09375,4.09375,1.625,0.0,0.75,0.75,0.96875,30.943750381469727,40.3125,3.03125,1.71875,17.84375,17.84375,0.0,3,3 2
1052,595.4990234375,590.7327880859375,491.860107421875,272.60626220703125,2.59375,0.0,3.375,3.375,1.34375,0.0,0.46875,0.5625,1.0,26.693750381469727,46.75,1.0,1.59375,11.5,11.5,0.0,3,3 2
1053,718.1805419921875,712.9361572265625,597.7314453125,316.5625,2.84375,0.0,4.0625,4.0625,1.5625,0.0,0.71875,0.8125,0.96875,31.606250762939453,41.9375,1.0,1.84375,15.59375,15.59375,0.0,3,3 2
1054,724.6749877929688,720.1704711914062,606.9500732421875,303.8125,2.78125,0.0,4.375,4.375,1.65625,0.0,0.875,0.84375,1.0,31.762500762939453,38.34375,1.71875,1.78125,13.4375,13.4375,0.0,3,3 4
1055,776.9143676757812,773.7132568359375,654.0042724609375,321.0062561035156,2.90625,0.0,4.3125,4.3125,1.5625,0.0,0.9375,0.84375,0.96875,35.256248474121094,37.53125,1.0,1.90625,16.1875,16.1875,0.0,3,3 2
1056,828.0762329101562,823.6219482421875,695.8756103515625,319.875,3.0625,0.0,4.6875,4.6875,1.78125,0.0,0.96875,0.9375,1.0,35.431251525878906,40.0,1.0,2.0625,15.53125,15.53125,0.0,3,3 4
1057,745.2215576171875,742.2404174804688,627.6061401367188,303.5562438964844,2.78125,0.0,4.6875,4.6875,1.78125,0.0,0.96875,0.9375,1.0,32.743751525878906,31.46875,1.0,1.78125,15.0,15.0,0.0,2,2 3
1058,802.9156494140625,798.565673828125,676.5213012695312,312.3687438964844,2.9375,0.0,4.65625,4.65625,1.71875,0.0,1.0,0.9375,1.0,35.70000076293945,32.28125,1.0,1.9375,13.90625,13.90625,0.0,3,3 2
1059,820.1444091796875,815.02294921875,690.5692138671875,311.54376220703125,3.0,0.0,4.65625,4.65625,1.75,0.0,0.9375,0.9375,1.03125,34.73125076293945,36.28125,1.5,2.0,13.6875,13.6875,0.0,3,3 2
1060,840.0469970703125,836.7242431640625,708.4510498046875,317.98126220703125,3.0625,0.0,4.8125,4.8125,1.8125,0.0,1.0,1.0,1.0,36.10625076293945,37.84375,1.0,2.0625,12.03125,12.03125,0.0,3,3 2
1061,935.7621459960938,930.5908203125,791.118896484375,328.98748779296875,3.28125,0.0,5.0,5.0,1.875,0.0,1.0625,0.96875,1.09375,40.056251525878906,32.1875,1.0,2.28125,11.28125,11.28125,0.0,2,2 3
1062,814.9542236328125,812.422119140625,687.7054443359375,315.0249938964844,3.0,0.0,4.625,4.625,1.78125,0.0,0.90625,0.9375,1.0,35.91875076293945,38.6875,1.0,2.0,11.625,11.625,0.0,3,3 2
1063,911.069091796875,907.2703857421875,771.2261962890625,324.32501220703125,3.21875,0.0,4.875,4.875,1.875,0.0,1.0,1.0,1.0,39.66875076293945,30.90625,1.0,2.21875,11.5,11.5,0.0,3,3 4
1064,860.3155517578125,856.0978393554688,727.0593872070312,316.40625,3.0625,0.0,4.90625,4.90625,1.90625,0.0,1.0,1.0,1.0,38.712501525878906,22.5,1.0,2.0625,11.875,11.875,0.0,3,3 2
1065,820.568603515625,817.2266845703125,692.53564453125,315.48126220703125,3.0,0.0,4.59375,4.59375,1.84375,0.0,0.875,0.875,1.0,36.34375,32.5625,1.0,2.0,12.28125,12.28125,0.0,3,3 4
1066,824.7422485351562,820.3995361328125,693.5743408203125,343.8187561035156,3.0,0.0,4.78125,4.78125,1.84375,0.0,0.9375,0.96875,1.03125,36.162498474121094,29.21875,1.5,2.0,15.96875,15.96875,0.0,3,3 2
1067,786.0691528320312,782.8612060546875,662.5859375,332.86248779296875,2.875,0.0,4.625,4.625,1.8125,0.0,0.90625,0.90625,1.0,35.45624923706055,32.4375,2.78125,1.875,12.84375,12.84375,0.0,3,3 2
1068,692.5406494140625,688.2998046875,579.7650146484375,328.36248779296875,2.65625,0.0,4.25,4.25,1.6875,0.0,0.71875,0.84375,1.0,30.856250762939453,30.90625,3.65625,1.65625,11.21875,11.21875,0.0,3,3 2
1069,787.5164184570312,783.7914428710938,660.7540283203125,334.5562438964844,2.96875,0.0,4.34375,4.34375,1.75,0.0,0.6875,0.90625,1.0,34.70624923706055,35.9375,1.65625,1.96875,10.46875,10.46875,0.0,3,3 2
1070,737.29248046875,733.0283813476562,616.2041625976562,337.21875,2.84375,0.0,4.1875,4.1875,1.65625,0.0,0.71875,0.84375,0.96875,32.087501525878906,36.75,1.46875,1.84375,9.0,9.0,0.0,3,3 2
1071,748.6634521484375,741.6569213867188,622.1414184570312,352.79376220703125,2.875,0.0,4.3125,4.3125,1.75,0.0,0.71875,0.875,0.96875,32.64374923706055,39.5,1.53125,1.875,9.34375,9.34375,0.0,3,3 2
1072,720.955078125,716.6008911132812,601.3077392578125,350.8999938964844,2.78125,0.0,4.28125,4.28125,1.78125,0.0,0.6875,0.8125,1.0,32.28125,39.9375,1.5,1.78125,9.53125,9.53125,0.0,3,3 2
1073,764.5382080078125,759.5045776367188,640.3607177734375,327.2562561035156,2.875,0.0,4.5,4.5,1.78125,0.0,0.84375,0.875,1.0,33.506248474121094,34.5625,1.5625,1.875,11.25,11.25,0.0,3,3 2
1074,717.2820434570312,712.1295776367188,601.7283935546875,311.41876220703125,2.71875,0.0,4.1875,4.1875,1.625,0.0,0.78125,0.78125,1.0,32.73749923706055,29.78125,1.0,1.71875,9.875,9.875,0.0,3,3 2
1075,812.2553100585938,809.755126953125,684.5540771484375,321.8999938964844,3.0,0.0,4.625,4.625,1.71875,0.0,1.0,0.90625,1.0,36.70000076293945,31.59375,1.0,2.0,11.625,11.625,0.0,3,3 2
1076,767.5408325195312,761.9725341796875,644.0184936523438,326.10626220703125,2.84375,0.0,4.53125,4.53125,1.78125,0.0,0.875,0.875,1.0,33.8125,35.8125,1.03125,1.84375,9.5625,9.5625,0.0,3,3 2
1077,791.5000610351562,786.3685302734375,664.5241088867188,338.58123779296875,2.90625,0.0,4.625,4.625,1.8125,0.0,0.90625,0.90625,1.0,35.29375076293945,34.6875,1.59375,1.90625,12.125,12.125,0.0,3,3 4
1078,699.4382934570312,694.474365234375,584.7658081054688,298.86248779296875,2.71875,0.0,4.28125,4.28125,1.71875,0.0,0.78125,0.78125,1.0,30.293750762939453,35.0,2.5625,1.71875,11.28125,11.28125,0.0,3,3 2
1079,671.3223266601562,667.3043212890625,564.3405151367188,299.65625,2.5625,0.0,4.21875,4.21875,1.65625,0.0,0.78125,0.75,1.03125,30.450000762939453,27.25,2.9375,1.5625,12.28125,12.28125,0.0,3,3 2
1080,726.5874633789062,721.79931640625,607.5046997070312,324.33123779296875,2.78125,0.0,4.375,4.375,1.71875,0.0,0.8125,0.84375,1.0,32.03125,36.09375,1.03125,1.78125,12.28125,12.28125,0.0,3,3 2
1081,717.2841186523438,712.9169311523438,599.7131958007812,327.90625,2.75,0.0,4.375,4.375,1.65625,0.0,0.875,0.84375,1.0,32.26874923706055,29.65625,1.59375,1.75,13.0,13.0,0.0,3,3 2
1082,819.6786499023438,816.2598876953125,688.1983642578125,345.20001220703125,3.03125,0.0,4.75,4.75,1.90625,0.0,0.90625,0.90625,1.03125,36.04999923706055,31.5625,1.1875,2.03125,12.84375,12.84375,0.0,3,3 4
1083,728.8987426757812,726.0126342773438,612.2396240234375,311.1937561035156,2.78125,0.0,4.4375,4.4375,1.75,0.0,0.84375,0.84375,1.0,31.393749237060547,31.65625,2.65625,1.78125,11.53125,11.53125,0.0,3,3 2
1084,763.702880859375,759.1238403320312,639.41748046875,331.29998779296875,2.875,0.0,4.5625,4.5625,1.84375,0.0,0.84375,0.875,1.0,34.118751525878906,32.96875,1.0,1.875,12.71875,12.71875,0.0,3,3 2
1085,778.4176635742188,773.3580322265625,651.7329711914062,331.82501220703125,2.90625,0.0,4.71875,4.71875,1.8125,0.0,0.96875,0.9375,1.0,33.868751525878906,33.8125,1.78125,1.90625,14.53125,14.53125,0.0,3,3 2
1086,805.1738891601562,803.2293090820312,679.07373046875,315.5687561035156,2.96875,0.0,4.84375,4.84375,1.9375,0.0,0.96875,0.9375,1.0,35.08124923706055,35.34375,1.0,1.96875,15.71875,15.71875,0.0,3,3 2
1087,799.4905395507812,793.4197998046875,669.40087890625,321.125,2.96875,0.0,4.71875,4.71875,1.90625,0.0,0.875,0.9375,1.0,35.556251525878906,26.3125,1.25,1.96875,15.96875,15.96875,0.0,3,3 2
1088,758.463134765625,753.9281005859375,638.8064575195312,303.54376220703125,2.8125,0.0,4.4375,4.4375,1.75,0.0,0.84375,0.84375,1.0,33.71875,36.125,2.40625,1.8125,14.84375,14.84375,0.0,3,3 2
1089,824.58154296875,819.1302490234375,693.2240600585938,321.3374938964844,3.0,0.0,4.84375,4.84375,1.96875,0.0,0.9375,0.96875,0.96875,35.912498474121094,33.25,1.625,2.0,18.78125,18.78125,0.0,3,3 2
1090,748.5831909179688,744.21142578125,629.5004272460938,308.8999938964844,2.78125,0.0,4.625,4.625,1.8125,0.0,0.90625,0.90625,1.0,33.07500076293945,28.5625,1.65625,1.78125,17.25,17.25,0.0,3,3 2
1091,814.2225341796875,810.7298583984375,684.9735717773438,317.70623779296875,3.0,0.0,4.90625,4.90625,1.96875,0.0,0.96875,0.96875,1.0,34.70000076293945,31.59375,1.0,2.0,18.46875,18.46875,0.0,3,3 2
1092,793.0142822265625,787.7318115234375,665.21142578125,318.84375,2.9375,0.0,4.75,4.75,1.90625,0.0,0.9375,0.90625,1.0,34.462501525878906,36.96875,1.0,1.9375,14.0,14.0,0.0,3,3 2
1093,682.46630859375,679.1109619140625,570.5300903320312,283.5562438964844,2.71875,0.0,4.25,4.25,1.6875,0.0,0.8125,0.75,1.0,28.975000381469727,39.15625,1.0,1.71875,11.34375,11.34375,0.0,3,3 2
1094,708.9732666015625,704.8795776367188,593.8262939453125,296.01873779296875,2.75,0.0,4.3125,4.3125,1.6875,0.0,0.84375,0.78125,1.0,30.568750381469727,36.125,1.15625,1.75,12.625,12.625,0.0,3,3 2
1095,741.154541015625,737.7461547851562,623.5914306640625,288.63751220703125,2.8125,0.0,4.46875,4.46875,1.75,0.0,0.875,0.84375,1.0,31.793750762939453,36.15625,1.59375,1.8125,11.5,11.5,0.0,3,3 2
1096,779.1425170898438,774.3411254882812,654.2573852539062,305.38751220703125,2.90625,0.0,4.6875,4.6875,1.8125,0.0,0.96875,0.90625,1.0,33.34375,35.28125,1.0,1.90625,11.78125,11.78125,0.0,3,3 2
1097,805.9283447265625,800.0420532226562,677.6793212890625,295.3812561035156,2.96875,0.0,4.71875,4.71875,1.875,0.0,0.96875,0.875,1.0,33.506248474121094,33.4375,1.0625,1.96875,10.90625,10.90625,0.0,2,2 3
1098,851.1825561523438,848.5792846679688,718.800537109375,316.28125,3.09375,0.0,4.875,4.875,1.875,0.0,1.03125,0.96875,1.0,36.26250076293945,34.21875,1.0,2.09375,10.78125,10.78125,0.0,2,2 3
1099,818.8308715820312,815.882080078125,691.787841796875,289.89373779296875,3.0,0.0,4.84375,4.84375,1.875,0.0,1.03125,0.9375,1.0,34.58124923706055,34.96875,1.0,2.0,8.875,8.875,0.0,2,2 3
1100,867.0573120117188,864.1505737304688,733.6790771484375,301.63751220703125,3.125,0.0,4.84375,4.84375,1.84375,0.0,1.03125,0.96875,1.0,37.58124923706055,27.5625,1.0,2.125,10.53125,10.53125,0.0,3,3 2
1101,776.32177734375,773.9302978515625,655.6135864257812,281.1312561035156,2.90625,0.0,4.5,4.5,1.59375,0.0,0.96875,0.9375,1.0,34.431251525878906,29.40625,1.0,1.90625,10.59375,10.59375,0.0,2,2 3
1102,823.4210815429688,818.4048461914062,692.2915649414062,306.1187438964844,3.03125,0.0,4.8125,4.8125,1.875,0.0,0.96875,0.96875,1.0,34.693748474121094,36.71875,1.0,2.03125,10.09375,10.09375,0.0,2,2 3
1103,863.5851440429688,858.8434448242188,729.8741455078125,312.95001220703125,3.0625,0.0,4.9375,4.9375,1.9375,0.0,1.0,0.96875,1.03125,38.59375,32.25,1.0,2.0625,10.03125,10.03125,0.0,3,3 2
1104,717.5203247070312,714.4278564453125,605.5167236328125,277.0625,2.71875,0.0,4.34375,4.34375,1.71875,0.0,0.875,0.75,1.0,30.53125,31.15625,2.875,1.71875,8.25,8.25,0.0,2,2 3
1105,838.995361328125,832.4693603515625,704.8803100585938,305.2437438964844,3.0625,0.0,4.8125,4.8125,1.84375,0.0,1.0,0.9375,1.03125,35.84375,34.25,1.0,2.0625,10.875,10.875,0.0,3,3 2
1106,853.7272338867188,851.3924560546875,720.0831298828125,317.8062438964844,3.125,0.0,4.875,4.875,1.8125,0.0,1.03125,1.0,1.03125,37.04999923706055,26.84375,1.0,2.125,12.125,12.125,0.0,3,3 2
1107,722.8746948242188,718.1944580078125,608.8455810546875,279.48748779296875,2.71875,0.0,4.40625,4.40625,1.78125,0.0,0.8125,0.8125,1.0,30.899999618530273,27.28125,3.40625,1.71875,12.40625,12.40625,0.0,3,3 2
1108,790.0123901367188,784.7841186523438,664.8718872070312,299.6875,2.90625,0.0,4.65625,4.65625,1.84375,0.0,0.90625,0.84375,1.0625,34.66875076293945,35.625,1.59375,1.90625,12.28125,12.28125,0.0,3,3 4
1109,775.8897094726562,769.0625610351562,650.72021484375,301.15625,2.875,0.0,4.625,4.625,1.8125,0.0,0.9375,0.875,1.0,33.525001525878906,33.375,1.625,1.875,15.40625,15.40625,0.0,3,3 2
1110,777.8472290039062,773.0445556640625,653.8858642578125,308.34375,2.875,0.0,4.6875,4.6875,1.78125,0.0,0.96875,0.9375,1.0,34.67499923706055,27.59375,1.0,1.875,15.125,15.125,0.0,3,3 2
1111,812.1868896484375,809.3843994140625,686.416259765625,296.9125061035156,2.96875,0.0,4.75,4.75,1.875,0.0,0.9375,0.9375,1.0,35.75,32.4375,1.0,1.96875,14.53125,14.53125,0.0,2,2 3
1112,828.1981811523438,825.7385864257812,699.3218383789062,307.7124938964844,3.03125,0.0,4.78125,4.78125,1.875,0.0,0.96875,0.96875,0.96875,36.631248474121094,26.71875,1.0,2.03125,13.5625,13.5625,0.0,2,2 4
1113,884.921630859375,879.80859375,746.1025390625,304.1875,3.1875,0.0,4.96875,4.96875,1.96875,0.0,1.03125,0.96875,1.0,37.48125076293945,26.90625,1.0,2.1875,14.21875,14.21875,0.0,3,3 2
1114,783.7703247070312,779.4444580078125,660.2947998046875,290.8062438964844,2.90625,0.0,4.625,4.625,1.84375,0.0,0.875,0.90625,1.0,33.59375,31.71875,1.59375,1.90625,12.875,12.875,0.0,3,3 2
1115,829.1808471679688,824.3523559570312,697.0962524414062,297.95001220703125,3.0625,0.0,4.875,4.875,1.9375,0.0,0.96875,0.96875,1.0,34.631248474121094,28.21875,1.0,2.0625,13.59375,13.59375,0.0,3,3 2
1116,752.743896484375,746.2894287109375,630.6519775390625,297.03125,2.8125,0.0,4.71875,4.71875,1.8125,0.0,0.96875,0.9375,1.0,32.14374923706055,28.6875,1.0,1.8125,11.34375,11.34375,0.0,3,3 2
1117,791.8753662109375,785.8233642578125,664.6761474609375,298.20001220703125,2.9375,0.0,4.6875,4.6875,1.84375,0.0,0.90625,0.90625,1.03125,33.95624923706055,38.3125,1.0,1.9375,9.375,9.375,0.0,3,3 2
1118,751.4176635742188,745.8758544921875,628.8212280273438,297.26873779296875,2.875,0.0,4.40625,4.40625,1.8125,0.0,0.78125,0.8125,1.0,32.3125,35.28125,1.5625,1.875,10.9375,10.9375,0.0,2,2 3
1119,769.9058837890625,765.38134765625,646.3468627929688,291.36248779296875,2.90625,0.0,4.59375,4.59375,1.8125,0.0,0.90625,0.875,1.0,33.493751525878906,29.09375,1.0,1.90625,11.96875,11.96875,0.0,2,2 3
1120,753.3914794921875,750.6511840820312,633.0638427734375,292.46875,2.875,0.0,4.625,4.625,1.8125,0.0,0.90625,0.90625,1.0,31.743749618530273,32.9375,1.0,1.875,11.0625,11.0625,0.0,3,3 2
1121,692.4130249023438,690.1306762695312,581.3067626953125,280.0,2.71875,0.0,4.28125,4.28125,1.71875,0.0,0.8125,0.75,1.0,30.618749618530273,30.4375,1.0,1.71875,12.4375,12.4375,0.0,2,2 4
1122,772.6751708984375,769.7506103515625,648.75634765625,299.32501220703125,2.9375,0.0,4.71875,4.71875,1.875,0.0,0.90625,0.9375,1.0,32.099998474121094,36.40625,1.0,1.9375,14.125,14.125,0.0,2,2 3
1123,720.8701171875,717.6806640625,603.971435546875,284.875,2.8125,0.0,4.53125,4.53125,1.8125,0.0,0.875,0.84375,1.0,28.975000381469727,34.125,1.0,1.8125,16.375,16.375,0.0,2,2 3
1124,720.931884765625,717.0492553710938,603.8599853515625,297.125,2.78125,0.0,4.53125,4.53125,1.8125,0.0,0.84375,0.875,1.0,29.975000381469727,33.40625,1.59375,1.78125,18.03125,18.03125,0.0,3,3 2
1125,711.398193359375,709.4468994140625,599.8207397460938,279.8500061035156,2.71875,0.0,4.5,4.5,1.71875,0.0,0.90625,0.875,1.0,30.256250381469727,30.21875,1.28125,1.71875,17.0625,17.0625,0.0,2,2 3
1126,749.8058471679688,745.7838134765625,630.3195190429688,292.33123779296875,2.8125,0.0,4.71875,4.71875,1.90625,0.0,0.90625,0.90625,1.0,32.48749923706055,28.125,2.28125,1.8125,18.03125,18.03125,0.0,2,2 3
1127,789.4764404296875,784.0479125976562,661.7518920898438,291.04376220703125,2.96875,0.0,4.84375,4.84375,1.875,0.0,0.96875,0.96875,1.03125,31.5625,29.28125,1.0,1.96875,15.21875,15.21875,0.0,3,3 4
1128,773.982177734375,770.4451904296875,650.9900512695312,283.78125,2.90625,0.0,4.84375,4.84375,1.90625,0.0,1.0,0.9375,1.0,32.381248474121094,27.1875,1.0,1.90625,17.3125,17.3125,0.0,3,3 4
1129,797.4061889648438,791.0147705078125,670.7223510742188,290.82501220703125,2.90625,0.0,4.875,4.875,1.90625,0.0,1.0,0.9375,1.03125,34.381248474121094,24.40625,1.5625,1.90625,15.625,15.625,0.0,3,3 1
1130,816.9580078125,812.88818359375,688.407958984375,295.0,3.0,0.0,4.875,4.875,1.9375,0.0,0.96875,0.9375,1.03125,34.61249923706055,27.1875,1.03125,2.0,16.53125,16.53125,0.0,3,3 2
1131,773.6693725585938,769.3870239257812,650.077392578125,288.3687438964844,2.90625,0.0,4.75,4.75,1.875,0.0,0.96875,0.90625,1.0,32.381248474121094,26.25,1.0,1.90625,13.9375,13.9375,0.0,3,3 2
1132,814.2354125976562,812.1925659179688,687.8380737304688,298.11248779296875,3.0,0.0,4.84375,4.84375,1.9375,0.0,0.9375,0.9375,1.03125,33.743751525878906,30.625,1.5625,2.0,17.84375,17.84375,0.0,2,2 3
1133,811.8709716796875,808.2791137695312,684.7938232421875,302.0249938964844,2.96875,0.0,4.875,4.875,1.875,0.0,0.96875,0.9375,1.09375,34.42499923706055,27.28125,1.8125,1.96875,17.03125,17.03125,0.0,3,3 2
1134,805.6458129882812,803.3805541992188,680.7161254882812,286.0375061035156,2.96875,0.0,4.875,4.875,1.84375,0.0,1.03125,0.96875,1.03125,34.306251525878906,25.46875,1.0,1.96875,13.9375,13.9375,0.0,3,3 1
1135,770.0220336914062,762.283935546875,642.6268310546875,298.6937561035156,2.90625,0.0,4.75,4.75,1.875,0.0,0.9375,0.9375,1.0,31.443750381469727,26.71875,1.0,1.90625,12.96875,12.96875,0.0,3,3 2
1136,726.7806396484375,723.7369995117188,609.8433837890625,307.5249938964844,2.78125,0.0,4.5,4.5,1.8125,0.0,0.84375,0.84375,1.0,31.693750381469727,34.4375,1.21875,1.78125,12.8125,12.8125,0.0,3,3 2
1137,650.132568359375,647.0349731445312,542.7410888671875,293.54376220703125,2.625,0.0,4.09375,4.09375,1.625,0.0,0.71875,0.75,1.0,27.731250762939453,31.5625,1.25,1.625,8.28125,8.28125,0.0,2,2 3
1138,734.4969482421875,732.683837890625,617.8480834960938,293.14373779296875,2.84375,0.0,4.28125,4.28125,1.71875,0.0,0.8125,0.75,1.0,31.200000762939453,36.40625,1.53125,1.84375,9.0,9.0,0.0,2,2 4
1139,759.2259521484375,754.829833984375,637.7911376953125,305.76873779296875,2.84375,0.0,4.59375,4.59375,1.84375,0.0,0.90625,0.84375,1.0,32.98749923706055,31.25,1.0625,1.84375,9.21875,9.21875,0.0,3,3 2
1140,768.072265625,762.85009765625,645.65673828125,297.17498779296875,2.84375,0.0,4.71875,4.71875,1.84375,0.0,0.90625,0.9375,1.03125,33.45624923706055,28.625,1.53125,1.84375,10.125,10.125,0.0,3,3 2
1141,871.1516723632812,868.3624877929688,737.6242065429688,301.7437438964844,3.125,0.0,4.96875,4.96875,1.9375,0.0,1.03125,0.96875,1.03125,36.256248474121094,34.40625,1.0,2.125,10.1875,10.1875,0.0,3,3 2
1142,857.0745239257812,853.9510498046875,723.8851318359375,313.5062561035156,3.09375,0.0,5.03125,5.03125,2.0,0.0,0.9375,1.0,1.09375,35.15625,31.1875,1.0,2.09375,15.90625,15.90625,0.0,3,3 4
1143,796.3490600585938,791.4405517578125,669.7460327148438,302.2749938964844,2.9375,0.0,4.8125,4.8125,1.875,0.0,1.0,0.9375,1.0,33.087501525878906,28.6875,1.0,1.9375,15.90625,15.90625,0.0,3,3 2
1144,768.1358642578125,766.2672119140625,648.5296630859375,293.5,2.875,0.0,4.5625,4.5625,1.8125,0.0,0.875,0.84375,1.03125,33.681251525878906,30.53125,1.625,1.875,15.21875,15.21875,0.0,3,3 2
1145,689.5552978515625,687.6317138671875,578.69189453125,283.57501220703125,2.71875,0.0,4.3125,4.3125,1.6875,0.0,0.875,0.75,1.0,29.575000762939453,31.34375,1.0,1.71875,13.40625,13.40625,0.0,2,2 4
1146,657.794921875,656.261474609375,552.9655151367188,280.39373779296875,2.625,0.0,3.9375,3.9375,1.59375,0.0,0.78125,0.5625,1.0,29.3125,25.53125,1.46875,1.625,11.25,11.25,0.0,2,2 3
1147,744.6654052734375,741.9527587890625,627.6380615234375,292.8125,2.8125,0.0,4.375,4.375,1.71875,0.0,0.875,0.78125,1.0,33.60625076293945,28.5,1.0,1.8125,11.40625,11.40625,0.0,3,3 2
1148,672.87451171875,670.6572265625,563.85498046875,287.8187561035156,2.6875,0.0,4.03125,4.03125,1.6875,0.0,0.65625,0.6875,1.0,30.0625,38.0625,1.59375,1.6875,8.84375,8.84375,0.0,2,2 3
1149,714.8209228515625,712.0882568359375,600.7867431640625,298.1187438964844,2.75,0.0,4.375,4.375,1.78125,0.0,0.84375,0.75,1.0,29.975000381469727,32.28125,2.0,1.75,10.75,10.75,0.0,2,2 3
1150,699.5032958984375,697.1025390625,588.8748168945312,283.98748779296875,2.6875,0.0,4.4375,4.4375,1.75,0.0,0.84375,0.8125,1.03125,30.018749237060547,31.40625,2.65625,1.6875,10.1875,10.1875,0.0,3,3 2
1151,732.4664916992188,729.81787109375,615.0084838867188,298.53125,2.8125,0.0,4.5,4.5,1.78125,0.0,0.84375,0.875,1.0,31.987499237060547,31.75,1.0,1.8125,13.75,13.75,0.0,2,2 3
1152,789.6151123046875,787.4344482421875,663.95654296875,320.7250061035156,2.96875,0.0,4.6875,4.6875,1.90625,0.0,0.84375,0.9375,1.0,33.35625076293945,34.21875,1.0,1.96875,15.03125,15.03125,0.0,3,3 2
1153,799.2852783203125,794.9146728515625,672.1766357421875,322.8125,2.9375,0.0,4.78125,4.78125,1.9375,0.0,0.90625,0.9375,1.0,33.875,34.84375,1.59375,1.9375,13.71875,13.71875,0.0,3,3 2
1154,792.3065185546875,790.3724365234375,666.6498413085938,321.4750061035156,2.96875,0.0,4.75,4.75,1.90625,0.0,0.90625,0.9375,1.0,33.118751525878906,34.21875,1.0,1.96875,13.46875,13.46875,0.0,4,4 3
1155,845.1380615234375,839.3687744140625,708.9539794921875,332.10626220703125,3.09375,0.0,4.875,4.875,2.0,0.0,0.8125,1.0,1.0625,35.400001525878906,33.15625,1.0,2.09375,12.46875,12.46875,0.0,3,3 2
1156,804.9269409179688,800.3687133789062,675.0227661132812,327.58123779296875,3.0,0.0,4.71875,4.71875,1.90625,0.0,0.84375,0.96875,1.0,33.84375,32.9375,1.0,2.0,11.59375,11.59375,0.0,3,3 2
1157,802.591796875,799.5166015625,674.8782348632812,329.8374938964844,2.96875,0.0,4.84375,4.84375,1.96875,0.0,0.90625,0.96875,1.0,33.79999923706055,28.78125,1.46875,1.96875,12.3125,12.3125,0.0,3,3 4
1158,790.5086059570312,787.6658325195312,666.3775024414062,327.5249938964844,2.90625,0.0,4.65625,4.65625,1.875,0.0,0.8125,0.96875,1.0,34.58124923706055,28.53125,1.59375,1.90625,12.28125,12.28125,0.0,4,4 3
1159,805.3715209960938,802.5719604492188,677.5553588867188,319.82501220703125,3.0,0.0,4.71875,4.71875,1.9375,0.0,0.8125,0.96875,1.0,34.16875076293945,27.3125,1.0,2.0,12.5,12.5,0.0,2,2 3
1160,751.6323852539062,746.4151000976562,629.3023681640625,314.76873779296875,2.84375,0.0,4.53125,4.53125,1.8125,0.0,0.84375,0.90625,0.96875,32.287498474121094,28.84375,2.59375,1.84375,13.625,13.625,0.0,3,3 2
1161,809.9442138671875,806.1017456054688,682.0496215820312,319.9624938964844,2.96875,0.0,4.78125,4.78125,1.90625,0.0,0.90625,0.9375,1.03125,34.67499923706055,26.875,1.5,1.96875,16.0,16.0,0.0,3,3 4
1162,772.3478393554688,768.3572998046875,648.8509521484375,321.8500061035156,2.875,0.0,4.625,4.625,1.78125,0.0,0.90625,0.9375,1.0,34.243751525878906,26.625,1.0,1.875,15.4375,15.4375,0.0,3,3 2
1163,753.4899291992188,750.1489868164062,632.8245849609375,312.36248779296875,2.84375,0.0,4.5625,4.5625,1.875,0.0,0.78125,0.90625,1.0,33.4375,30.65625,1.71875,1.84375,16.53125,16.53125,0.0,3,3 2
1164,815.3016967773438,810.14990234375,683.4283447265625,324.6312561035156,3.03125,0.0,4.78125,4.78125,1.90625,0.0,0.84375,0.96875,1.0625,33.625,32.25,1.0,2.03125,14.5625,14.5625,0.0,3,3 2
1165,771.4207153320312,768.3257446289062,648.3076171875,322.61248779296875,2.90625,0.0,4.4375,4.4375,1.84375,0.0,0.71875,0.875,1.0,33.75,30.5,1.0,1.90625,15.96875,15.96875,0.0,3,3 2
1166,779.2601318359375,774.3134155273438,653.192138671875,329.7437438964844,2.90625,0.0,4.625,4.625,1.84375,0.0,0.8125,0.96875,1.0,33.73125076293945,30.25,1.0,1.90625,14.21875,14.21875,0.0,3,3 2
1167,727.2117309570312,723.3073120117188,608.6246948242188,318.25,2.8125,0.0,4.21875,4.21875,1.75,0.0,0.65625,0.8125,1.0,32.056251525878906,34.59375,1.0,1.8125,15.78125,15.78125,0.0,3,3 2
1168,692.6261596679688,690.1826171875,578.580078125,312.8687438964844,2.78125,0.0,3.9375,3.9375,1.65625,0.0,0.4375,0.84375,1.0,29.981250762939453,39.53125,1.0,1.78125,16.59375,16.59375,0.0,3,3 2
1169,680.511474609375,675.8430786132812,568.1156616210938,294.08123779296875,2.71875,0.0,3.875,3.875,1.59375,0.0,0.59375,0.71875,0.96875,29.643749237060547,34.5625,1.0,1.71875,16.8125,16.8125,0.0,2,2 3
1170,665.6602783203125,660.4906005859375,554.9984130859375,296.0625,2.65625,0.0,3.96875,3.96875,1.65625,0.0,0.5625,0.75,1.0,29.174999237060547,34.5625,1.53125,1.65625,20.1875,20.1875,0.0,3,3 2
1171,603.2911376953125,600.5433349609375,502.88427734375,267.3812561035156,2.5625,0.0,3.40625,3.40625,1.40625,0.0,0.375,0.625,1.0,28.0,44.0,1.0,1.5625,16.5625,16.5625,0.0,2,2 3
1172,581.0345458984375,576.3316650390625,480.73626708984375,257.9375,2.53125,0.0,3.40625,3.40625,1.53125,0.0,0.375,0.5,1.0,26.450000762939453,46.53125,1.0,1.53125,14.96875,14.96875,0.0,3,3 4
1173,694.1114501953125,688.0972900390625,578.1137084960938,289.14373779296875,2.75,0.0,4.21875,4.21875,1.59375,0.0,0.78125,0.8125,1.03125,28.618749618530273,35.59375,1.0,1.75,17.96875,17.96875,0.0,3,3 2
1174,796.7627563476562,793.5184326171875,671.6135864257812,287.41876220703125,2.96875,0.0,4.71875,4.71875,1.84375,0.0,0.90625,0.9375,1.03125,33.17499923706055,34.28125,1.0,1.96875,18.9375,18.9375,0.0,3,3 2
1175,780.5694580078125,776.9727783203125,658.1576538085938,281.1625061035156,2.90625,0.0,4.6875,4.6875,1.78125,0.0,0.9375,0.875,1.09375,33.025001525878906,32.53125,1.0,1.90625,21.9375,21.9375,0.0,3,3 2
1176,798.55712890625,794.9307250976562,672.4471435546875,294.26251220703125,2.96875,0.0,4.75,4.75,1.875,0.0,0.875,0.96875,1.03125,33.79375076293945,35.375,1.0,1.96875,19.6875,19.6875,0.0,2,2 3
1177,773.0457763671875,770.0349731445312,651.4473266601562,295.7250061035156,2.875,0.0,4.75,4.75,1.90625,0.0,0.90625,0.9375,1.0,33.618751525878906,32.34375,1.5,1.875,20.65625,20.65625,0.0,2,2 3
1178,825.9535522460938,820.43115234375,694.5860595703125,294.58123779296875,3.03125,0.0,4.90625,4.90625,1.9375,0.0,0.9375,0.96875,1.0625,34.32500076293945,28.0,1.0,2.03125,19.09375,19.09375,0.0,3,3 4
1179,803.4994506835938,799.08447265625,675.7655639648438,305.1625061035156,2.96875,0.0,4.78125,4.78125,1.90625,0.0,0.9375,0.9375,1.0,34.712501525878906,35.5625,1.0,1.96875,16.40625,16.40625,0.0,3,3 2
1180,784.2824096679688,780.539306640625,660.1587524414062,308.1499938964844,2.90625,0.0,4.71875,4.71875,1.8125,0.0,0.9375,0.9375,1.03125,33.53125,34.84375,1.0,1.90625,17.53125,17.53125,0.0,3,3 2
1181,697.975830078125,694.62451171875,585.1300048828125,270.0625,2.75,0.0,4.3125,4.3125,1.6875,0.0,0.84375,0.78125,1.0,29.118749618530273,34.9375,1.5,1.75,15.53125,15.53125,0.0,3,3 2
1182,713.9544677734375,707.392578125,596.6878051757812,293.23126220703125,2.75,0.0,4.3125,4.3125,1.75,0.0,0.6875,0.8125,1.0625,29.40625,33.21875,1.46875,1.75,15.03125,15.03125,0.0,3,3 2
1183,678.944580078125,675.84716796875,569.1734619140625,281.01251220703125,2.6875,0.0,4.125,4.125,1.5625,0.0,0.78125,0.78125,1.0,29.15625,37.09375,1.71875,1.6875,11.6875,11.6875,0.0,2,2 3
1184,669.0853271484375,666.4329833984375,560.1680908203125,283.01251220703125,2.6875,0.0,4.03125,4.03125,1.65625,0.0,0.65625,0.71875,1.0,28.412500381469727,38.03125,1.46875,1.6875,9.0,9.0,0.0,2,2 3
1185,671.0350952148438,665.12890625,560.3829345703125,272.98748779296875,2.65625,0.0,4.0625,4.0625,1.59375,0.0,0.71875,0.75,1.0,29.356250762939453,40.375,1.8125,1.65625,11.6875,11.6875,0.0,3,3 1
1186,711.1790771484375,706.9569091796875,595.7125854492188,284.125,2.78125,0.0,4.21875,4.21875,1.71875,0.0,0.65625,0.84375,1.0,29.725000381469727,39.8125,1.8125,1.78125,9.4375,9.4375,0.0,3,3 2
1187,816.7848510742188,812.1060791015625,685.7399291992188,319.6625061035156,3.03125,0.0,4.75,4.75,1.96875,0.0,0.75,0.96875,1.0625,33.724998474121094,37.65625,1.5,2.03125,11.0625,11.0625,0.0,3,3 2
1188,781.7774047851562,777.7830200195312,655.0941772460938,311.45001220703125,2.96875,0.0,4.65625,4.65625,1.875,0.0,0.8125,0.9375,1.03125,32.243751525878906,42.375,1.0,1.96875,9.625,9.625,0.0,3,3 2
1189,727.4139404296875,721.795166015625,606.0572509765625,309.67498779296875,2.84375,0.0,4.34375,4.34375,1.75,0.0,0.65625,0.9375,1.0,30.231250762939453,39.5625,1.0,1.84375,11.96875,11.96875,0.0,3,3 2
1190,717.9010009765625,714.4905395507812,600.6612548828125,309.4375,2.8125,0.0,4.25,4.25,1.75,0.0,0.59375,0.90625,1.0,29.068750381469727,40.875,2.25,1.8125,9.25,9.25,0.0,3,3 2
1191,717.5073852539062,711.1737060546875,597.0482788085938,305.54376220703125,2.8125,0.0,4.34375,4.34375,1.65625,0.0,0.78125,0.90625,1.0,29.712499618530273,37.96875,1.59375,1.8125,8.96875,8.96875,0.0,3,3 2
1192,727.6990966796875,723.4638671875,608.1077270507812,301.95001220703125,2.84375,0.0,4.34375,4.34375,1.78125,0.0,0.6875,0.875,1.0,30.256250381469727,40.0625,1.0,1.84375,10.90625,10.90625,0.0,3,3 2
1193,684.1392211914062,679.82763671875,570.852294921875,298.70001220703125,2.71875,0.0,4.15625,4.15625,1.5625,0.0,0.78125,0.8125,1.0,29.043750762939453,41.0,1.8125,1.71875,11.75,11.75,0.0,3,3 2
1194,579.9696044921875,575.5674438476562,481.93572998046875,279.98126220703125,2.4375,0.0,3.625,3.625,1.46875,0.0,0.59375,0.5625,1.0,26.431249618530273,39.375,1.5,1.4375,10.59375,10.59375,0.0,3,3 4
1195,670.6222534179688,668.0692138671875,560.4338989257812,311.7562561035156,2.6875,0.0,3.9375,3.9375,1.625,0.0,0.5625,0.75,1.0,30.125,39.5,1.0,1.6875,8.1875,8.1875,0.0,3,3 2
1196,597.9046020507812,592.245361328125,498.0743103027344,275.83123779296875,2.4375,0.0,3.875,3.875,1.53125,0.0,0.6875,0.65625,1.0,25.024999618530273,32.53125,3.5,1.4375,7.5625,7.5625,0.0,3,3 2
1197,756.8137817382812,751.9223022460938,633.8104248046875,321.79376220703125,2.875,0.0,4.34375,4.34375,1.71875,0.0,0.78125,0.84375,1.0,32.76250076293945,41.09375,1.03125,1.875,12.25,12.25,0.0,3,3 4
1198,780.7077026367188,776.7766723632812,655.999755859375,324.3374938964844,2.90625,0.0,4.65625,4.65625,1.75,0.0,0.96875,0.90625,1.03125,32.625,33.78125,1.0,1.90625,12.03125,12.03125,0.0,3,3 2
1199,827.3628540039062,825.013671875,697.7963256835938,322.09375,3.03125,0.0,4.90625,4.90625,1.90625,0.0,0.9375,0.9375,1.125,34.306251525878906,36.375,1.21875,2.03125,11.0,11.0,0.0,3,3 2
1200,821.52685546875,816.2369384765625,689.626220703125,323.0249938964844,3.03125,0.0,4.75,4.75,1.8125,0.0,0.96875,0.9375,1.03125,34.150001525878906,36.5625,1.0,2.03125,9.46875,9.46875,0.0,3,3 2
1201,748.8820190429688,746.7612915039062,630.4420166015625,311.9375,2.84375,0.0,4.40625,4.40625,1.71875,0.0,0.875,0.78125,1.03125,31.443750381469727,32.1875,1.53125,1.84375,14.71875,14.71875,0.0,3,3 2
1202,735.0657958984375,730.8944091796875,615.0039672851562,320.38751220703125,2.84375,0.0,4.21875,4.21875,1.625,0.0,0.84375,0.71875,1.03125,30.881250381469727,35.25,1.46875,1.84375,14.625,14.625,0.0,3,3 4
1203,794.9346923828125,791.8651733398438,669.1870727539062,310.2250061035156,2.96875,0.0,4.625,4.625,1.8125,0.0,0.875,0.90625,1.03125,33.21875,34.25,1.53125,1.96875,11.34375,11.34375,0.0,3,3 2
1204,752.2968139648438,747.6646118164062,631.2044067382812,313.34375,2.84375,0.0,4.34375,4.34375,1.65625,0.0,0.90625,0.75,1.03125,33.224998474121094,34.71875,1.0,1.84375,11.21875,11.21875,0.0,3,3 2
1205,705.4341430664062,700.0482177734375,587.3726806640625,297.33123779296875,2.8125,0.0,4.125,4.125,1.625,0.0,0.71875,0.78125,1.0,28.799999237060547,40.125,1.0,1.8125,9.53125,9.53125,0.0,3,3 0
1206,727.5886840820312,723.1571655273438,611.224609375,281.4312438964844,2.78125,0.0,4.375,4.375,1.65625,0.0,0.84375,0.84375,1.03125,30.825000762939453,35.6875,1.71875,1.78125,9.0625,9.0625,0.0,3,3 2
1207,753.5715942382812,748.7335815429688,633.1329345703125,285.11248779296875,2.84375,0.0,4.53125,4.53125,1.78125,0.0,0.90625,0.84375,1.0,32.125,33.5625,1.0,1.84375,10.0,10.0,0.0,3,3 2
1208,750.25732421875,746.9756469726562,629.7156982421875,297.76873779296875,2.875,0.0,4.46875,4.46875,1.75,0.0,0.84375,0.8125,1.0625,31.924999237060547,34.28125,1.0,1.875,9.84375,9.84375,0.0,3,3 2
1209,765.46728515625,762.7763671875,645.974853515625,286.26251220703125,2.875,0.0,4.4375,4.4375,1.65625,0.0,0.875,0.8125,1.09375,33.26874923706055,31.25,1.0,1.875,9.4375,9.4375,0.0,2,2 3
1210,774.7589111328125,769.3298950195312,649.6624755859375,308.5,2.90625,0.0,4.59375,4.59375,1.8125,0.0,0.84375,0.90625,1.03125,32.25,36.59375,1.5,1.90625,10.6875,10.6875,0.0,3,3 4
1211,783.864501953125,778.4979248046875,658.6936645507812,325.57501220703125,2.875,0.0,4.6875,4.6875,1.78125,0.0,0.875,0.96875,1.0625,33.474998474121094,28.78125,1.5,1.875,11.125,11.125,0.0,3,3 2
1212,765.8665161132812,760.114990234375,643.1243896484375,302.41876220703125,2.84375,0.0,4.625,4.625,1.78125,0.0,0.90625,0.90625,1.03125,32.95624923706055,32.75,1.8125,1.84375,9.8125,9.8125,0.0,3,3 2
1213,999.0635986328125,998.2546997070312,849.3224487304688,352.0375061035156,3.4375,0.0,5.375,5.375,1.9375,0.0,1.15625,1.0,1.28125,41.41875076293945,29.8125,1.0,2.4375,12.0625,12.0625,0.0,3,3 0
1214,854.4819946289062,849.5983276367188,720.5067749023438,322.16876220703125,3.0625,0.0,4.90625,4.90625,1.90625,0.0,0.9375,0.9375,1.125,37.40625,34.375,1.0,2.0625,11.0625,11.0625,0.0,3,3 4
1215,770.4955444335938,766.63623046875,647.8136596679688,317.76873779296875,2.875,0.0,4.5,4.5,1.6875,0.0,0.875,0.8125,1.125,34.35625076293945,29.4375,1.0,1.875,10.0,10.0,0.0,3,3 4
1216,721.7716064453125,718.2913208007812,607.239501953125,290.6312561035156,2.75,0.0,4.34375,4.34375,1.625,0.0,0.9375,0.75,1.03125,31.362499237060547,25.21875,1.53125,1.75,7.125,7.125,0.0,3,3 4
1217,725.4857788085938,722.2825927734375,610.3441772460938,296.3125,2.75,0.0,4.5,4.5,1.6875,0.0,1.0,0.78125,1.03125,31.237499237060547,27.28125,1.0,1.75,8.78125,8.78125,0.0,3,3 2
1218,825.5750122070312,821.86328125,694.3916015625,316.5375061035156,3.0625,0.0,4.75,4.75,1.78125,0.0,0.9375,0.96875,1.0625,33.443748474121094,31.59375,1.0,2.0625,8.5,8.5,0.0,3,3 4
1219,710.2831420898438,704.2222900390625,594.03955078125,307.76251220703125,2.71875,0.0,4.28125,4.28125,1.625,0.0,0.875,0.75,1.03125,30.456249237060547,27.8125,1.46875,1.71875,7.4375,7.4375,0.0,3,3 2
1220,720.3645629882812,717.5752563476562,606.2628173828125,315.7875061035156,2.71875,0.0,4.40625,4.40625,1.65625,0.0,0.96875,0.75,1.03125,31.725000381469727,25.46875,1.0,1.71875,7.84375,7.84375,0.0,3,3 2
1221,704.5512084960938,701.7664184570312,590.2647094726562,304.89373779296875,2.75,0.0,4.34375,4.34375,1.71875,0.0,0.84375,0.78125,1.0,29.899999618530273,32.3125,1.0,1.75,6.65625,6.65625,0.0,3,3 4
1222,691.3999633789062,687.0823974609375,578.0621337890625,320.60626220703125,2.6875,0.0,4.15625,4.15625,1.53125,0.0,0.875,0.75,1.0,30.5,27.03125,1.03125,1.6875,7.4375,7.4375,0.0,3,3 4
1223,745.2333374023438,742.1803588867188,626.1890258789062,325.89373779296875,2.8125,0.0,4.375,4.375,1.6875,0.0,0.84375,0.8125,1.03125,33.73125076293945,30.65625,1.0625,1.8125,6.96875,6.96875,0.0,3,3 4
1224,727.9081420898438,726.6929321289062,612.2200927734375,307.20623779296875,2.8125,0.0,4.3125,4.3125,1.71875,0.0,0.8125,0.75,1.03125,31.875,35.25,1.0,1.8125,6.5625,6.5625,0.0,3,3 4
1225,851.1561279296875,849.146484375,718.0147705078125,345.4312438964844,3.09375,0.0,4.875,4.875,1.84375,0.0,0.96875,0.9375,1.125,35.681251525878906,28.625,1.0,2.09375,7.6875,7.6875,0.0,4,4 2
1226,785.7345581054688,783.0270385742188,662.5379028320312,322.07501220703125,2.90625,0.0,4.59375,4.59375,1.6875,0.0,0.90625,0.84375,1.15625,33.04375076293945,30.875,1.53125,1.90625,6.8125,6.8125,0.0,3,3 2
1227,799.0694580078125,795.6296997070312,673.121337890625,323.7124938964844,2.9375,0.0,4.71875,4.71875,1.78125,0.0,0.9375,0.9375,1.0625,33.73749923706055,25.4375,1.53125,1.9375,8.59375,8.59375,0.0,3,3 4
1228,823.2067260742188,821.2570190429688,695.052490234375,318.6625061035156,3.03125,0.0,4.6875,4.6875,1.75,0.0,0.90625,0.875,1.15625,34.493751525878906,32.9375,1.0,2.03125,9.5625,9.5625,0.0,2,2 3
1229,810.8267822265625,808.4892578125,684.6282958984375,303.8500061035156,3.0,0.0,4.625,4.625,1.625,0.0,1.0,0.90625,1.09375,34.26874923706055,29.4375,1.0,2.0,9.34375,9.34375,0.0,3,3 1
1230,772.2879028320312,768.8961791992188,650.9490966796875,294.1499938964844,2.875,0.0,4.625,4.625,1.78125,0.0,1.0,0.8125,1.03125,33.275001525878906,26.71875,1.0,1.875,9.53125,9.53125,0.0,3,3 4
1231,937.7555541992188,934.478515625,794.6666870117188,333.32501220703125,3.28125,0.0,5.0625,5.0625,1.90625,0.0,0.9375,0.90625,1.3125,39.349998474121094,30.6875,1.0,2.28125,10.71875,10.71875,0.0,3,3 4
1232,898.6315307617188,896.0095825195312,760.76953125,330.3187561035156,3.1875,0.0,5.0,5.0,1.875,0.0,0.96875,0.9375,1.21875,38.04999923706055,27.03125,1.5,2.1875,11.1875,11.1875,0.0,3,3 2
1233,822.3884887695312,820.5352783203125,695.8693237304688,311.125,3.0,0.0,4.6875,4.6875,1.75,0.0,0.875,0.84375,1.21875,35.33124923706055,27.40625,1.71875,2.0,11.40625,11.40625,0.0,3,3 4
1234,771.72802734375,769.5313110351562,651.779296875,309.07501220703125,2.875,0.0,4.4375,4.4375,1.625,0.0,0.78125,0.78125,1.25,32.212501525878906,24.75,2.6875,1.875,10.9375,10.9375,0.0,4,4 3
1235,900.7532348632812,899.3977661132812,764.1392211914062,331.75,3.1875,0.0,4.96875,4.96875,1.875,0.0,0.9375,0.875,1.28125,38.45000076293945,25.40625,1.5,2.1875,14.75,14.75,0.0,4,4 0
1236,716.5957641601562,714.7505493164062,604.8058471679688,286.64373779296875,2.75,0.0,4.09375,4.09375,1.5,0.0,0.84375,0.71875,1.03125,31.875,31.40625,2.1875,1.75,9.40625,9.40625,0.0,4,4 3
1237,769.6893310546875,767.3355102539062,648.0934448242188,313.0375061035156,2.90625,0.0,4.34375,4.34375,1.59375,0.0,0.84375,0.84375,1.0625,34.181251525878906,24.03125,1.65625,1.90625,10.8125,10.8125,0.0,3,3 4
1238,812.3369140625,808.3468017578125,682.2579345703125,330.04376220703125,3.03125,0.0,4.5,4.5,1.65625,0.0,0.875,0.84375,1.125,34.85625076293945,33.625,1.0,2.03125,13.4375,13.4375,0.0,3,3 1
1239,774.6224975585938,770.6105346679688,648.6199951171875,321.4750061035156,2.96875,0.0,4.28125,4.28125,1.59375,0.0,0.84375,0.84375,1.0,33.912498474121094,26.8125,1.09375,1.96875,12.65625,12.65625,0.0,3,3 1
1240,809.410400390625,804.5444946289062,680.168212890625,338.92498779296875,2.96875,0.0,4.59375,4.59375,1.71875,0.0,0.90625,0.875,1.09375,35.375,31.4375,1.0,1.96875,13.625,13.625,0.0,3,3 4
1241,696.8682861328125,694.2301025390625,582.5326538085938,315.1312561035156,2.78125,0.0,3.90625,3.90625,1.4375,0.0,0.71875,0.6875,1.0625,30.575000762939453,35.96875,1.0,1.78125,13.5625,13.5625,0.0,3,3 4
1242,700.861328125,697.7431030273438,586.73046875,315.45623779296875,2.75,0.0,4.03125,4.03125,1.5625,0.0,0.75,0.6875,1.03125,31.193750381469727,36.1875,1.5,1.75,12.5625,12.5625,0.0,3,3 4
1243,669.7987060546875,669.2239990234375,563.0675659179688,289.8500061035156,2.6875,0.0,3.9375,3.9375,1.40625,0.0,0.8125,0.65625,1.0625,27.993749618530273,34.0,1.53125,1.6875,10.15625,10.15625,0.0,3,3 4
1244,757.1073608398438,752.8248291015625,635.599609375,322.04376220703125,2.84375,0.0,4.4375,4.4375,1.6875,0.0,0.875,0.8125,1.0625,32.974998474121094,30.78125,1.53125,1.84375,10.15625,10.15625,0.0,3,3 4
1245,817.436279296875,814.3519287109375,689.6405029296875,335.36248779296875,2.96875,0.0,4.65625,4.65625,1.71875,0.0,0.96875,0.875,1.09375,36.837501525878906,28.9375,1.0,1.96875,10.46875,10.46875,0.0,3,3 2
1246,811.7142333984375,807.4154052734375,683.3052978515625,324.14373779296875,2.96875,0.0,4.71875,4.71875,1.75,0.0,0.9375,0.9375,1.09375,35.224998474121094,27.9375,1.65625,1.96875,11.03125,11.03125,0.0,3,3 1
1247,836.2529907226562,834.0827026367188,704.94482421875,339.48748779296875,3.0625,0.0,4.75,4.75,1.71875,0.0,0.96875,0.96875,1.09375,36.32500076293945,30.34375,1.0,2.0625,12.5,12.5,0.0,3,3 2
1248,909.6353759765625,905.6473388671875,767.6304321289062,339.64373779296875,3.25,0.0,4.90625,4.90625,1.78125,0.0,0.96875,0.96875,1.1875,38.38750076293945,28.8125,1.0,2.25,13.71875,13.71875,0.0,3,3 4
1249,817.2886962890625,813.1417846679688,686.8087158203125,341.26873779296875,3.0,0.0,4.75,4.75,1.75,0.0,0.9375,0.96875,1.09375,34.83124923706055,32.375,1.65625,2.0,13.4375,13.4375,0.0,4,4 3
1250,728.5593872070312,724.077880859375,611.9996337890625,313.6625061035156,2.75,0.0,4.28125,4.28125,1.59375,0.0,0.84375,0.8125,1.03125,32.056251525878906,31.1875,3.5,1.75,13.75,13.75,0.0,3,3 4
1251,782.6740112304688,779.4769897460938,655.1687622070312,343.2749938964844,2.96875,0.0,4.65625,4.65625,1.75,0.0,0.9375,0.9375,1.03125,32.400001525878906,31.65625,1.0,1.96875,12.65625,12.65625,0.0,3,3 4
1252,715.30908203125,711.3185424804688,597.7998046875,329.32501220703125,2.78125,0.0,4.1875,4.1875,1.5,0.0,0.84375,0.84375,1.0,30.5,38.28125,2.65625,1.78125,10.4375,10.4375,0.0,3,3 4
1253,764.5407104492188,757.6481323242188,636.7503051757812,346.8687438964844,2.90625,0.0,4.40625,4.40625,1.5625,0.0,0.9375,0.90625,1.0,32.59375,37.15625,1.0,1.90625,11.125,11.125,0.0,3,3 4
1254,787.4988403320312,784.6240844726562,659.623046875,353.54998779296875,2.96875,0.0,4.6875,4.6875,1.65625,0.0,1.0,1.0,1.03125,32.70000076293945,33.40625,1.0,1.96875,9.65625,9.65625,0.0,4,4 3
1255,781.958251953125,778.1434326171875,653.7888793945312,351.36248779296875,2.96875,0.0,4.59375,4.59375,1.53125,0.0,1.0,0.96875,1.09375,31.799999237060547,37.09375,1.0,1.96875,10.875,10.875,0.0,3,3 4
1256,748.3579711914062,746.3370361328125,626.9063720703125,335.9312438964844,2.875,0.0,4.59375,4.59375,1.71875,0.0,0.9375,0.90625,1.03125,30.606250762939453,35.3125,2.0,1.875,8.5,8.5,0.0,4,4 3
1257,774.769775390625,770.1575317382812,648.5994873046875,340.2749938964844,2.90625,0.0,4.65625,4.65625,1.65625,0.0,1.0,0.96875,1.03125,32.537498474121094,33.125,1.0,1.90625,8.15625,8.15625,0.0,3,3 4
1258,793.3937377929688,790.3914184570312,665.548095703125,327.5687561035156,3.0,0.0,4.65625,4.65625,1.71875,0.0,0.96875,0.9375,1.03125,32.443748474121094,40.75,1.0,2.0,9.28125,9.28125,0.0,4,4 3
1259,771.9306030273438,769.2049560546875,648.2615966796875,330.9125061035156,2.90625,0.0,4.59375,4.59375,1.6875,0.0,0.9375,0.9375,1.03125,33.11249923706055,36.75,1.0,1.90625,8.1875,8.1875,0.0,4,4 3
1260,827.5757446289062,822.0435791015625,694.5657958984375,339.82501220703125,3.03125,0.0,4.75,4.75,1.75,0.0,1.0,0.9375,1.0625,34.29999923706055,32.15625,1.5,2.03125,9.84375,9.84375,0.0,3,3 4
1261,856.9457397460938,853.1310424804688,722.9932861328125,339.10626220703125,3.0625,0.0,4.96875,4.96875,1.9375,0.0,1.0,0.96875,1.0625,37.125,26.125,1.59375,2.0625,12.65625,12.65625,0.0,3,3 2
1262,844.42578125,841.9273681640625,713.3079833984375,319.9312438964844,3.0625,0.0,4.84375,4.84375,1.8125,0.0,0.96875,0.96875,1.09375,36.79375076293945,30.0,1.0,2.0625,11.75,11.75,0.0,3,3 2
1263,863.3618774414062,861.6610107421875,731.3543090820312,322.13751220703125,3.09375,0.0,4.875,4.875,1.875,0.0,1.0,0.9375,1.0625,37.568748474121094,33.375,1.0,2.09375,15.125,15.125,0.0,4,4 3
1264,833.7964477539062,831.0896606445312,701.9918823242188,329.9437561035156,3.0625,0.0,4.90625,4.90625,1.9375,0.0,0.96875,0.96875,1.03125,35.28125,34.34375,1.0,2.0625,13.78125,13.78125,0.0,4,4 3
1265,844.8314208984375,841.3790283203125,712.0913696289062,329.33123779296875,3.0625,0.0,4.90625,4.90625,1.84375,0.0,1.0,0.96875,1.09375,36.506248474121094,38.59375,1.0,2.0625,11.625,11.625,0.0,3,3 4
1266,809.8008422851562,805.8260498046875,681.548828125,331.2250061035156,2.96875,0.0,4.65625,4.65625,1.6875,0.0,1.0,0.90625,1.0625,35.57500076293945,31.75,1.53125,1.96875,12.78125,12.78125,0.0,3,3 4
1267,824.8160400390625,822.8683471679688,693.5635986328125,334.01251220703125,3.0625,0.0,4.9375,4.9375,1.9375,0.0,1.0,0.96875,1.03125,34.60625076293945,35.0625,1.0,2.0625,14.1875,14.1875,0.0,4,4 3
1268,841.599853515625,836.1702270507812,708.021484375,337.125,3.03125,0.0,4.875,4.875,1.875,0.0,1.0,0.90625,1.09375,36.0,31.3125,1.5,2.03125,16.90625,16.90625,0.0,3,3 1
1269,847.95068359375,846.2366943359375,715.6439208984375,341.01873779296875,3.0625,0.0,5.09375,5.09375,1.96875,0.0,1.0625,1.0,1.0625,36.34375,32.15625,1.0,2.0625,15.21875,15.21875,0.0,2,2 1
1270,895.6034545898438,892.1495361328125,757.1444702148438,342.86248779296875,3.15625,0.0,5.09375,5.09375,1.90625,0.0,1.0625,0.9375,1.1875,38.46875,25.625,1.53125,2.15625,12.875,12.875,0.0,3,3 1
1271,925.9852294921875,923.423828125,784.52978515625,347.3125,3.21875,0.0,5.3125,5.3125,1.96875,0.0,1.125,1.0,1.21875,39.39374923706055,32.0625,1.0,2.21875,12.96875,12.96875,0.0,2,2 3
1272,868.489990234375,865.5316162109375,731.9298095703125,348.7250061035156,3.125,0.0,5.03125,5.03125,1.96875,0.0,1.0,1.0,1.0625,37.724998474121094,24.4375,1.0,2.125,13.28125,13.28125,0.0,3,3 0
1273,891.71044921875,888.1539306640625,753.5133666992188,340.1000061035156,3.15625,0.0,5.03125,5.03125,1.84375,0.0,1.0625,0.96875,1.15625,38.599998474121094,32.34375,1.0,2.15625,11.1875,11.1875,0.0,4,4 3
1274,848.681396484375,845.1185302734375,715.2935180664062,336.61248779296875,3.0625,0.0,4.9375,4.9375,1.9375,0.0,1.0,1.0,1.0,36.775001525878906,35.125,1.0,2.0625,11.9375,11.9375,0.0,3,3 4
1275,817.7796020507812,814.6880493164062,689.08642578125,339.76251220703125,2.96875,0.0,4.875,4.875,1.90625,0.0,0.96875,0.96875,1.03125,35.70000076293945,31.6875,1.59375,1.96875,8.875,8.875,0.0,3,3 4
1276,790.4978637695312,787.9550170898438,663.8600463867188,324.7562561035156,2.96875,0.0,4.78125,4.78125,1.875,0.0,0.9375,0.9375,1.03125,33.58124923706055,35.5625,1.0,1.96875,7.59375,7.59375,0.0,4,4 3
1277,822.0335693359375,819.8934326171875,693.6561279296875,311.29998779296875,3.03125,0.0,4.78125,4.78125,1.8125,0.0,1.0,0.90625,1.0625,34.63750076293945,31.5,1.21875,2.03125,5.71875,5.71875,0.0,3,3 4
1278,725.3005981445312,723.3968505859375,611.7000122070312,299.79998779296875,2.75,0.0,4.3125,4.3125,1.625,0.0,0.90625,0.78125,1.0,33.09375,30.5,1.625,1.75,7.8125,7.8125,0.0,3,3 1
1279,807.7864990234375,804.2828369140625,680.9019165039062,312.89373779296875,2.96875,0.0,4.65625,4.65625,1.8125,0.0,0.90625,0.84375,1.09375,35.6875,34.15625,1.0,1.96875,9.28125,9.28125,0.0,3,3 4
1280,820.8670654296875,819.2239379882812,693.4376220703125,314.5687561035156,3.0,0.0,4.9375,4.9375,1.9375,0.0,1.0,1.0,1.0,35.04375076293945,35.09375,1.0,2.0,8.375,8.375,0.0,4,4 3
1281,843.47705078125,841.02587890625,711.7356567382812,322.6000061035156,3.0625,0.0,5.03125,5.03125,1.96875,0.0,1.03125,1.0,1.03125,35.61249923706055,35.0625,1.0,2.0625,9.40625,9.40625,0.0,3,3 4
1282,839.017578125,837.0177612304688,707.7451171875,322.85626220703125,3.0625,0.0,5.03125,5.03125,1.9375,0.0,1.03125,1.0,1.0625,35.443748474121094,33.5625,1.0,2.0625,8.46875,8.46875,0.0,4,4 2
1283,818.4218139648438,815.3612060546875,689.9163818359375,291.64373779296875,3.03125,0.0,4.84375,4.84375,1.90625,0.0,0.96875,0.90625,1.0625,34.306251525878906,36.03125,2.03125,2.03125,7.9375,7.9375,0.0,3,3 4
1284,867.6195068359375,866.26318359375,735.14111328125,325.4312438964844,3.09375,0.0,4.96875,4.96875,1.90625,0.0,1.0,0.96875,1.09375,39.099998474121094,28.59375,1.0,2.09375,10.3125,10.3125,0.0,3,3 2
1285,841.0264282226562,838.5543823242188,712.2655639648438,316.65625,3.0,0.0,4.9375,4.9375,1.9375,0.0,0.96875,0.96875,1.0625,37.256248474121094,29.78125,1.0,2.0,10.1875,10.1875,0.0,3,3 1
1286,893.0650634765625,891.56103515625,759.6897583007812,326.7250061035156,3.09375,0.0,5.09375,5.09375,1.90625,0.0,1.0625,0.9375,1.1875,40.125,21.875,1.0,2.09375,12.0,12.0,0.0,2,2 1
1287,867.6642456054688,865.7898559570312,734.7545776367188,320.60626220703125,3.09375,0.0,5.0625,5.0625,1.9375,0.0,1.03125,1.0,1.09375,37.875,26.78125,1.0,2.09375,9.1875,9.1875,0.0,3,3 2
1288,888.5523071289062,884.4100341796875,751.1984252929688,326.90625,3.15625,0.0,4.84375,4.84375,1.875,0.0,0.90625,1.0,1.0625,38.493751525878906,30.625,1.0,2.15625,9.9375,9.9375,0.0,3,3 4
1289,874.0266723632812,868.9708251953125,735.0753173828125,337.98748779296875,3.15625,0.0,4.9375,4.9375,2.0,0.0,0.9375,1.0,1.0,37.131248474121094,35.09375,1.0,2.15625,10.53125,10.53125,0.0,3,3 4
1290,832.0054321289062,829.0767822265625,700.2849731445312,327.67498779296875,3.0625,0.0,4.875,4.875,1.90625,0.0,0.9375,0.96875,1.0625,34.90625,31.625,1.0,2.0625,10.59375,10.59375,0.0,3,3 4
1291,824.0146484375,820.63623046875,695.470703125,314.29376220703125,3.0,0.0,4.78125,4.78125,1.875,0.0,0.9375,0.90625,1.0625,35.14374923706055,35.65625,1.5625,2.0,8.78125,8.78125,0.0,3,3 2
1292,736.7700805664062,734.9036865234375,619.6241455078125,288.53125,2.84375,0.0,4.4375,4.4375,1.71875,0.0,0.875,0.84375,1.0,31.475000381469727,36.875,1.0,1.84375,7.5,7.5,0.0,4,4 3
1293,752.407958984375,750.296630859375,631.8079833984375,315.8812561035156,2.875,0.0,4.53125,4.53125,1.71875,0.0,0.9375,0.84375,1.03125,32.33124923706055,35.90625,1.0,1.875,9.1875,9.1875,0.0,4,4 2
1294,751.5889282226562,749.9838256835938,631.4440307617188,317.9624938964844,2.875,0.0,4.53125,4.53125,1.75,0.0,0.9375,0.8125,1.03125,32.037498474121094,35.5,1.0,1.875,10.0,10.0,0.0,3,3 2
1295,697.8919067382812,695.3895874023438,585.8370361328125,296.01251220703125,2.71875,0.0,4.3125,4.3125,1.6875,0.0,0.875,0.71875,1.03125,29.524999618530273,29.375,1.5,1.71875,9.3125,9.3125,0.0,3,3 4
1296,839.407470703125,835.6004028320312,705.9325561523438,343.53125,3.0625,0.0,4.84375,4.84375,1.78125,0.0,1.0,0.96875,1.09375,36.0625,34.15625,1.0,2.0625,12.03125,12.03125,0.0,3,3 2
1297,790.0343627929688,788.5582885742188,664.5389404296875,342.01873779296875,2.9375,0.0,4.84375,4.84375,1.9375,0.0,0.96875,0.9375,1.0,34.26874923706055,33.3125,1.0,1.9375,12.28125,12.28125,0.0,4,4 3
1298,840.2676391601562,838.7286376953125,711.751220703125,329.3187561035156,3.0,0.0,4.96875,4.96875,1.90625,0.0,1.03125,0.96875,1.0625,36.868751525878906,29.40625,1.6875,2.0,9.125,9.125,0.0,3,3 4
1299,795.244873046875,792.4857177734375,669.6678466796875,323.98126220703125,2.9375,0.0,4.78125,4.78125,1.875,0.0,0.9375,0.9375,1.03125,33.993751525878906,31.6875,1.65625,1.9375,11.71875,11.71875,0.0,3,3 4
1300,896.18212890625,894.0548095703125,758.0427856445312,343.23748779296875,3.1875,0.0,5.03125,5.03125,1.90625,0.0,0.96875,1.0,1.15625,38.056251525878906,33.21875,1.0,2.1875,14.96875,14.96875,0.0,3,3 2
1301,856.8926391601562,854.5369262695312,722.9781494140625,342.0625,3.09375,0.0,4.96875,4.96875,1.9375,0.0,0.96875,0.96875,1.09375,36.90625,33.78125,1.0,2.09375,13.03125,13.03125,0.0,4,4 3
1302,824.7919311523438,822.1571044921875,695.5369873046875,343.23126220703125,3.0,0.0,4.75,4.75,1.8125,0.0,0.9375,0.90625,1.09375,35.881248474121094,32.875,1.65625,2.0,11.4375,11.4375,0.0,3,3 4
1303,749.2056884765625,747.8816528320312,630.7891235351562,328.0625,2.84375,0.0,4.3125,4.3125,1.75,0.0,0.71875,0.8125,1.03125,33.34375,33.125,1.59375,1.84375,11.6875,11.6875,0.0,4,4 3
1304,748.6746826171875,745.6897583007812,627.3294067382812,331.625,2.875,0.0,4.3125,4.3125,1.78125,0.0,0.65625,0.8125,1.0625,32.10625076293945,34.71875,1.65625,1.875,8.21875,8.21875,0.0,2,2 3
1305,738.1127319335938,733.2769775390625,618.7095947265625,311.1499938964844,2.8125,0.0,4.25,4.25,1.65625,0.0,0.75,0.84375,1.0,32.693748474121094,35.28125,1.0,1.8125,8.46875,8.46875,0.0,3,3 4
1306,754.407470703125,752.2612915039062,634.8793334960938,302.0562438964844,2.875,0.0,4.4375,4.4375,1.78125,0.0,0.8125,0.8125,1.03125,32.10625076293945,30.90625,1.0,1.875,7.53125,7.53125,0.0,4,4 2
1307,742.413818359375,740.7535400390625,625.0072631835938,300.1875,2.84375,0.0,4.375,4.375,1.75,0.0,0.75,0.875,1.0,32.21875,33.40625,1.0,1.84375,7.5625,7.5625,0.0,3,3 4
1308,677.3142700195312,675.2396240234375,569.0999755859375,269.5,2.6875,0.0,4.09375,4.09375,1.625,0.0,0.78125,0.6875,1.0,30.081249237060547,30.6875,1.59375,1.6875,6.84375,6.84375,0.0,4,4 3
1309,836.9251708984375,834.7666015625,708.07421875,314.79998779296875,3.03125,0.0,4.78125,4.78125,1.78125,0.0,0.96875,0.875,1.15625,36.193748474121094,30.78125,2.28125,2.03125,7.875,7.875,0.0,3,3 1
1310,824.7662353515625,823.2806396484375,697.7100830078125,314.1812438964844,3.03125,0.0,4.59375,4.59375,1.84375,0.0,0.84375,0.8125,1.09375,34.29999923706055,37.21875,1.0,2.03125,8.5,8.5,0.0,4,4 3
1311,823.54052734375,819.6087036132812,693.5515747070312,313.73748779296875,3.03125,0.0,4.65625,4.65625,1.78125,0.0,0.96875,0.875,1.03125,35.73749923706055,35.46875,1.0,2.03125,8.75,8.75,0.0,3,3 2
1312,914.4688720703125,911.4969482421875,776.6785278320312,337.15625,3.15625,0.0,5.03125,5.03125,1.84375,0.0,1.03125,0.9375,1.21875,40.40625,27.25,1.0,2.15625,10.84375,10.84375,0.0,3,3 1
1313,699.6830444335938,697.9833984375,589.918212890625,282.89373779296875,2.71875,0.0,4.0,4.0,1.5,0.0,0.78125,0.6875,1.03125,31.850000381469727,28.53125,1.0,1.71875,7.25,7.25,0.0,2,2 1
1314,816.051025390625,813.0682373046875,687.7554931640625,331.11248779296875,3.0,0.0,4.59375,4.59375,1.6875,0.0,0.90625,0.875,1.125,35.45624923706055,35.65625,1.0,2.0,10.25,10.25,0.0,3,3 4
1315,735.6167602539062,732.9701538085938,617.1575927734375,301.625,2.84375,0.0,4.40625,4.40625,1.78125,0.0,0.8125,0.8125,1.0,31.493749618530273,33.59375,2.03125,1.84375,8.53125,8.53125,0.0,4,4 3
1316,793.2051391601562,790.0872802734375,667.2376708984375,337.2749938964844,2.9375,0.0,4.59375,4.59375,1.6875,0.0,0.96875,0.875,1.0625,34.64374923706055,28.4375,1.0,1.9375,11.0625,11.0625,0.0,3,3 4
1317,728.9935302734375,726.9678344726562,612.8157958984375,303.96875,2.8125,0.0,4.25,4.25,1.5625,0.0,0.875,0.78125,1.03125,32.381248474121094,34.0625,1.0,1.8125,11.09375,11.09375,0.0,3,3 4
1318,711.5293579101562,709.0443115234375,597.3773803710938,308.7250061035156,2.75,0.0,4.25,4.25,1.6875,0.0,0.8125,0.71875,1.03125,31.837499618530273,34.53125,1.0,1.75,11.65625,11.65625,0.0,3,3 4
1319,850.4302978515625,847.3973388671875,718.557861328125,316.8125,3.0625,0.0,4.90625,4.90625,1.875,0.0,0.96875,0.90625,1.15625,37.493751525878906,24.96875,1.0,2.0625,11.71875,11.71875,0.0,3,3 2
1320,846.8800659179688,843.1358642578125,717.1512451171875,325.04998779296875,3.0,0.0,4.78125,4.78125,1.8125,0.0,0.9375,0.84375,1.1875,36.70624923706055,24.15625,2.09375,2.0,12.78125,12.78125,0.0,3,3 4
1321,883.4315185546875,878.6358642578125,744.4966430664062,330.5687561035156,3.15625,0.0,5.03125,5.03125,1.90625,0.0,1.0,1.0,1.125,38.462501525878906,30.96875,1.0,2.15625,13.09375,13.09375,0.0,3,3 4
1322,820.3370971679688,814.1217041015625,689.3187255859375,336.76251220703125,2.96875,0.0,4.6875,4.6875,1.71875,0.0,1.0,0.875,1.09375,36.26250076293945,25.125,1.0,1.96875,12.3125,12.3125,0.0,3,3 4
1323,758.477783203125,753.39501953125,636.0489501953125,320.61248779296875,2.84375,0.0,4.46875,4.46875,1.71875,0.0,0.9375,0.8125,1.0,33.349998474121094,30.03125,1.0,1.84375,8.59375,8.59375,0.0,3,3 4
1324,918.0580444335938,912.9443359375,774.5659790039062,356.88751220703125,3.21875,0.0,5.0625,5.0625,1.875,0.0,1.0625,0.96875,1.15625,39.42499923706055,28.6875,1.0,2.21875,8.03125,8.03125,0.0,3,3 4
1325,779.5146484375,776.82470703125,656.0584106445312,323.36248779296875,2.90625,0.0,4.625,4.625,1.78125,0.0,0.90625,0.875,1.0625,33.53125,29.5,1.0,1.90625,6.25,6.25,0.0,3,3 2
1326,868.1409912109375,863.5103759765625,729.2622680664062,347.6000061035156,3.15625,0.0,4.96875,4.96875,1.96875,0.0,0.96875,0.96875,1.0625,35.724998474121094,35.96875,1.0,2.15625,6.40625,6.40625,0.0,3,3 1
1327,812.1978759765625,809.7656860351562,685.1346435546875,324.83123779296875,2.96875,0.0,4.84375,4.84375,1.9375,0.0,0.96875,0.9375,1.0,35.150001525878906,35.8125,1.0,1.96875,7.40625,7.40625,0.0,3,3 4
1328,837.3743286132812,830.72021484375,703.3551025390625,323.5249938964844,3.03125,0.0,4.84375,4.84375,1.875,0.0,1.0,0.9375,1.03125,36.118751525878906,31.8125,1.0,2.03125,6.4375,6.4375,0.0,3,3 4
1329,849.3743286132812,846.8753662109375,719.3531494140625,326.2875061035156,3.03125,0.0,4.8125,4.8125,1.8125,0.0,1.03125,0.84375,1.125,36.91875076293945,30.1875,1.0,2.03125,7.03125,7.03125,0.0,3,3 4
1330,826.9788818359375,823.2655029296875,698.6033935546875,305.35626220703125,3.0,0.0,4.6875,4.6875,1.71875,0.0,1.0,0.9375,1.03125,36.912498474121094,28.0625,1.0,2.0,5.9375,5.9375,0.0,3,3 4
1331,784.8529052734375,781.6015625,661.0753784179688,324.35626220703125,2.90625,0.0,4.46875,4.46875,1.71875,0.0,0.84375,0.84375,1.0625,35.39374923706055,31.75,1.0,1.90625,6.625,6.625,0.0,3,3 4
1332,774.03173828125,769.6443481445312,651.1077270507812,316.1937561035156,2.875,0.0,4.4375,4.4375,1.6875,0.0,0.84375,0.84375,1.0625,34.59375,31.75,1.53125,1.875,5.875,5.875,0.0,3,3 2
1333,762.2972412109375,760.1319580078125,640.9445190429688,317.9437561035156,2.875,0.0,4.65625,4.65625,1.875,0.0,0.90625,0.875,1.0,32.86249923706055,34.375,1.0,1.875,6.875,6.875,0.0,3,3 4
1334,757.626708984375,752.7511596679688,632.6559448242188,318.92498779296875,2.90625,0.0,4.5625,4.5625,1.78125,0.0,0.84375,0.9375,1.0,32.42499923706055,38.21875,1.0,1.90625,6.40625,6.40625,0.0,3,3 4
1335,672.244384765625,669.4676513671875,563.9031372070312,296.79376220703125,2.65625,0.0,3.9375,3.9375,1.59375,0.0,0.65625,0.6875,1.0,30.068750381469727,34.1875,1.0,1.65625,5.65625,5.65625,0.0,3,3 4
1336,800.319580078125,796.1639404296875,672.54150390625,329.38751220703125,2.96875,0.0,4.53125,4.53125,1.71875,0.0,0.90625,0.8125,1.09375,35.224998474121094,33.6875,1.0,1.96875,6.53125,6.53125,0.0,3,3 2
1337,639.6953125,636.672119140625,534.3775634765625,278.2749938964844,2.625,0.0,3.6875,3.6875,1.40625,0.0,0.625,0.65625,1.0,29.893749237060547,40.25,1.65625,1.625,5.03125,5.03125,0.0,3,3 2
1338,583.5431518554688,579.43408203125,486.642578125,270.38751220703125,2.4375,0.0,3.5,3.5,1.375,0.0,0.59375,0.53125,1.0,27.206249237060547,36.09375,1.65625,1.4375,4.5,4.5,0.0,3,3 4
1339,678.1244506835938,674.5831909179688,566.7857666015625,304.6625061035156,2.6875,0.0,4.0625,4.0625,1.5625,0.0,0.78125,0.6875,1.03125,30.21875,36.40625,1.0,1.6875,4.90625,4.90625,0.0,3,3 2
1340,789.930908203125,785.0367431640625,662.7088623046875,334.54376220703125,2.9375,0.0,4.5,4.5,1.71875,0.0,0.875,0.8125,1.09375,34.587501525878906,36.25,1.0,1.9375,5.46875,5.46875,0.0,3,3 4
1341,697.3258666992188,696.211669921875,586.8919677734375,316.95623779296875,2.6875,0.0,4.25,4.25,1.5625,0.0,0.84375,0.8125,1.03125,31.09375,33.96875,1.625,1.6875,5.53125,5.53125,0.0,3,3 4
1342,619.8093872070312,613.770751953125,514.864013671875,288.2437438964844,2.53125,0.0,3.8125,3.8125,1.5625,0.0,0.65625,0.59375,1.0,27.399999618530273,35.5625,1.625,1.53125,4.625,4.625,0.0,3,3 2
1343,752.453125,746.99169921875,630.7200927734375,327.3500061035156,2.8125,0.0,4.46875,4.46875,1.71875,0.0,0.875,0.8125,1.0625,32.79999923706055,35.84375,1.15625,1.8125,5.9375,5.9375,0.0,3,3 2
1344,773.3153076171875,768.4874267578125,647.6820068359375,330.13751220703125,2.90625,0.0,4.53125,4.53125,1.75,0.0,0.875,0.90625,1.0,33.95000076293945,37.40625,1.0,1.90625,7.3125,7.3125,0.0,3,3 2
1345,717.0546875,711.9247436523438,598.1548461914062,320.15625,2.8125,0.0,3.9375,3.9375,1.5625,0.0,0.625,0.75,1.0,32.70624923706055,39.5,1.0,1.8125,6.3125,6.3125,0.0,3,3 2
1346,669.1251831054688,663.4303588867188,556.703125,304.1812438964844,2.6875,0.0,3.78125,3.78125,1.5625,0.0,0.59375,0.625,1.0,30.65625,37.78125,1.0,1.6875,5.0,5.0,0.0,3,3 4
1347,673.65625,668.987548828125,561.4422607421875,306.78125,2.6875,0.0,3.96875,3.96875,1.59375,0.0,0.65625,0.65625,1.0625,30.3125,38.46875,1.625,1.6875,5.96875,5.96875,0.0,3,3 2
1348,669.2797241210938,664.8538208007812,561.1893310546875,302.5562438964844,2.59375,0.0,4.0,4.0,1.625,0.0,0.6875,0.65625,1.03125,31.106250762939453,33.90625,2.40625,1.59375,5.96875,5.96875,0.0,3,3 2
1349,779.3748779296875,774.6304931640625,652.0044555664062,341.3125,2.9375,0.0,4.53125,4.53125,1.75,0.0,0.84375,0.90625,1.03125,33.66875076293945,38.375,1.59375,1.9375,9.71875,9.71875,0.0,3,3 4
1350,770.18310546875,765.8787841796875,647.177001953125,324.51873779296875,2.875,0.0,4.40625,4.40625,1.6875,0.0,0.78125,0.84375,1.09375,33.89374923706055,36.5625,2.375,1.875,10.5625,10.5625,0.0,3,3 4
1351,711.4287109375,704.9754638671875,596.1939697265625,313.8999938964844,2.6875,0.0,4.09375,4.09375,1.5625,0.0,0.71875,0.6875,1.125,32.42499923706055,33.15625,3.09375,1.6875,11.375,11.375,0.0,3,3 4
1352,742.232666015625,738.7548828125,623.3624877929688,321.7749938964844,2.8125,0.0,4.28125,4.28125,1.65625,0.0,0.78125,0.78125,1.0625,33.631248474121094,32.375,1.21875,1.8125,10.0,10.0,0.0,3,3 2
1353,740.3760375976562,735.88623046875,619.8712768554688,310.91876220703125,2.84375,0.0,4.34375,4.34375,1.78125,0.0,0.71875,0.84375,1.0,31.424999237060547,39.25,1.71875,1.84375,8.6875,8.6875,0.0,3,3 2
1354,803.2955932617188,795.5794677734375,672.42822265625,331.03125,2.9375,0.0,4.75,4.75,1.8125,0.0,0.9375,0.90625,1.09375,34.58124923706055,34.84375,1.625,1.9375,8.90625,8.90625,0.0,3,3 4
1355,751.8486938476562,747.4496459960938,628.992919921875,319.8812561035156,2.875,0.0,4.5,4.5,1.75,0.0,0.84375,0.90625,1.0,31.737499237060547,40.125,1.59375,1.875,7.03125,7.03125,0.0,3,3 4
1356,707.2926025390625,703.6775512695312,595.133056640625,301.61248779296875,2.6875,0.0,4.21875,4.21875,1.59375,0.0,0.8125,0.78125,1.03125,31.743749618530273,31.78125,3.40625,1.6875,7.90625,7.90625,0.0,3,3 4
1357,729.2003173828125,723.726806640625,611.6678466796875,300.7749938964844,2.75,0.0,4.4375,4.4375,1.71875,0.0,0.84375,0.875,1.0,32.056251525878906,34.5,2.375,1.75,8.28125,8.28125,0.0,3,3 4
1358,857.8355712890625,853.24755859375,722.3385620117188,350.2562561035156,3.0625,0.0,4.9375,4.9375,1.90625,0.0,1.0,0.9375,1.09375,39.006248474121094,27.53125,1.0,2.0625,8.96875,8.96875,0.0,3,3 2
1359,798.8570556640625,796.4734497070312,674.173583984375,317.65625,2.9375,0.0,4.6875,4.6875,1.78125,0.0,0.90625,0.90625,1.09375,34.95624923706055,33.09375,1.0,1.9375,10.6875,10.6875,0.0,3,3 1
1360,682.1903686523438,679.4278564453125,575.078125,274.2437438964844,2.625,0.0,4.21875,4.21875,1.71875,0.0,0.71875,0.78125,1.0,30.625,32.46875,2.28125,1.625,7.03125,7.03125,0.0,3,3 4
1361,668.5485229492188,664.740966796875,559.8829956054688,288.34375,2.625,0.0,4.25,4.25,1.6875,0.0,0.8125,0.75,1.0,28.837499618530273,34.78125,2.84375,1.625,6.875,6.875,0.0,3,3 4
1362,737.5911254882812,735.8966674804688,622.2947998046875,302.04998779296875,2.78125,0.0,4.5,4.5,1.75,0.0,0.90625,0.8125,1.03125,31.59375,31.1875,1.53125,1.78125,9.25,9.25,0.0,3,3 2
1363,758.0682373046875,751.9359130859375,635.5750732421875,321.14373779296875,2.8125,0.0,4.53125,4.53125,1.78125,0.0,0.90625,0.8125,1.03125,33.631248474121094,31.25,1.0,1.8125,9.0625,9.0625,0.0,3,3 4
1364,613.8260498046875,610.0640869140625,511.8016662597656,276.01251220703125,2.53125,0.0,3.8125,3.8125,1.5,0.0,0.65625,0.65625,1.0,27.21875,36.40625,2.25,1.53125,5.96875,5.96875,0.0,3,3 4
1365,610.1192016601562,607.2835693359375,512.1917724609375,273.6812438964844,2.46875,0.0,3.6875,3.6875,1.4375,0.0,0.65625,0.53125,1.0625,27.612499237060547,34.21875,3.25,1.46875,6.34375,6.34375,0.0,3,3 4
1366,693.6005249023438,689.5234375,580.5321044921875,311.6499938964844,2.6875,0.0,4.25,4.25,1.59375,0.0,0.84375,0.8125,1.0,30.743749618530273,34.03125,1.15625,1.6875,7.0625,7.0625,0.0,3,3 4
1367,721.3162841796875,714.8201904296875,601.4476928710938,313.3187561035156,2.78125,0.0,4.3125,4.3125,1.6875,0.0,0.8125,0.8125,1.0,31.356250762939453,35.53125,1.0,1.78125,7.28125,7.28125,0.0,3,3 4
1368,767.1506958007812,761.950927734375,641.6256103515625,336.1875,2.90625,0.0,4.375,4.375,1.6875,0.0,0.875,0.8125,1.0,33.07500076293945,40.84375,1.0,1.90625,7.3125,7.3125,0.0,3,3 4
1369,643.0188598632812,639.3555908203125,539.20654296875,295.2124938964844,2.53125,0.0,3.96875,3.96875,1.5,0.0,0.75,0.71875,1.0,28.893749237060547,32.25,4.0,1.53125,7.0,7.0,0.0,3,3 2
1370,724.0053100585938,721.5396728515625,608.5515747070312,310.26873779296875,2.78125,0.0,4.25,4.25,1.65625,0.0,0.78125,0.78125,1.03125,31.456249237060547,29.25,1.78125,1.78125,7.78125,7.78125,0.0,3,3 2
1371,606.333740234375,603.4520263671875,507.9705505371094,286.3687438964844,2.46875,0.0,3.53125,3.53125,1.375,0.0,0.625,0.46875,1.0625,29.725000381469727,30.09375,2.34375,1.46875,6.65625,6.65625,0.0,3,3 4
1372,687.9568481445312,683.1686401367188,576.5133666992188,307.6875,2.65625,0.0,4.03125,4.03125,1.53125,0.0,0.8125,0.625,1.0625,31.018749237060547,24.53125,2.5,1.65625,10.125,10.125,0.0,3,3 4
1373,724.5813598632812,720.7659301757812,609.1549072265625,318.48748779296875,2.75,0.0,4.0625,4.0625,1.46875,0.0,0.8125,0.65625,1.125,32.98125076293945,31.6875,2.5,1.75,8.4375,8.4375,0.0,3,3 2
1374,717.309814453125,712.098876953125,600.7725830078125,330.1937561035156,2.71875,0.0,4.15625,4.15625,1.625,0.0,0.84375,0.625,1.0625,33.35625076293945,28.375,1.0,1.71875,9.0625,9.0625,0.0,3,3 2
1375,649.6139526367188,644.9561767578125,543.5396118164062,294.7437438964844,2.5625,0.0,3.9375,3.9375,1.46875,0.0,0.78125,0.65625,1.03125,29.46875,26.0625,1.09375,1.5625,7.78125,7.78125,0.0,3,3 2
1376,799.260498046875,795.5777587890625,671.6224975585938,334.40625,2.96875,0.0,4.5,4.5,1.71875,0.0,0.90625,0.78125,1.09375,36.375,21.53125,1.0,1.96875,10.0,10.0,0.0,3,3 2
1377,736.599609375,731.4125366210938,615.4580078125,314.21875,2.84375,0.0,4.25,4.25,1.6875,0.0,0.8125,0.75,1.0,32.256248474121094,31.0,1.5625,1.84375,9.1875,9.1875,0.0,3,3 4
1378,794.813720703125,788.8258666992188,666.7633666992188,320.1812438964844,2.9375,0.0,4.59375,4.59375,1.71875,0.0,0.96875,0.84375,1.0625,35.01874923706055,24.84375,1.0,1.9375,7.6875,7.6875,0.0,3,3 4
1379,814.0875854492188,809.369384765625,684.4229125976562,319.03125,3.0,0.0,4.6875,4.6875,1.84375,0.0,0.90625,0.84375,1.09375,34.693748474121094,23.90625,1.5,2.0,7.09375,7.09375,0.0,3,3 2
1380,662.5416870117188,659.98193359375,554.7091064453125,291.2749938964844,2.65625,0.0,3.9375,3.9375,1.5625,0.0,0.71875,0.625,1.03125,29.981250762939453,29.78125,1.71875,1.65625,4.875,4.875,0.0,3,3 2
1381,702.2568359375,700.0143432617188,590.65380859375,283.3812561035156,2.75,0.0,4.03125,4.03125,1.53125,0.0,0.78125,0.65625,1.0625,30.924999237060547,30.96875,1.71875,1.75,6.125,6.125,0.0,3,3 2
1382,738.357177734375,733.9876708984375,619.6163940429688,324.60626220703125,2.78125,0.0,4.34375,4.34375,1.71875,0.0,0.84375,0.75,1.03125,33.07500076293945,31.5625,1.71875,1.78125,7.03125,7.03125,0.0,3,3 2
1383,764.2797241210938,761.77685546875,644.1527709960938,321.6312561035156,2.875,0.0,4.21875,4.21875,1.59375,0.0,0.84375,0.65625,1.125,32.875,33.40625,1.71875,1.875,7.875,7.875,0.0,3,3 2
1384,685.60302734375,680.0286865234375,572.107421875,312.9937438964844,2.6875,0.0,4.0,4.0,1.46875,0.0,0.78125,0.71875,1.03125,29.981250762939453,33.0625,2.375,1.6875,6.84375,6.84375,0.0,3,3 2
1385,731.8367309570312,728.0836181640625,613.7755737304688,330.0249938964844,2.78125,0.0,4.3125,4.3125,1.59375,0.0,0.90625,0.78125,1.03125,31.912500381469727,28.59375,2.4375,1.78125,8.9375,8.9375,0.0,3,3 4
1386,677.2720947265625,672.2660522460938,563.9258422851562,297.6875,2.71875,0.0,4.0,4.0,1.5625,0.0,0.75,0.6875,1.0,29.268749237060547,34.9375,1.0,1.71875,8.46875,8.46875,0.0,3,3 4
1387,691.4118041992188,686.8475341796875,578.3024291992188,291.1312561035156,2.71875,0.0,4.125,4.125,1.5625,0.0,0.8125,0.75,1.0,29.450000762939453,28.84375,1.59375,1.71875,6.65625,6.65625,0.0,3,3 2
1388,735.412109375,730.3028564453125,617.0045776367188,292.09375,2.8125,0.0,4.1875,4.1875,1.625,0.0,0.75,0.75,1.0625,32.32500076293945,32.40625,1.0,1.8125,7.5,7.5,0.0,3,3 2
1389,671.592529296875,667.302978515625,561.2301635742188,274.375,2.6875,0.0,4.0625,4.0625,1.625,0.0,0.71875,0.6875,1.03125,29.049999237060547,35.75,1.0,1.6875,5.6875,5.6875,0.0,3,3 2
1390,691.638916015625,688.65673828125,578.94677734375,305.11248779296875,2.71875,0.0,4.15625,4.15625,1.71875,0.0,0.71875,0.71875,1.0,31.34375,37.59375,1.0,1.71875,7.90625,7.90625,0.0,3,3 2
1391,697.1936645507812,693.0972900390625,582.5813598632812,300.6312561035156,2.75,0.0,4.125,4.125,1.59375,0.0,0.78125,0.75,1.0,30.46875,37.4375,1.0,1.75,8.65625,8.65625,0.0,3,3 4
1392,779.5128784179688,776.7515869140625,656.3170776367188,315.6812438964844,2.9375,0.0,4.28125,4.28125,1.625,0.0,0.8125,0.8125,1.03125,34.16875076293945,35.78125,1.0,1.9375,8.5,8.5,0.0,3,3 2
1393,635.3778076171875,632.24072265625,531.0377197265625,262.7749938964844,2.59375,0.0,4.03125,4.03125,1.5625,0.0,0.78125,0.6875,1.0,27.787500381469727,36.15625,1.53125,1.59375,5.5625,5.5625,0.0,3,3 2
1394,702.9757080078125,702.0614013671875,591.3800048828125,289.32501220703125,2.75,0.0,4.28125,4.28125,1.65625,0.0,0.8125,0.8125,1.0,31.056249618530273,36.375,1.0,1.75,8.0,8.0,0.0,3,3 4
1395,723.8463745117188,721.4915771484375,607.088623046875,281.5375061035156,2.84375,0.0,4.34375,4.34375,1.71875,0.0,0.8125,0.8125,1.0,30.631250381469727,38.90625,1.0,1.84375,8.0,8.0,0.0,3,3 2
1396,730.6947021484375,724.2608642578125,610.588623046875,295.38751220703125,2.8125,0.0,4.21875,4.21875,1.6875,0.0,0.71875,0.78125,1.03125,32.79375076293945,36.25,1.0,1.8125,8.46875,8.46875,0.0,3,3 2
1397,650.4046020507812,647.2426147460938,543.1978759765625,277.5874938964844,2.65625,0.0,3.84375,3.84375,1.59375,0.0,0.625,0.625,1.0,29.043750762939453,40.5,1.0,1.65625,6.625,6.625,0.0,3,3 2
1398,695.3037109375,691.1758422851562,582.2975463867188,290.45623779296875,2.71875,0.0,4.1875,4.1875,1.71875,0.0,0.71875,0.75,1.0,30.100000381469727,37.40625,1.09375,1.71875,7.0625,7.0625,0.0,3,3 2
1399,563.349365234375,557.8289184570312,467.21258544921875,258.83123779296875,2.40625,0.0,3.4375,3.4375,1.375,0.0,0.53125,0.53125,1.0,27.012500762939453,38.0,1.9375,1.40625,5.125,5.125,0.0,3,3 2
1400,638.4880981445312,634.9000854492188,533.1124877929688,277.41876220703125,2.59375,0.0,3.96875,3.96875,1.625,0.0,0.65625,0.6875,1.0,28.356250762939453,33.875,2.34375,1.59375,5.90625,5.90625,0.0,3,3 2
1401,572.3594360351562,570.0167236328125,480.61602783203125,249.4875030517578,2.375,0.0,3.5625,3.5625,1.40625,0.0,0.5625,0.5625,1.03125,27.368749618530273,32.75,4.4375,1.375,4.78125,4.78125,0.0,3,3 2
1402,555.4813232421875,554.0692138671875,464.369140625,238.5625,2.40625,0.0,3.53125,3.53125,1.40625,0.0,0.59375,0.53125,1.0,25.46875,36.125,3.6875,1.40625,4.8125,4.8125,0.0,3,3 1
1403,662.9304809570312,660.6153564453125,555.8914794921875,270.5625,2.65625,0.0,4.09375,4.09375,1.5625,0.0,0.75,0.78125,1.0,29.212499618530273,38.71875,2.03125,1.65625,3.96875,3.96875,0.0,3,3 4
1404,666.626953125,662.4696044921875,556.939697265625,264.6875,2.6875,0.0,4.0625,4.0625,1.53125,0.0,0.78125,0.75,1.0,28.725000381469727,35.8125,1.0,1.6875,4.875,4.875,0.0,3,3 4
1405,673.5411376953125,669.6806640625,563.492919921875,275.1000061035156,2.6875,0.0,4.0625,4.0625,1.65625,0.0,0.6875,0.71875,1.0,29.487499237060547,36.1875,1.0,1.6875,4.125,4.125,0.0,3,3 4
1406,607.61376953125,604.15283203125,505.9810485839844,259.25,2.5625,0.0,3.71875,3.71875,1.53125,0.0,0.5625,0.625,1.0,26.162500381469727,39.96875,2.4375,1.5625,3.8125,3.8125,0.0,3,3 4
1407,684.309326171875,679.2706298828125,570.5853271484375,292.5874938964844,2.71875,0.0,4.09375,4.09375,1.6875,0.0,0.6875,0.71875,1.0,30.518749237060547,41.3125,1.0,1.71875,4.71875,4.71875,0.0,3,3 2
1408,674.5390625,670.1103515625,560.2474365234375,295.46875,2.75,0.0,4.125,4.125,1.6875,0.0,0.6875,0.75,1.0,28.274999618530273,41.59375,1.0,1.75,4.5,4.5,0.0,3,3 4
1409,694.06005859375,690.226806640625,579.6512451171875,294.9750061035156,2.75,0.0,4.25,4.25,1.71875,0.0,0.71875,0.8125,1.0,29.59375,37.59375,1.625,1.75,4.0,4.0,0.0,3,3 4
1410,680.9253540039062,678.1950073242188,571.2017822265625,286.26251220703125,2.6875,0.0,4.0625,4.0625,1.65625,0.0,0.65625,0.75,1.0,30.862499237060547,36.90625,1.78125,1.6875,4.90625,4.90625,0.0,3,3 2
1411,690.6035766601562,687.7572021484375,579.1098022460938,289.53125,2.71875,0.0,4.125,4.125,1.59375,0.0,0.75,0.78125,1.0,30.462499618530273,35.71875,1.90625,1.71875,4.5,4.5,0.0,3,3 2
1412,758.4226684570312,756.3670654296875,636.63916015625,312.1875,2.90625,0.0,4.53125,4.53125,1.84375,0.0,0.78125,0.90625,1.0,32.95000076293945,34.0,1.0,1.90625,4.4375,4.4375,0.0,3,3 2
1413,627.42529296875,626.0965576171875,525.7052001953125,273.86248779296875,2.59375,0.0,3.6875,3.6875,1.53125,0.0,0.46875,0.6875,1.0,27.837499618530273,39.15625,2.28125,1.59375,3.46875,3.46875,0.0,3,3 4
1414,607.0447387695312,603.65576171875,505.0943298339844,276.41876220703125,2.5625,0.0,3.53125,3.53125,1.53125,0.0,0.40625,0.59375,1.0,27.725000381469727,38.53125,1.25,1.5625,1.9375,1.9375,0.0,3,3 2
1415,594.7789916992188,590.0225219726562,495.2364807128906,275.8500061035156,2.46875,0.0,3.625,3.625,1.46875,0.0,0.53125,0.625,1.0,26.700000762939453,35.8125,2.21875,1.46875,2.40625,2.40625,0.0,3,3 2
1416,559.8232421875,556.2594604492188,464.24139404296875,268.1812438964844,2.4375,0.0,3.375,3.375,1.4375,0.0,0.5,0.4375,1.0,26.299999237060547,38.65625,1.65625,1.4375,2.65625,2.65625,0.0,3,3 4
1417,612.793701171875,608.2130737304688,510.43585205078125,271.79998779296875,2.53125,0.0,3.78125,3.78125,1.53125,0.0,0.65625,0.59375,1.0,26.387500762939453,37.71875,2.28125,1.53125,3.125,3.125,0.0,3,3 2
1418,708.519775390625,707.2449951171875,594.5013427734375,310.17498779296875,2.78125,0.0,4.21875,4.21875,1.6875,0.0,0.75,0.78125,1.0,30.818750381469727,37.25,1.25,1.78125,4.28125,4.28125,0.0,2,2 3
1419,672.8760375976562,668.3511352539062,561.5320434570312,294.57501220703125,2.6875,0.0,3.96875,3.96875,1.59375,0.0,0.65625,0.71875,1.0,29.668750762939453,34.375,1.625,1.6875,3.9375,3.9375,0.0,3,3 4
1420,687.5762329101562,684.7216796875,574.1826782226562,307.26251220703125,2.75,0.0,4.0625,4.0625,1.59375,0.0,0.71875,0.75,1.0,30.143749237060547,35.21875,1.0,1.75,3.96875,3.96875,0.0,3,3 2
1421,735.4664306640625,732.022705078125,615.8385009765625,318.67498779296875,2.84375,0.0,4.28125,4.28125,1.71875,0.0,0.71875,0.84375,1.0,31.600000381469727,38.4375,1.0,1.84375,3.375,3.375,0.0,3,3 2
1422,792.1170043945312,788.2468872070312,665.3148803710938,334.9125061035156,2.9375,0.0,4.65625,4.65625,1.875,0.0,0.84375,0.9375,1.0,34.368751525878906,32.625,1.0,1.9375,4.46875,4.46875,0.0,3,3 4
1423,709.6658935546875,707.0679931640625,594.91796875,298.0062561035156,2.78125,0.0,4.28125,4.28125,1.625,0.0,0.78125,0.84375,1.03125,29.512500762939453,39.0,1.71875,1.78125,3.9375,3.9375,0.0,3,3 4
1424,727.0984497070312,722.8394775390625,608.1522827148438,305.8187561035156,2.8125,0.0,4.375,4.375,1.75,0.0,0.8125,0.8125,1.0,32.0625,30.875,1.0,1.8125,4.1875,4.1875,0.0,3,3 2
1425,677.6668701171875,675.2955322265625,568.4566650390625,290.57501220703125,2.6875,0.0,4.03125,4.03125,1.625,0.0,0.65625,0.75,1.0,29.5,36.3125,1.6875,1.6875,2.8125,2.8125,0.0,4,4 2
1426,703.8818359375,700.6138916015625,591.1043090820312,296.8500061035156,2.71875,0.0,4.1875,4.1875,1.59375,0.0,0.78125,0.8125,1.0,31.831249237060547,35.78125,1.75,1.71875,3.25,3.25,0.0,3,3 4
1427,665.3687744140625,663.2091064453125,558.5443725585938,288.95623779296875,2.65625,0.0,3.78125,3.78125,1.5,0.0,0.5625,0.71875,1.0,30.71875,36.03125,1.0,1.65625,4.6875,4.6875,0.0,2,2 4
1428,679.2979125976562,675.755615234375,566.681396484375,322.54998779296875,2.71875,0.0,3.84375,3.84375,1.65625,0.0,0.46875,0.71875,1.0,29.912500381469727,37.1875,1.71875,1.71875,4.5625,4.5625,0.0,4,4 3
1429,639.7175903320312,637.1068115234375,536.0977783203125,296.0375061035156,2.59375,0.0,3.53125,3.53125,1.4375,0.0,0.46875,0.625,1.0,28.581249237060547,33.3125,3.21875,1.59375,2.84375,2.84375,0.0,2,2 4
1430,796.9561767578125,795.0936279296875,672.1378784179688,345.03125,2.9375,0.0,4.5,4.5,1.84375,0.0,0.78125,0.875,1.0,35.162498474121094,27.71875,1.0,1.9375,5.125,5.125,0.0,3,3 4
1431,721.6345825195312,720.0206909179688,605.4259033203125,324.5062561035156,2.8125,0.0,4.1875,4.1875,1.71875,0.0,0.65625,0.8125,1.0,30.524999618530273,36.46875,2.4375,1.8125,3.875,3.875,0.0,2,2 4
1432,767.957763671875,764.876708984375,644.3449096679688,332.20623779296875,2.90625,0.0,4.5,4.5,1.84375,0.0,0.78125,0.875,1.0,32.54999923706055,35.5,1.0,1.90625,4.0,4.0,0.0,2,2 4
1433,726.47509765625,723.8848266601562,608.2835083007812,324.45623779296875,2.8125,0.0,4.4375,4.4375,1.75,0.0,0.8125,0.875,1.0,30.575000762939453,34.125,1.28125,1.8125,4.34375,4.34375,0.0,3,3 4
1434,672.3937377929688,669.9010009765625,562.3018798828125,315.73126220703125,2.6875,0.0,3.96875,3.96875,1.5625,0.0,0.65625,0.75,1.0,28.125,37.0,3.0625,1.6875,3.0,3.0,0.0,4,4 3
1435,742.1041259765625,740.3194580078125,624.4971313476562,330.2562561035156,2.8125,0.0,4.34375,4.34375,1.75,0.0,0.8125,0.75,1.03125,32.275001525878906,31.46875,1.5625,1.8125,3.15625,3.15625,0.0,3,3 2
1436,756.9525146484375,755.9300537109375,637.3305053710938,341.0625,2.84375,0.0,4.53125,4.53125,1.8125,0.0,0.84375,0.875,1.0,33.243751525878906,31.625,2.21875,1.84375,3.1875,3.1875,0.0,3,3 4
1437,775.5210571289062,773.3903198242188,651.9066162109375,337.64373779296875,2.90625,0.0,4.625,4.625,1.75,0.0,0.9375,0.9375,1.0,33.54999923706055,32.0625,1.59375,1.90625,3.53125,3.53125,0.0,3,3 4
1438,774.1203002929688,771.4436645507812,649.7756958007812,346.95623779296875,2.90625,0.0,4.59375,4.59375,1.875,0.0,0.8125,0.90625,1.0,32.681251525878906,33.25,1.0,1.90625,3.25,3.25,0.0,3,3 1
1439,725.4489135742188,721.9896240234375,607.4418334960938,310.75,2.8125,0.0,4.34375,4.34375,1.75,0.0,0.84375,0.75,1.0,30.612499237060547,37.125,1.625,1.8125,2.90625,2.90625,0.0,3,3 4
1440,726.430908203125,723.7772216796875,610.9747314453125,316.5249938964844,2.75,0.0,4.4375,4.4375,1.71875,0.0,0.9375,0.78125,1.0,31.8125,30.3125,1.0,1.75,3.9375,3.9375,0.0,4,4 3
1441,764.1834106445312,760.7572631835938,640.8045654296875,331.04376220703125,2.875,0.0,4.65625,4.65625,1.84375,0.0,0.9375,0.875,1.0,33.474998474121094,34.34375,1.0,1.875,3.59375,3.59375,0.0,4,4 3
1442,705.6946411132812,701.3087768554688,590.8678588867188,311.8687438964844,2.71875,0.0,4.28125,4.28125,1.65625,0.0,0.84375,0.78125,1.0,30.75,33.96875,1.71875,1.71875,3.28125,3.28125,0.0,3,3 4
1443,749.6328125,748.1881103515625,630.4210205078125,323.9375,2.84375,0.0,4.59375,4.59375,1.84375,0.0,0.90625,0.84375,1.0,31.987499237060547,34.25,1.0,1.84375,4.8125,4.8125,0.0,4,4 1
1444,721.2387084960938,718.646240234375,606.7850341796875,312.8999938964844,2.75,0.0,4.25,4.25,1.6875,0.0,0.84375,0.71875,1.0,31.756250381469727,32.46875,2.46875,1.75,2.46875,2.46875,0.0,3,3 4
1445,683.72802734375,681.6588745117188,573.5665283203125,313.26251220703125,2.6875,0.0,4.03125,4.03125,1.6875,0.0,0.65625,0.6875,1.0,30.162500381469727,30.0,2.25,1.6875,2.1875,2.1875,0.0,4,4 3
1446,778.8291625976562,774.4114990234375,654.18408203125,325.26873779296875,2.90625,0.0,4.4375,4.4375,1.8125,0.0,0.78125,0.8125,1.03125,34.17499923706055,33.21875,1.0,1.90625,3.90625,3.90625,0.0,3,3 4
1447,639.7215576171875,633.4686889648438,533.5394287109375,287.5625,2.5625,0.0,3.6875,3.6875,1.4375,0.0,0.6875,0.5625,1.0,28.756250381469727,30.8125,1.96875,1.5625,3.4375,3.4375,0.0,3,3 4
1448,687.25,685.0101318359375,576.3751220703125,309.48748779296875,2.71875,0.0,3.875,3.875,1.625,0.0,0.6875,0.5625,1.0,30.40625,29.34375,1.5,1.71875,4.96875,4.96875,0.0,3,3 4
1449,668.1188354492188,665.76904296875,558.4856567382812,293.4624938964844,2.71875,0.0,3.8125,3.8125,1.5625,0.0,0.5625,0.6875,1.0,28.737499237060547,35.84375,1.0,1.71875,3.75,3.75,0.0,3,3 2
1450,671.1351928710938,668.51171875,563.6449584960938,307.42498779296875,2.625,0.0,3.90625,3.90625,1.5625,0.0,0.6875,0.6875,0.96875,31.225000381469727,29.375,1.65625,1.625,4.375,4.375,0.0,3,3 4
1451,646.7554931640625,643.3621826171875,540.369384765625,297.59375,2.625,0.0,3.6875,3.6875,1.59375,0.0,0.5625,0.53125,1.0,28.40625,36.625,2.21875,1.625,3.71875,3.71875,0.0,3,3 4
1452,643.2333984375,640.2512817382812,539.3872680664062,273.1000061035156,2.59375,0.0,3.6875,3.6875,1.53125,0.0,0.5625,0.59375,1.0,30.674999237060547,37.09375,1.0,1.59375,4.0625,4.0625,0.0,4,4 2
1453,716.9849853515625,714.679931640625,604.9827270507812,302.36248779296875,2.71875,0.0,4.125,4.125,1.5625,0.0,0.90625,0.65625,1.0,32.73125076293945,27.34375,1.0,1.71875,5.25,5.25,0.0,3,3 2
1454,777.7000122070312,775.795166015625,657.1723022460938,313.26251220703125,2.875,0.0,4.4375,4.4375,1.78125,0.0,0.8125,0.78125,1.0625,35.88750076293945,27.21875,1.0,1.875,4.03125,4.03125,0.0,2,2 3
1455,628.9061889648438,625.4703369140625,527.5716552734375,262.9937438964844,2.53125,0.0,3.875,3.875,1.59375,0.0,0.65625,0.625,1.0,27.424999237060547,30.84375,1.875,1.53125,4.0,4.0,0.0,3,3 2
1456,792.8565063476562,787.9913330078125,666.8021240234375,311.54376220703125,2.9375,0.0,4.5,4.5,1.78125,0.0,0.875,0.78125,1.0625,34.650001525878906,29.53125,1.0,1.9375,4.5625,4.5625,0.0,3,3 1
1457,695.7371826171875,692.3270263671875,583.6111450195312,282.875,2.75,0.0,3.875,3.875,1.625,0.0,0.53125,0.71875,1.0,30.956249237060547,39.0,1.53125,1.75,3.9375,3.9375,0.0,4,4 2
1458,688.5338745117188,684.56689453125,575.2911376953125,290.78125,2.75,0.0,3.96875,3.96875,1.65625,0.0,0.53125,0.78125,1.0,29.787500381469727,39.90625,1.0,1.75,2.71875,2.71875,0.0,3,3 4
1459,588.5894165039062,585.9190673828125,490.5135803222656,264.3187561035156,2.53125,0.0,3.28125,3.28125,1.4375,0.0,0.4375,0.4375,0.96875,26.399999618530273,39.34375,1.0,1.53125,3.3125,3.3125,0.0,4,4 3
1460,711.6410522460938,709.2296752929688,597.7112426757812,293.4437561035156,2.78125,0.0,4.09375,4.09375,1.65625,0.0,0.59375,0.84375,1.0,31.4375,34.78125,1.0,1.78125,4.125,4.125,0.0,3,3 4
1461,706.2683715820312,703.6239013671875,592.4674072265625,289.5375061035156,2.78125,0.0,4.0625,4.0625,1.6875,0.0,0.6875,0.6875,1.0,31.206249237060547,32.125,1.0,1.78125,4.6875,4.6875,0.0,3,3 4
1462,773.4629516601562,772.1685791015625,654.4000244140625,299.26873779296875,2.90625,0.0,4.125,4.125,1.65625,0.0,0.6875,0.6875,1.09375,34.681251525878906,35.875,1.0,1.90625,4.03125,4.03125,0.0,4,4 3
1463,749.7850952148438,746.6796875,630.0980224609375,307.25,2.875,0.0,4.09375,4.09375,1.75,0.0,0.5625,0.75,1.03125,33.85625076293945,30.625,1.0,1.875,4.0625,4.0625,0.0,3,3 2
1464,760.0274047851562,755.73095703125,638.4840087890625,314.70001220703125,2.875,0.0,4.15625,4.15625,1.6875,0.0,0.625,0.8125,1.03125,34.09375,35.15625,1.59375,1.875,3.09375,3.09375,0.0,3,3 4
1465,771.223876953125,769.688232421875,650.75341796875,322.6937561035156,2.875,0.0,4.46875,4.46875,1.8125,0.0,0.78125,0.84375,1.03125,34.306251525878906,26.6875,1.53125,1.875,3.8125,3.8125,0.0,3,3 1
1466,773.0983276367188,771.1849975585938,652.031494140625,314.625,2.90625,0.0,4.28125,4.28125,1.59375,0.0,0.78125,0.875,1.03125,34.63750076293945,28.625,1.0,1.90625,3.46875,3.46875,0.0,4,4 3
1467,712.8886108398438,710.52978515625,600.6030883789062,288.5625,2.75,0.0,4.03125,4.03125,1.5625,0.0,0.8125,0.6875,0.96875,32.631248474121094,25.125,1.0,1.75,2.96875,2.96875,0.0,4,4 3
1468,736.43408203125,734.4654541015625,622.4279174804688,291.26873779296875,2.78125,0.0,4.125,4.125,1.59375,0.0,0.75,0.75,1.03125,34.23125076293945,30.5,1.96875,1.78125,2.34375,2.34375,0.0,3,3 4
1469,654.2162475585938,652.4798583984375,551.30859375,263.59375,2.59375,0.0,3.875,3.875,1.53125,0.0,0.6875,0.65625,1.0,30.856250762939453,32.34375,1.5625,1.59375,2.34375,2.34375,0.0,3,3 4
1470,719.0084838867188,717.7061157226562,606.76025390625,303.15625,2.75,0.0,4.09375,4.09375,1.625,0.0,0.78125,0.65625,1.03125,32.849998474121094,30.4375,1.0,1.75,3.46875,3.46875,0.0,3,3 4
1471,666.3776245117188,664.4989013671875,560.5624389648438,276.48126220703125,2.65625,0.0,3.8125,3.8125,1.46875,0.0,0.65625,0.625,1.0625,29.443750381469727,29.96875,1.0,1.65625,2.25,2.25,0.0,3,3 4
1472,678.8147583007812,676.6091918945312,571.8480224609375,293.625,2.625,0.0,4.03125,4.03125,1.53125,0.0,0.78125,0.71875,1.0,31.693750381469727,23.3125,1.0,1.625,3.75,3.75,0.0,3,3 4
1473,755.9894409179688,752.170166015625,633.95947265625,314.5375061035156,2.875,0.0,4.40625,4.40625,1.75,0.0,0.75,0.90625,1.0,33.9375,28.875,1.0,1.875,2.375,2.375,0.0,4,4 2
1474,725.1805419921875,720.4620361328125,607.5274658203125,315.08123779296875,2.78125,0.0,4.125,4.125,1.5625,0.0,0.71875,0.8125,1.03125,32.599998474121094,33.1875,1.0,1.78125,1.5,1.5,0.0,3,3 4
1475,788.3134765625,786.3228759765625,665.4195556640625,323.45623779296875,2.90625,0.0,4.53125,4.53125,1.78125,0.0,0.84375,0.875,1.03125,36.349998474121094,30.625,1.0,1.90625,1.625,1.625,0.0,2,2 3
1476,783.22900390625,779.9204711914062,659.1861572265625,328.0625,2.90625,0.0,4.53125,4.53125,1.75,0.0,0.875,0.90625,1.0,34.131248474121094,31.90625,1.0,1.90625,2.28125,2.28125,0.0,3,3 4
1477,803.7689819335938,798.4845581054688,675.710693359375,333.6000061035156,2.9375,0.0,4.59375,4.59375,1.71875,0.0,0.875,0.9375,1.0625,35.243751525878906,32.4375,1.0,1.9375,2.5625,2.5625,0.0,3,3 4
1478,739.5259399414062,735.3163452148438,620.3905029296875,314.17498779296875,2.8125,0.0,4.3125,4.3125,1.59375,0.0,0.8125,0.90625,1.0,32.45624923706055,34.59375,1.59375,1.8125,2.1875,2.1875,0.0,3,3 4
1479,723.257568359375,718.83740234375,604.3526611328125,312.375,2.8125,0.0,4.28125,4.28125,1.65625,0.0,0.78125,0.84375,1.0,31.200000762939453,39.125,1.0,1.8125,2.6875,2.6875,0.0,3,3 4
1480,733.4615478515625,731.2261962890625,614.9071044921875,324.9750061035156,2.84375,0.0,4.25,4.25,1.5625,0.0,0.78125,0.875,1.03125,31.293750762939453,38.34375,1.21875,1.84375,2.53125,2.53125,0.0,3,3 4
1481,736.905029296875,734.5980834960938,619.58447265625,331.7749938964844,2.78125,0.0,4.4375,4.4375,1.65625,0.0,0.90625,0.875,1.0,32.568748474121094,33.75,1.0,1.78125,5.1875,5.1875,0.0,3,3 4
1482,724.9232177734375,721.5034790039062,608.5040283203125,326.63751220703125,2.75,0.0,4.34375,4.34375,1.625,0.0,0.875,0.875,0.96875,32.181251525878906,33.40625,1.84375,1.75,3.03125,3.03125,0.0,3,3 4
1483,808.2974853515625,804.3983154296875,679.8626708984375,337.5375061035156,2.96875,0.0,4.6875,4.6875,1.71875,0.0,0.9375,0.9375,1.09375,34.5625,35.1875,1.0,1.96875,2.84375,2.84375,0.0,3,3 4
1484,832.2235107421875,827.9353637695312,699.5618896484375,342.5625,3.03125,0.0,4.875,4.875,1.84375,0.0,0.96875,1.0,1.0625,35.73749923706055,31.78125,1.0,2.03125,3.46875,3.46875,0.0,4,4 3
1485,805.4952392578125,802.533203125,676.506103515625,332.5562438964844,3.0,0.0,4.8125,4.8125,1.8125,0.0,1.0,0.96875,1.03125,34.162498474121094,36.0,1.0,2.0,4.03125,4.03125,0.0,4,4 3
1486,762.3549194335938,760.1168212890625,641.7516479492188,331.23748779296875,2.84375,0.0,4.625,4.625,1.8125,0.0,0.90625,0.90625,1.0,32.587501525878906,33.71875,2.0625,1.84375,4.1875,4.1875,0.0,4,4 3
1487,773.1796264648438,769.0355834960938,647.5838623046875,332.40625,2.90625,0.0,4.71875,4.71875,1.875,0.0,0.90625,0.9375,1.0,32.743751525878906,35.84375,1.0,1.90625,4.46875,4.46875,0.0,4,4 3
1488,753.6029663085938,750.6114501953125,631.1783447265625,337.70001220703125,2.875,0.0,4.46875,4.46875,1.65625,0.0,0.84375,0.9375,1.03125,32.90625,31.5,1.0,1.875,4.15625,4.15625,0.0,4,4 3
1489,756.1278686523438,752.4489135742188,633.681884765625,317.32501220703125,2.875,0.0,4.59375,4.59375,1.8125,0.0,0.875,0.90625,1.0,32.087501525878906,38.4375,1.0,1.875,2.90625,2.90625,0.0,4,4 3
1490,745.9664916992188,744.144287109375,628.1378784179688,324.0562438964844,2.8125,0.0,4.40625,4.40625,1.71875,0.0,0.78125,0.90625,1.0,33.631248474121094,32.15625,1.0,1.8125,3.40625,3.40625,0.0,4,4 3
1491,754.108642578125,751.8292236328125,633.7386474609375,338.45001220703125,2.84375,0.0,4.4375,4.4375,1.71875,0.0,0.875,0.875,0.96875,33.224998474121094,32.875,1.0,1.84375,3.71875,3.71875,0.0,3,3 4
1492,705.0362548828125,700.9945068359375,589.7908325195312,318.70001220703125,2.71875,0.0,4.40625,4.40625,1.6875,0.0,0.84375,0.875,1.0,30.3125,32.3125,2.15625,1.71875,4.125,4.125,0.0,3,3 4
1493,715.4545288085938,712.701171875,599.2349243164062,318.63751220703125,2.78125,0.0,4.28125,4.28125,1.65625,0.0,0.75,0.875,1.0,31.09375,35.59375,1.625,1.78125,4.65625,4.65625,0.0,4,4 3
1494,663.6204833984375,659.6151123046875,554.4056396484375,307.8999938964844,2.625,0.0,4.0625,4.0625,1.625,0.0,0.6875,0.75,1.0,29.524999618530273,37.5625,2.21875,1.625,4.84375,4.84375,0.0,3,3 4
1495,691.8065185546875,689.3785400390625,577.9122924804688,311.6875,2.75,0.0,4.21875,4.21875,1.71875,0.0,0.6875,0.8125,1.0,30.59375,37.71875,1.0,1.75,4.90625,4.90625,0.0,4,4 2
1496,723.5958862304688,720.5095825195312,606.6803588867188,317.23126220703125,2.78125,0.0,4.3125,4.3125,1.625,0.0,0.8125,0.875,1.0,32.806251525878906,34.0625,1.0,1.78125,4.5,4.5,0.0,3,3 4
1497,794.9678344726562,791.1343994140625,665.7249755859375,353.79376220703125,2.96875,0.0,4.75,4.75,1.84375,0.0,0.90625,1.0,1.0,33.51250076293945,40.0,1.0,1.96875,5.0,5.0,0.0,3,3 4
1498,775.2218627929688,771.7584838867188,650.9327392578125,329.01251220703125,2.90625,0.0,4.5625,4.5625,1.75,0.0,0.875,0.875,1.0625,33.681251525878906,38.78125,1.0,1.90625,3.6875,3.6875,0.0,3,3 4
1499,749.2100219726562,745.6303100585938,628.1387939453125,345.42498779296875,2.8125,0.0,4.5,4.5,1.75,0.0,0.84375,0.90625,1.0,33.86249923706055,32.96875,1.21875,1.8125,3.09375,3.09375,0.0,4,4 2
1500,767.0599365234375,764.3758544921875,643.4075927734375,354.16876220703125,2.875,0.0,4.625,4.625,1.75,0.0,0.9375,0.9375,1.0,33.38750076293945,34.28125,1.625,1.875,3.65625,3.65625,0.0,3,3 4
1501,716.58154296875,713.656005859375,600.5225830078125,328.3687438964844,2.75,0.0,4.375,4.375,1.625,0.0,0.875,0.875,1.0,31.75,35.65625,1.71875,1.75,2.46875,2.46875,0.0,3,3 4
1502,743.5164794921875,739.9559326171875,621.7232666015625,336.98748779296875,2.84375,0.0,4.53125,4.53125,1.8125,0.0,0.84375,0.875,1.0,32.337501525878906,34.46875,1.21875,1.84375,2.3125,2.3125,0.0,3,3 4
1503,750.9461059570312,748.0076293945312,629.2761840820312,334.65625,2.875,0.0,4.34375,4.34375,1.5625,0.0,0.84375,0.90625,1.03125,32.631248474121094,39.84375,1.0,1.875,2.90625,2.90625,0.0,3,3 4
1504,767.8776245117188,762.4129028320312,641.3411865234375,342.0625,2.90625,0.0,4.46875,4.46875,1.71875,0.0,0.84375,0.90625,1.0,33.506248474121094,37.0,1.0,1.90625,2.21875,2.21875,0.0,3,3 4
1505,715.5770263671875,711.4888916015625,597.9762573242188,320.33123779296875,2.78125,0.0,4.25,4.25,1.59375,0.0,0.78125,0.875,1.0,31.575000762939453,35.53125,1.0,1.78125,2.75,2.75,0.0,3,3 4
1506,753.267822265625,750.1156005859375,631.123046875,322.625,2.875,0.0,4.5625,4.5625,1.8125,0.0,0.8125,0.9375,1.0,32.5625,32.59375,1.0,1.875,2.25,2.25,0.0,4,4 3
1507,758.5256958007812,756.6334228515625,636.6328125,340.46875,2.875,0.0,4.5625,4.5625,1.75,0.0,0.90625,0.90625,1.0,33.20624923706055,35.40625,1.0,1.875,1.90625,1.90625,0.0,4,4 3
1508,765.2371215820312,762.58447265625,642.0299682617188,333.42498779296875,2.90625,0.0,4.5,4.5,1.78125,0.0,0.84375,0.875,1.0,32.337501525878906,37.71875,1.0,1.90625,1.625,1.625,0.0,3,3 4
1509,773.7489624023438,770.645263671875,648.2886962890625,331.84375,2.9375,0.0,4.625,4.625,1.6875,0.0,0.9375,1.0,1.0,32.71875,36.15625,1.0,1.9375,1.09375,1.09375,0.0,3,3 4
1510,771.3091430664062,769.8915405273438,649.4404907226562,327.1937561035156,2.90625,0.0,4.5,4.5,1.75,0.0,0.875,0.84375,1.03125,33.493751525878906,39.71875,1.0,1.90625,1.78125,1.78125,0.0,1,1 3
1511,718.5259399414062,715.7926635742188,601.4974365234375,323.73126220703125,2.78125,0.0,4.40625,4.40625,1.71875,0.0,0.84375,0.84375,1.0,31.506250381469727,33.5,2.3125,1.78125,1.34375,1.34375,0.0,3,3 4
1512,755.515869140625,753.2234497070312,635.5787963867188,318.9937438964844,2.84375,0.0,4.5625,4.5625,1.75,0.0,0.9375,0.90625,0.96875,33.375,32.71875,1.0,1.84375,1.28125,1.28125,0.0,3,3 4
1513,747.967041015625,747.30712890625,630.1136474609375,314.76251220703125,2.84375,0.0,4.5625,4.5625,1.71875,0.0,0.9375,0.90625,1.0,32.04375076293945,34.625,1.0,1.84375,1.34375,1.34375,0.0,4,4 2
1514,732.0465698242188,729.412109375,615.9324951171875,301.95001220703125,2.78125,0.0,4.4375,4.4375,1.625,0.0,0.96875,0.84375,1.0,32.33124923706055,31.40625,1.0,1.78125,1.5625,1.5625,0.0,3,3 4
1515,788.7135620117188,785.3326416015625,663.2105712890625,315.0625,2.9375,0.0,4.71875,4.71875,1.78125,0.0,0.96875,0.9375,1.03125,33.993751525878906,31.75,1.0,1.9375,1.0625,1.0625,0.0,4,4 3
1516,697.1038208007812,695.7633056640625,586.1402587890625,294.09375,2.71875,0.0,4.28125,4.28125,1.5625,0.0,0.9375,0.78125,1.0,31.143749237060547,29.46875,1.0,1.71875,1.0625,1.0625,0.0,4,4 3
1517,761.5689697265625,758.4522705078125,640.9180297851562,310.65625,2.84375,0.0,4.65625,4.65625,1.71875,0.0,0.96875,0.96875,1.0,32.993751525878906,32.875,1.0,1.84375,0.84375,0.84375,0.0,4,4 0
1518,717.6728515625,715.3726806640625,601.6137084960938,314.91876220703125,2.78125,0.0,4.40625,4.40625,1.59375,0.0,0.90625,0.875,1.03125,30.975000381469727,34.46875,1.0,1.78125,0.90625,0.90625,0.0,2,2 4
1519,738.4423828125,736.7318115234375,620.4022827148438,322.6937561035156,2.8125,0.0,4.59375,4.59375,1.71875,0.0,0.96875,0.90625,1.0,31.637500762939453,31.0625,1.0,1.8125,1.375,1.375,0.0,2,2 0
1520,705.638427734375,703.1537475585938,591.0400390625,298.95001220703125,2.78125,0.0,4.21875,4.21875,1.53125,0.0,0.84375,0.84375,1.0,30.4375,41.15625,1.0,1.78125,1.03125,1.03125,0.0,4,4 1
1521,694.1346435546875,692.1715087890625,583.2861328125,300.9937438964844,2.6875,0.0,4.34375,4.34375,1.6875,0.0,0.8125,0.84375,1.0,31.03125,30.0625,1.0,1.6875,1.1875,1.1875,0.0,4,4 1
1522,698.9047241210938,696.7606811523438,587.9598388671875,298.01873779296875,2.6875,0.0,4.375,4.375,1.59375,0.0,0.875,0.90625,1.0,30.693750381469727,33.03125,1.625,1.6875,1.0625,1.0625,0.0,4,4 3
1523,721.9868774414062,720.7972412109375,607.4353637695312,300.76251220703125,2.78125,0.0,4.46875,4.46875,1.65625,0.0,0.96875,0.84375,1.0,31.3125,33.4375,1.0,1.78125,1.25,1.25,0.0,4,4 2
1524,744.8685913085938,743.1359252929688,625.572265625,320.76873779296875,2.84375,0.0,4.59375,4.59375,1.75,0.0,0.96875,0.875,1.0,31.737499237060547,29.4375,1.0,1.84375,1.125,1.125,0.0,4,4 3
1525,721.029052734375,720.321044921875,607.4384765625,300.65625,2.78125,0.0,4.375,4.375,1.53125,0.0,0.96875,0.875,1.0,30.762500762939453,32.375,1.21875,1.78125,1.25,1.25,0.0,4,4 2
1526,743.3817138671875,740.0426025390625,623.66064453125,299.29376220703125,2.84375,0.0,4.59375,4.59375,1.65625,0.0,0.96875,0.9375,1.03125,31.137500762939453,28.84375,1.5,1.84375,1.125,1.125,0.0,4,4 1
1527,748.8342895507812,746.8056640625,628.8302612304688,309.3062438964844,2.875,0.0,4.53125,4.53125,1.71875,0.0,0.90625,0.90625,1.0,31.306249618530273,39.15625,1.0,1.875,1.28125,1.28125,0.0,3,3 1
1528,727.9690551757812,726.4223022460938,610.9993286132812,299.98126220703125,2.84375,0.0,4.34375,4.34375,1.65625,0.0,0.875,0.8125,1.0,31.174999237060547,36.78125,1.0,1.84375,1.40625,1.40625,0.0,2,2 1
1529,723.809326171875,721.3445434570312,609.77001953125,296.58123779296875,2.75,0.0,4.40625,4.40625,1.65625,0.0,0.875,0.875,1.0,31.225000381469727,31.25,1.0625,1.75,1.0625,1.0625,0.0,4,4 1
1530,743.291015625,742.1740112304688,625.9639892578125,299.48126220703125,2.84375,0.0,4.5625,4.5625,1.78125,0.0,0.9375,0.875,0.96875,30.825000762939453,33.375,2.15625,1.84375,0.96875,0.96875,0.0,4,4 0
1531,793.2745971679688,791.3739624023438,668.0169677734375,311.9312438964844,2.96875,0.0,4.78125,4.78125,1.78125,0.0,1.0,0.96875,1.03125,33.04375076293945,30.65625,1.0,1.96875,1.0,1.0,0.0,4,4 2
1532,768.5559692382812,767.2064208984375,646.6090087890625,303.03125,2.9375,0.0,4.59375,4.59375,1.6875,0.0,0.9375,0.96875,1.0,31.643749237060547,32.375,1.21875,1.9375,0.84375,0.84375,0.0,3,3 4
1533,740.099365234375,736.3827514648438,620.7841796875,284.03125,2.84375,0.0,4.59375,4.59375,1.6875,0.0,0.96875,0.9375,1.0,31.024999618530273,30.90625,1.0,1.84375,0.5,0.5,0.0,4,4 1
1534,819.4103393554688,818.2896728515625,693.2804565429688,303.7749938964844,3.0,0.0,4.90625,4.90625,1.90625,0.0,1.0,0.96875,1.03125,34.41875076293945,31.0,1.0,2.0,1.3125,1.3125,0.0,3,3 1
1535,737.9058227539062,735.9725341796875,620.4323120117188,294.3999938964844,2.84375,0.0,4.40625,4.40625,1.625,0.0,1.0,0.8125,0.96875,31.987499237060547,28.46875,1.0,1.84375,0.90625,0.90625,0.0,1,1 4
1536,815.2504272460938,813.6394653320312,687.5697021484375,307.36248779296875,3.03125,0.0,4.8125,4.8125,1.84375,0.0,0.96875,0.96875,1.03125,34.10625076293945,30.03125,1.0,2.03125,0.90625,0.90625,0.0,4,4 1
1537,791.2362060546875,790.4581298828125,669.0029907226562,305.26251220703125,2.9375,0.0,4.65625,4.65625,1.75,0.0,0.96875,0.9375,1.0,34.400001525878906,29.71875,1.5,1.9375,1.03125,1.03125,0.0,2,2 4
1538,780.9454345703125,779.5523071289062,657.8192138671875,304.66876220703125,2.9375,0.0,4.78125,4.78125,1.78125,0.0,0.96875,0.96875,1.0625,33.33124923706055,27.375,1.0,1.9375,1.1875,1.1875,0.0,1,1 3
1539,759.6008911132812,756.74169921875,638.7362670898438,302.65625,2.875,0.0,4.59375,4.59375,1.75,0.0,0.96875,0.875,1.0,31.931249618530273,33.9375,1.0,1.875,0.6875,0.6875,0.0,3,3 4
1540,740.1002807617188,738.527099609375,621.8660888671875,298.73748779296875,2.875,0.0,4.34375,4.34375,1.5625,0.0,0.90625,0.84375,1.03125,31.106250762939453,35.34375,2.03125,1.875,0.75,0.75,0.0,4,4 1
1541,740.6778564453125,738.77099609375,622.4317016601562,302.0249938964844,2.84375,0.0,4.5,4.5,1.6875,0.0,0.9375,0.875,1.0,32.224998474121094,35.6875,1.0,1.84375,0.875,0.875,0.0,1,1 3
1542,732.7273559570312,730.9441528320312,615.4110107421875,298.9624938964844,2.84375,0.0,4.375,4.375,1.625,0.0,0.90625,0.84375,1.0,31.375,36.65625,1.0,1.84375,0.59375,0.59375,0.0,4,4 1
1543,736.6763305664062,734.7744750976562,622.0679931640625,299.67498779296875,2.75,0.0,4.59375,4.59375,1.6875,0.0,1.0,0.90625,1.0,32.48749923706055,29.40625,1.0,1.75,0.90625,0.90625,0.0,3,3 4
1544,735.8507080078125,734.8847045898438,619.350830078125,299.04376220703125,2.84375,0.0,4.375,4.375,1.5625,0.0,0.9375,0.875,1.0,31.356250762939453,37.125,1.0,1.84375,0.78125,0.78125,0.0,1,1 3
1545,768.0490112304688,767.2903442382812,646.6400146484375,325.1187438964844,2.90625,0.0,4.59375,4.59375,1.65625,0.0,1.0,0.9375,1.0,33.09375,34.5,1.0,1.90625,0.875,0.875,0.0,4,4 1
1546,641.57958984375,639.0709228515625,538.2890625,282.8374938964844,2.5625,0.0,3.9375,3.9375,1.4375,0.0,0.8125,0.6875,1.0,29.25,31.5625,1.46875,1.5625,0.71875,0.71875,0.0,2,2 1
1547,616.9005126953125,615.8048095703125,517.3292846679688,280.14373779296875,2.53125,0.0,3.71875,3.71875,1.4375,0.0,0.71875,0.5625,1.0,29.337499618530273,37.625,1.0,1.53125,0.5625,0.5625,0.0,1,1 4
1548,653.4295654296875,651.04443359375,547.8707275390625,274.95623779296875,2.625,0.0,3.9375,3.9375,1.5,0.0,0.71875,0.71875,1.0,30.143749237060547,35.3125,1.0,1.625,0.375,0.375,0.0,3,3 4
1549,683.8081665039062,682.0733032226562,576.5919189453125,296.79376220703125,2.625,0.0,4.15625,4.15625,1.5625,0.0,0.84375,0.75,1.0,32.037498474121094,29.78125,1.0,1.625,0.59375,0.59375,0.0,3,3 4
1550,781.0029296875,778.7771606445312,656.9227294921875,311.53125,2.9375,0.0,4.75,4.75,1.78125,0.0,0.96875,1.0,1.0,32.79375076293945,38.03125,1.0,1.9375,0.59375,0.59375,0.0,3,3 1
1551,718.8460693359375,717.0631713867188,602.7771606445312,301.54998779296875,2.8125,0.0,4.40625,4.40625,1.65625,0.0,0.90625,0.84375,1.0,30.325000762939453,36.75,1.0,1.8125,0.4375,0.4375,0.0,4,4 1
1552,683.9299926757812,682.003662109375,573.102783203125,291.5375061035156,2.71875,0.0,4.1875,4.1875,1.53125,0.0,0.9375,0.71875,1.0,29.924999237060547,35.09375,1.0,1.71875,0.375,0.375,0.0,4,4 1
1553,707.0684814453125,703.9542236328125,593.6681518554688,296.4937438964844,2.71875,0.0,4.46875,4.46875,1.625,0.0,0.9375,0.90625,1.0,29.993749618530273,30.28125,1.0,1.71875,0.6875,0.6875,0.0,4,4 3
1554,713.8176879882812,712.70166015625,598.798828125,309.5874938964844,2.8125,0.0,4.1875,4.1875,1.4375,0.0,0.875,0.84375,1.03125,30.825000762939453,36.5625,1.0,1.8125,0.6875,0.6875,0.0,4,4 2
1555,713.8416748046875,712.9134521484375,600.1532592773438,300.73748779296875,2.78125,0.0,4.28125,4.28125,1.65625,0.0,0.8125,0.8125,1.0,32.14374923706055,36.53125,1.0,1.78125,0.46875,0.46875,0.0,0,0 1
1556,766.1661987304688,763.5471801757812,643.1476440429688,327.625,2.90625,0.0,4.5,4.5,1.6875,0.0,0.90625,0.875,1.03125,33.087501525878906,33.875,1.0,1.90625,0.59375,0.59375,0.0,3,3 4
1557,705.274658203125,703.4964599609375,592.8927612304688,303.48126220703125,2.71875,0.0,4.40625,4.40625,1.5625,0.0,0.90625,0.9375,1.0,31.206249237060547,31.03125,1.21875,1.71875,0.875,0.875,0.0,4,4 3
1558,769.8604125976562,766.3824462890625,647.2844848632812,314.7875061035156,2.875,0.0,4.59375,4.59375,1.78125,0.0,0.90625,0.90625,1.0,34.631248474121094,28.9375,1.625,1.875,1.21875,1.21875,0.0,4,4 3
1559,806.3858032226562,805.24462890625,680.9317626953125,319.4125061035156,2.96875,0.0,4.84375,4.84375,1.84375,0.0,0.96875,1.0,1.03125,34.88750076293945,33.28125,1.0,1.96875,1.3125,1.3125,0.0,2,2 4
1560,763.453369140625,761.9054565429688,644.0045166015625,310.48126220703125,2.875,0.0,4.40625,4.40625,1.59375,0.0,0.90625,0.90625,1.0,33.34375,30.3125,2.28125,1.875,0.875,0.875,0.0,3,3 4
1561,744.4136352539062,740.770263671875,622.7838745117188,328.7749938964844,2.84375,0.0,4.5625,4.5625,1.6875,0.0,0.90625,0.96875,1.0,32.556251525878906,29.84375,1.0,1.84375,1.1875,1.1875,0.0,3,3 4
1562,756.8550415039062,753.4685668945312,637.1095581054688,329.5249938964844,2.78125,0.0,4.6875,4.6875,1.75,0.0,0.96875,0.9375,1.03125,35.11249923706055,27.625,1.625,1.78125,0.6875,0.6875,0.0,1,1 4
1563,754.2437133789062,752.4566040039062,633.4376220703125,326.2437438964844,2.875,0.0,4.5,4.5,1.75,0.0,0.875,0.84375,1.03125,33.09375,34.25,1.0,1.875,1.03125,1.03125,0.0,3,3 2
1564,722.9396362304688,720.5467529296875,608.3560791015625,313.09375,2.75,0.0,4.34375,4.34375,1.53125,0.0,0.875,0.90625,1.03125,31.450000762939453,32.1875,1.6875,1.75,1.25,1.25,0.0,3,3 4
1565,710.752197265625,708.3816528320312,595.6439208984375,320.8374938964844,2.75,0.0,4.375,4.375,1.65625,0.0,0.84375,0.84375,1.03125,31.643749237060547,28.9375,1.0,1.75,1.1875,1.1875,0.0,3,3 1
1566,761.3330688476562,758.2164306640625,639.70654296875,339.51873779296875,2.84375,0.0,4.53125,4.53125,1.625,0.0,0.9375,0.96875,1.0,33.17499923706055,27.84375,1.65625,1.84375,0.9375,0.9375,0.0,3,3 4
1567,754.4943237304688,751.4261474609375,632.5206909179688,324.73126220703125,2.875,0.0,4.5625,4.5625,1.6875,0.0,0.90625,0.96875,1.0,31.493749618530273,35.09375,1.0,1.875,1.125,1.125,0.0,4,4 3
1568,801.9069213867188,798.173095703125,674.1407470703125,341.3374938964844,2.9375,0.0,4.78125,4.78125,1.84375,0.0,0.96875,0.96875,1.0,35.91875076293945,26.40625,1.0,1.9375,0.78125,0.78125,0.0,4,4 3
1569,793.2957763671875,790.3165283203125,667.5120849609375,325.6312561035156,2.9375,0.0,4.6875,4.6875,1.875,0.0,0.90625,0.90625,1.0,35.54375076293945,31.125,1.0,1.9375,0.59375,0.59375,0.0,3,3 4
1570,850.9239501953125,847.5904541015625,716.8638916015625,330.82501220703125,3.09375,0.0,4.875,4.875,1.875,0.0,0.96875,1.0,1.03125,37.48749923706055,24.3125,1.0,2.09375,0.875,0.875,0.0,3,3 1
1571,879.4590454101562,876.4352416992188,745.3855590820312,329.0062561035156,3.09375,0.0,4.90625,4.90625,1.84375,0.0,1.0,1.0,1.0625,39.09375,29.625,1.0,2.09375,0.6875,0.6875,0.0,3,3 1
1572,796.7504272460938,793.7757568359375,671.1803588867188,312.53125,2.9375,0.0,4.8125,4.8125,1.875,0.0,1.0,0.9375,1.0,35.243751525878906,28.84375,1.0,1.9375,0.8125,0.8125,0.0,3,3 4
1573,801.7359008789062,799.2649536132812,674.9946899414062,296.70001220703125,3.0,0.0,4.8125,4.8125,1.8125,0.0,0.96875,0.96875,1.0625,34.36249923706055,28.8125,1.0,2.0,0.625,0.625,0.0,4,4 1
1574,777.6300048828125,775.6946411132812,655.6564331054688,308.89373779296875,2.90625,0.0,4.59375,4.59375,1.6875,0.0,0.9375,0.9375,1.03125,34.20000076293945,30.6875,1.0,1.90625,0.65625,0.65625,0.0,3,3 4
1575,791.1065673828125,789.5857543945312,667.4013061523438,302.92498779296875,2.96875,0.0,4.53125,4.53125,1.6875,0.0,0.9375,0.90625,1.0,34.587501525878906,29.40625,1.0,1.96875,0.5625,0.5625,0.0,3,3 1
1576,810.9073486328125,808.95166015625,684.0186767578125,313.33123779296875,3.0,0.0,4.78125,4.78125,1.78125,0.0,0.96875,1.0,1.03125,34.118751525878906,35.6875,1.0,2.0,0.6875,0.6875,0.0,3,3 4
1577,777.0806274414062,773.7386474609375,650.8566284179688,320.0874938964844,2.96875,0.0,4.59375,4.59375,1.75,0.0,0.875,0.96875,1.0,32.306251525878906,35.03125,1.0,1.96875,0.59375,0.59375,0.0,3,3 1
1578,776.6428833007812,774.2691040039062,653.28857421875,303.4937438964844,2.9375,0.0,4.59375,4.59375,1.71875,0.0,0.90625,0.90625,1.0625,33.64374923706055,31.3125,1.21875,1.9375,0.6875,0.6875,0.0,4,4 2
1579,791.1793212890625,787.1387329101562,664.6971435546875,307.95001220703125,2.96875,0.0,4.5625,4.5625,1.71875,0.0,0.875,0.9375,1.03125,33.92499923706055,33.71875,1.0,1.96875,0.65625,0.65625,0.0,3,3 4
1580,797.7705078125,796.1221313476562,671.6827392578125,317.6499938964844,3.0,0.0,4.59375,4.59375,1.5625,0.0,1.0,1.0,1.03125,34.34375,34.90625,1.0,2.0,0.90625,0.90625,0.0,3,3 4
1581,731.7804565429688,729.6156616210938,614.1466674804688,297.61248779296875,2.84375,0.0,4.375,4.375,1.5625,0.0,0.9375,0.875,1.0,31.393749237060547,36.59375,1.0,1.84375,0.9375,0.9375,0.0,4,4 3
1582,750.3455810546875,749.0706176757812,630.7243041992188,303.04376220703125,2.90625,0.0,4.34375,4.34375,1.5625,0.0,0.875,0.90625,1.0,31.981250762939453,39.90625,1.0,1.90625,1.03125,1.03125,0.0,4,4 0
1583,772.83740234375,770.8738403320312,649.193359375,309.75,2.96875,0.0,4.4375,4.4375,1.53125,0.0,0.96875,0.9375,1.0,31.975000381469727,43.0,1.0,1.96875,0.8125,0.8125,0.0,3,3 1
1584,739.155029296875,736.68798828125,618.0977172851562,299.14373779296875,2.9375,0.0,4.21875,4.21875,1.40625,0.0,0.875,0.9375,1.0,29.90625,41.34375,1.0,1.9375,1.21875,1.21875,0.0,3,3 4
1585,689.97705078125,687.2567138671875,576.396484375,294.1937561035156,2.78125,0.0,4.0,4.0,1.375,0.0,0.8125,0.8125,1.0,29.65625,39.875,1.0,1.78125,1.25,1.25,0.0,4,4 3
1586,717.7575073242188,715.09619140625,598.7643432617188,312.14373779296875,2.875,0.0,4.21875,4.21875,1.28125,0.0,0.9375,1.0,1.0,28.331249237060547,40.375,1.0,1.875,1.5625,1.5625,0.0,3,3 4
1587,658.3888549804688,654.6051025390625,549.489501953125,297.8125,2.65625,0.0,3.84375,3.84375,1.34375,0.0,0.75,0.75,1.0,29.375,37.8125,1.0,1.65625,1.21875,1.21875,0.0,3,3 2
1588,622.982666015625,622.1396484375,520.3300170898438,283.65625,2.625,0.0,3.59375,3.59375,1.34375,0.0,0.625,0.625,1.0,27.787500381469727,40.96875,1.0,1.625,1.84375,1.84375,0.0,3,3 1
1589,612.8606567382812,610.2850341796875,509.77655029296875,283.04998779296875,2.59375,0.0,3.625,3.625,1.1875,0.0,0.6875,0.75,1.0,27.325000762939453,35.65625,1.0,1.59375,1.71875,1.71875,0.0,3,3 4
1590,649.9357299804688,647.7667236328125,543.0615234375,282.8187561035156,2.65625,0.0,4.0,4.0,1.375,0.0,0.84375,0.78125,1.0,27.787500381469727,39.53125,1.0,1.65625,1.40625,1.40625,0.0,3,3 4
1591,665.300048828125,664.022216796875,556.5592041015625,303.6187438964844,2.6875,0.0,4.0625,4.0625,1.3125,0.0,0.875,0.875,1.0,28.649999618530273,37.25,1.625,1.6875,2.28125,2.28125,0.0,1,1 3
1592,740.6347045898438,739.1558837890625,621.3299560546875,325.7749938964844,2.875,0.0,4.28125,4.28125,1.4375,0.0,0.9375,0.90625,1.0,31.456249237060547,41.0,1.0,1.875,1.84375,1.84375,0.0,3,3 4
1593,712.840087890625,710.667236328125,595.7235107421875,321.3062438964844,2.8125,0.0,4.28125,4.28125,1.5625,0.0,0.875,0.8125,1.03125,31.268749237060547,30.53125,1.0,1.8125,2.75,2.75,0.0,4,4 3
1594,741.4990234375,740.0909423828125,625.0765380859375,319.6875,2.8125,0.0,4.21875,4.21875,1.5,0.0,0.8125,0.84375,1.0625,33.5,28.90625,1.25,1.8125,1.65625,1.65625,0.0,4,4 3
1595,779.6029052734375,775.8614501953125,651.3258056640625,351.42498779296875,2.96875,0.0,4.625,4.625,1.65625,0.0,0.96875,0.96875,1.03125,32.09375,38.90625,1.0,1.96875,2.03125,2.03125,0.0,4,4 3
1596,762.2378540039062,760.3099365234375,642.0286254882812,332.3374938964844,2.84375,0.0,4.53125,4.53125,1.5625,0.0,1.0,0.9375,1.03125,33.900001525878906,28.875,1.0,1.84375,2.25,2.25,0.0,4,4 3
1597,777.6431884765625,774.92822265625,653.7567138671875,325.3500061035156,2.9375,0.0,4.40625,4.40625,1.5,0.0,0.96875,0.90625,1.03125,32.79999923706055,39.53125,1.0,1.9375,1.25,1.25,0.0,4,4 1
1598,740.2846069335938,738.8726806640625,621.2039794921875,330.70623779296875,2.84375,0.0,4.5,4.5,1.53125,0.0,1.0,0.96875,1.0,31.643749237060547,35.96875,1.0,1.84375,1.46875,1.46875,0.0,2,2 4
1599,789.8235473632812,787.7701416015625,665.088623046875,337.04376220703125,2.9375,0.0,4.5625,4.5625,1.5625,0.0,1.0,1.0,1.0,34.46875,32.53125,1.0,1.9375,1.125,1.125,0.0,4,4 0
1600,754.3311767578125,752.6917724609375,634.5691528320312,317.90625,2.875,0.0,4.4375,4.4375,1.59375,0.0,0.9375,0.90625,1.0,31.818750381469727,36.625,1.59375,1.875,1.5,1.5,0.0,3,3 4
1601,773.8048095703125,770.9012451171875,649.0340576171875,315.8500061035156,2.96875,0.0,4.375,4.375,1.53125,0.0,0.875,0.96875,1.0,32.70624923706055,35.28125,1.0,1.96875,1.40625,1.40625,0.0,2,2 4
1602,801.085693359375,798.3905639648438,676.2315673828125,326.13751220703125,2.90625,0.0,4.8125,4.8125,1.84375,0.0,1.0,0.9375,1.03125,36.33124923706055,31.59375,1.0,1.90625,1.28125,1.28125,0.0,4,4 2
1603,867.7377319335938,866.06591796875,732.5982666015625,361.3374938964844,3.125,0.0,4.8125,4.8125,1.75,0.03125,1.0,0.96875,1.0625,38.337501525878906,27.5,1.0,2.125,1.8125,1.8125,0.0,4,4 1
1604,830.7889404296875,827.9254150390625,701.0278930664062,348.01251220703125,3.0,0.0,4.75,4.75,1.71875,0.0,1.0,0.96875,1.0625,36.09375,28.65625,1.0,2.0,1.59375,1.59375,0.0,2,2 4
1605,747.09423828125,744.6513671875,627.8480834960938,322.7250061035156,2.84375,0.0,4.34375,4.34375,1.5,0.0,0.90625,0.90625,1.03125,32.525001525878906,32.625,1.59375,1.84375,1.40625,1.40625,0.0,4,4 2
1606,780.080322265625,776.7215576171875,655.64697265625,334.9375,2.90625,0.0,4.53125,4.53125,1.6875,0.0,0.9375,0.90625,1.0,34.11249923706055,35.09375,1.46875,1.90625,1.875,1.875,0.0,3,3 4
1607,796.0857543945312,793.6394653320312,669.5655517578125,331.45623779296875,2.96875,0.0,4.65625,4.65625,1.6875,0.0,0.96875,0.96875,1.03125,34.381248474121094,36.25,1.0,1.96875,1.8125,1.8125,0.0,3,3 4
1608,778.4087524414062,777.1432495117188,655.6309814453125,345.9437561035156,2.90625,0.0,4.5,4.5,1.65625,0.0,0.9375,0.90625,1.0,34.181251525878906,32.21875,1.0,1.90625,2.25,2.25,0.0,3,3 4
1609,748.0283203125,746.8629150390625,629.73583984375,318.39373779296875,2.84375,0.0,4.4375,4.4375,1.5625,0.0,0.96875,0.90625,1.0,33.443748474121094,29.84375,1.0,1.84375,1.84375,1.84375,0.0,4,4 3
1610,817.8463134765625,817.1146240234375,690.0504150390625,334.3062438964844,3.03125,0.0,4.6875,4.6875,1.78125,0.0,0.9375,0.90625,1.0625,34.92499923706055,34.5625,1.0,2.03125,1.875,1.875,0.0,4,4 3
1611,736.39111328125,733.7725830078125,616.525146484375,324.73748779296875,2.84375,0.0,4.4375,4.4375,1.625,0.0,0.9375,0.875,1.0,32.349998474121094,33.34375,1.0,1.84375,2.25,2.25,0.0,3,3 2
1612,745.625244140625,743.84375,626.4182739257812,323.29998779296875,2.84375,0.0,4.5,4.5,1.625,0.03125,0.9375,0.90625,1.0,32.349998474121094,31.625,1.0,1.84375,1.875,1.875,0.0,4,4 3
1613,666.7715454101562,665.802978515625,558.5813598632812,284.34375,2.71875,0.0,3.9375,3.9375,1.25,0.0,0.84375,0.8125,1.03125,28.149999618530273,37.8125,1.46875,1.71875,1.71875,1.71875,0.0,3,3 4
1614,724.343017578125,722.1015625,606.0101318359375,317.5375061035156,2.84375,0.0,4.28125,4.28125,1.5625,0.0,0.90625,0.8125,1.0,31.399999618530273,33.03125,1.0,1.84375,1.4375,1.4375,0.0,2,2 4
1615,786.6473999023438,784.951171875,662.76708984375,319.1187438964844,2.9375,0.0,4.6875,4.6875,1.8125,0.0,0.9375,0.9375,1.0,33.90625,32.5625,1.0,1.9375,2.0,2.0,0.0,2,2 4
1616,701.2298583984375,700.2353515625,589.0103759765625,308.2124938964844,2.75,0.0,4.21875,4.21875,1.46875,0.0,0.90625,0.8125,1.03125,30.21875,33.875,1.0,1.75,1.46875,1.46875,0.0,4,4 3
1617,675.7044067382812,673.3186645507812,565.2576904296875,309.59375,2.6875,0.0,4.0625,4.0625,1.5,0.0,0.78125,0.78125,1.0,30.3125,29.3125,1.46875,1.6875,1.34375,1.34375,0.0,3,3 4
1618,683.53369140625,680.4183349609375,570.4795532226562,313.25,2.75,0.0,3.875,3.875,1.375,0.0,0.75,0.75,1.0,29.3125,38.625,1.0,1.75,1.75,1.75,0.0,3,3 4
1619,735.03662109375,730.9005126953125,614.039794921875,326.125,2.84375,0.0,4.34375,4.34375,1.6875,0.0,0.78125,0.78125,1.09375,31.899999618530273,34.40625,1.0,1.84375,1.34375,1.34375,0.0,3,3 4
1620,619.8128662109375,617.6680908203125,517.8477172851562,282.86248779296875,2.5625,0.0,3.71875,3.71875,1.46875,0.0,0.625,0.59375,1.03125,28.762500762939453,34.65625,1.25,1.5625,1.0625,1.0625,0.0,4,4 3
1621,631.5139770507812,630.7022094726562,528.10791015625,279.2437438964844,2.625,0.0,3.78125,3.78125,1.5,0.0,0.5625,0.71875,1.0,29.206249237060547,29.375,1.5625,1.625,1.0625,1.0625,0.0,2,2 1
1622,721.1185302734375,717.3014526367188,603.224609375,289.20001220703125,2.84375,0.0,4.21875,4.21875,1.625,0.0,0.78125,0.78125,1.03125,29.46875,34.1875,1.0,1.84375,0.6875,0.6875,0.0,4,4 2
1623,809.5415649414062,807.9642333984375,682.3602294921875,318.67498779296875,3.0,0.0,4.78125,4.78125,1.8125,0.0,0.96875,0.96875,1.03125,36.36249923706055,19.0625,1.0,2.0,1.09375,1.09375,0.0,3,3 4
1624,875.6741943359375,873.07666015625,739.4125366210938,337.125,3.15625,0.0,4.84375,4.84375,1.84375,0.0,0.9375,0.9375,1.125,38.16875076293945,21.5,1.0,2.15625,0.875,0.875,0.0,3,3 2
1625,857.274169921875,854.5426635742188,724.7200927734375,317.76873779296875,3.09375,0.0,4.8125,4.8125,1.90625,0.0,0.90625,1.0,1.0,37.48125076293945,32.46875,1.0,2.09375,1.125,1.125,0.0,3,3 4
1626,786.7158813476562,784.7974853515625,662.8822631835938,309.9125061035156,2.9375,0.0,4.71875,4.71875,1.8125,0.0,0.875,0.9375,1.09375,34.275001525878906,23.875,1.53125,1.9375,1.125,1.125,0.0,4,4 1
1627,866.6089477539062,864.6844482421875,733.2296142578125,311.5625,3.15625,0.0,4.65625,4.65625,1.8125,0.0,0.8125,0.9375,1.09375,37.162498474121094,24.65625,1.0,2.15625,1.375,1.375,0.0,4,4 2
1628,934.7449951171875,932.6231689453125,794.1985473632812,331.0687561035156,3.25,0.0,5.03125,5.03125,2.0,0.03125,0.96875,0.96875,1.0625,40.256248474121094,26.875,1.0,2.25,1.40625,1.40625,0.0,4,4 3
1629,861.1988525390625,859.1611328125,729.0291137695312,324.1812438964844,3.09375,0.0,4.84375,4.84375,1.875,0.0,0.90625,1.0,1.0625,36.724998474121094,32.0625,1.0,2.09375,1.15625,1.15625,0.0,4,4 0
1630,841.6697998046875,840.2898559570312,711.7535400390625,317.01251220703125,3.0625,0.0,4.8125,4.8125,1.875,0.0,0.90625,1.0,1.03125,37.837501525878906,22.59375,1.0,2.0625,1.21875,1.21875,0.0,2,2 4
1631,846.75634765625,844.607421875,715.3106689453125,311.2562561035156,3.09375,0.0,4.84375,4.84375,1.8125,0.0,0.9375,0.96875,1.125,35.67499923706055,26.8125,1.0,2.09375,1.25,1.25,0.0,2,2 3
1632,858.8804931640625,856.6653442382812,725.4647827148438,309.0375061035156,3.15625,0.0,4.6875,4.6875,1.875,0.0,0.78125,1.0,1.03125,35.756248474121094,33.15625,1.0,2.15625,1.9375,1.9375,0.0,4,4 2
1633,804.9693603515625,803.5661010742188,682.3104858398438,269.3500061035156,2.96875,0.0,4.6875,4.6875,1.65625,0.03125,0.9375,0.9375,1.125,35.28125,29.96875,1.0,1.96875,1.46875,1.46875,0.0,4,4 0
1634,888.84130859375,886.720703125,752.0654907226562,296.8812561035156,3.21875,0.0,4.90625,4.90625,1.90625,0.0,0.9375,0.96875,1.09375,38.881248474121094,22.34375,1.0,2.21875,2.0,2.0,0.0,1,1 4
1635,839.4041748046875,836.3133544921875,708.648193359375,309.85626220703125,3.0625,0.0,4.71875,4.71875,1.875,0.0,0.78125,1.0,1.0625,37.068748474121094,26.46875,1.0,2.0625,1.65625,1.65625,0.0,4,4 2
1636,827.2438354492188,824.7137451171875,698.9193115234375,284.78125,3.0625,0.0,4.59375,4.59375,1.71875,0.0,0.84375,0.875,1.15625,36.41875076293945,20.25,1.0,2.0625,1.5,1.5,0.0,4,4 3
1637,947.8057250976562,944.7861328125,803.1800537109375,336.63751220703125,3.3125,0.0,5.09375,5.09375,2.0,0.0,0.96875,0.96875,1.15625,40.412498474121094,23.1875,1.0,2.3125,2.875,2.875,0.0,4,4 2
1638,838.6470336914062,837.935546875,711.3482666015625,292.1499938964844,3.0625,0.0,4.6875,4.6875,1.84375,0.0,0.8125,0.96875,1.0625,36.693748474121094,24.0,1.0,2.0625,2.125,2.125,0.0,2,2 4
1639,893.0315551757812,890.6207275390625,756.7705078125,320.8187561035156,3.1875,0.0,4.6875,4.6875,1.90625,0.0,0.8125,0.9375,1.03125,39.912498474121094,23.46875,1.0,2.1875,2.8125,2.8125,0.0,4,4 2
1640,846.729248046875,843.27392578125,715.2739868164062,304.67498779296875,3.09375,0.0,4.5,4.5,1.71875,0.0,0.84375,0.9375,1.0,37.9375,20.28125,1.0,2.09375,2.53125,2.53125,0.0,2,2 4
1641,865.2701416015625,863.091796875,734.3995361328125,288.3062438964844,3.125,0.0,4.5625,4.5625,1.78125,0.0,0.84375,0.90625,1.03125,37.650001525878906,33.625,1.0,2.125,2.375,2.375,0.0,4,4 0
1642,823.013916015625,820.9920654296875,695.4102783203125,291.95001220703125,3.0625,0.0,4.4375,4.4375,1.71875,0.03125,0.8125,0.875,1.0,36.71875,25.84375,1.0,2.0625,3.375,3.375,0.0,1,1 2
1643,908.6409301757812,907.0929565429688,771.2964477539062,306.36248779296875,3.25,0.0,4.75,4.75,1.6875,0.0,1.03125,0.96875,1.0625,38.76874923706055,32.3125,1.0,2.25,3.3125,3.3125,0.0,4,4 3
1644,929.6815185546875,926.70703125,789.3140258789062,337.57501220703125,3.25,0.0,4.71875,4.71875,1.78125,0.0,0.90625,0.90625,1.125,39.662498474121094,27.15625,1.0,2.25,4.125,4.125,0.0,2,2 0
1645,792.454833984375,790.9261474609375,667.6878051757812,286.40625,3.03125,0.0,4.40625,4.40625,1.5625,0.0,0.90625,0.9375,1.0,33.224998474121094,34.3125,1.0,2.03125,4.25,4.25,0.0,2,2 4
1646,889.6453247070312,888.7879638671875,755.7234497070312,311.45001220703125,3.1875,0.0,4.6875,4.6875,1.75,0.0,0.875,0.96875,1.09375,38.150001525878906,35.25,1.0,2.1875,4.4375,4.4375,0.0,2,2 1
1647,885.7490844726562,884.6070556640625,751.7902221679688,308.34375,3.1875,0.0,4.65625,4.65625,1.71875,0.0,0.875,0.9375,1.125,38.33124923706055,25.84375,1.0,2.1875,3.71875,3.71875,0.0,3,3 4
1648,901.987060546875,900.92578125,765.3035888671875,314.2437438964844,3.25,0.0,4.6875,4.6875,1.78125,0.0,0.875,0.9375,1.09375,37.0,34.6875,1.0,2.25,4.90625,4.90625,0.0,2,2 4
1649,899.0595703125,895.8289794921875,758.6917114257812,332.03125,3.28125,0.0,4.5625,4.5625,1.53125,0.0,0.875,0.96875,1.1875,35.962501525878906,38.875,1.0,2.28125,5.09375,5.09375,0.0,4,4 3
1650,859.4280395507812,858.2736206054688,728.6002197265625,314.8812561035156,3.125,0.0,4.53125,4.53125,1.625,0.0,0.875,0.9375,1.09375,36.412498474121094,34.625,1.59375,2.125,6.21875,6.21875,0.0,2,2 4
1651,747.576416015625,745.6690673828125,627.5973510742188,315.04376220703125,2.875,0.0,4.40625,4.40625,1.59375,0.0,0.875,0.90625,1.03125,33.025001525878906,38.5625,1.0,1.875,6.28125,6.28125,0.0,3,3 4
1652,782.7305908203125,780.3532104492188,657.3494262695312,308.51873779296875,3.03125,0.0,4.0625,4.0625,1.46875,0.0,0.75,0.84375,1.0,33.41875076293945,41.4375,1.0,2.03125,5.28125,5.28125,0.0,2,2 4
1653,689.4332275390625,687.2667236328125,575.2854614257812,298.3125,2.8125,0.0,3.90625,3.90625,1.375,0.03125,0.6875,0.78125,1.03125,29.53125,41.6875,1.0,1.8125,5.96875,5.96875,0.0,3,3 4
1654,855.3934936523438,853.0637817382812,721.5942993164062,343.6625061035156,3.125,0.0,4.65625,4.65625,1.6875,0.0,0.96875,0.96875,1.03125,35.618751525878906,39.125,1.0,2.125,7.1875,7.1875,0.0,4,4 3
1655,794.0493774414062,791.7564697265625,668.1744995117188,311.0625,3.0,0.0,4.5,4.5,1.5625,0.0,0.9375,0.96875,1.03125,33.493751525878906,36.59375,1.0,2.0,5.09375,5.09375,0.0,4,4 2
1656,778.1985473632812,777.07958984375,654.9620361328125,303.45623779296875,3.0,0.0,4.3125,4.3125,1.5625,0.0,0.78125,0.90625,1.0625,31.637500762939453,41.84375,1.71875,2.0,6.15625,6.15625,0.0,3,3 2
1657,888.16943359375,887.1539306640625,751.4624633789062,336.96875,3.21875,0.0,4.75,4.75,1.71875,0.0,1.0,0.96875,1.0625,36.974998474121094,35.21875,1.0,2.21875,7.53125,7.53125,0.0,4,4 2
1658,861.882080078125,859.5125122070312,728.3954467773438,343.4125061035156,3.125,0.0,4.59375,4.59375,1.5625,0.0,0.96875,0.875,1.1875,35.118751525878906,34.125,1.71875,2.125,8.375,8.375,0.0,4,4 3
1659,812.6495361328125,809.6901245117188,683.0396728515625,339.60626220703125,3.03125,0.0,4.5625,4.5625,1.53125,0.0,1.0625,0.96875,1.0,33.931251525878906,35.96875,1.5625,2.03125,6.5625,6.5625,0.0,3,3 4
1660,865.4953002929688,863.2781982421875,730.8712158203125,354.8500061035156,3.125,0.0,4.6875,4.6875,1.71875,0.0,1.0,0.90625,1.0625,37.025001525878906,36.59375,1.0,2.125,6.8125,6.8125,0.0,3,3 2
1661,932.1023559570312,927.6705322265625,787.7716064453125,362.58123779296875,3.25,0.0,5.03125,5.03125,1.8125,0.0,1.0625,1.0,1.15625,39.693748474121094,32.65625,1.0,2.25,7.5,7.5,0.0,3,3 4
1662,934.0236206054688,929.9874877929688,789.2989501953125,363.0249938964844,3.28125,0.0,4.875,4.875,1.78125,0.0,1.0,1.0,1.09375,40.13750076293945,32.4375,1.0,2.28125,6.9375,6.9375,0.0,3,3 1
1663,875.9048461914062,873.1568603515625,739.2970581054688,352.3187561035156,3.15625,0.0,4.75,4.75,1.65625,0.0,0.96875,0.96875,1.15625,37.118751525878906,29.34375,1.0,2.15625,6.75,6.75,0.0,3,3 2
1664,860.386962890625,858.5939331054688,728.3641357421875,341.4937438964844,3.09375,0.0,4.65625,4.65625,1.75,0.0,0.96875,0.9375,1.0,36.625,33.84375,1.0,2.09375,5.34375,5.34375,0.0,3,3 4
1665,795.4420776367188,790.8156127929688,667.8582763671875,343.7749938964844,2.9375,0.0,4.5625,4.5625,1.6875,0.0,0.9375,0.90625,1.03125,34.131248474121094,35.21875,3.21875,1.9375,5.4375,5.4375,0.0,3,3 1
1666,872.2841186523438,869.0455322265625,734.832763671875,354.1499938964844,3.15625,0.0,4.84375,4.84375,1.75,0.0,1.03125,1.0,1.0625,36.48749923706055,34.03125,1.0,2.15625,5.6875,5.6875,0.0,3,3 4
1667,887.39990234375,884.8956909179688,749.4932861328125,362.59375,3.1875,0.0,4.71875,4.71875,1.71875,0.0,1.0,0.90625,1.09375,36.23749923706055,34.9375,1.0,2.1875,5.21875,5.21875,0.0,1,1 3
1668,782.9508666992188,780.7149658203125,657.9885864257812,321.5249938964844,2.96875,0.0,4.53125,4.53125,1.65625,0.0,0.90625,0.90625,1.0625,32.431251525878906,37.9375,1.6875,1.96875,3.84375,3.84375,0.0,3,3 4
1669,713.751953125,712.144775390625,598.7003784179688,301.25,2.8125,0.0,4.1875,4.1875,1.59375,0.0,0.78125,0.8125,1.0,30.59375,39.9375,1.0,1.8125,3.09375,3.09375,0.0,3,3 4
1670,802.7098388671875,800.7921752929688,675.4486694335938,316.7562561035156,3.03125,0.0,4.53125,4.53125,1.625,0.0,0.9375,0.9375,1.03125,33.712501525878906,36.34375,1.0,2.03125,4.84375,4.84375,0.0,1,1 4
1671,821.1915283203125,817.1508178710938,691.7918090820312,304.90625,3.03125,0.0,4.65625,4.65625,1.65625,0.0,1.0,0.9375,1.0625,34.3125,41.78125,1.0,2.03125,3.65625,3.65625,0.0,3,3 1
1672,841.6456909179688,840.1431884765625,712.0006713867188,302.9437561035156,3.09375,0.0,4.65625,4.65625,1.71875,0.0,0.96875,0.875,1.09375,35.73749923706055,38.0,1.0,2.09375,4.5,4.5,0.0,3,3 4
1673,908.0532836914062,905.3570556640625,769.2094116210938,322.8999938964844,3.21875,0.0,4.96875,4.96875,1.84375,0.0,1.03125,1.0,1.09375,38.556251525878906,29.09375,1.0,2.21875,4.9375,4.9375,0.0,1,1 2
1674,842.0448608398438,839.9853515625,712.46826171875,309.38751220703125,3.0625,0.0,4.78125,4.78125,1.75,0.0,1.03125,0.9375,1.0625,34.98749923706055,35.03125,1.0,2.0625,2.90625,2.90625,0.0,4,4 2
1675,760.5625,759.3198852539062,642.2700805664062,287.66876220703125,2.875,0.0,4.5,4.5,1.65625,0.0,0.96875,0.875,1.0,32.868751525878906,35.03125,1.21875,1.875,3.5,3.5,0.0,1,1 3
1676,836.5035400390625,834.6080322265625,706.5439453125,316.1812438964844,3.0625,0.0,4.84375,4.84375,1.8125,0.0,1.03125,0.96875,1.03125,34.75,36.125,1.0,2.0625,4.125,4.125,0.0,4,4 3
1677,784.4255981445312,783.1593627929688,661.4215698242188,295.2250061035156,2.96875,0.0,4.59375,4.59375,1.71875,0.0,0.9375,0.90625,1.03125,32.85625076293945,37.1875,1.0,1.96875,2.84375,2.84375,0.0,2,2 1
1678,797.6737060546875,796.0856323242188,674.4395141601562,310.1875,2.9375,0.0,4.625,4.625,1.6875,0.03125,0.96875,0.90625,1.03125,34.787498474121094,26.71875,1.0,1.9375,3.90625,3.90625,0.0,1,1 2
1679,754.8282470703125,752.9827880859375,635.9705200195312,292.5,2.875,0.0,4.46875,4.46875,1.71875,0.0,0.84375,0.875,1.03125,32.01250076293945,37.34375,1.0,1.875,2.625,2.625,0.0,2,2 3
1680,843.3462524414062,841.1727294921875,713.1544189453125,322.34375,3.0625,0.0,4.6875,4.6875,1.84375,0.0,0.90625,0.90625,1.03125,36.256248474121094,30.96875,1.0,2.0625,3.75,3.75,0.0,3,3 4
1681,809.5811157226562,806.5264282226562,681.800537109375,293.73748779296875,3.0625,0.0,4.34375,4.34375,1.71875,0.0,0.78125,0.84375,1.0,33.54999923706055,42.8125,1.0,2.0625,3.21875,3.21875,0.0,4,4 2
1682,825.9872436523438,823.7862548828125,698.4195556640625,301.32501220703125,3.03125,0.0,4.65625,4.65625,1.71875,0.0,0.96875,0.96875,1.0,35.349998474121094,39.9375,1.0,2.03125,2.78125,2.78125,0.0,2,2 1
1683,911.8966064453125,910.2305908203125,773.00341796875,329.70623779296875,3.25,0.0,4.8125,4.8125,1.875,0.0,1.03125,0.9375,0.96875,38.84375,35.0,1.0,2.25,4.03125,4.03125,0.0,2,2 3
1684,864.74658203125,862.6033935546875,732.0750732421875,327.8999938964844,3.09375,0.0,4.84375,4.84375,1.8125,0.0,1.03125,0.96875,1.03125,37.89374923706055,29.5625,1.0,2.09375,3.0625,3.0625,0.0,3,3 4
1685,825.1921997070312,821.5384521484375,697.1533203125,307.8999938964844,3.0,0.0,4.625,4.625,1.71875,0.0,0.90625,0.90625,1.09375,36.056251525878906,35.875,1.0,2.0,2.46875,2.46875,0.0,3,3 2
1686,835.2716064453125,833.6859130859375,706.4130249023438,327.3125,3.03125,0.0,4.75,4.75,1.78125,0.0,0.9375,0.9375,1.09375,36.63750076293945,34.28125,1.0,2.03125,2.90625,2.90625,0.0,2,2 4
1687,784.1300659179688,779.185546875,657.11962890625,313.82501220703125,2.9375,0.0,4.75,4.75,1.8125,0.0,1.0,0.9375,1.0,33.33124923706055,35.0625,1.0,1.9375,2.84375,2.84375,0.0,3,3 1
1688,769.7479858398438,768.091796875,648.8646240234375,318.67498779296875,2.875,0.0,4.59375,4.59375,1.75,0.0,0.90625,0.875,1.0625,34.26874923706055,29.8125,1.71875,1.875,2.3125,2.3125,0.0,2,2 3
1689,864.416015625,862.2283935546875,732.3898315429688,325.7437438964844,3.09375,0.0,4.75,4.75,1.78125,0.03125,1.0,0.9375,1.0,36.743751525878906,34.5625,1.0,2.09375,2.5,2.5,0.0,4,4 2
1690,838.5126342773438,835.7315673828125,707.6900634765625,324.26873779296875,3.0625,0.0,4.71875,4.71875,1.78125,0.0,0.90625,0.875,1.15625,35.15625,35.625,1.625,2.0625,1.78125,1.78125,0.0,3,3 4
1691,841.7635498046875,839.0989379882812,708.73486328125,327.11248779296875,3.125,0.0,4.65625,4.65625,1.78125,0.03125,0.875,0.875,1.09375,34.07500076293945,41.34375,1.0,2.125,2.0,2.0,0.0,3,3 2
1692,796.819091796875,793.1350708007812,671.8982543945312,321.51873779296875,2.90625,0.0,4.6875,4.6875,1.8125,0.0,0.96875,0.9375,0.96875,35.26874923706055,29.21875,1.0,1.90625,2.09375,2.09375,0.0,3,3 1
1693,846.5084228515625,844.619140625,713.803466796875,357.98748779296875,3.09375,0.0,4.59375,4.59375,1.84375,0.0,0.8125,0.90625,1.03125,36.6875,32.96875,1.0,2.09375,2.78125,2.78125,0.0,3,3 2
1694,748.63916015625,745.47314453125,627.3406372070312,318.4437561035156,2.875,0.0,4.40625,4.40625,1.71875,0.0,0.84375,0.84375,1.0,32.41875076293945,33.6875,1.0,1.875,2.78125,2.78125,0.0,1,1 3
1695,800.830810546875,796.9827880859375,672.3815307617188,319.26251220703125,3.0,0.0,4.65625,4.65625,1.78125,0.0,0.9375,0.90625,1.03125,33.40625,35.125,1.0,2.0,2.34375,2.34375,0.0,3,3 4
1696,731.7612915039062,729.1634521484375,613.4251098632812,301.46875,2.84375,0.0,4.375,4.375,1.6875,0.03125,0.78125,0.875,1.0,31.818750381469727,31.875,1.0,1.84375,1.59375,1.59375,0.0,3,3 1
1697,775.7164916992188,772.4387817382812,651.5194091796875,313.6875,2.9375,0.0,4.46875,4.46875,1.75,0.0,0.8125,0.90625,1.0,33.25,35.8125,1.0,1.9375,1.5,1.5,0.0,3,3 4
1698,802.8385009765625,798.3643798828125,673.5675048828125,324.3062438964844,3.0,0.0,4.59375,4.59375,1.8125,0.0,0.90625,0.875,1.0,34.48125076293945,35.78125,1.0,2.0,2.125,2.125,0.0,3,3 2
1699,804.7067260742188,801.060302734375,676.4002075195312,340.29998779296875,2.96875,0.0,4.65625,4.65625,1.875,0.0,0.84375,0.9375,1.0,35.181251525878906,35.5,1.0,1.96875,1.84375,1.84375,0.0,3,3 2
1700,806.2300415039062,802.468994140625,677.6707153320312,347.6812438964844,2.96875,0.0,4.59375,4.59375,1.75,0.03125,0.9375,0.875,1.0,35.287498474121094,32.4375,1.0,1.96875,2.34375,2.34375,0.0,3,3 4
1701,756.8440551757812,754.5833740234375,632.8929443359375,332.79376220703125,2.9375,0.0,4.53125,4.53125,1.75,0.0,0.84375,0.9375,1.0,30.837499618530273,41.59375,1.0,1.9375,2.0625,2.0625,0.0,3,3 1
1702,759.6558837890625,754.3585205078125,636.53125,316.09375,2.875,0.0,4.40625,4.40625,1.6875,0.0,0.875,0.90625,0.9375,31.375,38.71875,4.40625,1.875,2.0,2.0,0.0,3,3 4
1703,812.0111694335938,810.2684936523438,685.5845947265625,337.01251220703125,2.96875,0.0,4.71875,4.71875,1.875,0.0,0.90625,0.9375,1.0,34.837501525878906,34.8125,1.25,1.96875,2.03125,2.03125,0.0,4,4 2
1704,827.6708984375,823.1008911132812,694.4933471679688,347.4937438964844,3.03125,0.0,4.875,4.875,1.90625,0.0,0.96875,1.0,1.0,35.66875076293945,35.09375,1.0,2.03125,1.9375,1.9375,0.0,3,3 4
1705,801.7715454101562,798.8300170898438,674.8233642578125,319.0062561035156,2.96875,0.0,4.8125,4.8125,1.8125,0.0625,0.96875,0.96875,1.0,33.993751525878906,36.0,1.0,1.96875,1.875,1.875,0.0,3,3 2
1706,836.7463989257812,833.1337890625,705.4368896484375,332.03125,3.03125,0.0,4.8125,4.8125,1.90625,0.0,0.9375,0.9375,1.03125,36.29375076293945,32.5,1.53125,2.03125,1.65625,1.65625,0.0,3,3 4
1707,888.5359497070312,886.5599365234375,751.5441284179688,337.9312438964844,3.1875,0.0,4.84375,4.84375,1.84375,0.0625,0.9375,1.0,1.0,38.162498474121094,35.0625,1.0,2.1875,2.03125,2.03125,0.0,3,3 2
1708,881.085693359375,879.0095825195312,747.5359497070312,343.67498779296875,3.09375,0.0,4.875,4.875,1.90625,0.03125,0.96875,0.9375,1.03125,38.068748474121094,31.875,1.71875,2.09375,1.5625,1.5625,0.0,4,4 3
1709,807.8945922851562,802.9301147460938,677.8248291015625,315.15625,3.0,0.0,4.8125,4.8125,1.90625,0.0,0.9375,0.96875,1.0,33.875,36.96875,1.625,2.0,1.8125,1.8125,0.0,3,3 2
1710,868.87109375,863.5538330078125,731.4156494140625,338.9312438964844,3.125,0.0,4.84375,4.84375,1.90625,0.0,0.96875,0.96875,1.0,36.48125076293945,33.46875,1.0,2.125,1.75,1.75,0.0,3,3 2
1711,849.1488037109375,846.31201171875,717.8729248046875,316.6812438964844,3.0625,0.0,4.875,4.875,1.875,0.0,0.96875,0.96875,1.0625,36.0,33.78125,1.0,2.0625,1.25,1.25,0.0,2,2 3
1712,812.8922729492188,811.6277465820312,688.6431274414062,302.57501220703125,2.96875,0.0,4.75,4.75,1.8125,0.0,1.0,0.90625,1.03125,34.26874923706055,31.125,1.0,1.96875,0.96875,0.96875,0.0,3,3 4
1713,853.8817749023438,850.4150390625,721.807373046875,317.91876220703125,3.0625,0.0,4.84375,4.84375,1.875,0.0,1.0,0.9375,1.03125,37.287498474121094,32.84375,1.0,2.0625,1.0625,1.0625,0.0,3,3 2
1714,758.716064453125,755.2904663085938,638.5517578125,308.84375,2.84375,0.0,4.5,4.5,1.78125,0.0,0.84375,0.90625,0.96875,32.54999923706055,36.5,2.40625,1.84375,0.875,0.875,0.0,3,3 4
1715,773.7598876953125,768.8733520507812,649.2028198242188,308.29376220703125,2.90625,0.0,4.53125,4.53125,1.8125,0.0,0.8125,0.90625,1.0,33.712501525878906,39.21875,1.0,1.90625,0.875,0.875,0.0,3,3 2
1716,820.6490478515625,815.54443359375,689.4600830078125,319.34375,3.03125,0.0,4.65625,4.65625,1.78125,0.0,0.96875,0.875,1.03125,34.33124923706055,35.46875,1.0,2.03125,0.625,0.625,0.0,3,3 2
1717,770.4932861328125,767.855224609375,648.5328369140625,308.8999938964844,2.90625,0.0,4.4375,4.4375,1.78125,0.0,0.78125,0.875,1.0,33.693748474121094,38.0,1.0,1.90625,0.625,0.625,0.0,3,3 2
1718,772.4835205078125,768.2619018554688,647.9945068359375,314.5062561035156,2.90625,0.0,4.65625,4.65625,1.84375,0.0,0.9375,0.90625,0.96875,32.525001525878906,33.3125,1.0,1.90625,0.65625,0.65625,0.0,3,3 4
1719,745.5695190429688,743.1796875,625.9480590820312,304.65625,2.875,0.0,4.40625,4.40625,1.59375,0.0,0.90625,0.90625,1.0,31.243749618530273,36.59375,1.0,1.875,0.6875,0.6875,0.0,2,2 3
1720,828.53564453125,824.8792114257812,697.8284301757812,327.16876220703125,3.03125,0.0,4.75,4.75,1.75,0.0,1.0,0.96875,1.03125,35.443748474121094,35.34375,1.0,2.03125,1.15625,1.15625,0.0,3,3 4
1721,837.47509765625,834.8865966796875,705.9883422851562,330.32501220703125,3.0625,0.0,4.8125,4.8125,1.875,0.0,0.96875,0.96875,1.0,36.150001525878906,35.46875,1.0,2.0625,0.96875,0.96875,0.0,3,3 2
1722,840.900390625,836.6439208984375,707.2181396484375,336.2562561035156,3.0625,0.0,4.90625,4.90625,1.96875,0.0,0.96875,0.96875,1.0,35.349998474121094,37.4375,1.0,2.0625,0.875,0.875,0.0,3,3 4
1723,806.3255615234375,801.7676391601562,677.7066650390625,337.26251220703125,2.96875,0.0,4.5,4.5,1.8125,0.0,0.8125,0.875,1.0,36.16875076293945,39.28125,1.0,1.96875,1.09375,1.09375,0.0,3,3 2
1724,733.59912109375,729.4002685546875,614.9108276367188,314.2749938964844,2.8125,0.0,4.21875,4.21875,1.625,0.0,0.875,0.75,0.96875,32.087501525878906,31.71875,1.0,1.8125,1.03125,1.03125,0.0,3,3 2
1725,687.0708618164062,685.1195678710938,576.4300537109375,302.8062438964844,2.71875,0.0,4.0,4.0,1.5625,0.03125,0.71875,0.71875,0.96875,29.787500381469727,38.4375,1.75,1.71875,0.90625,0.90625,0.0,3,3 2
1726,740.9630737304688,738.25732421875,621.9927368164062,311.86248779296875,2.84375,0.0,4.34375,4.34375,1.78125,0.0,0.8125,0.78125,0.96875,32.54999923706055,37.90625,1.0,1.84375,0.8125,0.8125,0.0,3,3 2
1727,608.3318481445312,603.00390625,504.9812927246094,277.26251220703125,2.5625,0.0,3.40625,3.40625,1.40625,0.0,0.6875,0.53125,0.78125,27.274999618530273,34.5625,1.6875,1.5625,0.75,0.75,0.0,3,3 4
1728,696.203857421875,693.47021484375,584.8775024414062,307.26873779296875,2.71875,0.0,3.875,3.875,1.46875,0.0,0.84375,0.6875,0.875,30.787500381469727,28.59375,1.25,1.71875,0.65625,0.65625,0.0,3,3 2
1729,624.99365234375,620.8328857421875,522.726806640625,280.79376220703125,2.53125,0.0,3.65625,3.65625,1.46875,0.03125,0.6875,0.59375,0.875,28.493749618530273,31.59375,2.59375,1.53125,0.65625,0.65625,0.0,3,3 0
1730,658.3696899414062,654.3372192382812,549.3889770507812,281.48126220703125,2.6875,0.0,3.6875,3.6875,1.5,0.0,0.5625,0.65625,0.96875,29.162500381469727,39.03125,1.0,1.6875,0.75,0.75,0.0,3,3 2
1731,620.776123046875,616.4647216796875,517.8648681640625,262.9750061035156,2.5625,0.0,3.71875,3.71875,1.5,0.0,0.625,0.59375,1.0,27.506250381469727,30.125,1.65625,1.5625,0.5625,0.5625,0.0,3,3 1
1732,629.5133056640625,626.6061401367188,527.7525634765625,272.4437561035156,2.5625,0.0,3.625,3.625,1.4375,0.0,0.65625,0.5625,0.96875,28.368749618530273,31.53125,1.71875,1.5625,0.71875,0.71875,0.0,2,2 3
1733,635.5689086914062,631.4520263671875,531.9820556640625,269.88751220703125,2.5625,0.0,3.78125,3.78125,1.5,0.0,0.625,0.65625,1.0,29.03125,34.625,1.75,1.5625,0.71875,0.71875,0.0,3,3 2
1734,690.9198608398438,687.4903564453125,580.0143432617188,280.9937438964844,2.71875,0.0,3.9375,3.9375,1.59375,0.0,0.71875,0.6875,0.9375,30.493749618530273,31.6875,1.6875,1.71875,0.9375,0.9375,0.0,3,3 0
1735,721.6672973632812,716.9852294921875,604.1385498046875,283.4624938964844,2.8125,0.0,4.25,4.25,1.6875,0.0,0.78125,0.78125,1.0,30.825000762939453,43.28125,1.0,1.8125,0.53125,0.53125,0.0,2,2 3
1736,677.867919921875,676.4027099609375,570.6317138671875,290.51873779296875,2.65625,0.0,4.0625,4.0625,1.625,0.0,0.6875,0.71875,1.03125,30.181249618530273,33.28125,1.0,1.65625,0.65625,0.65625,0.0,3,3 2
1737,669.6378173828125,668.0584106445312,563.8516845703125,265.8062438964844,2.65625,0.0,4.0,4.0,1.53125,0.0,0.78125,0.6875,1.0,29.743749618530273,33.84375,1.0,1.65625,0.65625,0.65625,0.0,3,3 4
1738,713.8351440429688,712.6099853515625,603.2028198242188,288.51873779296875,2.71875,0.0,4.25,4.25,1.625,0.03125,0.9375,0.71875,0.9375,32.1875,31.375,1.0,1.71875,0.90625,0.90625,0.0,0,0 3
1739,728.9302978515625,725.1033935546875,612.8377685546875,282.6000061035156,2.78125,0.0,4.40625,4.40625,1.6875,0.03125,0.90625,0.78125,1.0,31.65625,37.71875,1.0,1.78125,1.15625,1.15625,0.0,3,3 2
1740,731.0807495117188,726.9572143554688,613.6647338867188,284.04998779296875,2.8125,0.0,4.3125,4.3125,1.65625,0.0,0.8125,0.84375,1.0,31.75,39.1875,1.0,1.8125,0.9375,0.9375,0.0,3,3 2
1741,671.6688232421875,668.3804321289062,564.9534912109375,287.3999938964844,2.59375,0.0,4.125,4.125,1.59375,0.0,0.78125,0.75,1.0,31.21875,28.84375,1.0,1.59375,0.59375,0.59375,0.0,3,3 4
1742,707.413818359375,705.76416015625,595.9075317382812,275.23748779296875,2.75,0.0,4.28125,4.28125,1.6875,0.0,0.8125,0.78125,1.0,30.387500762939453,35.15625,1.71875,1.75,0.59375,0.59375,0.0,2,2 3
1743,717.6610107421875,713.2470092773438,603.3817138671875,294.3687438964844,2.71875,0.0,4.3125,4.3125,1.65625,0.0,0.78125,0.84375,1.03125,31.71875,33.78125,1.0,1.71875,0.59375,0.59375,0.0,3,3 2
1744,758.8890991210938,755.882568359375,638.7855224609375,314.86248779296875,2.84375,0.0,4.5,4.5,1.84375,0.0,0.75,0.90625,1.0,32.868751525878906,34.15625,1.0,1.84375,0.9375,0.9375,0.0,3,3 0
1745,704.9193115234375,699.7554321289062,590.8858032226562,289.61248779296875,2.71875,0.0,4.125,4.125,1.6875,0.03125,0.6875,0.75,0.96875,31.674999237060547,30.6875,1.0,1.71875,0.84375,0.84375,0.0,3,3 2
1746,632.64501953125,629.0558471679688,528.72119140625,270.6812438964844,2.59375,0.0,3.6875,3.6875,1.53125,0.0,0.5625,0.59375,1.0,28.40625,37.5,1.0,1.59375,0.4375,0.4375,0.0,3,3 1
1747,708.1236572265625,705.3421630859375,596.1649169921875,287.70001220703125,2.71875,0.0,4.25,4.25,1.65625,0.0,0.6875,0.90625,1.0,31.137500762939453,30.53125,1.0,1.71875,1.0625,1.0625,0.0,3,3 2
1748,744.9443969726562,742.2556762695312,628.479248046875,310.1875,2.78125,0.0,4.375,4.375,1.75,0.0,0.71875,0.90625,1.0,33.08124923706055,28.15625,1.0,1.78125,0.90625,0.90625,0.0,3,3 0
1749,701.4534912109375,697.9319458007812,588.6087036132812,299.67498779296875,2.71875,0.0,4.125,4.125,1.625,0.03125,0.6875,0.75,1.03125,31.399999618530273,33.4375,1.0,1.71875,0.84375,0.84375,0.0,3,3 2
1750,634.131591796875,629.5423583984375,530.4708862304688,284.26873779296875,2.53125,0.0,3.84375,3.84375,1.625,0.0,0.59375,0.625,1.0,28.725000381469727,34.46875,2.78125,1.53125,0.84375,0.84375,0.0,3,3 2
1751,612.9164428710938,609.9769287109375,512.7405395507812,264.29998779296875,2.53125,0.0,3.65625,3.65625,1.5,0.0,0.59375,0.5625,1.0,28.243749618530273,35.1875,1.65625,1.53125,0.8125,0.8125,0.0,3,3 4
1752,638.616943359375,636.4039916992188,534.2215576171875,271.1812438964844,2.625,0.0,3.84375,3.84375,1.625,0.0,0.53125,0.6875,1.0,27.768749237060547,39.5,1.0,1.625,0.53125,0.53125,0.0,3,3 2
1753,616.9686279296875,614.1424560546875,515.4827880859375,270.54376220703125,2.5625,0.0,3.65625,3.65625,1.5,0.0,0.53125,0.625,1.0,27.125,39.59375,1.46875,1.5625,0.6875,0.6875,0.0,3,3 2
1754,597.18359375,592.3668823242188,498.58404541015625,276.86248779296875,2.4375,0.0,3.625,3.625,1.34375,0.0,0.625,0.65625,1.0,28.137500762939453,29.3125,2.9375,1.4375,0.5625,0.5625,0.0,3,3 0
1755,610.196533203125,607.19873046875,510.9874572753906,281.48748779296875,2.5,0.0,3.53125,3.53125,1.375,0.0,0.5,0.65625,1.0,27.84375,32.375,1.0,1.5,0.96875,0.96875,0.0,3,3 2
1756,610.0822143554688,606.8306884765625,508.9037170410156,275.53125,2.5625,0.0,3.375,3.375,1.40625,0.0,0.46875,0.5,1.0,27.918750762939453,36.8125,1.0,1.5625,0.9375,0.9375,0.0,3,3 4
1757,519.9273681640625,516.5745849609375,432.05609130859375,244.9375,2.3125,0.0,3.21875,3.21875,1.375,0.0,0.375,0.46875,1.0,23.731250762939453,38.9375,1.53125,1.3125,1.3125,1.3125,0.0,3,3 4
1758,641.8775634765625,638.3574829101562,538.2142333984375,270.6499938964844,2.5625,0.0,3.9375,3.9375,1.5625,0.0,0.65625,0.75,0.96875,29.087499618530273,34.8125,1.53125,1.5625,1.65625,1.65625,0.0,3,3 2
1759,731.8320922851562,729.1651611328125,615.0720825195312,302.5625,2.8125,0.0,4.28125,4.28125,1.71875,0.0,0.65625,0.90625,1.0,31.75,34.84375,1.0,1.8125,1.78125,1.78125,0.0,3,3 2
1760,715.6725463867188,711.2408447265625,600.5763549804688,291.89373779296875,2.75,0.0,4.21875,4.21875,1.6875,0.0,0.71875,0.78125,1.03125,31.637500762939453,37.09375,1.0,1.75,1.40625,1.40625,0.0,3,3 2
1761,683.8203125,681.6760864257812,575.5726318359375,291.0874938964844,2.65625,0.0,4.09375,4.09375,1.65625,0.03125,0.6875,0.71875,1.0,31.174999237060547,35.0625,1.0,1.65625,2.1875,2.1875,0.0,3,3 2
1762,688.8552856445312,686.8731689453125,580.58935546875,287.82501220703125,2.65625,0.0,4.1875,4.1875,1.65625,0.0,0.75,0.78125,1.0,31.0,34.40625,1.0,1.65625,2.25,2.25,0.0,2,2 3
1763,586.975830078125,583.7781982421875,490.9273986816406,251.15625,2.46875,0.0,3.4375,3.4375,1.40625,0.0,0.46875,0.5625,1.0,26.975000381469727,35.21875,1.0,1.46875,1.5,1.5,0.0,3,3 2
1764,767.1430053710938,763.705078125,646.9798583984375,308.6499938964844,2.84375,0.0,4.40625,4.40625,1.75,0.0,0.875,0.78125,1.0,34.61249923706055,30.8125,1.0,1.84375,2.8125,2.8125,0.0,3,3 2
1765,751.7640380859375,749.525146484375,634.038330078125,314.96875,2.8125,0.0,4.40625,4.40625,1.78125,0.0,0.78125,0.84375,1.0,33.26874923706055,31.875,1.0,1.8125,2.78125,2.78125,0.0,3,3 4
1766,685.0985107421875,683.0119018554688,576.981201171875,295.33123779296875,2.65625,0.0,4.03125,4.03125,1.5625,0.0,0.6875,0.8125,0.96875,30.981250762939453,26.34375,1.0,1.65625,2.46875,2.46875,0.0,4,4 3
1767,707.2410888671875,705.3595581054688,598.36474609375,287.54376220703125,2.65625,0.0,4.34375,4.34375,1.65625,0.03125,0.78125,0.84375,1.03125,31.556249618530273,29.125,2.375,1.65625,3.40625,3.40625,0.0,3,3 2
1768,715.717041015625,712.50537109375,600.5826416015625,309.1812438964844,2.75,0.0,4.28125,4.28125,1.71875,0.0,0.8125,0.75,1.0,32.4375,33.75,1.0,1.75,3.71875,3.71875,0.0,3,3 2
1769,794.475830078125,791.88720703125,669.9208374023438,328.57501220703125,2.9375,0.0,4.46875,4.46875,1.78125,0.0,0.84375,0.875,0.96875,34.931251525878906,33.21875,1.0,1.9375,4.46875,4.46875,0.0,3,3 2
1770,737.9381713867188,735.7410278320312,622.239501953125,302.86248779296875,2.78125,0.0,4.40625,4.40625,1.6875,0.03125,0.8125,0.875,1.0,32.89374923706055,31.21875,1.0,1.78125,3.9375,3.9375,0.0,3,3 4
1771,692.3607788085938,687.789306640625,579.1773071289062,297.4937438964844,2.71875,0.0,4.03125,4.03125,1.625,0.03125,0.625,0.78125,0.96875,30.137500762939453,33.46875,1.0,1.71875,3.8125,3.8125,0.0,3,3 4
1772,586.88037109375,585.3756713867188,492.48077392578125,283.2749938964844,2.40625,0.0,3.71875,3.71875,1.46875,0.0,0.5625,0.6875,1.0,26.631250381469727,29.6875,3.09375,1.40625,3.5625,3.5625,0.0,3,3 4
1773,598.4619750976562,595.7635498046875,501.99969482421875,256.1312561035156,2.46875,0.0,3.5625,3.5625,1.46875,0.0,0.5,0.5625,1.03125,27.887500762939453,33.0,3.71875,1.46875,2.875,2.875,0.0,3,3 2
1774,669.4013061523438,665.5093383789062,561.3853149414062,294.4624938964844,2.625,0.0,3.875,3.875,1.59375,0.0,0.625,0.65625,1.0,31.393749237060547,32.21875,1.0,1.625,3.1875,3.1875,0.0,3,3 2
1775,747.3472290039062,743.4398803710938,628.682861328125,323.4937438964844,2.78125,0.0,4.4375,4.4375,1.75,0.0,0.8125,0.875,1.0,33.443748474121094,29.5,1.0,1.78125,3.375,3.375,0.0,3,3 4
1776,660.9754638671875,658.5501708984375,553.5518798828125,296.04998779296875,2.65625,0.0,3.84375,3.84375,1.53125,0.0,0.59375,0.71875,1.0,29.212499618530273,38.15625,1.6875,1.65625,3.1875,3.1875,0.0,3,3 4
1777,668.4934692382812,665.3164672851562,560.7017822265625,291.88751220703125,2.625,0.0,4.03125,4.03125,1.625,0.0,0.71875,0.6875,1.0,31.362499237060547,33.46875,1.0,1.625,3.375,3.375,0.0,4,4 3
1778,636.28515625,633.7550048828125,531.3316650390625,277.1937561035156,2.625,0.0,3.8125,3.8125,1.59375,0.03125,0.5625,0.65625,0.96875,28.131250381469727,38.5,1.0,1.625,2.71875,2.71875,0.0,3,3 4
1779,743.3914794921875,739.483154296875,624.7150268554688,300.6499938964844,2.84375,0.0,4.09375,4.09375,1.6875,0.0,0.65625,0.75,1.0,32.90625,39.0,1.71875,1.84375,2.75,2.75,0.0,3,3 2
1780,691.5782470703125,690.0890502929688,580.7326049804688,308.66876220703125,2.71875,0.0,4.0625,4.0625,1.625,0.0,0.59375,0.84375,1.0,30.475000381469727,30.8125,1.0,1.71875,3.59375,3.59375,0.0,2,2 3
1781,664.2373046875,661.6848754882812,557.4259033203125,301.23126220703125,2.625,0.0,3.90625,3.90625,1.5625,0.0,0.59375,0.75,1.0,29.568750381469727,29.8125,1.6875,1.625,3.34375,3.34375,0.0,3,3 2
1782,727.1769409179688,725.6166381835938,614.6585083007812,303.01251220703125,2.71875,0.0,4.375,4.375,1.625,0.0,0.84375,0.875,1.03125,34.0,24.125,1.0,1.71875,3.0,3.0,0.0,4,4 3
1783,736.7998046875,735.029541015625,623.0906372070312,288.1875,2.78125,0.0,4.1875,4.1875,1.59375,0.0,0.78125,0.8125,1.0,33.150001525878906,30.59375,1.0,1.78125,2.0,2.0,0.0,3,3 0
1784,711.1500854492188,708.47705078125,598.1502685546875,296.71875,2.75,0.0,4.03125,4.03125,1.65625,0.0,0.65625,0.71875,1.0,32.587501525878906,32.46875,1.0,1.75,2.53125,2.53125,0.0,3,3 2
1785,702.7382202148438,700.3550415039062,591.7418212890625,286.16876220703125,2.71875,0.0,4.15625,4.15625,1.71875,0.0,0.71875,0.71875,1.0,30.512500762939453,34.375,1.65625,1.71875,2.59375,2.59375,0.0,3,3 4
1786,693.1671752929688,691.1234130859375,582.0908813476562,280.0625,2.75,0.0,4.03125,4.03125,1.65625,0.0,0.625,0.75,1.0,30.024999618530273,36.21875,1.0,1.75,2.90625,2.90625,0.0,3,3 4
1787,676.4642944335938,674.0452270507812,568.2619018554688,282.64373779296875,2.6875,0.0,3.84375,3.84375,1.5625,0.0,0.65625,0.625,1.0,30.006250381469727,37.4375,1.0,1.6875,2.625,2.625,0.0,3,3 4
1788,700.7855224609375,699.5740966796875,591.0418701171875,304.34375,2.6875,0.0,4.15625,4.15625,1.65625,0.0,0.75,0.75,1.0,32.306251525878906,33.6875,1.0,1.6875,2.8125,2.8125,0.0,3,3 4
1789,690.0127563476562,688.2554321289062,581.6278076171875,285.1875,2.6875,0.0,3.96875,3.96875,1.53125,0.0,0.75,0.65625,1.03125,31.212499618530273,36.78125,1.625,1.6875,2.71875,2.71875,0.0,3,3 4
1790,734.7759399414062,731.920166015625,618.2531127929688,301.04998779296875,2.8125,0.0,4.15625,4.15625,1.65625,0.0,0.71875,0.75,1.03125,32.58124923706055,39.03125,1.6875,1.8125,2.65625,2.65625,0.0,3,3 0
1791,705.0571899414062,703.4171752929688,595.5303955078125,287.7562561035156,2.6875,0.0,4.25,4.25,1.65625,0.0,0.8125,0.78125,1.0,31.243749618530273,30.25,2.375,1.6875,2.15625,2.15625,0.0,3,3 4
1792,681.1262817382812,678.533935546875,572.5665283203125,291.65625,2.65625,0.0,4.0625,4.0625,1.625,0.0,0.65625,0.78125,1.0,30.956249237060547,28.96875,1.625,1.65625,1.625,1.625,0.0,3,3 2
1793,680.8526611328125,678.03759765625,573.1395874023438,299.9437561035156,2.625,0.0,4.0,4.0,1.53125,0.0,0.75,0.71875,1.0,31.393749237060547,30.1875,1.6875,1.625,2.09375,2.09375,0.0,4,4 3
1794,734.8324584960938,732.598876953125,617.9671630859375,327.20001220703125,2.78125,0.0,4.40625,4.40625,1.65625,0.0,0.84375,0.90625,1.0,32.412498474121094,29.125,1.0,1.78125,2.40625,2.40625,0.0,4,4 2
1795,700.4656372070312,699.1376342773438,591.1929931640625,297.23126220703125,2.6875,0.0,4.09375,4.09375,1.59375,0.0,0.75,0.78125,0.96875,32.40625,30.0,1.9375,1.6875,2.625,2.625,0.0,3,3 4
1796,769.2636108398438,766.9027099609375,650.2218627929688,296.5687561035156,2.84375,0.0,4.53125,4.53125,1.75,0.03125,0.875,0.875,1.0,34.943748474121094,26.96875,1.625,1.84375,2.0625,2.0625,0.0,3,3 4
1797,803.1024780273438,798.7136840820312,678.81689453125,308.34375,2.90625,0.0,4.5,4.5,1.78125,0.0,0.8125,0.90625,1.0,35.650001525878906,30.375,2.3125,1.90625,1.875,1.875,0.0,3,3 4
1798,720.9228515625,718.3021240234375,609.1560668945312,292.26251220703125,2.71875,0.0,4.125,4.125,1.59375,0.0,0.6875,0.8125,1.03125,32.474998474121094,28.34375,3.59375,1.71875,1.875,1.875,0.0,3,3 4
1799,788.1846313476562,785.2615966796875,665.5159912109375,325.20001220703125,2.875,0.0,4.5625,4.5625,1.71875,0.0,0.9375,0.90625,1.0,36.03125,29.03125,1.0,1.875,2.09375,2.09375,0.0,3,3 4
1800,830.7463989257812,829.77685546875,703.43115234375,324.21875,3.03125,0.0,4.5625,4.5625,1.71875,0.0,0.90625,0.875,1.0625,36.51250076293945,30.28125,1.0,2.03125,2.125,2.125,0.0,0,0 3
1801,822.8126220703125,819.9006958007812,693.8924560546875,329.73126220703125,3.0,0.0,4.75,4.75,1.84375,0.0,0.96875,0.9375,1.0,36.23125076293945,29.71875,1.46875,2.0,1.9375,1.9375,0.0,3,3 4
1802,805.110595703125,801.4937744140625,677.0484619140625,335.88751220703125,2.96875,0.0,4.6875,4.6875,1.8125,0.0,0.9375,0.9375,1.0,34.51874923706055,32.5,1.0,1.96875,2.53125,2.53125,0.0,3,3 0
1803,743.8403930664062,740.54150390625,627.7713012695312,316.6499938964844,2.75,0.0,4.375,4.375,1.65625,0.0,0.875,0.84375,1.0,32.98749923706055,25.0625,1.6875,1.75,1.4375,1.4375,0.0,3,3 4
1804,797.7852172851562,795.4295654296875,672.2550048828125,336.13751220703125,2.9375,0.0,4.71875,4.71875,1.8125,0.0,0.96875,0.9375,1.0,33.98749923706055,30.6875,1.0,1.9375,1.59375,1.59375,0.0,2,2 3
1805,837.0380249023438,834.7647705078125,707.1887817382812,338.7124938964844,3.03125,0.0,4.6875,4.6875,1.78125,0.0,0.9375,0.9375,1.03125,36.54375076293945,33.9375,1.0,2.03125,2.0,2.0,0.0,2,2 3
1806,779.1847534179688,778.5179443359375,657.8028564453125,324.03125,2.90625,0.0,4.5625,4.5625,1.78125,0.0,0.90625,0.90625,0.96875,34.45000076293945,29.4375,1.0,1.90625,1.78125,1.78125,0.0,3,3 4
1807,800.1221923828125,797.5732421875,674.4893798828125,327.7562561035156,2.9375,0.0,4.6875,4.6875,1.875,0.0,0.90625,0.90625,1.0,36.506248474121094,26.71875,1.0,1.9375,1.9375,1.9375,0.0,3,3 4
1808,778.3059692382812,776.7637329101562,657.2318115234375,316.1875,2.875,0.0,4.71875,4.71875,1.78125,0.03125,0.9375,0.96875,1.0,33.875,28.46875,1.6875,1.875,1.21875,1.21875,0.0,3,3 4
1809,815.1577758789062,812.1968994140625,688.1658935546875,320.66876220703125,2.96875,0.0,4.71875,4.71875,1.84375,0.0,0.9375,0.9375,1.0,35.75,34.34375,1.6875,1.96875,1.625,1.625,0.0,3,3 0
1810,804.625732421875,802.295654296875,680.1939086914062,316.0375061035156,2.9375,0.0,4.625,4.625,1.84375,0.0,0.875,0.875,1.03125,35.693748474121094,31.78125,1.0,1.9375,1.46875,1.46875,0.0,3,3 4
1811,817.1024169921875,815.2526245117188,690.8162841796875,308.6312561035156,3.0,0.0,4.65625,4.65625,1.78125,0.0,0.9375,0.9375,1.0,35.443748474121094,29.1875,1.0,2.0,1.875,1.875,0.0,3,3 2
1812,787.8279418945312,784.8724975585938,666.3709716796875,308.83123779296875,2.875,0.0,4.46875,4.46875,1.78125,0.0,0.84375,0.8125,1.03125,35.75,29.25,1.0,1.875,2.0,2.0,0.0,3,3 4
1813,845.4683227539062,843.8385620117188,713.5986938476562,309.6312561035156,3.125,0.0,4.8125,4.8125,1.90625,0.0,0.90625,1.0,1.0,34.76874923706055,28.96875,1.0,2.125,2.0625,2.0625,0.0,3,3 0
1814,704.3601684570312,702.6614379882812,594.4229736328125,278.4750061035156,2.71875,0.0,4.125,4.125,1.5625,0.0,0.84375,0.71875,1.0,31.262500762939453,28.875,1.0,1.71875,1.5,1.5,0.0,3,3 2
1815,695.147216796875,694.580078125,588.8297729492188,284.1875,2.65625,0.0,4.0625,4.0625,1.53125,0.0,0.90625,0.625,1.0,31.825000762939453,21.40625,1.0,1.65625,1.8125,1.8125,0.0,3,3 2
1816,768.7837524414062,765.7815551757812,648.9011840820312,302.3125,2.84375,0.0,4.5625,4.5625,1.71875,0.0,1.0,0.84375,1.0,33.76250076293945,26.9375,1.0,1.84375,1.8125,1.8125,0.0,3,3 2
1817,740.9971313476562,739.5465087890625,625.1715698242188,303.35626220703125,2.8125,0.0,4.34375,4.34375,1.71875,0.0,0.8125,0.84375,0.96875,31.706249237060547,30.09375,1.0,1.8125,1.625,1.625,0.0,2,2 3
1818,764.9825439453125,762.8319091796875,645.05126953125,308.8187561035156,2.875,0.0,4.375,4.375,1.71875,0.0,0.875,0.84375,0.9375,33.83124923706055,31.03125,1.0,1.875,1.75,1.75,0.0,0,0 3
1819,682.5888061523438,680.3185424804688,576.740966796875,298.54998779296875,2.59375,0.0,3.96875,3.96875,1.5625,0.0,0.84375,0.65625,0.90625,32.431251525878906,26.90625,2.34375,1.59375,1.5625,1.5625,0.0,3,3 0
1820,797.3330078125,795.2451782226562,674.615234375,313.20001220703125,2.9375,0.0,4.3125,4.3125,1.5625,0.0,0.96875,0.75,1.03125,35.25,21.125,1.6875,1.9375,1.8125,1.8125,0.0,3,3 4
1821,781.3446655273438,778.2575073242188,660.6683349609375,301.42498779296875,2.90625,0.0,4.0625,4.0625,1.53125,0.0,0.875,0.75,0.90625,34.474998474121094,27.0625,2.3125,1.90625,1.6875,1.6875,0.0,3,3 4
1822,799.2646484375,796.6611938476562,677.9327392578125,295.95001220703125,2.90625,0.0,4.34375,4.34375,1.625,0.0,0.9375,0.84375,0.9375,36.07500076293945,30.71875,2.40625,1.90625,1.53125,1.53125,0.0,3,3 2
1823,787.9739990234375,784.79638671875,666.4108276367188,314.64373779296875,2.875,0.0,4.34375,4.34375,1.6875,0.0,0.90625,0.78125,0.96875,36.26874923706055,25.6875,1.6875,1.875,2.03125,2.03125,0.0,3,3 2
1824,777.741943359375,774.7249755859375,657.8621826171875,307.98126220703125,2.84375,0.0,4.40625,4.40625,1.75,0.0,0.90625,0.84375,0.90625,35.5625,24.96875,1.65625,1.84375,1.875,1.875,0.0,3,3 1
1825,790.6537475585938,789.7596435546875,669.9563598632812,303.90625,2.90625,0.0,4.5625,4.5625,1.78125,0.0,0.96875,0.84375,0.96875,34.974998474121094,28.96875,1.0,1.90625,1.875,1.875,0.0,3,3 0
1826,789.8419799804688,787.3356323242188,668.5919799804688,300.01251220703125,2.90625,0.0,4.3125,4.3125,1.78125,0.0,0.90625,0.84375,0.78125,35.724998474121094,28.59375,1.0,1.90625,1.15625,1.15625,0.0,3,3 0
1827,808.5147705078125,806.5609130859375,685.9373168945312,308.29998779296875,2.9375,0.0,4.34375,4.34375,1.71875,0.0,0.90625,0.84375,0.875,35.881248474121094,23.8125,1.0,1.9375,1.1875,1.1875,0.0,3,3 2
1828,791.7921142578125,789.6954345703125,670.2994995117188,299.92498779296875,2.90625,0.0,4.5,4.5,1.6875,0.0,1.03125,0.8125,0.96875,35.20624923706055,25.8125,1.0,1.90625,1.0625,1.0625,0.0,3,3 4
1829,840.4207153320312,838.1961669921875,711.2738647460938,318.4312438964844,3.03125,0.0,4.78125,4.78125,1.875,0.0,0.96875,0.9375,1.0,36.462501525878906,22.21875,1.0,2.03125,1.125,1.125,0.0,3,3 4
1830,851.564697265625,850.2705078125,721.0925903320312,328.6875,3.09375,0.0,4.46875,4.46875,1.71875,0.0,0.90625,0.875,0.96875,38.506248474121094,24.6875,1.0,2.09375,1.4375,1.4375,0.0,1,1 3
1831,849.435302734375,848.390625,719.3306884765625,329.3812561035156,3.09375,0.0,4.53125,4.53125,1.78125,0.0,0.90625,0.84375,1.0,36.26874923706055,26.5625,1.6875,2.09375,1.6875,1.6875,0.0,3,3 4
1832,760.4644775390625,758.2513427734375,641.1842041015625,304.70623779296875,2.875,0.0,4.28125,4.28125,1.6875,0.0,0.90625,0.78125,0.90625,33.09375,29.9375,1.0,1.875,1.09375,1.09375,0.0,4,4 3
1833,827.1448974609375,825.93408203125,702.0255126953125,325.65625,2.96875,0.0,4.59375,4.59375,1.8125,0.0,0.96875,0.84375,0.96875,36.462501525878906,21.0625,1.03125,1.96875,1.59375,1.59375,0.0,4,4 3
1834,769.5827026367188,766.9146118164062,647.4534301757812,324.84375,2.875,0.0,4.5625,4.5625,1.84375,0.0,0.875,0.84375,1.0,34.54999923706055,28.5,1.0,1.875,1.6875,1.6875,0.0,3,3 4
1835,728.7642822265625,727.6715087890625,614.9368896484375,307.32501220703125,2.78125,0.0,4.125,4.125,1.59375,0.0,0.84375,0.75,0.9375,33.64374923706055,27.75,1.625,1.78125,1.0625,1.0625,0.0,1,1 0
1836,755.8768920898438,754.240478515625,637.5467529296875,334.5375061035156,2.8125,0.0,4.40625,4.40625,1.71875,0.0,0.875,0.8125,1.0,34.537498474121094,25.53125,1.0,1.8125,1.875,1.875,0.0,4,4 1
1837,767.92919921875,766.0902709960938,648.1845092773438,318.59375,2.875,0.0,4.3125,4.3125,1.71875,0.0,0.8125,0.78125,1.0,33.20000076293945,25.0625,1.0,1.875,1.0,1.0,0.0,4,4 3
1838,759.9860229492188,757.6036376953125,641.4431762695312,310.7562561035156,2.84375,0.0,4.21875,4.21875,1.71875,0.0,0.75,0.78125,0.96875,35.056251525878906,25.34375,1.0,1.84375,1.0625,1.0625,0.0,3,3 1
1839,850.4074096679688,849.8795166015625,720.533447265625,346.26873779296875,3.0625,0.0,4.65625,4.65625,1.78125,0.0,0.9375,0.9375,1.0,37.681251525878906,22.78125,1.0,2.0625,1.5,1.5,0.0,3,3 1
1840,835.5361328125,833.5946044921875,706.5609130859375,336.96875,3.03125,0.0,4.53125,4.53125,1.75,0.0,0.84375,0.9375,1.0,37.48749923706055,25.65625,1.0,2.03125,1.21875,1.21875,0.0,3,3 2
1841,846.356201171875,845.6912841796875,715.77734375,345.42498779296875,3.09375,0.0,4.53125,4.53125,1.84375,0.0,0.8125,0.875,1.0,36.556251525878906,29.21875,1.0,2.09375,1.40625,1.40625,0.0,0,0 3
1842,874.713134765625,872.49755859375,742.069580078125,350.625,3.09375,0.0,4.5,4.5,1.71875,0.0,0.8125,0.90625,1.0625,38.662498474121094,23.46875,2.96875,2.09375,1.5625,1.5625,0.0,3,3 4
1843,825.9010009765625,821.8128051757812,696.1345825195312,333.26873779296875,3.0,0.0,4.59375,4.59375,1.78125,0.0,0.90625,0.90625,1.0,36.88750076293945,26.78125,1.0,2.0,1.0,1.0,0.0,3,3 2
1844,876.79248046875,872.8826904296875,739.7796020507812,334.88751220703125,3.15625,0.0,4.78125,4.78125,1.84375,0.0,1.0,0.9375,1.0,37.0625,26.8125,1.0,2.15625,1.375,1.375,0.0,3,3 4
1845,844.2628784179688,841.5179443359375,714.2640380859375,330.35626220703125,3.03125,0.0,4.71875,4.71875,1.8125,0.0,0.9375,0.96875,1.0,36.381248474121094,31.1875,1.6875,2.03125,0.875,0.875,0.0,3,3 0
1846,899.6104125976562,897.9366455078125,764.0389404296875,344.1000061035156,3.15625,0.0,4.75,4.75,1.875,0.0,0.90625,0.96875,1.0,39.61249923706055,25.25,1.0,2.15625,1.03125,1.03125,0.0,3,3 2
1847,925.1989135742188,923.1165161132812,786.1030883789062,344.9750061035156,3.21875,0.0,4.8125,4.8125,1.875,0.0,0.96875,0.96875,1.0,40.70624923706055,29.6875,1.0,2.21875,0.90625,0.90625,0.0,4,4 2
1848,914.293212890625,912.7664184570312,775.84765625,347.45001220703125,3.21875,0.0,4.78125,4.78125,1.8125,0.0,0.96875,0.96875,1.03125,40.1875,27.28125,1.0,2.21875,1.40625,1.40625,0.0,2,2 3
1849,821.8589477539062,819.4056396484375,693.8307495117188,326.3125,3.0,0.0,4.6875,4.6875,1.71875,0.0,0.96875,0.96875,1.03125,36.162498474121094,30.84375,1.0,2.0,1.375,1.375,0.0,3,3 2
1850,805.475830078125,803.2655029296875,683.0783081054688,300.04376220703125,2.9375,0.0,4.34375,4.34375,1.625,0.0,0.84375,0.8125,1.0625,35.75,28.53125,1.53125,1.9375,1.40625,1.40625,0.0,4,4 3
1851,947.3832397460938,944.1234130859375,805.24462890625,337.34375,3.25,0.0,5.0,5.0,1.96875,0.0,1.03125,1.0,1.0,41.73125076293945,23.46875,1.0,2.25,1.4375,1.4375,0.0,3,3 2
1852,853.0206298828125,851.7650146484375,723.0790405273438,323.8125,3.0625,0.0,4.75,4.75,1.875,0.0,0.96875,0.9375,0.96875,38.16875076293945,23.90625,1.0,2.0625,1.4375,1.4375,0.0,3,3 2
1853,862.4183959960938,861.8494873046875,732.7042236328125,321.1499938964844,3.0625,0.0,4.90625,4.90625,1.875,0.0,1.0,0.96875,1.0625,37.98749923706055,25.40625,1.0,2.0625,1.5625,1.5625,0.0,3,3 4
1854,830.40673828125,828.1407470703125,702.3737182617188,299.10626220703125,3.03125,0.0,4.75,4.75,1.84375,0.0,1.0,0.90625,1.0,36.10625076293945,28.96875,1.0,2.03125,1.21875,1.21875,0.0,3,3 1
1855,931.460693359375,930.1929931640625,794.1800537109375,315.9125061035156,3.21875,0.0,4.90625,4.90625,1.84375,0.0,1.03125,1.0,1.03125,41.13750076293945,21.53125,1.0,2.21875,1.40625,1.40625,0.0,2,2 1
1856,950.251953125,948.5252075195312,809.7080078125,336.11248779296875,3.25,0.0,4.96875,4.96875,1.875,0.0,1.03125,1.0,1.0625,42.42499923706055,23.0625,1.0,2.25,1.5,1.5,0.0,3,3 2
1857,840.7413330078125,840.2802734375,714.3651123046875,301.57501220703125,3.03125,0.0,4.75,4.75,1.71875,0.0,1.03125,0.96875,1.03125,36.243751525878906,22.65625,1.0,2.03125,1.3125,1.3125,0.0,2,2 4
1858,915.321533203125,914.6433715820312,778.91943359375,318.23748779296875,3.21875,0.0,4.84375,4.84375,1.78125,0.0,1.03125,0.96875,1.0625,40.275001525878906,22.875,1.0,2.21875,2.0625,2.0625,0.0,3,3 2
1859,935.4127197265625,933.0524291992188,795.7045288085938,322.48748779296875,3.25,0.0,4.84375,4.84375,1.84375,0.0,1.03125,0.9375,1.03125,40.82500076293945,20.71875,1.0,2.25,1.84375,1.84375,0.0,3,3 4
1860,962.1837158203125,959.7568359375,818.7176513671875,326.3187561035156,3.3125,0.0,5.0,5.0,1.9375,0.0,1.03125,1.0,1.03125,42.212501525878906,26.1875,1.0,2.3125,1.3125,1.3125,0.0,3,3 1
1861,941.0396118164062,937.2244262695312,799.4251708984375,329.20001220703125,3.25,0.0,4.8125,4.8125,1.78125,0.0,1.0,1.0,1.03125,42.162498474121094,17.65625,1.0,2.25,1.5625,1.5625,0.0,3,3 4
1862,900.5438232421875,896.4934692382812,762.064453125,336.42498779296875,3.1875,0.0,4.65625,4.65625,1.6875,0.0,1.03125,0.90625,1.03125,39.48749923706055,19.59375,1.0,2.1875,1.25,1.25,0.0,3,3 2
1863,896.7186279296875,893.6290893554688,759.9968872070312,324.36248779296875,3.1875,0.0,4.625,4.625,1.6875,0.0,0.96875,0.96875,1.0,39.10625076293945,25.65625,1.0,2.1875,1.25,1.25,0.0,3,3 4
1864,896.2966918945312,890.6326293945312,758.3343505859375,345.29998779296875,3.125,0.0,4.65625,4.65625,1.75,0.0,0.9375,0.90625,1.0625,39.76874923706055,22.1875,1.0,2.125,1.21875,1.21875,0.0,3,3 2
1865,955.0946044921875,951.7859497070312,811.6259155273438,364.35626220703125,3.28125,0.0,4.59375,4.59375,1.75,0.0,0.875,0.875,1.09375,43.08124923706055,24.0625,1.0,2.28125,1.375,1.375,0.0,3,3 2
1866,914.298828125,911.8251953125,775.5665283203125,356.0874938964844,3.1875,0.0,4.8125,4.8125,1.90625,0.0,0.96875,0.96875,0.96875,40.71875,18.78125,1.0,2.1875,1.15625,1.15625,0.0,3,3 2
1867,885.4217529296875,882.7216796875,749.10888671875,335.78125,3.15625,0.0,4.875,4.875,1.84375,0.0,1.0,1.0,1.03125,37.5625,29.71875,1.0,2.15625,1.34375,1.34375,0.0,3,3 2
1868,901.2168579101562,898.3112182617188,763.9727783203125,324.90625,3.1875,0.0,4.8125,4.8125,1.875,0.0,0.96875,0.96875,1.0,38.712501525878906,25.4375,1.0,2.1875,1.78125,1.78125,0.0,3,3 4
1869,798.52490234375,797.61083984375,676.46826171875,296.89373779296875,2.9375,0.0,4.6875,4.6875,1.78125,0.0,0.96875,0.9375,1.0,34.29375076293945,30.625,1.6875,1.9375,1.875,1.875,0.0,4,4 0
1870,860.1517944335938,858.2996215820312,730.2108764648438,316.5062561035156,3.0625,0.0,4.6875,4.6875,1.84375,0.0,0.96875,0.875,1.0,38.26874923706055,24.59375,1.0,2.0625,2.15625,2.15625,0.0,3,3 2
1871,934.4786376953125,930.3636474609375,792.2559814453125,335.04998779296875,3.25,0.0,4.875,4.875,1.875,0.0,1.0,0.96875,1.03125,40.86249923706055,27.1875,1.0,2.25,2.8125,2.8125,0.0,3,3 0
1872,877.9169921875,876.5302734375,744.0774536132812,332.6625061035156,3.125,0.0,4.9375,4.9375,1.96875,0.0,1.0,0.96875,1.0,37.88750076293945,28.8125,1.0,2.125,2.8125,2.8125,0.0,4,4 3
1873,857.8287353515625,855.4417114257812,725.3430786132812,320.2250061035156,3.09375,0.0,4.875,4.875,1.9375,0.0,1.0,0.9375,1.0,36.943748474121094,32.21875,1.0,2.09375,3.40625,3.40625,0.0,3,3 2
1874,887.8782958984375,885.2825317382812,750.9520874023438,327.98748779296875,3.1875,0.0,4.75,4.75,1.8125,0.0,0.96875,0.9375,1.03125,39.20000076293945,22.5625,1.0,2.1875,3.53125,3.53125,0.0,3,3 4
1875,898.4088745117188,897.2638549804688,761.8505249023438,342.9312438964844,3.1875,0.0,4.875,4.875,1.84375,0.0,0.96875,0.9375,1.125,38.287498474121094,29.1875,1.0,2.1875,4.5625,4.5625,0.0,3,3 2
1876,910.0576782226562,907.984375,772.3751220703125,342.375,3.1875,0.0,4.875,4.875,1.8125,0.0,1.0625,0.96875,1.03125,39.53125,28.15625,1.0,2.1875,4.84375,4.84375,0.0,3,3 2
1877,848.8224487304688,845.2919921875,716.1151733398438,311.83123779296875,3.09375,0.0,4.78125,4.78125,1.875,0.0,0.96875,0.90625,1.03125,36.23749923706055,34.5625,1.0,2.09375,4.65625,4.65625,0.0,3,3 4
1878,932.4462280273438,931.3820190429688,792.1124267578125,340.76251220703125,3.25,0.0,5.125,5.125,1.90625,0.0,1.0625,1.0,1.15625,40.17499923706055,24.0625,1.0,2.25,3.71875,3.71875,0.0,4,4 3
1879,833.201904296875,831.814453125,704.9739379882812,313.88751220703125,3.03125,0.0,4.84375,4.84375,1.84375,0.0,1.0,0.9375,1.0625,35.881248474121094,32.5625,1.0,2.03125,4.71875,4.71875,0.0,2,2 3
1880,923.906982421875,921.2350463867188,783.61279296875,340.16876220703125,3.21875,0.0,5.0625,5.0625,1.9375,0.0,1.03125,1.0,1.09375,39.868751525878906,26.65625,1.0,2.21875,4.15625,4.15625,0.0,3,3 2
1881,886.9945068359375,884.1988525390625,749.8179931640625,337.3999938964844,3.15625,0.0,5.0625,5.0625,1.96875,0.0,1.03125,0.96875,1.09375,37.212501525878906,32.59375,1.0,2.15625,4.15625,4.15625,0.0,2,2 3
1882,906.3466796875,902.8121337890625,766.163818359375,336.3374938964844,3.21875,0.0,4.9375,4.9375,1.875,0.0,0.96875,0.96875,1.125,38.29999923706055,30.71875,1.0,2.21875,3.4375,3.4375,0.0,3,3 2
1883,961.2158813476562,958.44384765625,817.556884765625,316.3062438964844,3.3125,0.0,5.1875,5.1875,1.90625,0.0,1.09375,1.0,1.1875,39.98125076293945,30.96875,1.0,2.3125,3.375,3.375,0.0,3,3 4
1884,925.9669189453125,923.7337646484375,787.5140380859375,317.48126220703125,3.21875,0.0,4.96875,4.96875,1.84375,0.0,1.0,1.0,1.125,40.462501525878906,31.375,1.0,2.21875,3.71875,3.71875,0.0,3,3 0
1885,963.9189453125,962.8054809570312,821.0296020507812,330.125,3.3125,0.0,5.1875,5.1875,1.90625,0.0,1.0625,0.96875,1.25,41.08124923706055,21.09375,1.0,2.3125,2.6875,2.6875,0.0,0,0 3
1886,1039.56689453125,1036.540283203125,885.0655517578125,345.64373779296875,3.5,0.0,5.3125,5.3125,1.875,0.0,1.125,1.0,1.3125,44.125,20.03125,1.0,2.5,3.21875,3.21875,0.0,3,3 2
1887,923.08349609375,920.6824951171875,784.4481201171875,313.2250061035156,3.21875,0.0,5.03125,5.03125,1.9375,0.0,1.03125,1.0,1.0625,40.337501525878906,29.5625,1.0,2.21875,3.21875,3.21875,0.0,3,3 2
1888,975.5090942382812,973.9612426757812,832.0411987304688,336.14373779296875,3.3125,0.0,5.09375,5.09375,1.96875,0.0,1.0625,0.96875,1.09375,42.29375076293945,25.0,1.0,2.3125,3.78125,3.78125,0.0,3,3 2
1889,989.5512084960938,988.5056762695312,844.4462890625,328.0062561035156,3.375,0.0,5.0625,5.0625,1.84375,0.0,1.0625,0.96875,1.1875,42.54999923706055,28.625,1.0,2.375,4.0,4.0,0.0,2,2 3
1890,1034.1136474609375,1032.1473388671875,881.8577270507812,336.9437561035156,3.5,0.0,5.125,5.125,1.9375,0.0,1.03125,1.0,1.15625,44.125,21.9375,1.0,2.5,4.1875,4.1875,0.0,3,3 0
1891,903.6423950195312,902.0140380859375,768.2915649414062,298.1937561035156,3.1875,0.0,5.0,5.0,1.9375,0.0,0.96875,0.96875,1.125,38.54375076293945,26.03125,1.0,2.1875,3.3125,3.3125,0.0,3,3 2
1892,963.9855346679688,960.1610107421875,818.81396484375,313.98748779296875,3.34375,0.0,5.0,5.0,1.90625,0.0,0.96875,0.96875,1.15625,40.056251525878906,28.53125,1.0,2.34375,3.90625,3.90625,0.0,3,3 4
1893,991.5391845703125,989.4366455078125,844.3255004882812,343.84375,3.375,0.0,5.09375,5.09375,1.84375,0.0,1.125,0.96875,1.15625,43.29999923706055,22.09375,1.0,2.375,3.84375,3.84375,0.0,2,2 3
1894,893.5425415039062,892.2108154296875,760.8761596679688,304.0625,3.125,0.0,4.96875,4.96875,1.875,0.0,1.03125,1.0,1.0625,38.92499923706055,24.375,1.0,2.125,3.875,3.875,0.0,3,3 4
1895,936.9467163085938,933.8446044921875,793.922119140625,340.6312561035156,3.28125,0.0,5.0,5.0,1.90625,0.0,1.03125,1.0,1.0625,39.32500076293945,26.34375,1.0,2.28125,3.9375,3.9375,0.0,3,3 0
1896,890.3536987304688,888.6832885742188,755.3397827148438,316.1625061035156,3.15625,0.0,5.03125,5.03125,1.9375,0.0,1.0,1.0,1.09375,38.04375076293945,28.53125,1.0,2.15625,2.78125,2.78125,0.0,0,0 2
1897,855.7457885742188,853.67578125,723.1547241210938,305.09375,3.125,0.0,4.9375,4.9375,1.96875,0.0,0.90625,1.0,1.0625,34.8125,39.0625,1.0,2.125,3.0625,3.0625,0.0,2,2 3
1898,878.5392456054688,876.0154418945312,745.2494506835938,309.53125,3.125,0.0,4.8125,4.8125,1.84375,0.0,0.96875,0.9375,1.0625,37.71875,29.25,1.0,2.125,2.90625,2.90625,0.0,3,3 0
1899,971.7847290039062,970.5709228515625,826.80908203125,344.60626220703125,3.34375,0.0,5.1875,5.1875,1.90625,0.0,1.0625,1.0,1.21875,40.79999923706055,21.375,1.0,2.34375,3.625,3.625,0.0,0,0 3
1900,877.9740600585938,876.5104370117188,745.7879028320312,311.0687561035156,3.125,0.0,4.84375,4.84375,1.84375,0.0,1.0,0.96875,1.03125,36.35625076293945,30.4375,1.0,2.125,3.15625,3.15625,0.0,3,3 0
1901,905.9197998046875,903.8704223632812,769.7293701171875,323.0062561035156,3.1875,0.0,4.78125,4.78125,1.78125,0.0,1.0,0.9375,1.0625,38.837501525878906,26.375,1.0,2.1875,2.40625,2.40625,0.0,2,2 3
1902,958.3615112304688,955.6325073242188,814.1572265625,343.73126220703125,3.3125,0.0,4.9375,4.9375,1.78125,0.0,1.03125,0.9375,1.1875,41.1875,28.71875,1.0,2.3125,2.375,2.375,0.0,3,3 0
1903,854.835693359375,853.0554809570312,724.6409912109375,312.73126220703125,3.09375,0.0,4.59375,4.59375,1.6875,0.0,0.9375,0.84375,1.125,35.91875076293945,29.46875,1.0,2.09375,2.375,2.375,0.0,3,3 4
1904,954.7210693359375,953.0364990234375,811.9067993164062,330.41876220703125,3.3125,0.0,5.0625,5.0625,1.90625,0.0,1.09375,0.96875,1.09375,40.1875,27.5625,1.0,2.3125,2.3125,2.3125,0.0,3,3 1
1905,966.605712890625,965.4931640625,822.9498291015625,337.0625,3.34375,0.0,4.96875,4.96875,1.78125,0.0,1.03125,1.0,1.15625,40.98749923706055,29.46875,1.0,2.34375,2.5,2.5,0.0,3,3 0
1906,908.6272583007812,906.9677734375,773.6219482421875,319.14373779296875,3.15625,0.0,4.90625,4.90625,1.78125,0.0,0.96875,0.9375,1.21875,40.006248474121094,17.75,1.53125,2.15625,1.96875,1.96875,0.0,2,2 3
1907,965.249267578125,959.6436767578125,817.3344116210938,349.08123779296875,3.3125,0.0,5.09375,5.09375,1.8125,0.0,1.03125,1.0,1.25,40.86249923706055,29.53125,1.0,2.3125,2.53125,2.53125,0.0,3,3 0
1908,1025.73046875,1023.00927734375,871.8978271484375,362.9437561035156,3.5,0.0,5.09375,5.09375,1.71875,0.0,1.09375,1.0,1.28125,42.162498474121094,28.9375,1.0,2.5,1.9375,1.9375,0.0,3,3 2
1909,953.6490478515625,952.9074096679688,812.3773193359375,345.83123779296875,3.28125,0.0,5.0,5.0,1.84375,0.0,1.03125,0.96875,1.15625,41.256248474121094,22.78125,1.0,2.28125,1.96875,1.96875,0.0,2,2 3
1910,973.6442260742188,971.2658081054688,826.3455200195312,364.8999938964844,3.34375,0.0,5.15625,5.15625,1.875,0.0,1.0625,1.0,1.21875,42.29375076293945,21.71875,1.0,2.34375,1.5,1.5,0.0,3,3 4
1911,893.5521850585938,889.4323120117188,755.8701782226562,343.78125,3.15625,0.0,4.71875,4.71875,1.6875,0.0,1.0,0.96875,1.0625,38.53125,26.96875,1.46875,2.15625,2.03125,2.03125,0.0,3,3 1
1912,875.2338256835938,873.3634643554688,743.4592895507812,324.9937438964844,3.09375,0.0,4.6875,4.6875,1.6875,0.0,0.96875,0.96875,1.0625,38.70624923706055,22.25,1.1875,2.09375,1.125,1.125,0.0,3,3 2
1913,978.9352416992188,976.2415771484375,830.8182373046875,365.6000061035156,3.375,0.0,4.96875,4.96875,1.75,0.0,1.0625,1.0,1.15625,41.76874923706055,22.3125,1.0,2.375,2.125,2.125,0.0,3,3 4
1914,978.4434814453125,974.2301635742188,830.7819213867188,366.07501220703125,3.3125,0.0,5.09375,5.09375,1.84375,0.0,1.0,0.96875,1.28125,42.46875,23.375,1.6875,2.3125,2.5625,2.5625,0.0,3,3 1
1915,918.9383544921875,916.60302734375,780.0794677734375,356.01873779296875,3.1875,0.0,4.9375,4.9375,1.8125,0.0,1.0625,0.9375,1.125,39.431251525878906,22.5625,1.0,2.1875,2.6875,2.6875,0.0,3,3 1
1916,961.7305908203125,959.8389892578125,816.262939453125,365.1000061035156,3.34375,0.0,4.90625,4.90625,1.78125,0.0,1.0625,0.90625,1.15625,40.32500076293945,27.84375,1.0,2.34375,3.3125,3.3125,0.0,3,3 4
1917,819.5628662109375,818.7902221679688,694.1751098632812,332.89373779296875,2.96875,0.0,4.6875,4.6875,1.6875,0.0,0.96875,0.9375,1.09375,36.29375076293945,31.21875,1.6875,1.96875,2.09375,2.09375,0.0,3,3 2
1918,903.2718505859375,902.8939208984375,765.9021606445312,347.03125,3.21875,0.0,4.9375,4.9375,1.78125,0.0,1.0,0.96875,1.1875,37.23749923706055,29.59375,1.65625,2.21875,2.71875,2.71875,0.0,2,2 3
1919,884.5697631835938,883.0891723632812,749.6033325195312,346.0562438964844,3.15625,0.0,4.71875,4.71875,1.78125,0.0,0.90625,0.9375,1.09375,37.474998474121094,33.96875,1.53125,2.15625,1.96875,1.96875,0.0,3,3 1
1920,823.6423950195312,820.5234375,694.8226928710938,330.58123779296875,3.0,0.0,4.71875,4.71875,1.75,0.0,0.96875,0.96875,1.03125,34.98125076293945,27.21875,1.0,2.0,1.96875,1.96875,0.0,3,3 4
1921,847.5684204101562,846.7537841796875,717.8903198242188,341.5,3.0625,0.0,4.65625,4.65625,1.59375,0.0,1.03125,0.875,1.15625,36.32500076293945,25.75,1.0,2.0625,1.65625,1.65625,0.0,3,3 2
1922,887.4771728515625,883.8419799804688,750.2816162109375,338.60626220703125,3.15625,0.0,4.84375,4.84375,1.8125,0.0,0.96875,0.875,1.1875,37.181251525878906,31.71875,1.0,2.15625,2.09375,2.09375,0.0,3,3 1
1923,860.452392578125,858.3143310546875,728.535400390625,334.1187438964844,3.09375,0.0,4.6875,4.6875,1.75,0.0,0.9375,0.84375,1.15625,35.474998474121094,26.90625,1.5,2.09375,1.4375,1.4375,0.0,3,3 2
1924,844.0128173828125,843.0457763671875,715.5069580078125,315.86248779296875,3.0625,0.0,4.65625,4.65625,1.6875,0.0,0.96875,0.90625,1.09375,36.087501525878906,24.1875,1.0,2.0625,2.3125,2.3125,0.0,3,3 2
1925,874.5245361328125,872.9083862304688,740.9024658203125,345.8374938964844,3.125,0.0,4.71875,4.71875,1.8125,0.0,0.96875,0.8125,1.125,36.60625076293945,27.0,1.0,2.125,2.75,2.75,0.0,3,3 0
1926,775.3350830078125,773.9996948242188,655.4735107421875,321.13751220703125,2.875,0.0,4.4375,4.4375,1.625,0.0,1.0,0.78125,1.03125,33.162498474121094,22.28125,1.0,1.875,2.375,2.375,0.0,0,0 3
1927,785.7326049804688,784.5046997070312,664.3811645507812,329.8999938964844,2.90625,0.0,4.375,4.375,1.65625,0.0,1.0,0.6875,1.03125,33.70000076293945,24.125,1.0,1.90625,2.34375,2.34375,0.0,3,3 4
1928,910.0032348632812,907.3093872070312,770.3937377929688,341.17498779296875,3.25,0.0,4.625,4.625,1.5625,0.0,1.03125,0.875,1.15625,38.09375,26.96875,1.0,2.25,2.5625,2.5625,0.0,3,3 2
1929,916.3080444335938,913.0149536132812,774.7081909179688,351.6812438964844,3.25,0.0,4.78125,4.78125,1.65625,0.0,1.03125,0.9375,1.15625,39.431251525878906,21.9375,1.0,2.25,2.625,2.625,0.0,3,3 1
1930,897.3522338867188,894.4974365234375,759.882080078125,342.76251220703125,3.1875,0.0,4.65625,4.65625,1.5625,0.0,1.03125,0.96875,1.09375,38.76250076293945,24.03125,1.0,2.1875,2.84375,2.84375,0.0,3,3 2
1931,851.6047973632812,848.6471557617188,718.9636840820312,354.7749938964844,3.0625,0.0,4.625,4.625,1.6875,0.0,0.96875,0.9375,1.03125,37.88750076293945,27.84375,1.6875,2.0625,3.25,3.25,0.0,3,3 2
1932,773.0235595703125,771.9254150390625,653.9993286132812,312.04376220703125,2.875,0.0,4.40625,4.40625,1.625,0.0,0.875,0.84375,1.0625,33.04999923706055,30.21875,2.40625,1.875,2.625,2.625,0.0,3,3 4
1933,838.4481201171875,836.1317138671875,709.2833251953125,329.54376220703125,3.03125,0.0,4.625,4.625,1.65625,0.0,0.96875,0.96875,1.03125,36.4375,29.40625,2.46875,2.03125,2.6875,2.6875,0.0,3,3 0
1934,850.739501953125,849.0587768554688,719.3895263671875,331.3687438964844,3.09375,0.0,4.625,4.625,1.53125,0.0,1.0,0.96875,1.125,37.01874923706055,33.96875,1.15625,2.09375,2.5625,2.5625,0.0,2,2 3
1935,833.9810791015625,831.1370849609375,704.834228515625,326.1312561035156,3.03125,0.0,4.5625,4.5625,1.625,0.0,0.9375,0.90625,1.09375,35.743751525878906,30.53125,1.0,2.03125,2.90625,2.90625,0.0,3,3 2
1936,883.314697265625,880.4705810546875,746.6153564453125,328.8374938964844,3.1875,0.0,4.71875,4.71875,1.6875,0.0,1.0,0.9375,1.09375,37.01874923706055,33.71875,1.0,2.1875,2.65625,2.65625,0.0,3,3 2
1937,864.5399169921875,863.0148315429688,730.0595092773438,333.4624938964844,3.15625,0.0,4.78125,4.78125,1.78125,0.0,0.96875,1.0,1.03125,36.63750076293945,33.75,1.0,2.15625,2.0625,2.0625,0.0,3,3 4
1938,988.2340698242188,986.7109375,840.5162353515625,337.9624938964844,3.4375,0.0,4.84375,4.84375,1.71875,0.0,1.0,1.0,1.125,41.92499923706055,32.25,1.0,2.4375,1.96875,1.96875,0.0,3,3 2
1939,840.3580932617188,837.1240234375,709.5335083007812,318.0874938964844,3.0625,0.0,4.65625,4.65625,1.6875,0.0,1.0,0.9375,1.03125,35.756248474121094,31.25,1.0,2.0625,1.90625,1.90625,0.0,3,3 2
1940,953.7939453125,951.8226318359375,809.2655639648438,345.32501220703125,3.34375,0.0,4.96875,4.96875,1.84375,0.0,1.0625,1.0,1.0625,38.76874923706055,35.53125,1.0,2.34375,2.0625,2.0625,0.0,2,2 3
1941,897.8250122070312,895.4596557617188,760.3545532226562,326.79998779296875,3.21875,0.0,4.6875,4.6875,1.6875,0.0,0.96875,0.96875,1.0625,37.931251525878906,33.84375,1.0,2.21875,1.84375,1.84375,0.0,3,3 4
1942,837.4133911132812,835.38818359375,708.3404541015625,318.7437438964844,3.0625,0.0,4.5,4.5,1.53125,0.0,1.0,0.90625,1.0625,36.03125,33.375,1.0,2.0625,2.59375,2.59375,0.0,3,3 4
1943,791.30517578125,787.7138671875,663.7863159179688,305.13751220703125,3.03125,0.0,4.4375,4.4375,1.46875,0.0,1.0,0.96875,1.0,31.15625,38.9375,1.0,2.03125,1.75,1.75,0.0,3,3 2
1944,771.3349609375,769.5260009765625,649.0698852539062,333.4437561035156,2.90625,0.0,4.4375,4.4375,1.5,0.0,0.96875,0.96875,1.0,33.17499923706055,33.25,1.0,1.90625,2.5,2.5,0.0,3,3 2
1945,829.386474609375,827.6867065429688,700.020751953125,326.64373779296875,3.0625,0.0,4.59375,4.59375,1.625,0.0,1.0,0.9375,1.03125,35.1875,39.0,1.0,2.0625,1.96875,1.96875,0.0,3,3 2
1946,788.1467895507812,785.4122924804688,660.8035888671875,325.4437561035156,3.0,0.0,4.625,4.625,1.6875,0.0,0.9375,1.0,1.0,32.42499923706055,39.8125,1.0,2.0,2.90625,2.90625,0.0,3,3 2
1947,792.9349975585938,792.3988647460938,669.8385009765625,316.8812561035156,2.96875,0.0,4.46875,4.46875,1.46875,0.0,1.0,0.96875,1.03125,34.1875,33.875,1.0,1.96875,2.28125,2.28125,0.0,3,3 2
1948,818.6433715820312,815.2039794921875,689.47412109375,332.7749938964844,3.03125,0.0,4.375,4.375,1.46875,0.0,0.96875,0.9375,1.0,34.881248474121094,36.78125,1.0,2.03125,2.5625,2.5625,0.0,3,3 2
1949,719.4716186523438,716.6702880859375,602.1923828125,281.82501220703125,2.875,0.0,4.09375,4.09375,1.28125,0.0,0.90625,0.9375,0.96875,29.231250762939453,40.5,1.6875,1.875,2.03125,2.03125,0.0,3,3 2
1950,805.0977172851562,803.2587890625,677.8814086914062,328.625,3.03125,0.0,4.40625,4.40625,1.46875,0.0,0.9375,0.96875,1.03125,33.381248474121094,34.625,1.0,2.03125,2.6875,2.6875,0.0,3,3 0
1951,780.4263916015625,777.9388427734375,654.3909301757812,300.5625,3.03125,0.0,4.40625,4.40625,1.40625,0.0,1.0,0.96875,1.03125,31.012500762939453,45.34375,1.0,2.03125,2.0625,2.0625,0.0,3,3 2
1952,775.72412109375,773.5863037109375,652.0432739257812,316.5062561035156,2.96875,0.0,4.3125,4.3125,1.53125,0.0,0.875,0.90625,1.0,32.11249923706055,39.21875,1.65625,1.96875,2.0625,2.0625,0.0,3,3 0
1953,824.47607421875,821.2176513671875,695.3634643554688,340.8187561035156,3.0,0.0,4.5625,4.5625,1.65625,0.0,0.9375,0.9375,1.03125,36.462501525878906,30.71875,1.65625,2.0,2.34375,2.34375,0.0,3,3 0
1954,840.1216430664062,838.5675048828125,708.8505249023438,324.91876220703125,3.125,0.0,4.4375,4.4375,1.46875,0.0,0.9375,1.0,1.03125,35.95000076293945,40.9375,1.0,2.125,2.3125,2.3125,0.0,2,2 4
1955,717.4152221679688,715.7425537109375,602.4956665039062,277.7124938964844,2.84375,0.0,4.15625,4.15625,1.4375,0.0,0.84375,0.875,1.0,29.4375,40.15625,1.0,1.84375,2.03125,2.03125,0.0,3,3 2
1956,883.88818359375,881.40185546875,747.7908325195312,345.32501220703125,3.1875,0.0,4.46875,4.46875,1.5,0.0,0.96875,0.9375,1.0625,36.63750076293945,34.78125,2.25,2.1875,2.34375,2.34375,0.0,3,3 4
1957,810.7113037109375,807.8717651367188,682.2438354492188,320.6625061035156,3.03125,0.0,4.5625,4.5625,1.59375,0.0,0.96875,0.9375,1.0625,33.51250076293945,38.5,1.53125,2.03125,2.625,2.625,0.0,3,3 2
1958,646.9423828125,644.9813842773438,541.91455078125,272.34375,2.65625,0.0,3.78125,3.78125,1.3125,0.0,0.75,0.71875,1.0,26.456249237060547,39.375,3.03125,1.65625,2.71875,2.71875,0.0,3,3 4
1959,749.7196655273438,747.1768188476562,629.8261108398438,316.20623779296875,2.875,0.0,4.25,4.25,1.4375,0.0,0.9375,0.875,1.0,32.16875076293945,35.96875,1.625,1.875,2.90625,2.90625,0.0,3,3 2
1960,763.0150146484375,761.4113159179688,642.6779174804688,304.01873779296875,2.9375,0.0,4.09375,4.09375,1.34375,0.0,0.84375,0.90625,1.0,32.125,37.875,2.34375,1.9375,3.09375,3.09375,0.0,3,3 2
1961,835.4448852539062,832.9945068359375,705.1753540039062,340.54376220703125,3.0625,0.0,4.4375,4.4375,1.53125,0.0,0.875,1.0,1.03125,35.650001525878906,33.03125,1.0,2.0625,3.78125,3.78125,0.0,3,3 2
1962,964.1636352539062,961.1184692382812,816.958984375,353.20001220703125,3.375,0.0,4.875,4.875,1.71875,0.0,1.03125,1.0,1.125,40.275001525878906,32.0,1.0,2.375,2.96875,2.96875,0.0,3,3 0
1963,906.2516479492188,904.1005859375,768.40234375,331.09375,3.21875,0.0,4.78125,4.78125,1.78125,0.0,0.9375,0.9375,1.125,37.95000076293945,31.125,1.1875,2.21875,3.34375,3.34375,0.0,3,3 2
1964,897.7442626953125,894.7825927734375,760.1347045898438,329.45001220703125,3.1875,0.0,4.8125,4.8125,1.75,0.0,1.0,1.0,1.0625,39.16875076293945,31.125,1.0,2.1875,4.0,4.0,0.0,3,3 4
1965,953.072265625,949.9368896484375,808.3238525390625,351.1499938964844,3.3125,0.0,4.875,4.875,1.75,0.0,0.96875,0.96875,1.1875,41.28125,32.3125,1.0,2.3125,4.5625,4.5625,0.0,3,3 2
1966,987.9933471679688,986.19189453125,838.5211181640625,346.91876220703125,3.4375,0.0,5.15625,5.15625,1.90625,0.0,1.03125,1.0,1.21875,40.693748474121094,32.6875,1.0,2.4375,4.59375,4.59375,0.0,2,2 3
1967,868.3239135742188,864.5598754882812,734.7409057617188,334.6625061035156,3.09375,0.0,4.53125,4.53125,1.625,0.0,0.96875,0.96875,0.96875,39.01874923706055,23.46875,1.0,2.09375,4.21875,4.21875,0.0,3,3 2
1968,837.4586181640625,836.0104370117188,709.2677001953125,319.0375061035156,3.0625,0.0,4.40625,4.40625,1.59375,0.0,0.90625,0.90625,1.0,36.337501525878906,31.90625,1.0,2.0625,4.84375,4.84375,0.0,3,3 2
1969,903.4624633789062,899.77734375,764.577880859375,335.2437438964844,3.21875,0.0,4.59375,4.59375,1.59375,0.0,0.9375,0.90625,1.15625,38.193748474121094,30.84375,1.0,2.21875,4.6875,4.6875,0.0,3,3 2
1970,911.3650512695312,909.0632934570312,773.4928588867188,333.85626220703125,3.21875,0.0,4.6875,4.6875,1.6875,0.0,0.96875,0.96875,1.0625,38.556251525878906,31.5625,1.65625,2.21875,5.0,5.0,0.0,4,4 3
1971,881.8558349609375,879.76611328125,746.6940307617188,335.33123779296875,3.15625,0.0,4.6875,4.6875,1.8125,0.0,0.9375,0.96875,0.96875,38.849998474121094,33.625,1.0,2.15625,4.75,4.75,0.0,3,3 2
1972,769.2369995117188,766.0352172851562,649.9708251953125,298.20623779296875,2.875,0.0,4.125,4.125,1.46875,0.0,0.84375,0.78125,1.03125,32.79999923706055,31.625,3.625,1.875,5.46875,5.46875,0.0,3,3 0
1973,893.4945068359375,890.0221557617188,755.2379760742188,352.29998779296875,3.15625,0.0,4.90625,4.90625,1.8125,0.0,0.96875,0.96875,1.15625,38.787498474121094,27.84375,1.0,2.15625,6.75,6.75,0.0,3,3 4
1974,867.7401123046875,865.2979736328125,733.5462646484375,338.59375,3.125,0.0,4.6875,4.6875,1.71875,0.0,0.96875,0.96875,1.03125,37.900001525878906,28.5,1.0,2.125,7.6875,7.6875,0.0,2,2 3
1975,850.7566528320312,848.2761840820312,720.2728881835938,346.65625,3.03125,0.0,4.625,4.625,1.6875,0.0,0.96875,0.9375,1.03125,38.099998474121094,29.1875,1.6875,2.03125,8.46875,8.46875,0.0,3,3 2
1976,837.20751953125,834.21630859375,705.9097900390625,322.1000061035156,3.09375,0.0,4.5,4.5,1.5,0.0,0.9375,0.9375,1.125,34.79999923706055,33.65625,1.59375,2.09375,7.03125,7.03125,0.0,3,3 4
1977,861.9213256835938,858.8297729492188,727.98291015625,331.79998779296875,3.125,0.0,4.59375,4.59375,1.5625,0.0,0.9375,0.90625,1.1875,36.84375,32.4375,1.0,2.125,7.875,7.875,0.0,3,3 2
1978,856.4814453125,854.7918701171875,723.5075073242188,332.7562561035156,3.125,0.0,4.71875,4.71875,1.71875,0.0,0.96875,1.0,1.03125,36.23125076293945,34.09375,1.0,2.125,6.90625,6.90625,0.0,2,2 3
1979,719.4155883789062,717.7380981445312,607.2315673828125,311.13751220703125,2.71875,0.0,4.21875,4.21875,1.53125,0.0,0.90625,0.8125,0.96875,32.70624923706055,29.40625,2.09375,1.71875,6.625,6.625,0.0,3,3 2
1980,705.596923828125,701.6829223632812,591.0169067382812,292.36248779296875,2.78125,0.0,3.90625,3.90625,1.4375,0.0,0.84375,0.78125,0.84375,31.168750762939453,35.8125,1.0,1.78125,5.03125,5.03125,0.0,3,3 2
1981,739.5028686523438,736.9649047851562,619.0418701171875,317.9312438964844,2.90625,0.0,4.09375,4.09375,1.40625,0.0,0.90625,0.84375,0.9375,31.049999237060547,34.6875,1.0,1.90625,4.65625,4.65625,0.0,3,3 2
1982,856.6505737304688,853.6988525390625,723.7982177734375,340.4125061035156,3.09375,0.0,4.53125,4.53125,1.625,0.0,0.96875,0.90625,1.03125,37.875,32.5,1.0,2.09375,6.0625,6.0625,0.0,3,3 2
1983,882.47998046875,881.1867065429688,748.1055908203125,345.66876220703125,3.15625,0.0,4.59375,4.59375,1.53125,0.0,0.96875,0.96875,1.125,38.11249923706055,29.96875,1.0,2.15625,6.40625,6.40625,0.0,3,3 2
1984,758.6207275390625,756.6444091796875,642.0330200195312,314.625,2.8125,0.0,4.15625,4.15625,1.5625,0.0,0.8125,0.8125,0.96875,34.056251525878906,29.15625,2.375,1.8125,7.09375,7.09375,0.0,3,3 4
1985,732.9696044921875,730.1093139648438,618.2510986328125,301.21875,2.78125,0.0,3.96875,3.96875,1.5,0.0,0.78125,0.65625,1.03125,33.943748474121094,31.46875,1.65625,1.78125,6.09375,6.09375,0.0,3,3 0
1986,804.0795288085938,801.6663208007812,680.1324462890625,322.45001220703125,2.9375,0.0,4.40625,4.40625,1.65625,0.0,0.90625,0.90625,0.9375,35.618751525878906,25.625,1.8125,1.9375,6.59375,6.59375,0.0,3,3 1
1987,801.9472045898438,799.802978515625,679.3734130859375,308.0687561035156,2.9375,0.0,4.28125,4.28125,1.5625,0.0,0.90625,0.84375,0.96875,36.256248474121094,24.53125,1.59375,1.9375,6.875,6.875,0.0,3,3 2
1988,883.2266845703125,880.44140625,747.7575073242188,336.3999938964844,3.15625,0.0,4.53125,4.53125,1.625,0.0,0.96875,0.875,1.0625,39.868751525878906,26.1875,1.0,2.15625,6.84375,6.84375,0.0,3,3 4
1989,829.470703125,827.1348876953125,702.2205810546875,326.32501220703125,3.0,0.0,4.46875,4.46875,1.59375,0.0,0.9375,0.9375,1.0,37.349998474121094,25.4375,2.25,2.0,7.1875,7.1875,0.0,0,0 3
1990,893.2979736328125,891.6512451171875,754.8792724609375,343.73748779296875,3.21875,0.0,4.9375,4.9375,1.875,0.0,0.96875,0.96875,1.125,36.931251525878906,34.4375,1.0,2.21875,6.375,6.375,0.0,3,3 2
1991,726.12353515625,723.0979614257812,613.5261840820312,293.65625,2.71875,0.0,4.25,4.25,1.53125,0.0,0.84375,0.78125,1.09375,31.674999237060547,28.0625,1.8125,1.71875,4.84375,4.84375,0.0,3,3 0
1992,950.4409790039062,948.4835205078125,806.8850708007812,356.08123779296875,3.3125,0.0,4.8125,4.8125,1.65625,0.0,1.0,0.96875,1.1875,41.21875,21.75,1.65625,2.3125,5.6875,5.6875,0.0,3,3 4
1993,826.363037109375,823.9920654296875,699.6302490234375,316.53125,3.0,0.0,4.53125,4.53125,1.625,0.0,0.90625,0.90625,1.09375,35.61249923706055,26.4375,3.0625,2.0,5.59375,5.59375,0.0,3,3 4
1994,759.8364868164062,755.7080078125,640.37646484375,297.5062561035156,2.84375,0.0,4.25,4.25,1.65625,0.0,0.84375,0.78125,0.96875,33.4375,32.875,2.3125,1.84375,5.71875,5.71875,0.0,3,3 0
1995,885.2506713867188,883.2481689453125,750.6534423828125,332.3125,3.15625,0.0,4.625,4.625,1.75,0.0,0.90625,0.96875,1.0,38.42499923706055,31.84375,1.59375,2.15625,5.75,5.75,0.0,3,3 4
1996,923.2255859375,922.6432495117188,784.1566162109375,337.3062438964844,3.25,0.0,5.0,5.0,1.875,0.0,1.0,0.96875,1.15625,39.5625,30.15625,1.0,2.25,5.71875,5.71875,0.0,3,3 4
1997,890.2886352539062,886.4591064453125,755.3822021484375,330.9375,3.125,0.0,4.53125,4.53125,1.625,0.0,0.9375,0.9375,1.03125,39.75,26.4375,1.28125,2.125,4.875,4.875,0.0,3,3 2
1998,940.3831787109375,937.8416748046875,799.39892578125,336.46875,3.28125,0.0,4.625,4.625,1.65625,0.0,0.96875,0.84375,1.15625,40.59375,27.6875,1.625,2.28125,5.0,5.0,0.0,3,3 4
1999,999.969482421875,997.9754638671875,849.0059814453125,349.7124938964844,3.46875,0.0,5.0625,5.0625,1.8125,0.0,1.0,0.9375,1.3125,41.92499923706055,27.75,1.0,2.46875,5.25,5.25,0.0,3,3 2
2000,894.8475341796875,891.9091796875,757.7163696289062,335.5249938964844,3.1875,0.0,4.65625,4.65625,1.65625,0.0,0.9375,0.90625,1.15625,38.42499923706055,26.4375,1.0,2.1875,5.25,5.25,0.0,3,3 4
2001,824.361083984375,822.1671142578125,697.4683837890625,320.9937438964844,3.0,0.0,4.5625,4.5625,1.5625,0.0,1.0,0.84375,1.15625,35.54999923706055,28.15625,1.0,2.0,6.40625,6.40625,0.0,3,3 2
2002,886.523681640625,883.1624755859375,748.2952880859375,347.0062561035156,3.1875,0.0,4.71875,4.71875,1.78125,0.0,1.0,0.90625,1.03125,37.59375,35.34375,1.0,2.1875,7.8125,7.8125,0.0,3,3 0
2003,834.1504516601562,830.8673706054688,704.2127685546875,330.8687438964844,3.03125,0.0,4.59375,4.59375,1.53125,0.0,1.0,0.9375,1.125,35.6875,26.09375,1.0,2.03125,5.0,5.0,0.0,3,3 4
2004,874.2317504882812,872.0988159179688,739.6289672851562,336.1000061035156,3.15625,0.0,4.5625,4.5625,1.6875,0.0,1.03125,0.84375,1.0,38.068748474121094,30.0,1.0,2.15625,6.0625,6.0625,0.0,3,3 4
2005,760.335693359375,758.6243896484375,640.3921508789062,312.86248779296875,2.90625,0.0,4.125,4.125,1.5,0.0,0.90625,0.8125,0.90625,33.48125076293945,34.25,1.0,1.90625,5.53125,5.53125,0.0,3,3 2
2006,820.5591430664062,818.34765625,693.9910888671875,319.3999938964844,3.0,0.0,4.46875,4.46875,1.71875,0.0,0.875,0.84375,1.03125,36.17499923706055,31.96875,1.0,2.0,7.0,7.0,0.0,3,3 1
2007,805.24072265625,801.3411254882812,678.1519775390625,312.48748779296875,3.0,0.0,4.34375,4.34375,1.5625,0.0,0.9375,0.84375,1.0,34.38750076293945,33.625,1.0,2.0,4.59375,4.59375,0.0,3,3 1
2008,788.1849365234375,786.30419921875,664.2352294921875,315.38751220703125,2.96875,0.0,4.375,4.375,1.625,0.0,0.875,0.875,1.0,33.95624923706055,35.34375,1.65625,1.96875,5.375,5.375,0.0,3,3 2
2009,719.776611328125,717.848388671875,606.93603515625,305.20623779296875,2.75,0.0,4.125,4.125,1.5,0.0,0.84375,0.75,1.03125,31.399999618530273,33.125,3.65625,1.75,4.75,4.75,0.0,3,3 4
2010,786.1375122070312,782.6241455078125,660.3984985351562,338.6875,2.9375,0.0,4.46875,4.46875,1.5625,0.0,0.9375,0.90625,1.0625,33.5625,36.46875,2.25,1.9375,6.96875,6.96875,0.0,3,3 2
2011,727.2740478515625,724.9341430664062,611.3902587890625,306.9375,2.8125,0.0,4.09375,4.09375,1.53125,0.0,0.75,0.75,1.0625,31.649999618530273,37.84375,2.0625,1.8125,6.84375,6.84375,0.0,3,3 1
2012,675.6123046875,673.7943725585938,566.0341796875,303.98126220703125,2.6875,0.0,4.09375,4.09375,1.5625,0.0,0.78125,0.78125,0.96875,29.506250381469727,37.84375,1.21875,1.6875,6.1875,6.1875,0.0,3,3 4
2013,654.452880859375,650.5096435546875,546.6177368164062,292.91876220703125,2.625,0.0,3.96875,3.96875,1.46875,0.0,0.78125,0.71875,1.0,28.450000762939453,34.0625,1.75,1.625,4.96875,4.96875,0.0,3,3 2
2014,723.0098876953125,721.2201538085938,607.095458984375,316.7749938964844,2.8125,0.0,4.125,4.125,1.5625,0.0,0.78125,0.78125,1.0,31.450000762939453,37.25,1.0,1.8125,5.59375,5.59375,0.0,3,3 2
2015,703.059326171875,701.06640625,590.6111450195312,303.29376220703125,2.75,0.0,4.0625,4.0625,1.375,0.0,0.8125,0.78125,1.09375,30.78125,32.5,1.0,1.75,4.4375,4.4375,0.0,2,2 3
2016,695.0452880859375,691.6414794921875,583.0485229492188,300.7875061035156,2.71875,0.0,3.96875,3.96875,1.46875,0.0,0.71875,0.71875,1.0625,30.506250381469727,36.0,2.96875,1.71875,4.9375,4.9375,0.0,3,3 2
2017,698.04931640625,695.1026611328125,586.5901489257812,315.70001220703125,2.6875,0.0,4.0625,4.0625,1.53125,0.0,0.6875,0.78125,1.0625,31.125,34.59375,2.96875,1.6875,5.34375,5.34375,0.0,3,3 4
2018,771.5452880859375,768.5153198242188,648.0775146484375,318.0375061035156,2.9375,0.0,4.34375,4.34375,1.625,0.0,0.84375,0.8125,1.0625,32.14374923706055,37.28125,1.6875,1.9375,4.625,4.625,0.0,3,3 2
2019,759.8395385742188,756.0546875,640.0343017578125,310.26873779296875,2.84375,0.0,4.28125,4.28125,1.46875,0.0,0.84375,0.8125,1.15625,33.025001525878906,31.53125,1.625,1.84375,3.84375,3.84375,0.0,3,3 4
2020,780.056396484375,777.0974731445312,656.5457763671875,316.45001220703125,2.9375,0.0,4.3125,4.3125,1.5,0.0,0.875,0.90625,1.03125,33.912498474121094,32.71875,1.59375,1.9375,4.15625,4.15625,0.0,3,3 1
2021,798.9719848632812,796.384765625,673.5693359375,323.9937438964844,2.96875,0.0,4.375,4.375,1.5,0.0,0.9375,0.90625,1.03125,35.712501525878906,31.625,1.0,1.96875,4.75,4.75,0.0,3,3 4
2022,800.0575561523438,797.226806640625,672.25390625,308.26251220703125,3.03125,0.0,4.53125,4.53125,1.71875,0.0,0.875,0.9375,1.0,34.01250076293945,33.46875,1.65625,2.03125,4.9375,4.9375,0.0,3,3 4
2023,863.0529174804688,859.8980712890625,731.0067138671875,310.13751220703125,3.09375,0.0,4.65625,4.65625,1.71875,0.0,0.90625,0.9375,1.09375,37.900001525878906,36.0,1.6875,2.09375,4.59375,4.59375,0.0,3,3 2
2024,890.0988159179688,888.6920776367188,753.4749755859375,327.32501220703125,3.21875,0.0,4.75,4.75,1.84375,0.0,0.9375,0.9375,1.03125,37.01874923706055,30.5,1.0,2.21875,5.96875,5.96875,0.0,3,3 0
2025,947.7640380859375,946.2127075195312,806.2827758789062,336.1187438964844,3.28125,0.0,5.03125,5.03125,1.8125,0.0,1.0625,0.9375,1.21875,39.92499923706055,23.15625,1.0,2.28125,5.5,5.5,0.0,3,3 0
2026,900.9032592773438,898.7464599609375,763.7952880859375,314.41876220703125,3.21875,0.0,4.78125,4.78125,1.71875,0.03125,0.96875,0.96875,1.09375,38.431251525878906,25.15625,1.0,2.21875,6.15625,6.15625,0.0,3,3 4
2027,942.8895263671875,941.5466918945312,799.4439086914062,350.7437438964844,3.34375,0.0,4.78125,4.78125,1.84375,0.0,0.84375,0.96875,1.125,38.90625,30.125,1.0,2.34375,7.25,7.25,0.0,3,3 2
2028,847.215087890625,845.8357543945312,717.615234375,322.0874938964844,3.0625,0.0,4.71875,4.71875,1.75,0.0,0.96875,0.96875,1.03125,36.756248474121094,30.09375,1.0,2.0625,6.8125,6.8125,0.0,4,4 2
2029,803.4929809570312,801.4959716796875,677.2891235351562,291.92498779296875,3.03125,0.0,4.59375,4.59375,1.75,0.0,0.84375,0.9375,1.0625,32.90625,36.15625,1.0,2.03125,5.90625,5.90625,0.0,2,2 4
2030,803.234130859375,802.2327270507812,680.0203857421875,312.01873779296875,2.96875,0.0,4.40625,4.40625,1.6875,0.0,0.8125,0.90625,1.0,34.993751525878906,31.65625,2.78125,1.96875,7.3125,7.3125,0.0,0,0 2
2031,839.8489379882812,838.3375244140625,710.87548828125,305.4437561035156,3.0625,0.0,4.84375,4.84375,1.84375,0.0,0.96875,0.96875,1.0625,34.38750076293945,29.375,1.0,2.0625,7.5,7.5,0.0,2,2 4
2032,902.4942016601562,900.4541015625,764.6046752929688,324.29998779296875,3.21875,0.0,4.90625,4.90625,1.8125,0.0,0.96875,1.0,1.125,37.900001525878906,32.34375,1.0,2.21875,5.96875,5.96875,0.0,2,2 0
2033,882.16455078125,880.2340087890625,746.9742431640625,317.875,3.1875,0.0,4.6875,4.6875,1.78125,0.0,0.875,0.9375,1.09375,37.45000076293945,27.65625,1.90625,2.1875,6.03125,6.03125,0.0,3,3 2
2034,926.4461059570312,922.9130859375,782.9716796875,326.1312561035156,3.3125,0.0,4.875,4.875,1.78125,0.0,1.0,0.96875,1.125,38.943748474121094,28.5,1.0,2.3125,7.21875,7.21875,0.0,3,3 2
2035,941.358642578125,940.5348510742188,800.6001586914062,333.20623779296875,3.3125,0.0,4.75,4.75,1.78125,0.0,0.90625,0.96875,1.09375,39.71875,28.78125,1.0,2.3125,5.8125,5.8125,0.0,3,3 0
2036,933.518798828125,932.0056762695312,792.41943359375,339.4750061035156,3.3125,0.0,4.65625,4.65625,1.6875,0.0,0.9375,0.9375,1.09375,38.125,28.5625,1.0,2.3125,6.5,6.5,0.0,2,2 1
2037,943.6019287109375,941.8681640625,801.8001708984375,341.88751220703125,3.3125,0.0,4.65625,4.65625,1.6875,0.0,0.9375,0.90625,1.125,40.131248474121094,28.6875,1.0,2.3125,6.3125,6.3125,0.0,4,4 1
2038,938.548583984375,937.1009521484375,798.4368286132812,334.6812438964844,3.28125,0.0,4.6875,4.6875,1.6875,0.0,0.9375,0.9375,1.125,40.931251525878906,26.1875,1.0,2.28125,5.75,5.75,0.0,3,3 4
2039,989.4691162109375,985.8280029296875,841.3092651367188,350.79998779296875,3.375,0.0,4.875,4.875,1.625,0.0,1.125,1.0,1.125,42.9375,22.53125,1.0,2.375,6.46875,6.46875,0.0,2,2 3
2040,935.9442749023438,934.6482543945312,798.5042114257812,308.70001220703125,3.25,0.0,4.75,4.75,1.71875,0.0,1.0,0.9375,1.09375,40.04999923706055,23.0625,1.125,2.25,5.46875,5.46875,0.0,0,0 3
2041,1000.2857666015625,998.4855346679688,853.7737426757812,320.90625,3.40625,0.0,5.03125,5.03125,1.8125,0.0,1.0625,1.0,1.15625,41.54999923706055,24.21875,1.0,2.40625,5.125,5.125,0.0,2,2 0
2042,1006.1140747070312,1005.0537109375,857.7882080078125,338.01251220703125,3.4375,0.0,5.0625,5.0625,1.71875,0.0,1.09375,1.0,1.25,43.0,18.8125,1.0,2.4375,5.6875,5.6875,0.0,3,3 1
2043,1026.38720703125,1024.7666015625,875.5216064453125,334.20001220703125,3.5,0.0,4.9375,4.9375,1.75,0.0,1.0625,0.96875,1.15625,43.25,24.8125,1.0,2.5,6.09375,6.09375,0.0,3,3 2
2044,975.5532836914062,971.6220703125,828.955078125,339.4937438964844,3.34375,0.0,4.9375,4.9375,1.78125,0.0,1.03125,1.0,1.125,41.693748474121094,26.125,1.0,2.34375,5.90625,5.90625,0.0,3,3 1
2045,862.1903686523438,860.6710205078125,730.7379760742188,322.78125,3.125,0.0,4.46875,4.46875,1.59375,0.0,0.90625,0.90625,1.0625,37.04999923706055,32.21875,1.0,2.125,4.8125,4.8125,0.0,4,4 3
2046,975.1607666015625,974.365234375,830.5592651367188,332.53125,3.375,0.0,4.96875,4.96875,1.90625,0.0,0.96875,0.96875,1.125,41.96875,27.9375,1.0,2.375,5.15625,5.15625,0.0,3,3 4
2047,1045.7742919921875,1044.8287353515625,891.4401245117188,349.34375,3.5625,0.0,5.15625,5.15625,1.90625,0.0,1.0625,0.96875,1.21875,42.618751525878906,29.4375,1.0,2.5625,4.6875,4.6875,0.0,0,0 3
2048,897.1262817382812,894.8768310546875,761.2201538085938,334.5687561035156,3.15625,0.0,4.84375,4.84375,1.6875,0.0,1.0625,0.96875,1.125,38.837501525878906,22.6875,1.0,2.15625,6.21875,6.21875,0.0,3,3 2
2049,993.192138671875,990.447265625,845.5400390625,351.38751220703125,3.375,0.0,4.9375,4.9375,1.71875,0.0,1.09375,0.96875,1.15625,43.54375076293945,26.78125,1.0,2.375,5.90625,5.90625,0.0,2,2 3
2050,906.72265625,903.4195556640625,769.048828125,336.4750061035156,3.1875,0.0,4.625,4.625,1.71875,0.0,0.90625,0.875,1.125,39.84375,30.03125,1.65625,2.1875,6.4375,6.4375,0.0,3,3 0
2051,916.607421875,914.142578125,776.921875,346.95623779296875,3.21875,0.0,4.875,4.875,1.90625,0.0,0.96875,0.96875,1.03125,39.91875076293945,31.375,1.0,2.21875,6.0625,6.0625,0.0,3,3 2
2052,952.9043579101562,949.2265625,808.4896240234375,372.59375,3.25,0.0,5.0,5.0,1.8125,0.0,1.03125,1.0,1.15625,42.26250076293945,27.5,1.0,2.25,7.125,7.125,0.0,3,3 2
2053,871.3828735351562,869.0872192382812,737.1904296875,340.14373779296875,3.125,0.0,4.71875,4.71875,1.71875,0.0,0.96875,0.9375,1.09375,37.58124923706055,33.21875,1.0,2.125,7.0625,7.0625,0.0,2,2 3
2054,954.2695922851562,951.5716552734375,808.1693115234375,372.85626220703125,3.3125,0.0,5.09375,5.09375,1.875,0.0,1.0625,1.0,1.15625,40.33124923706055,25.59375,1.0,2.3125,7.53125,7.53125,0.0,3,3 0
2055,940.9263305664062,938.6179809570312,797.3662109375,348.33123779296875,3.3125,0.0,4.90625,4.90625,1.875,0.0,0.96875,0.96875,1.09375,39.36249923706055,32.5625,1.0,2.3125,9.125,9.125,0.0,3,3 0
2056,900.6103515625,898.7325439453125,762.80322265625,353.76873779296875,3.1875,0.0,4.875,4.875,1.9375,0.0,0.9375,0.96875,1.03125,38.14374923706055,31.40625,1.65625,2.1875,7.5625,7.5625,0.0,4,4 3
2057,922.9796752929688,921.7003784179688,783.598876953125,346.6312561035156,3.25,0.0,4.8125,4.8125,1.875,0.0,0.9375,1.0,1.0,39.0,30.90625,1.0,2.25,8.8125,8.8125,0.0,2,2 4
2058,918.3829345703125,917.3699951171875,779.3912353515625,341.98748779296875,3.25,0.0,4.875,4.875,1.8125,0.0,1.03125,0.96875,1.0625,38.21875,29.0625,1.0,2.25,8.96875,8.96875,0.0,3,3 4
2059,931.9642944335938,928.98193359375,789.1494140625,328.8125,3.3125,0.0,4.875,4.875,1.84375,0.0,1.03125,0.96875,1.03125,37.59375,34.875,1.0,2.3125,8.40625,8.40625,0.0,3,3 2
2060,823.2835083007812,821.1650390625,697.4441528320312,310.96875,3.0,0.0,4.40625,4.40625,1.65625,0.0,0.96875,0.75,1.03125,36.375,22.65625,1.0,2.0,9.875,9.875,0.0,3,3 2
2061,1044.55810546875,1042.281005859375,889.4365234375,355.6187438964844,3.53125,0.0,5.21875,5.21875,1.9375,0.0,1.09375,1.0,1.1875,43.756248474121094,21.375,1.0,2.53125,10.375,10.375,0.0,3,3 1
2062,940.0709228515625,937.8816528320312,798.9532470703125,334.98126220703125,3.28125,0.0,4.84375,4.84375,1.8125,0.0,1.0625,0.90625,1.0625,38.84375,31.40625,1.0,2.28125,8.25,8.25,0.0,2,2 0
2063,948.6768188476562,945.4595947265625,805.288330078125,343.8999938964844,3.28125,0.0,4.9375,4.9375,1.875,0.0,1.03125,0.9375,1.09375,41.1875,26.84375,1.0,2.28125,9.875,9.875,0.0,3,3 4
2064,939.70849609375,937.6422729492188,799.67333984375,341.70001220703125,3.21875,0.0,5.0625,5.0625,1.875,0.03125,1.0625,0.96875,1.125,41.368751525878906,26.6875,1.0,2.21875,10.28125,10.28125,0.0,3,3 2
2065,989.1480102539062,987.0263671875,841.0079345703125,355.33123779296875,3.40625,0.0,4.875,4.875,1.8125,0.0,0.96875,1.0,1.09375,42.71875,24.0625,1.0,2.40625,8.6875,8.6875,0.0,2,2 3
2066,949.0740966796875,947.8776245117188,807.347900390625,345.20001220703125,3.3125,0.0,4.71875,4.71875,1.71875,0.0,0.96875,0.96875,1.0625,40.38750076293945,28.25,1.0,2.3125,8.75,8.75,0.0,4,4 3
2067,983.5338745117188,982.2883911132812,836.3682861328125,362.6875,3.40625,0.0,4.78125,4.78125,1.90625,0.0,0.875,0.9375,1.0625,42.212501525878906,30.125,1.0,2.40625,8.25,8.25,0.0,2,2 3
2068,970.5304565429688,968.9989013671875,826.4759521484375,344.6312561035156,3.34375,0.0,4.8125,4.8125,1.84375,0.0,1.0,0.90625,1.0625,42.243751525878906,28.40625,1.0,2.34375,8.25,8.25,0.0,3,3 0
2069,932.3222045898438,930.3224487304688,791.6914672851562,347.86248779296875,3.28125,0.0,4.59375,4.59375,1.6875,0.0,0.90625,0.9375,1.0625,39.16875076293945,26.15625,1.0,2.28125,7.59375,7.59375,0.0,3,3 4
2070,941.0106201171875,937.7819213867188,796.71435546875,363.5562438964844,3.28125,0.0,5.0,5.0,1.875,0.0,1.0,1.0,1.125,39.318748474121094,30.125,1.0,2.28125,9.46875,9.46875,0.0,3,3 0
2071,938.583251953125,936.5944213867188,797.2584838867188,346.51251220703125,3.28125,0.0,4.75,4.75,1.75,0.0,0.9375,0.9375,1.125,39.98749923706055,28.0625,1.0,2.28125,7.5625,7.5625,0.0,3,3 2
2072,843.56201171875,841.5567626953125,713.5516357421875,321.91876220703125,3.0625,0.0,4.71875,4.71875,1.75,0.0,0.96875,0.9375,1.0625,35.60625076293945,31.59375,1.0,2.0625,6.6875,6.6875,0.0,3,3 2
2073,931.605712890625,929.4812622070312,790.2176513671875,346.57501220703125,3.28125,0.0,4.75,4.75,1.8125,0.0,1.0,0.90625,1.03125,39.568748474121094,24.90625,1.0,2.28125,7.5625,7.5625,0.0,3,3 2
2074,848.1776733398438,847.0437622070312,719.0732421875,343.79376220703125,3.03125,0.0,4.65625,4.65625,1.8125,0.0,0.9375,0.90625,1.0,38.01874923706055,26.8125,1.0,2.03125,7.59375,7.59375,0.0,3,3 2
2075,871.5201416015625,869.1759643554688,738.7178955078125,340.84375,3.09375,0.0,4.625,4.625,1.65625,0.0,0.9375,0.90625,1.125,38.76874923706055,25.1875,1.0,2.09375,7.5,7.5,0.0,0,0 2
2076,791.6333618164062,790.2415771484375,669.96728515625,295.9937438964844,2.9375,0.0,4.46875,4.46875,1.625,0.0,0.90625,0.875,1.0625,34.58124923706055,36.0625,1.0,1.9375,6.65625,6.65625,0.0,4,4 2
2077,968.68017578125,966.3746948242188,821.9793090820312,363.8812561035156,3.34375,0.0,5.0625,5.0625,1.84375,0.0,1.0625,0.96875,1.1875,41.743751525878906,28.59375,1.0,2.34375,6.3125,6.3125,0.0,3,3 2
2078,855.2985229492188,853.3406372070312,723.5479125976562,331.83123779296875,3.09375,0.0,4.65625,4.65625,1.71875,0.0,0.96875,0.9375,1.03125,36.881248474121094,30.5625,1.0,2.09375,5.28125,5.28125,0.0,3,3 4
2079,922.5401000976562,920.7649536132812,781.888427734375,356.65625,3.25,0.0,4.90625,4.90625,1.8125,0.0,0.9375,0.9375,1.21875,38.4375,29.9375,1.0,2.25,6.3125,6.3125,0.0,3,3 0
2080,905.8134155273438,904.1779174804688,767.1448974609375,340.98748779296875,3.21875,0.0,5.03125,5.03125,1.875,0.0,1.0625,1.0,1.09375,37.0625,30.3125,1.0,2.21875,5.03125,5.03125,0.0,2,2 3
2081,1009.2028198242188,1006.8063354492188,857.2786254882812,359.63751220703125,3.46875,0.0,5.0625,5.0625,1.90625,0.0,1.125,1.0,1.03125,42.26874923706055,29.34375,1.0,2.46875,4.90625,4.90625,0.0,4,4 0
2082,895.4136962890625,893.5576171875,758.7490234375,343.45001220703125,3.1875,0.0,4.71875,4.71875,1.75,0.0,0.96875,0.96875,1.03125,38.256248474121094,29.59375,1.0,2.1875,4.5,4.5,0.0,2,2 3
2083,1011.7462158203125,1009.2230224609375,860.8689575195312,376.9750061035156,3.40625,0.0,5.21875,5.21875,1.90625,0.0,1.25,0.96875,1.09375,42.04375076293945,26.875,1.0,2.40625,6.5625,6.5625,0.0,3,3 2
2084,913.4609375,910.38671875,773.1956176757812,347.625,3.21875,0.0,4.875,4.875,1.75,0.0,1.0625,0.96875,1.09375,39.568748474121094,34.0625,1.0,2.21875,6.75,6.75,0.0,3,3 2
2085,815.9036865234375,811.9849243164062,689.6461791992188,308.0375061035156,2.96875,0.0,4.5,4.5,1.71875,0.0,0.9375,0.8125,1.03125,34.71875,29.28125,1.21875,1.96875,5.34375,5.34375,0.0,3,3 4
2086,877.6507568359375,877.1243896484375,745.60888671875,330.15625,3.125,0.0,4.71875,4.71875,1.75,0.0,1.0625,0.84375,1.0625,38.23749923706055,27.96875,1.0,2.125,6.3125,6.3125,0.0,2,2 4
2087,1026.068359375,1024.9468994140625,876.3719482421875,358.5562438964844,3.46875,0.0,4.8125,4.8125,1.75,0.03125,1.03125,0.84375,1.15625,42.83124923706055,25.03125,1.0,2.46875,5.4375,5.4375,0.0,4,4 2
2088,860.81884765625,858.8175659179688,731.562255859375,310.6812438964844,3.09375,0.0,4.25,4.25,1.5625,0.0,0.9375,0.78125,0.96875,37.6875,28.53125,1.0,2.09375,4.46875,4.46875,0.0,3,3 2
2089,884.0956420898438,881.8359375,751.2255249023438,323.36248779296875,3.125,0.0,4.53125,4.53125,1.65625,0.0,1.0,0.8125,1.0625,39.26250076293945,21.625,1.0,2.125,7.90625,7.90625,0.0,3,3 2
2090,1002.5346069335938,1000.9423828125,854.9674072265625,343.92498779296875,3.40625,0.0,4.96875,4.96875,1.75,0.0,1.09375,1.0,1.125,43.5625,22.96875,1.0,2.40625,7.21875,7.21875,0.0,3,3 0
2091,1088.53515625,1087.28125,930.6507568359375,373.5249938964844,3.59375,0.0,5.25,5.25,2.03125,0.0,1.15625,0.9375,1.125,44.537498474121094,28.625,1.0,2.59375,8.65625,8.65625,0.0,0,0 4
2092,925.06787109375,923.4415283203125,785.0414428710938,342.8187561035156,3.28125,0.0,4.5625,4.5625,1.5625,0.0,1.03125,0.96875,1.0,39.98125076293945,26.125,1.0,2.28125,7.375,7.375,0.0,3,3 2
2093,1043.3900146484375,1041.4483642578125,888.3234252929688,377.66876220703125,3.53125,0.0,5.0,5.0,1.875,0.0,1.09375,0.96875,1.0625,44.04999923706055,22.9375,1.0,2.53125,8.4375,8.4375,0.0,2,2 3
2094,895.199951171875,894.0853271484375,758.8508911132812,340.58123779296875,3.21875,0.0,4.53125,4.53125,1.5625,0.0,1.0,0.9375,1.03125,38.29375076293945,22.9375,1.0,2.21875,7.8125,7.8125,0.0,2,2 3
2095,929.071533203125,926.4113159179688,788.1671142578125,343.3687438964844,3.28125,0.0,4.5625,4.5625,1.6875,0.0,1.0,0.90625,0.96875,38.962501525878906,26.90625,1.46875,2.28125,9.6875,9.6875,0.0,3,3 0
2096,1030.6143798828125,1027.9205322265625,877.2791137695312,356.70001220703125,3.5,0.0,5.0,5.0,1.8125,0.0,1.125,0.96875,1.09375,43.368751525878906,19.59375,1.0,2.5,10.3125,10.3125,0.0,3,3 4
2097,1035.5701904296875,1032.6322021484375,880.5011596679688,361.64373779296875,3.53125,0.0,4.96875,4.96875,1.84375,0.0,1.03125,0.96875,1.125,43.67499923706055,20.40625,1.0,2.53125,9.75,9.75,0.0,3,3 4
2098,1046.1341552734375,1044.5794677734375,891.56396484375,341.01873779296875,3.59375,0.0,4.8125,4.8125,1.71875,0.03125,1.09375,0.9375,1.03125,43.20624923706055,18.6875,1.0,2.59375,9.5,9.5,0.0,2,2 3
2099,1005.1741943359375,1003.6824340820312,858.3204345703125,339.03125,3.40625,0.0,4.875,4.875,1.71875,0.0,1.15625,0.96875,1.03125,43.599998474121094,18.59375,1.0,2.40625,8.5625,8.5625,0.0,0,0 4
2100,1017.5170288085938,1015.7503051757812,867.1759643554688,335.36248779296875,3.53125,0.0,4.5,4.5,1.59375,0.0,0.96875,0.90625,1.03125,41.631248474121094,23.03125,1.0,2.53125,8.4375,8.4375,0.0,2,2 4
2101,1045.510986328125,1040.3770751953125,890.1953125,339.65625,3.53125,0.0,4.78125,4.78125,1.8125,0.0,1.03125,0.9375,1.0,43.118751525878906,18.625,1.0,2.53125,9.4375,9.4375,0.0,3,3 2
2102,1034.0584716796875,1032.1282958984375,882.1178588867188,359.73126220703125,3.5,0.0,4.84375,4.84375,1.75,0.0,1.09375,0.9375,1.0625,42.493751525878906,24.5625,1.0,2.5,9.4375,9.4375,0.0,2,2 4
2103,1070.7305908203125,1069.1468505859375,912.2633056640625,352.75,3.65625,0.0,4.96875,4.96875,1.71875,0.0,1.15625,1.0,1.09375,43.381248474121094,24.75,1.0,2.65625,10.46875,10.46875,0.0,3,3 1
2104,901.1326904296875,898.54150390625,765.2861328125,300.7749938964844,3.21875,0.0,4.53125,4.53125,1.59375,0.0,0.96875,0.9375,1.03125,38.35625076293945,19.96875,1.46875,2.21875,7.5625,7.5625,0.0,3,3 2
2105,969.3026733398438,966.4359130859375,822.6707153320312,333.13751220703125,3.40625,0.0,4.71875,4.71875,1.78125,0.0,1.0,0.9375,1.0,39.837501525878906,23.96875,1.65625,2.40625,9.78125,9.78125,0.0,3,3 2
2106,1014.8467407226562,1012.4411010742188,862.7420654296875,350.79998779296875,3.5,0.0,4.875,4.875,1.75,0.0,1.09375,1.0,1.03125,42.54999923706055,25.25,1.0,2.5,10.6875,10.6875,0.0,3,3 1
2107,970.2874755859375,967.9202880859375,823.60595703125,336.4437561035156,3.40625,0.0,4.78125,4.78125,1.71875,0.0,1.0625,1.0,1.0,40.58124923706055,28.0,1.0,2.40625,10.4375,10.4375,0.0,2,2 3
2108,922.56396484375,919.1248168945312,781.772705078125,325.73748779296875,3.25,0.0,4.9375,4.9375,1.78125,0.0,1.03125,1.0,1.125,37.86249923706055,30.6875,1.0,2.25,11.0625,11.0625,0.0,3,3 1
2109,918.4851684570312,916.6731567382812,776.9640502929688,336.95001220703125,3.3125,0.0,4.75,4.75,1.75,0.0,1.0625,0.96875,0.96875,37.42499923706055,28.9375,1.0,2.3125,12.3125,12.3125,0.0,3,3 4
2110,871.034912109375,868.4443359375,737.5064697265625,326.79998779296875,3.125,0.0,4.625,4.625,1.65625,0.0,0.96875,0.96875,1.03125,38.04375076293945,31.0,1.0,2.125,10.8125,10.8125,0.0,3,3 1
2111,926.4614868164062,924.8635864257812,785.6669311523438,341.2250061035156,3.28125,0.0,4.8125,4.8125,1.90625,0.0,0.9375,0.90625,1.0625,39.29375076293945,30.75,1.0,2.28125,9.84375,9.84375,0.0,4,4 3
2112,867.7789916992188,862.4933471679688,732.464599609375,332.8812561035156,3.09375,0.0,4.6875,4.6875,1.75,0.03125,1.0,0.9375,0.96875,37.20624923706055,29.65625,1.0,2.09375,9.5,9.5,0.0,3,3 1
2113,881.8933715820312,879.5626831054688,747.5733032226562,328.7875061035156,3.15625,0.0,4.53125,4.53125,1.65625,0.0,1.03125,0.875,0.96875,38.125,27.65625,1.0,2.15625,9.84375,9.84375,0.0,2,2 3
2114,919.02490234375,916.2327880859375,779.2706909179688,330.48748779296875,3.25,0.0,4.71875,4.71875,1.71875,0.0,1.03125,0.96875,1.0,39.23749923706055,30.0,1.0,2.25,8.0,8.0,0.0,3,3 4
2115,861.34521484375,859.97412109375,731.4801635742188,322.0062561035156,3.09375,0.0,4.4375,4.4375,1.59375,0.0,0.96875,0.84375,1.03125,37.256248474121094,28.96875,1.0,2.09375,8.125,8.125,0.0,3,3 2
2116,876.9796752929688,874.6876220703125,742.4730834960938,322.08123779296875,3.1875,0.0,4.40625,4.40625,1.53125,0.0,1.0,0.96875,0.90625,36.724998474121094,29.96875,1.0,2.1875,8.71875,8.71875,0.0,3,3 4
2117,921.3548583984375,920.6732177734375,784.1162109375,337.51251220703125,3.21875,0.0,4.84375,4.84375,1.8125,0.03125,1.0,0.9375,1.0625,39.54999923706055,24.6875,1.0,2.21875,9.84375,9.84375,0.0,0,0 4
2118,871.5486450195312,867.1018676757812,735.2637329101562,334.89373779296875,3.125,0.0,4.78125,4.78125,1.84375,0.0,1.0,0.96875,0.96875,37.32500076293945,31.34375,1.0,2.125,10.46875,10.46875,0.0,3,3 0
2119,798.2446899414062,796.68798828125,674.50830078125,314.83123779296875,2.96875,0.0,4.40625,4.40625,1.5625,0.0,0.96875,0.84375,1.03125,34.03125,27.96875,1.0,1.96875,9.0625,9.0625,0.0,3,3 0
2120,759.3123779296875,758.0809326171875,639.4252319335938,300.625,2.90625,0.0,4.46875,4.46875,1.71875,0.0,0.875,0.84375,1.03125,31.59375,33.125,1.0,1.90625,8.9375,8.9375,0.0,3,3 2
2121,783.694091796875,780.7689208984375,662.0947875976562,310.7562561035156,2.90625,0.0,4.21875,4.21875,1.5,0.0,0.96875,0.71875,1.03125,34.4375,25.9375,1.0,1.90625,8.96875,8.96875,0.0,3,3 2
2122,886.897705078125,882.4757690429688,748.0035400390625,336.4312438964844,3.21875,0.0,4.5,4.5,1.65625,0.0,0.96875,0.875,1.0,35.90625,35.21875,1.0,2.21875,12.53125,12.53125,0.0,3,3 2
2123,861.1185302734375,856.8289184570312,725.3642578125,335.3500061035156,3.125,0.0,4.6875,4.6875,1.75,0.0,0.96875,0.96875,1.0,37.20624923706055,29.75,1.0,2.125,14.46875,14.46875,0.0,3,3 4
2124,909.7598266601562,907.1266479492188,770.3369140625,353.6937561035156,3.21875,0.0,4.75,4.75,1.75,0.0,1.0,0.9375,1.0625,38.431251525878906,19.78125,1.0,2.21875,14.09375,14.09375,0.0,2,2 3
2125,1056.16455078125,1054.438232421875,898.7327270507812,378.91876220703125,3.59375,0.0,4.96875,4.96875,1.75,0.0,1.09375,1.0,1.125,44.150001525878906,25.5625,1.0,2.59375,15.21875,15.21875,0.0,2,2 3
2126,860.1366577148438,858.5001831054688,728.4313354492188,343.0,3.0625,0.0,4.875,4.875,1.78125,0.03125,1.09375,0.9375,1.03125,37.743751525878906,27.09375,1.0,2.0625,14.375,14.375,0.0,3,3 4
2127,853.5230712890625,851.6687622070312,719.8306884765625,346.78125,3.125,0.0,4.6875,4.6875,1.71875,0.0,1.0,1.0,0.96875,36.10625076293945,26.34375,1.0,2.125,14.90625,14.90625,0.0,3,3 0
2128,995.6194458007812,994.0150146484375,847.2395629882812,375.04376220703125,3.40625,0.0,4.8125,4.8125,1.65625,0.0,1.15625,0.8125,1.1875,42.837501525878906,20.46875,1.0,2.40625,18.5625,18.5625,0.0,2,2 3
2129,814.0393676757812,811.7945556640625,687.9124755859375,321.1000061035156,3.0,0.0,4.40625,4.40625,1.625,0.0,1.0,0.75,1.03125,34.45624923706055,25.46875,1.0,2.0,15.21875,15.21875,0.0,3,3 1
2130,956.3314208984375,955.5706787109375,813.6027221679688,354.9312438964844,3.3125,0.0,4.96875,4.96875,1.78125,0.0,1.15625,0.875,1.15625,40.118751525878906,23.59375,1.0,2.3125,18.21875,18.21875,0.0,2,2 1
2131,994.7176513671875,992.3224487304688,848.6569213867188,345.10626220703125,3.375,0.0,4.78125,4.78125,1.5625,0.0,1.0625,0.875,1.28125,41.86249923706055,24.0625,1.625,2.375,14.21875,14.21875,0.0,3,3 2
2132,1068.3826904296875,1067.79638671875,911.8990478515625,381.64373779296875,3.5625,0.0,5.28125,5.28125,1.8125,0.0,1.25,0.96875,1.25,44.806251525878906,26.4375,1.0,2.5625,16.625,16.625,0.0,2,2 4
2133,861.0294799804688,859.9847412109375,729.5865478515625,334.1312561035156,3.125,0.0,4.46875,4.46875,1.65625,0.0,0.9375,0.78125,1.09375,36.48125076293945,27.78125,1.0,2.125,13.15625,13.15625,0.0,3,3 2
2134,778.6829833984375,777.8087158203125,658.0730590820312,312.6812438964844,2.90625,0.0,4.53125,4.53125,1.59375,0.0,1.0625,0.8125,1.0625,32.85625076293945,26.5,1.0,1.90625,14.6875,14.6875,0.0,2,2 1
2135,749.9321899414062,748.7962646484375,633.5094604492188,330.51873779296875,2.8125,0.0,4.15625,4.15625,1.53125,0.0,0.9375,0.625,1.0625,33.39374923706055,18.1875,1.0,1.8125,15.03125,15.03125,0.0,3,3 0
2136,874.8285522460938,873.4058837890625,739.9584350585938,346.84375,3.15625,0.0,4.6875,4.6875,1.71875,0.0,1.03125,0.90625,1.03125,37.73749923706055,26.625,1.0,2.15625,19.0625,19.0625,0.0,0,0 3
2137,765.2620849609375,762.7008056640625,644.0359497070312,323.03125,2.875,0.0,4.46875,4.46875,1.625,0.0,1.0,0.78125,1.0625,32.712501525878906,30.5,1.0,1.875,17.625,17.625,0.0,3,3 4
2138,780.9624633789062,779.6205444335938,657.1649169921875,325.95623779296875,2.96875,0.0,4.375,4.375,1.625,0.0,0.875,0.875,1.0,33.16875076293945,34.71875,1.59375,1.96875,16.3125,16.3125,0.0,3,3 4
2139,812.9270629882812,812.4339599609375,685.9443359375,338.4624938964844,3.03125,0.0,4.53125,4.53125,1.53125,0.0,1.0,0.875,1.125,34.04999923706055,30.6875,1.0,2.03125,22.25,22.25,0.0,2,2 1
2140,770.0980224609375,769.3135375976562,649.6162109375,325.0874938964844,2.90625,0.0,4.375,4.375,1.71875,0.0,0.875,0.78125,1.0,32.66875076293945,30.75,1.0,1.90625,18.8125,18.8125,0.0,3,3 1
2141,730.5790405273438,728.7985229492188,613.5800170898438,307.9624938964844,2.84375,0.0,4.1875,4.1875,1.46875,0.0,0.96875,0.71875,1.03125,31.293750762939453,34.8125,1.0,1.84375,19.84375,19.84375,0.0,3,3 4
2142,911.5704345703125,909.6452026367188,772.319580078125,348.4437561035156,3.21875,0.0,4.9375,4.9375,1.78125,0.0,1.09375,0.9375,1.125,38.70000076293945,29.96875,1.0,2.21875,21.4375,21.4375,0.0,3,3 2
2143,841.4102783203125,838.9031372070312,710.0321655273438,334.9624938964844,3.0625,0.0,4.71875,4.71875,1.75,0.0,1.0,0.9375,1.03125,36.79375076293945,31.78125,1.0,2.0625,21.9375,21.9375,0.0,4,4 3
2144,856.0748901367188,854.01171875,723.7178955078125,332.0562438964844,3.09375,0.0,4.78125,4.78125,1.90625,0.0,1.0,0.9375,0.9375,36.82500076293945,33.40625,1.0,2.09375,18.53125,18.53125,0.0,3,3 2
2145,904.2645874023438,902.8795166015625,767.59619140625,344.11248779296875,3.1875,0.0,4.84375,4.84375,1.78125,0.0,1.0625,0.90625,1.09375,37.931251525878906,25.4375,1.0,2.1875,16.5625,16.5625,0.0,0,0 3
2146,1046.6329345703125,1043.8389892578125,890.94482421875,379.54998779296875,3.5,0.0,5.25,5.25,2.03125,0.0,1.0625,1.0,1.15625,43.98125076293945,27.96875,1.0,2.5,18.09375,18.09375,0.0,2,2 3
2147,913.48681640625,911.6558837890625,777.11328125,340.625,3.15625,0.0,4.90625,4.90625,1.8125,0.0,1.0,0.9375,1.15625,40.6875,24.78125,1.0,2.15625,18.3125,18.3125,0.0,4,4 0
2148,919.8211669921875,917.3760986328125,779.5087890625,347.7124938964844,3.25,0.0,4.71875,4.71875,1.65625,0.0,1.03125,0.9375,1.09375,39.48125076293945,25.5625,1.0,2.25,16.8125,16.8125,0.0,3,3 0
2149,919.432861328125,916.2779541015625,777.7137451171875,348.7875061035156,3.25,0.0,4.9375,4.9375,1.84375,0.0,1.0,0.9375,1.15625,38.193748474121094,31.15625,1.0,2.25,18.75,18.75,0.0,3,3 4
2150,874.3563842773438,871.3357543945312,740.4390869140625,341.28125,3.09375,0.0,4.75,4.75,1.78125,0.0,0.96875,0.875,1.125,38.306251525878906,27.46875,1.0,2.09375,19.5625,19.5625,0.0,3,3 1
2151,926.6903686523438,926.0110473632812,786.7388916015625,339.3125,3.28125,0.0,4.84375,4.84375,1.875,0.0,0.9375,0.96875,1.0625,39.54999923706055,30.78125,1.0,2.28125,18.84375,18.84375,0.0,2,2 1
2152,981.0020751953125,979.8055419921875,835.9840698242188,348.73126220703125,3.34375,0.0,5.09375,5.09375,1.75,0.0,1.03125,0.96875,1.34375,42.068748474121094,27.875,1.0,2.34375,16.09375,16.09375,0.0,3,3 1
2153,1000.987060546875,999.4304809570312,853.3636474609375,340.1937561035156,3.40625,0.0,5.09375,5.09375,1.75,0.0,1.125,0.96875,1.25,42.33124923706055,23.90625,1.0,2.40625,17.90625,17.90625,0.0,2,2 4
2154,1048.4415283203125,1046.297607421875,893.26708984375,348.0375061035156,3.5625,0.0,5.09375,5.09375,1.8125,0.0,1.09375,0.9375,1.25,42.381248474121094,26.3125,1.0,2.5625,18.5625,18.5625,0.0,3,3 4
2155,978.0693359375,975.7857666015625,830.6470947265625,338.14373779296875,3.375,0.0,5.3125,5.3125,1.90625,0.0,1.125,0.9375,1.34375,40.17499923706055,28.4375,1.0,2.375,17.5625,17.5625,0.0,3,3 2
2156,888.4860229492188,887.5997924804688,754.5634155273438,324.2749938964844,3.15625,0.0,4.84375,4.84375,1.75,0.0,1.0625,0.84375,1.1875,38.25,23.59375,1.0,2.15625,16.25,16.25,0.0,3,3 1
2157,924.7373657226562,922.1834716796875,785.7352294921875,333.23748779296875,3.21875,0.0,4.90625,4.90625,1.78125,0.0,1.09375,0.84375,1.1875,38.743751525878906,25.90625,1.0,2.21875,15.75,15.75,0.0,2,2 3
2158,813.2308349609375,811.1647338867188,686.3170776367188,318.0687561035156,3.0,0.0,4.65625,4.65625,1.75,0.0,0.9375,0.84375,1.125,35.10625076293945,26.96875,1.0,2.0,16.96875,16.96875,0.0,1,1 3
2159,809.3513793945312,805.735107421875,681.0233154296875,319.5375061035156,3.0,0.0,4.65625,4.65625,1.75,0.0,0.96875,0.875,1.0625,33.943748474121094,31.21875,1.625,2.0,17.34375,17.34375,0.0,3,3 4
2160,929.1231079101562,927.31396484375,788.7952880859375,363.61248779296875,3.21875,0.0,5.0,5.0,1.84375,0.0,1.125,0.8125,1.21875,39.724998474121094,26.375,1.0,2.21875,18.3125,18.3125,0.0,3,3 2
2161,810.952880859375,808.2857666015625,684.8189697265625,348.36248779296875,2.9375,0.0,4.5625,4.5625,1.6875,0.0,1.0,0.71875,1.15625,35.6875,24.15625,1.0,1.9375,14.375,14.375,0.0,3,3 2
2162,845.2774047851562,843.0988159179688,714.7723999023438,338.04376220703125,3.03125,0.0,4.90625,4.90625,1.875,0.0,1.0,0.90625,1.125,36.037498474121094,27.09375,1.0,2.03125,14.40625,14.40625,0.0,2,2 3
2163,880.9345092773438,879.5206298828125,744.6594848632812,343.88751220703125,3.1875,0.0,4.78125,4.78125,1.71875,0.0,1.0,0.875,1.1875,37.037498474121094,30.6875,1.0,2.1875,13.21875,13.21875,0.0,3,3 4
2164,852.6129760742188,850.1272583007812,720.2771606445312,318.20001220703125,3.09375,0.0,4.875,4.875,1.78125,0.0,1.0625,0.875,1.15625,36.125,31.46875,1.0,2.09375,12.6875,12.6875,0.0,3,3 4
2165,963.9522705078125,962.4069213867188,818.13818359375,354.58123779296875,3.34375,0.0,5.25,5.25,1.9375,0.0,1.09375,0.9375,1.28125,39.45624923706055,34.125,1.0,2.34375,13.09375,13.09375,0.0,3,3 4
2166,906.3912353515625,902.8967895507812,766.3135986328125,339.11248779296875,3.21875,0.0,4.875,4.875,1.78125,0.0,1.0625,0.90625,1.125,38.556251525878906,26.46875,1.0,2.21875,14.96875,14.96875,0.0,3,3 0
2167,904.7792358398438,903.6331787109375,769.4974365234375,331.10626220703125,3.15625,0.0,5.03125,5.03125,1.90625,0.0,1.03125,0.90625,1.1875,38.29375076293945,23.59375,1.625,2.15625,11.4375,11.4375,0.0,3,3 4
2168,950.9503173828125,947.9945068359375,807.1190185546875,360.8374938964844,3.25,0.0,5.21875,5.21875,1.875,0.0,1.09375,0.9375,1.3125,41.4375,26.75,1.0,2.25,14.0,14.0,0.0,3,3 2
2169,918.1610717773438,916.6519775390625,778.1300048828125,337.3125,3.25,0.0,5.0625,5.0625,1.84375,0.0,1.03125,0.96875,1.21875,38.368751525878906,31.03125,1.0,2.25,11.59375,11.59375,0.0,4,4 3
2170,882.9426879882812,880.6364135742188,747.150634765625,338.7124938964844,3.15625,0.0,4.8125,4.8125,1.84375,0.0,1.0,0.90625,1.0625,37.431251525878906,28.375,1.625,2.15625,12.46875,12.46875,0.0,3,3 0
2171,964.097900390625,962.2857666015625,818.7857055664062,354.96875,3.3125,0.0,5.3125,5.3125,1.96875,0.0,1.125,0.96875,1.25,40.98125076293945,22.25,1.0,2.3125,15.5,15.5,0.0,3,3 1
2172,899.4795532226562,898.2985229492188,763.3112182617188,330.8062438964844,3.1875,0.0,4.9375,4.9375,1.84375,0.0,1.09375,0.90625,1.09375,37.900001525878906,26.75,1.0,2.1875,15.4375,15.4375,0.0,3,3 0
2173,957.7093505859375,955.8103637695312,813.8224487304688,341.04998779296875,3.3125,0.0,5.15625,5.15625,1.8125,0.0,1.09375,1.0,1.25,39.91875076293945,25.78125,1.0,2.3125,16.0625,16.0625,0.0,3,3 0
2174,1002.3505859375,1000.8767700195312,852.6724853515625,366.75,3.40625,0.0,5.28125,5.28125,1.875,0.0,1.0625,0.96875,1.375,42.662498474121094,22.59375,1.0,2.40625,16.90625,16.90625,0.0,3,3 4
2175,908.0482788085938,904.2302856445312,766.859375,336.48748779296875,3.21875,0.0,5.09375,5.09375,1.90625,0.0,1.03125,0.96875,1.1875,38.79999923706055,25.84375,1.0,2.21875,15.125,15.125,0.0,3,3 2
2176,895.314453125,893.12158203125,759.3533935546875,329.0249938964844,3.15625,0.0,4.96875,4.96875,1.84375,0.0,1.03125,0.90625,1.1875,38.21875,31.78125,1.0,2.15625,15.375,15.375,0.0,3,3 1
2177,904.791015625,902.5474853515625,766.9822387695312,327.1937561035156,3.21875,0.0,4.84375,4.84375,1.8125,0.0,0.96875,0.9375,1.125,36.90625,32.90625,1.0,2.21875,14.0,14.0,0.0,3,3 2
2178,845.379150390625,842.5309448242188,712.2964477539062,308.6000061035156,3.125,0.0,4.8125,4.8125,1.71875,0.0,1.03125,0.96875,1.09375,35.025001525878906,31.53125,1.0,2.125,11.65625,11.65625,0.0,3,3 4
2179,892.4844360351562,889.9230346679688,755.5567016601562,314.8687438964844,3.1875,0.0,5.03125,5.03125,1.90625,0.0,1.0625,0.9375,1.125,36.79375076293945,30.625,1.0,2.1875,10.4375,10.4375,0.0,3,3 4
2180,932.617431640625,930.95947265625,791.9088745117188,331.13751220703125,3.28125,0.0,4.9375,4.9375,1.875,0.0,1.03125,0.90625,1.125,38.506248474121094,29.90625,1.0,2.28125,11.53125,11.53125,0.0,3,3 2
2181,851.0214233398438,848.9684448242188,720.6185913085938,302.65625,3.09375,0.0,4.6875,4.6875,1.71875,0.0,1.03125,0.875,1.0625,36.275001525878906,34.3125,1.0,2.09375,10.375,10.375,0.0,3,3 2
2182,885.797607421875,884.7900390625,750.0556640625,328.8062438964844,3.1875,0.0,4.9375,4.9375,1.90625,0.0,0.9375,0.96875,1.125,37.04999923706055,35.40625,1.0,2.1875,11.53125,11.53125,0.0,3,3 4
2183,964.9791259765625,962.9269409179688,818.2449340820312,358.36248779296875,3.34375,0.0,5.34375,5.34375,1.875,0.0,1.21875,0.9375,1.3125,38.618751525878906,31.78125,1.0,2.34375,14.09375,14.09375,0.0,0,0 3
2184,869.1026611328125,865.6614379882812,735.1661376953125,323.8812561035156,3.09375,0.0,4.90625,4.90625,1.84375,0.0,1.03125,0.96875,1.0625,37.4375,29.6875,1.0,2.09375,10.65625,10.65625,0.0,3,3 0
2185,930.35791015625,926.9879150390625,786.9686889648438,338.57501220703125,3.28125,0.0,5.09375,5.09375,1.90625,0.0,1.0625,1.0,1.125,38.349998474121094,32.875,1.0,2.28125,10.78125,10.78125,0.0,3,3 1
2186,888.2098388671875,886.1363525390625,750.543701171875,327.16876220703125,3.21875,0.0,4.9375,4.9375,1.8125,0.03125,1.03125,0.84375,1.21875,34.98125076293945,33.0,1.0,2.21875,10.6875,10.6875,0.0,4,4 2
2187,844.9312133789062,842.2511596679688,714.110107421875,320.2250061035156,3.0625,0.0,4.78125,4.78125,1.71875,0.0,1.0,0.875,1.1875,35.443748474121094,28.625,1.0,2.0625,8.875,8.875,0.0,3,3 4
2188,867.4768676757812,865.9251708984375,735.3016967773438,309.0,3.125,0.0,4.8125,4.8125,1.75,0.0,1.03125,0.9375,1.09375,37.07500076293945,31.96875,1.0,2.125,10.3125,10.3125,0.0,4,4 0
2189,803.8934326171875,801.76904296875,678.6365966796875,305.7562561035156,2.96875,0.0,4.75,4.75,1.75,0.0,1.0,0.9375,1.0625,34.20624923706055,32.40625,1.0,1.96875,11.34375,11.34375,0.0,3,3 1
2190,963.5440673828125,961.1201171875,818.2132568359375,354.0,3.3125,0.0,5.25,5.25,1.9375,0.0,1.125,0.96875,1.21875,39.34375,31.84375,1.0,2.3125,13.71875,13.71875,0.0,2,2 3
2191,915.9738159179688,914.5012817382812,776.8401489257812,345.66876220703125,3.21875,0.0,5.0625,5.0625,1.90625,0.0,1.0625,1.0,1.09375,38.556251525878906,31.9375,1.0,2.21875,13.21875,13.21875,0.0,2,2 3
2192,796.1961669921875,794.26220703125,671.9447021484375,316.6312561035156,2.9375,0.0,4.71875,4.71875,1.75,0.0,0.96875,0.9375,1.0625,34.64374923706055,31.84375,1.0,1.9375,9.96875,9.96875,0.0,2,2 1
2193,830.054443359375,828.6159057617188,699.9114990234375,324.61248779296875,3.0625,0.0,4.96875,4.96875,1.8125,0.03125,1.0625,0.96875,1.09375,33.1875,36.78125,1.0,2.0625,10.8125,10.8125,0.0,4,4 3
2194,787.6244506835938,785.7677001953125,662.87939453125,338.4937438964844,2.9375,0.0,4.65625,4.65625,1.6875,0.0,1.0,0.9375,1.03125,33.131248474121094,31.84375,1.0,1.9375,10.90625,10.90625,0.0,3,3 2
2195,836.6234741210938,833.8045654296875,704.6792602539062,337.76873779296875,3.0625,0.0,4.8125,4.8125,1.8125,0.0,0.96875,1.0,1.03125,35.34375,34.28125,1.0,2.0625,11.71875,11.71875,0.0,3,3 4
2196,822.9508056640625,818.0779418945312,692.6756591796875,314.5687561035156,3.0,0.0,4.84375,4.84375,1.8125,0.0,1.0,0.9375,1.09375,34.993751525878906,32.875,1.0,2.0,11.6875,11.6875,0.0,3,3 2
2197,829.886962890625,827.2166748046875,699.6832885742188,354.34375,3.03125,0.0,4.53125,4.53125,1.65625,0.0,0.9375,0.84375,1.09375,35.4375,30.71875,1.0,2.03125,13.9375,13.9375,0.0,3,3 2
2198,895.576171875,892.810546875,756.0748291015625,349.51873779296875,3.21875,0.0,4.875,4.875,1.90625,0.0,0.96875,0.9375,1.0625,36.51250076293945,39.5,1.0,2.21875,13.09375,13.09375,0.0,2,2 3
2199,747.720703125,744.5783081054688,627.30712890625,312.01251220703125,2.84375,0.0,4.625,4.625,1.75,0.03125,0.96875,0.84375,1.03125,31.850000381469727,35.875,1.0,1.84375,11.5,11.5,0.0,3,3 2
2200,839.7446899414062,838.4064331054688,708.8886108398438,321.8812561035156,3.125,0.0,4.4375,4.4375,1.53125,0.0,0.90625,0.90625,1.09375,35.6875,38.78125,1.0,2.125,12.46875,12.46875,0.0,3,3 0
2201,823.4019775390625,821.30810546875,695.2132568359375,331.01251220703125,3.0,0.0,4.78125,4.78125,1.78125,0.0,1.0,0.9375,1.0625,35.662498474121094,30.46875,1.0,2.0,16.3125,16.3125,0.0,2,2 3
2202,866.7640380859375,863.4932861328125,731.6151733398438,336.82501220703125,3.15625,0.0,4.5,4.5,1.75,0.0,0.84375,0.875,1.03125,35.96875,35.6875,1.0,2.15625,14.375,14.375,0.0,3,3 4
2203,761.1946411132812,758.7735595703125,638.948974609375,324.45623779296875,2.90625,0.0,4.4375,4.4375,1.75,0.0,0.84375,0.84375,1.0,32.162498474121094,37.96875,1.125,1.90625,13.71875,13.71875,0.0,3,3 0
2204,844.2976684570312,839.8776245117188,710.01318359375,341.84375,3.09375,0.0,4.59375,4.59375,1.71875,0.0,0.90625,0.9375,1.03125,35.88750076293945,40.9375,1.0,2.09375,15.28125,15.28125,0.0,3,3 4
2205,814.9742431640625,813.5245361328125,684.4329223632812,337.54998779296875,3.09375,0.0,4.5625,4.5625,1.71875,0.0,0.875,0.96875,1.0,33.48125076293945,37.28125,1.0,2.09375,15.4375,15.4375,0.0,2,2 0
2206,824.988525390625,822.5111083984375,694.7276611328125,337.3062438964844,3.0625,0.0,4.5,4.5,1.59375,0.0,0.875,1.0,1.03125,34.962501525878906,36.9375,1.0,2.0625,15.9375,15.9375,0.0,3,3 1
2207,834.7988891601562,832.5040283203125,702.8112182617188,345.8187561035156,3.09375,0.0,4.53125,4.53125,1.625,0.0,0.90625,0.96875,1.03125,35.21875,38.3125,1.0,2.09375,17.03125,17.03125,0.0,3,3 2
2208,926.6786499023438,922.5524291992188,782.984130859375,364.9312438964844,3.25,0.0,4.9375,4.9375,1.78125,0.0,1.09375,1.0,1.0625,39.287498474121094,31.28125,1.0,2.25,18.0,18.0,0.0,3,3 2
2209,883.9904174804688,881.0285034179688,746.0459594726562,355.32501220703125,3.1875,0.0,4.65625,4.65625,1.75,0.0,0.90625,0.9375,1.0625,37.3125,32.0,1.0,2.1875,19.34375,19.34375,0.0,2,2 3
2210,856.8922729492188,855.3606567382812,724.1740112304688,340.125,3.125,0.0,4.59375,4.59375,1.6875,0.0,0.9375,0.9375,1.03125,36.41875076293945,34.0,1.65625,2.125,16.90625,16.90625,0.0,3,3 2
2211,901.635009765625,899.5504760742188,762.35693359375,359.3812561035156,3.21875,0.0,4.78125,4.78125,1.78125,0.0625,1.0,0.90625,1.03125,38.400001525878906,31.375,1.0,2.21875,14.90625,14.90625,0.0,3,3 2
2212,864.7120971679688,862.658203125,730.9093627929688,334.3687438964844,3.125,0.0,4.75,4.75,1.78125,0.0,0.96875,0.9375,1.0625,37.66875076293945,28.0625,1.0,2.125,17.09375,17.09375,0.0,3,3 2
2213,776.2427978515625,774.1590576171875,652.7640380859375,322.5062561035156,2.9375,0.0,4.4375,4.4375,1.6875,0.0,0.875,0.84375,1.03125,34.13750076293945,34.96875,1.0,1.9375,15.0,15.0,0.0,3,3 2
2214,883.4732055664062,880.0074462890625,745.6854248046875,355.3687438964844,3.15625,0.0,4.8125,4.8125,1.875,0.0,0.9375,0.96875,1.03125,37.45000076293945,32.09375,1.0,2.15625,15.375,15.375,0.0,3,3 2
2215,924.9203491210938,923.79345703125,785.1646728515625,341.8374938964844,3.25,0.0,5.0,5.0,1.9375,0.0,1.0625,1.0,1.0,39.09375,32.375,1.0,2.25,13.78125,13.78125,0.0,3,3 4
2216,970.9000854492188,968.5482177734375,823.6473388671875,361.0,3.375,0.0,4.96875,4.96875,1.90625,0.0,1.0,1.0,1.0625,40.14374923706055,31.34375,1.0,2.375,17.75,17.75,0.0,2,2 0
2217,911.1416625976562,909.2926635742188,772.9598388671875,347.0,3.1875,0.0,5.03125,5.03125,1.90625,0.0,1.09375,0.96875,1.0625,38.79375076293945,28.90625,1.0,2.1875,16.59375,16.59375,0.0,3,3 2
2218,915.6947021484375,913.2877807617188,776.5423583984375,343.57501220703125,3.21875,0.0,4.8125,4.8125,1.875,0.0,0.9375,0.96875,1.03125,39.60625076293945,32.90625,1.0,2.21875,16.875,16.875,0.0,3,3 4
2219,924.2703247070312,922.6571044921875,784.3126831054688,340.13751220703125,3.25,0.0,4.96875,4.96875,1.8125,0.0,1.0625,0.96875,1.125,38.681251525878906,32.59375,1.0,2.25,16.96875,16.96875,0.0,3,3 2
2220,931.809814453125,930.8984375,789.9752807617188,363.6625061035156,3.28125,0.0,4.9375,4.9375,1.875,0.0,1.0,0.96875,1.09375,39.875,26.09375,1.0,2.28125,16.5625,16.5625,0.0,3,3 4
2221,956.7892456054688,955.2086791992188,811.0192260742188,380.51873779296875,3.3125,0.0,5.09375,5.09375,1.9375,0.03125,1.09375,1.0,1.03125,42.57500076293945,24.125,1.0,2.3125,18.96875,18.96875,0.0,3,3 2
2222,915.20556640625,911.701171875,774.6807250976562,365.6625061035156,3.1875,0.0,4.9375,4.9375,1.8125,0.0,1.0625,0.9375,1.125,39.51250076293945,26.3125,1.0,2.1875,23.03125,23.03125,0.0,3,3 4
2223,819.0631103515625,816.8167724609375,691.7898559570312,339.7124938964844,2.96875,0.0,4.71875,4.71875,1.6875,0.0,1.03125,0.96875,1.03125,35.993751525878906,25.65625,1.0,1.96875,17.90625,17.90625,0.0,3,3 0
2224,929.5735473632812,925.9050903320312,784.9080200195312,358.66876220703125,3.28125,0.0,5.125,5.125,1.84375,0.0,1.15625,0.96875,1.15625,37.506248474121094,33.21875,1.0,2.28125,20.875,20.875,0.0,3,3 0
2225,958.5765380859375,955.85107421875,812.1172485351562,381.9375,3.3125,0.0,5.0625,5.0625,1.84375,0.03125,1.0625,1.0,1.125,40.34375,29.25,1.0,2.3125,23.3125,23.3125,0.0,3,3 2
2226,873.0560302734375,871.21484375,736.2113037109375,367.51251220703125,3.15625,0.0,4.84375,4.84375,1.78125,0.0,1.0625,0.9375,1.0625,37.16875076293945,34.25,1.0,2.15625,22.9375,22.9375,0.0,3,3 2
2227,919.484619140625,916.43017578125,776.8195190429688,391.8687438964844,3.21875,0.0,4.9375,4.9375,1.875,0.0,1.0,1.0,1.0625,39.33124923706055,28.0,1.0,2.21875,22.84375,22.84375,0.0,3,3 2
2228,723.8131103515625,720.4149169921875,609.2005615234375,324.83123779296875,2.6875,0.0,4.5625,4.5625,1.625,0.0,0.9375,0.9375,1.0625,32.48749923706055,28.71875,1.0,1.6875,19.65625,19.65625,0.0,2,2 3
2229,893.3748168945312,891.3873291015625,756.8372192382812,370.51251220703125,3.125,0.0,4.9375,4.9375,1.75,0.0,1.09375,0.96875,1.125,39.025001525878906,26.5,1.0,2.125,21.03125,21.03125,0.0,2,2 3
2230,902.3038330078125,899.66064453125,762.9772338867188,365.1625061035156,3.1875,0.0,4.84375,4.84375,1.84375,0.0,1.0,0.96875,1.03125,39.86249923706055,32.75,1.0,2.1875,23.09375,23.09375,0.0,3,3 4
2231,973.096923828125,970.8250122070312,827.3714599609375,372.0562438964844,3.3125,0.0,5.09375,5.09375,1.8125,0.0,1.15625,0.9375,1.1875,40.837501525878906,26.21875,1.0,2.3125,20.96875,20.96875,0.0,2,2 3
2232,935.510009765625,932.56787109375,790.646484375,376.70001220703125,3.3125,0.0,4.71875,4.71875,1.71875,0.0,1.03125,0.875,1.09375,39.368751525878906,26.59375,1.0,2.3125,21.03125,21.03125,0.0,2,2 3
2233,892.6348876953125,890.3096923828125,757.3679809570312,359.21875,3.09375,0.0,4.90625,4.90625,1.75,0.0625,1.0625,0.90625,1.125,41.212501525878906,25.0,1.0,2.09375,20.21875,20.21875,0.0,3,3 1
2234,845.2257080078125,842.6300659179688,713.7998046875,346.66876220703125,3.0625,0.0,4.59375,4.59375,1.6875,0.0,0.96875,0.84375,1.09375,36.09375,30.625,1.0,2.0625,16.9375,16.9375,0.0,3,3 4
2235,799.4058837890625,795.6150512695312,671.9915161132812,352.66876220703125,2.9375,0.0,4.53125,4.53125,1.71875,0.03125,0.90625,0.90625,0.96875,36.056251525878906,35.125,1.59375,1.9375,21.84375,21.84375,0.0,3,3 2
2236,838.9342041015625,836.2733154296875,707.0048828125,359.1499938964844,3.0625,0.0,4.53125,4.53125,1.6875,0.0,0.875,0.9375,1.03125,36.45000076293945,30.34375,1.0,2.0625,19.09375,19.09375,0.0,3,3 4
2237,780.5348510742188,775.8518676757812,655.72705078125,353.9312438964844,2.875,0.0,4.3125,4.3125,1.65625,0.0,0.8125,0.8125,1.03125,35.712501525878906,31.03125,1.21875,1.875,20.15625,20.15625,0.0,3,3 2
2238,860.3776245117188,856.1691284179688,724.916015625,369.38751220703125,3.0625,0.0,4.84375,4.84375,1.71875,0.0,1.0625,0.9375,1.125,37.6875,25.84375,1.0,2.0625,18.40625,18.40625,0.0,3,3 2
2239,866.12255859375,863.1708984375,729.0353393554688,372.7124938964844,3.125,0.0,4.875,4.875,1.875,0.03125,1.03125,0.96875,0.96875,37.5,32.15625,1.0,2.125,20.625,20.625,0.0,3,3 2
2240,840.34033203125,837.16796875,706.4549560546875,374.0874938964844,3.09375,0.0,4.375,4.375,1.59375,0.0,0.84375,0.90625,1.03125,36.506248474121094,27.5625,1.0,2.09375,17.6875,17.6875,0.0,3,3 2
2241,834.1332397460938,832.630859375,705.5989990234375,351.21875,3.0,0.0,4.71875,4.71875,1.75,0.0,0.9375,0.9375,1.09375,36.64374923706055,29.65625,1.03125,2.0,17.84375,17.84375,0.0,3,3 2
2242,882.7866821289062,878.8575439453125,746.9710083007812,356.875,3.125,0.0,4.5,4.5,1.65625,0.0625,0.96875,0.78125,1.03125,37.73749923706055,24.6875,1.21875,2.125,16.625,16.625,0.0,3,3 2
2243,897.86767578125,895.5847778320312,761.1150512695312,356.29998779296875,3.15625,0.0,4.8125,4.8125,1.84375,0.03125,0.96875,0.875,1.09375,38.01250076293945,22.46875,1.0,2.15625,15.625,15.625,0.0,3,3 2
2244,1031.5316162109375,1029.7816162109375,877.9892578125,388.54376220703125,3.46875,0.0,5.125,5.125,1.9375,0.03125,1.0625,0.9375,1.15625,45.431251525878906,25.21875,1.0,2.46875,19.3125,19.3125,0.0,3,3 2
2245,1097.68798828125,1095.976318359375,935.75830078125,402.8999938964844,3.625,0.0,5.4375,5.4375,2.0625,0.03125,1.15625,0.96875,1.21875,44.849998474121094,24.96875,1.65625,2.625,21.1875,21.1875,0.0,3,3 2
2246,997.4407348632812,995.3816528320312,848.6365966796875,375.82501220703125,3.40625,0.0,4.875,4.875,1.875,0.0,1.03125,0.875,1.09375,41.0625,24.59375,1.0,2.40625,18.90625,18.90625,0.0,4,4 3
2247,1104.7332763671875,1101.045166015625,939.2247314453125,392.83123779296875,3.6875,0.0,5.3125,5.3125,2.0,0.0,1.1875,1.0,1.125,44.743751525878906,24.09375,1.0,2.6875,17.875,17.875,0.0,3,3 2
2248,1002.1972045898438,1000.1129760742188,851.96630859375,380.9312438964844,3.40625,0.0,5.15625,5.15625,1.9375,0.0,1.09375,1.0,1.125,41.181251525878906,27.90625,1.0,2.40625,16.5,16.5,0.0,3,3 2
2249,1070.0113525390625,1066.9012451171875,910.76708984375,388.65625,3.5625,0.0,5.25,5.25,2.03125,0.03125,1.0625,1.0,1.125,44.868751525878906,23.71875,1.0,2.5625,18.90625,18.90625,0.0,2,2 0
2250,1168.1883544921875,1166.3228759765625,997.2843627929688,408.5249938964844,3.8125,0.0,5.5625,5.5625,2.0625,0.0625,1.15625,1.0,1.28125,45.76250076293945,29.59375,1.0,2.8125,21.8125,21.8125,0.0,3,3 0
2251,1011.8367309570312,1009.4591064453125,859.9118041992188,358.2250061035156,3.46875,0.0,5.09375,5.09375,2.0,0.0,1.03125,1.0,1.0625,42.07500076293945,31.59375,1.0,2.46875,17.6875,17.6875,0.0,2,2 3
2252,1006.3435668945312,1005.6953125,857.5081787109375,369.4750061035156,3.40625,0.0,5.1875,5.1875,1.9375,0.0,1.125,0.96875,1.15625,43.89374923706055,24.96875,1.0,2.40625,18.71875,18.71875,0.0,2,2 3
2253,1096.4505615234375,1094.0457763671875,935.7457275390625,372.85626220703125,3.625,0.0,5.3125,5.3125,1.96875,0.03125,1.1875,0.9375,1.1875,45.318748474121094,29.5,1.0,2.625,21.375,21.375,0.0,3,3 1
2254,962.0914916992188,960.52001953125,816.0070190429688,343.48748779296875,3.375,0.0,5.125,5.125,1.875,0.03125,1.09375,0.9375,1.1875,39.381248474121094,29.34375,1.0,2.375,17.125,17.125,0.0,2,2 4
2255,1032.962646484375,1031.3980712890625,876.92041015625,381.25,3.53125,0.0,5.34375,5.34375,2.0,0.0625,1.0625,1.0,1.21875,42.931251525878906,18.3125,1.0,2.53125,18.3125,18.3125,0.0,2,2 3
2256,1026.4794921875,1025.078857421875,873.5377807617188,358.9624938964844,3.5,0.0,5.3125,5.3125,2.0625,0.0,1.03125,0.9375,1.28125,40.79375076293945,33.78125,1.0,2.5,20.46875,20.46875,0.0,3,3 1
2257,1081.4193115234375,1077.9595947265625,919.3992919921875,377.53125,3.625,0.0,5.4375,5.4375,2.03125,0.0,1.125,1.0,1.28125,42.6875,25.09375,1.0,2.625,21.625,21.625,0.0,3,3 2
2258,1042.8614501953125,1041.9222412109375,889.0880126953125,364.0562438964844,3.53125,0.0,5.1875,5.1875,2.03125,0.03125,1.0625,0.90625,1.15625,42.04999923706055,29.0,1.0,2.53125,20.71875,20.71875,0.0,3,3 4
2259,1078.1129150390625,1075.47216796875,917.7810668945312,371.20623779296875,3.625,0.0,5.28125,5.28125,1.875,0.0,1.15625,0.9375,1.3125,43.087501525878906,24.46875,1.0,2.625,19.75,19.75,0.0,2,2 3
2260,1164.98583984375,1163.9222412109375,995.2281494140625,371.1499938964844,3.84375,0.0,5.625,5.625,2.125,0.03125,1.28125,1.0,1.1875,45.54999923706055,23.21875,1.0,2.84375,19.1875,19.1875,0.0,1,1 4
2261,1201.1651611328125,1198.6748046875,1027.8922119140625,389.26873779296875,3.875,0.0,5.53125,5.53125,2.0625,0.03125,1.1875,0.96875,1.28125,46.912498474121094,26.28125,1.0,2.875,20.125,20.125,0.0,4,4 3
2262,1100.9315185546875,1099.0665283203125,940.8846435546875,375.61248779296875,3.59375,0.0,5.59375,5.59375,2.03125,0.0,1.1875,0.96875,1.40625,44.9375,19.96875,1.65625,2.59375,19.0625,19.0625,0.0,2,2 3
2263,1158.0523681640625,1155.2535400390625,989.5916748046875,383.13751220703125,3.75,0.0,5.625,5.625,2.09375,0.0625,1.1875,1.0,1.28125,47.25,20.09375,1.0,2.75,18.5625,18.5625,0.0,2,2 3
2264,1290.3192138671875,1288.518798828125,1106.0029296875,381.5062561035156,4.125,0.0,5.84375,5.84375,2.21875,0.0,1.21875,0.96875,1.4375,48.974998474121094,24.625,1.0,3.125,18.15625,18.15625,0.0,2,2 0
2265,1053.0655517578125,1051.137451171875,897.3543701171875,354.3500061035156,3.53125,0.0,5.40625,5.40625,1.9375,0.03125,1.125,1.0,1.3125,45.15625,17.75,1.0,2.53125,16.09375,16.09375,0.0,3,3 1
2266,1142.7288818359375,1139.322509765625,974.6494140625,368.71875,3.75,0.0,5.625,5.625,2.0,0.0625,1.3125,0.96875,1.28125,45.76250076293945,17.21875,1.0,2.75,17.0625,17.0625,0.0,3,3 2
2267,1222.6214599609375,1221.02001953125,1047.3072509765625,401.1937561035156,3.90625,0.0,5.75,5.75,2.09375,0.0,1.21875,0.96875,1.46875,47.724998474121094,24.25,1.0,2.90625,18.75,18.75,0.0,4,4 3
2268,1112.8470458984375,1110.806884765625,950.3385620117188,387.66876220703125,3.65625,0.0,5.375,5.375,2.03125,0.0,1.09375,0.90625,1.34375,44.568748474121094,23.71875,1.21875,2.65625,17.53125,17.53125,0.0,3,3 2
2269,1273.486572265625,1272.342041015625,1091.6365966796875,424.83123779296875,4.0,0.0,6.125,6.125,2.1875,0.0625,1.34375,0.96875,1.5625,49.79999923706055,22.8125,1.0,3.0,17.46875,17.46875,0.0,3,3 1
2270,1039.52294921875,1037.2447509765625,885.5804443359375,373.0062561035156,3.46875,0.0,5.34375,5.34375,2.0625,0.03125,1.09375,0.9375,1.21875,44.17499923706055,18.90625,1.90625,2.46875,14.40625,14.40625,0.0,2,2 3
2271,1065.572998046875,1063.7025146484375,906.1717529296875,390.1625061035156,3.5625,0.0,5.6875,5.6875,2.125,0.03125,1.21875,1.0,1.3125,42.48749923706055,28.65625,1.0,2.5625,14.40625,14.40625,0.0,3,3 4
2272,1059.1190185546875,1057.4986572265625,901.39599609375,388.46875,3.5625,0.0,5.34375,5.34375,2.0625,0.0,1.0625,0.9375,1.28125,42.662498474121094,32.09375,1.0,2.5625,14.4375,14.4375,0.0,3,3 4
2273,1129.8272705078125,1125.676025390625,963.4462890625,382.1000061035156,3.6875,0.0,5.5,5.5,2.03125,0.03125,1.21875,0.9375,1.28125,45.83124923706055,22.8125,1.0,2.6875,13.46875,13.46875,0.0,3,3 0
2274,1034.3095703125,1031.7535400390625,878.8596801757812,382.65625,3.53125,0.0,5.0,5.0,1.96875,0.0,1.0,0.90625,1.125,41.381248474121094,26.21875,1.28125,2.53125,11.09375,11.09375,0.0,3,3 2
2275,1038.10400390625,1036.468994140625,883.78515625,377.86248779296875,3.5,0.0,5.25,5.25,1.96875,0.03125,1.15625,0.9375,1.15625,43.28125,22.78125,1.0,2.5,9.90625,9.90625,0.0,3,3 2
2276,1055.5289306640625,1054.1038818359375,896.8239135742188,378.53125,3.59375,0.0,5.46875,5.46875,2.0625,0.0,1.15625,0.96875,1.28125,41.89374923706055,23.9375,1.0,2.59375,11.15625,11.15625,0.0,0,0 3
2277,1068.86376953125,1068.302978515625,911.5382690429688,392.3187561035156,3.5625,0.0,5.4375,5.4375,2.0,0.0,1.21875,0.875,1.34375,43.1875,24.96875,1.0,2.5625,10.25,10.25,0.0,0,0 3
2278,1078.2646484375,1076.3619384765625,918.9152221679688,385.07501220703125,3.59375,0.0,5.3125,5.3125,1.96875,0.0,1.125,0.96875,1.25,44.474998474121094,29.6875,1.0,2.59375,10.03125,10.03125,0.0,2,2 3
2279,956.30078125,955.0218505859375,813.08935546875,361.3125,3.3125,0.0,4.9375,4.9375,1.8125,0.03125,1.03125,0.875,1.1875,38.84375,27.21875,1.0,2.3125,9.5625,9.5625,0.0,3,3 2
2280,1105.87353515625,1102.34326171875,942.0281982421875,383.90625,3.65625,0.0,5.375,5.375,2.0,0.0,1.1875,0.96875,1.21875,44.76250076293945,24.46875,1.0,2.65625,9.8125,9.8125,0.0,2,2 3
2281,985.5443725585938,982.021484375,836.8125,345.5062561035156,3.40625,0.0,4.90625,4.90625,1.9375,0.0,0.90625,0.90625,1.15625,40.256248474121094,28.0,1.0,2.40625,9.28125,9.28125,0.0,3,3 0
2282,992.4754638671875,990.3243408203125,840.9512939453125,352.7437438964844,3.5,0.0,4.84375,4.84375,1.71875,0.0,1.0,0.90625,1.21875,40.89374923706055,20.9375,1.0,2.5,9.15625,9.15625,0.0,3,3 2
2283,1022.4549560546875,1020.8546752929688,869.1070556640625,362.3374938964844,3.53125,0.0,5.03125,5.03125,1.875,0.0,1.0625,0.875,1.21875,39.962501525878906,25.65625,1.0,2.53125,11.84375,11.84375,0.0,3,3 4
2284,1029.0269775390625,1027.6207275390625,874.7420043945312,380.79376220703125,3.53125,0.0,5.0625,5.0625,1.96875,0.03125,0.96875,0.875,1.21875,40.42499923706055,30.09375,1.0,2.53125,12.96875,12.96875,0.0,2,2 3
2285,1028.1802978515625,1026.2996826171875,873.9688720703125,378.70623779296875,3.5,0.0,5.21875,5.21875,2.09375,0.0,0.9375,0.9375,1.25,41.78125,28.1875,1.0,2.5,12.03125,12.03125,0.0,2,2 3
2286,1149.6956787109375,1147.98193359375,983.1490478515625,391.64373779296875,3.75,0.0,5.375,5.375,2.0,0.03125,1.15625,0.9375,1.25,45.837501525878906,27.9375,1.0,2.75,12.75,12.75,0.0,0,0 3
2287,1051.6019287109375,1048.9478759765625,896.0517578125,383.79998779296875,3.5,0.0,5.21875,5.21875,1.90625,0.0,1.15625,0.96875,1.1875,43.506248474121094,24.1875,1.25,2.5,12.46875,12.46875,0.0,3,3 4
2288,957.766845703125,955.1707153320312,813.0377807617188,358.9750061035156,3.3125,0.0,4.9375,4.9375,1.84375,0.0,1.0,0.96875,1.125,40.60625076293945,26.875,1.0,2.3125,8.8125,8.8125,0.0,3,3 4
2289,1040.224853515625,1038.3839111328125,885.7932739257812,360.875,3.53125,0.0,5.125,5.125,1.84375,0.0,1.0625,1.0,1.21875,42.96875,29.40625,1.0,2.53125,9.78125,9.78125,0.0,2,2 3
2290,1143.0140380859375,1141.8546142578125,976.5689697265625,403.7250061035156,3.71875,0.0,5.6875,5.6875,1.96875,0.0625,1.34375,0.9375,1.375,45.34375,29.40625,1.0,2.71875,9.59375,9.59375,0.0,4,4 2
2291,913.8284301757812,911.6845703125,773.2456665039062,356.48748779296875,3.25,0.0,4.75,4.75,1.6875,0.0,1.0,0.90625,1.15625,39.525001525878906,21.96875,1.0,2.25,8.75,8.75,0.0,3,3 2
2292,1074.0050048828125,1073.123291015625,916.3753662109375,366.1499938964844,3.625,0.0,5.09375,5.09375,1.90625,0.03125,1.0,0.9375,1.21875,43.41875076293945,24.21875,1.0,2.625,10.03125,10.03125,0.0,0,0 3
2293,941.2293701171875,938.8087158203125,798.1219482421875,351.33123779296875,3.3125,0.0,4.71875,4.71875,1.71875,0.0625,0.875,0.875,1.1875,39.556251525878906,27.875,1.0,2.3125,9.46875,9.46875,0.0,2,2 3
2294,1054.9613037109375,1052.597900390625,897.9232177734375,377.0,3.5625,0.0,5.15625,5.15625,1.875,0.0,1.0625,0.96875,1.25,42.08124923706055,29.0,1.0,2.5625,9.84375,9.84375,0.0,2,2 1
2295,930.2078857421875,928.2822265625,788.0840454101562,361.90625,3.28125,0.0,4.84375,4.84375,1.75,0.0,1.0,0.9375,1.15625,38.41875076293945,31.21875,1.0,2.28125,7.0625,7.0625,0.0,3,3 0
2296,955.6632080078125,954.2593994140625,812.57373046875,369.64373779296875,3.3125,0.0,4.75,4.75,1.65625,0.0,1.0625,0.84375,1.1875,39.32500076293945,28.78125,1.0,2.3125,7.625,7.625,0.0,3,3 1
2297,1009.9337158203125,1007.3702392578125,858.19677734375,380.8500061035156,3.4375,0.0,5.03125,5.03125,1.875,0.0,1.0625,0.875,1.21875,42.39374923706055,27.75,1.0,2.4375,7.875,7.875,0.0,3,3 2
2298,1121.6085205078125,1119.772216796875,959.3523559570312,379.6187438964844,3.6875,0.0,5.125,5.125,1.8125,0.0,1.125,0.9375,1.25,44.79999923706055,28.21875,1.0,2.6875,8.5625,8.5625,0.0,2,2 4
2299,971.5798950195312,970.4417724609375,825.3742065429688,370.41876220703125,3.375,0.0,4.84375,4.84375,1.875,0.0,1.0,0.9375,1.03125,41.23125076293945,24.46875,1.0,2.375,9.25,9.25,0.0,2,2 3
2300,955.2438354492188,954.0162963867188,811.369140625,361.1625061035156,3.34375,0.0,4.71875,4.71875,1.71875,0.0,1.0,0.875,1.125,40.42499923706055,27.28125,1.0,2.34375,9.25,9.25,0.0,2,2 0
2301,971.8580932617188,969.3807373046875,826.0519409179688,366.3062438964844,3.34375,0.0,4.8125,4.8125,1.75,0.0,0.9375,0.90625,1.21875,40.70000076293945,24.375,1.0,2.34375,9.25,9.25,0.0,3,3 4
2302,1015.6192626953125,1012.2102661132812,863.39990234375,354.5,3.46875,0.0,4.96875,4.96875,1.84375,0.0,1.09375,0.9375,1.09375,41.79375076293945,24.53125,1.03125,2.46875,9.5625,9.5625,0.0,2,2 3
2303,894.13134765625,891.9234619140625,756.7716064453125,341.91876220703125,3.1875,0.0,4.78125,4.78125,1.8125,0.0,1.03125,0.8125,1.125,39.20000076293945,24.46875,1.0,2.1875,7.96875,7.96875,0.0,2,2 3
2304,955.2216796875,953.2615966796875,811.48046875,357.86248779296875,3.3125,0.0,4.875,4.875,1.875,0.0,0.90625,0.96875,1.125,40.349998474121094,27.28125,1.0,2.3125,8.4375,8.4375,0.0,2,2 3
2305,1027.2442626953125,1025.035888671875,876.9641723632812,356.1625061035156,3.4375,0.0,5.03125,5.03125,1.90625,0.0,1.0625,0.90625,1.15625,43.131248474121094,24.625,1.0,2.4375,8.1875,8.1875,0.0,3,3 2
2306,1002.2080688476562,1000.7678833007812,851.5090942382812,359.09375,3.46875,0.0,5.09375,5.09375,1.9375,0.03125,1.03125,0.96875,1.125,40.23125076293945,33.40625,1.0,2.46875,8.03125,8.03125,0.0,2,2 3
2307,1027.8126220703125,1023.8177490234375,874.3526611328125,360.03125,3.46875,0.0,5.03125,5.03125,1.90625,0.0625,1.09375,0.90625,1.0625,42.506248474121094,25.625,1.0,2.46875,7.15625,7.15625,0.0,3,3 4
2308,925.9392700195312,923.4830322265625,784.8325805664062,342.7437438964844,3.25,0.0,5.0,5.0,1.90625,0.03125,0.96875,1.0,1.09375,38.962501525878906,29.71875,1.0,2.25,8.90625,8.90625,0.0,3,3 2
2309,1059.601806640625,1058.479736328125,904.9730224609375,366.8999938964844,3.53125,0.0,5.28125,5.28125,1.90625,0.0,1.15625,1.0,1.21875,42.912498474121094,28.40625,1.0,2.53125,7.21875,7.21875,0.0,1,1 3
2310,1044.041015625,1041.406494140625,887.6189575195312,372.65625,3.53125,0.0,5.21875,5.21875,1.9375,0.0,1.0625,1.0,1.21875,44.26250076293945,28.90625,1.0,2.53125,9.3125,9.3125,0.0,3,3 2
2311,994.9706420898438,990.5572509765625,843.0023193359375,379.92498779296875,3.40625,0.0,5.03125,5.03125,2.03125,0.0,0.90625,0.9375,1.15625,40.95000076293945,27.5,1.0,2.40625,8.65625,8.65625,0.0,3,3 1
2312,942.1024780273438,941.3591918945312,801.5386352539062,353.6812438964844,3.28125,0.0,4.8125,4.8125,1.78125,0.0,0.90625,0.96875,1.15625,39.29999923706055,25.53125,1.03125,2.28125,6.15625,6.15625,0.0,3,3 2
2313,1027.5203857421875,1025.970703125,874.7916259765625,370.4375,3.46875,0.0,5.28125,5.28125,1.96875,0.03125,1.15625,0.9375,1.1875,43.58124923706055,24.1875,1.71875,2.46875,5.15625,5.15625,0.0,2,2 0
2314,907.109619140625,906.0623779296875,770.3212890625,351.3999938964844,3.1875,0.0,4.875,4.875,1.90625,0.0,0.96875,0.90625,1.09375,37.756248474121094,29.65625,1.0,2.1875,4.71875,4.71875,0.0,2,2 3
2315,925.3823852539062,924.2330932617188,785.9620971679688,350.04376220703125,3.25,0.0,4.8125,4.8125,1.84375,0.0,1.0625,0.90625,1.0,38.993751525878906,26.375,1.0,2.25,6.0,6.0,0.0,3,3 2
2316,782.4998168945312,781.3169555664062,660.7212524414062,329.34375,2.90625,0.0,4.5,4.5,1.71875,0.0,0.96875,0.84375,0.96875,33.70000076293945,27.125,1.0,1.90625,5.53125,5.53125,0.0,3,3 1
2317,922.8642578125,921.2867431640625,782.4974365234375,348.4937438964844,3.25,0.0,4.96875,4.96875,1.90625,0.03125,0.96875,0.96875,1.09375,38.83124923706055,31.71875,1.0,2.25,5.625,5.625,0.0,2,2 3
2318,886.8453369140625,886.0814208984375,753.1778564453125,356.65625,3.125,0.0,4.75,4.75,1.78125,0.0,0.9375,0.9375,1.09375,37.89374923706055,27.53125,1.21875,2.125,7.21875,7.21875,0.0,3,3 0
2319,738.8096923828125,736.03662109375,620.0095825195312,329.89373779296875,2.8125,0.0,4.375,4.375,1.6875,0.0,0.84375,0.84375,1.0,32.818748474121094,29.40625,1.0,1.8125,4.65625,4.65625,0.0,3,3 2
2320,953.3235473632812,950.3650512695312,805.5509643554688,368.7875061035156,3.375,0.0,4.875,4.875,1.84375,0.0,1.0,0.96875,1.0625,39.58124923706055,31.5,1.0,2.375,5.5625,5.5625,0.0,2,2 3
2321,878.8057861328125,876.4860229492188,743.7020263671875,357.3062438964844,3.125,0.0,4.6875,4.6875,1.875,0.0,0.90625,0.90625,1.0,38.4375,29.5,1.0,2.125,4.15625,4.15625,0.0,2,2 3
2322,833.3565673828125,831.2913818359375,702.5321655273438,344.07501220703125,3.0625,0.0,4.625,4.625,1.875,0.0,0.78125,0.96875,1.0,35.724998474121094,33.28125,1.0,2.0625,3.75,3.75,0.0,3,3 2
2323,791.6799926757812,789.8597412109375,669.2265625,325.7250061035156,2.90625,0.0,4.5625,4.5625,1.78125,0.0,0.90625,0.78125,1.09375,33.525001525878906,27.1875,1.0,1.90625,3.84375,3.84375,0.0,2,2 4
2324,817.3977661132812,815.7166748046875,689.8126220703125,336.96875,3.0,0.0,4.6875,4.6875,1.90625,0.0,0.875,0.90625,1.0,35.03125,28.90625,1.0,2.0,5.28125,5.28125,0.0,3,3 2
2325,864.8931274414062,861.6207885742188,728.7567138671875,354.7562561035156,3.125,0.0,4.8125,4.8125,1.90625,0.0,0.875,0.96875,1.0625,36.8125,31.78125,1.0,2.125,5.1875,5.1875,0.0,3,3 4
2326,900.8239135742188,898.8631591796875,762.4507446289062,360.6812438964844,3.1875,0.0,4.9375,4.9375,1.875,0.0,1.03125,0.96875,1.0625,37.51874923706055,31.8125,1.0,2.1875,4.28125,4.28125,0.0,4,4 3
2327,807.9466552734375,805.4594116210938,681.3539428710938,323.83123779296875,3.0,0.0,4.4375,4.4375,1.71875,0.03125,0.875,0.78125,1.03125,34.243751525878906,32.375,1.0,2.0,4.3125,4.3125,0.0,2,2 3
2328,787.05126953125,784.64599609375,661.3663940429688,331.0625,2.96875,0.0,4.5,4.5,1.84375,0.0,0.71875,0.9375,1.0,33.54999923706055,34.40625,1.0,1.96875,3.78125,3.78125,0.0,3,3 2
2329,815.667236328125,814.0989379882812,688.3423461914062,344.3125,3.0,0.0,4.5625,4.5625,1.75,0.0,0.875,0.875,1.0625,34.95000076293945,27.0,1.0,2.0,5.0625,5.0625,0.0,3,3 2
2330,762.517578125,761.5936279296875,640.9024658203125,343.45623779296875,2.90625,0.0,4.40625,4.40625,1.75,0.0,0.84375,0.84375,0.96875,32.39374923706055,33.40625,1.0,1.90625,4.40625,4.40625,0.0,3,3 0
2331,871.6088256835938,870.4501953125,735.2318115234375,365.01251220703125,3.1875,0.0,4.6875,4.6875,1.90625,0.0,0.78125,0.96875,1.03125,35.23749923706055,37.71875,1.0,2.1875,5.28125,5.28125,0.0,3,3 2
2332,830.6864013671875,827.2203369140625,699.2266235351562,335.04376220703125,3.0625,0.0,4.59375,4.59375,1.84375,0.0,0.875,0.875,1.0,34.67499923706055,36.1875,1.0,2.0625,5.125,5.125,0.0,3,3 4
2333,798.494384765625,797.129638671875,672.5280151367188,335.4624938964844,3.0,0.0,4.46875,4.46875,1.6875,0.0,0.8125,0.90625,1.0625,33.07500076293945,28.625,1.625,2.0,4.3125,4.3125,0.0,4,4 3
2334,794.3387451171875,793.0693969726562,670.3419189453125,347.76251220703125,2.9375,0.0,4.40625,4.40625,1.78125,0.0,0.71875,0.875,1.03125,35.21875,29.84375,1.0,1.9375,5.0625,5.0625,0.0,3,3 0
2335,781.9422607421875,780.2706909179688,657.712890625,339.29998779296875,2.96875,0.0,4.28125,4.28125,1.75,0.03125,0.6875,0.8125,1.0,32.11249923706055,35.5,1.0,1.96875,4.15625,4.15625,0.0,3,3 1
2336,776.9719848632812,775.72119140625,654.21337890625,337.88751220703125,2.9375,0.0,4.34375,4.34375,1.75,0.0,0.78125,0.8125,1.0,32.57500076293945,27.40625,1.0,1.9375,4.5,4.5,0.0,0,0 3
2337,887.2252197265625,884.0086669921875,750.458984375,355.1499938964844,3.15625,0.0,4.625,4.625,1.84375,0.03125,0.875,0.875,1.0,37.38750076293945,31.5625,1.0,2.15625,4.53125,4.53125,0.0,2,2 3
2338,928.8987426757812,927.1095581054688,787.5784301757812,367.76873779296875,3.25,0.0,4.90625,4.90625,1.9375,0.0,0.9375,0.90625,1.125,38.98749923706055,31.375,1.0,2.25,4.71875,4.71875,0.0,3,3 2
2339,878.6771850585938,876.22265625,742.6320190429688,353.3999938964844,3.15625,0.0,4.65625,4.65625,1.78125,0.03125,0.875,0.9375,1.03125,37.40625,27.0625,1.0,2.15625,5.125,5.125,0.0,3,3 2
2340,945.1287841796875,943.0552978515625,801.2586059570312,385.1000061035156,3.28125,0.0,4.875,4.875,1.84375,0.0,1.0,0.9375,1.09375,40.162498474121094,26.9375,1.0,2.28125,5.90625,5.90625,0.0,2,2 3
2341,786.9423828125,785.322265625,665.30810546875,332.8062438964844,2.90625,0.0,4.28125,4.28125,1.625,0.0,0.78125,0.84375,1.03125,34.368751525878906,31.625,1.0,1.90625,4.84375,4.84375,0.0,2,2 3
2342,927.4107666015625,926.7936401367188,786.4723510742188,371.7250061035156,3.25,0.0,5.03125,5.03125,1.96875,0.0,1.03125,0.96875,1.0625,39.5,28.09375,1.0,2.25,4.84375,4.84375,0.0,2,2 1
2343,913.9370727539062,909.5037231445312,771.4173583984375,363.40625,3.21875,0.0,4.96875,4.96875,1.9375,0.0,0.96875,0.96875,1.09375,38.07500076293945,28.625,1.0,2.21875,4.5,4.5,0.0,3,3 2
2344,804.2215576171875,801.8272094726562,677.1728515625,342.5687561035156,2.96875,0.0,4.65625,4.65625,1.84375,0.0,0.9375,0.90625,0.96875,34.51874923706055,29.9375,1.0,1.96875,4.1875,4.1875,0.0,3,3 2
2345,808.5087890625,806.033447265625,683.0108642578125,328.5375061035156,2.96875,0.0,4.4375,4.4375,1.78125,0.0,0.84375,0.8125,1.0,34.212501525878906,32.0,2.65625,1.96875,3.3125,3.3125,0.0,3,3 2
2346,844.292236328125,842.4761962890625,711.76513671875,344.1187438964844,3.125,0.0,4.53125,4.53125,1.78125,0.0,0.8125,0.9375,1.0,34.056251525878906,34.46875,1.625,2.125,4.5,4.5,0.0,3,3 2
2347,807.8164672851562,805.2569580078125,679.48779296875,350.5062561035156,3.0,0.0,4.53125,4.53125,1.78125,0.0,0.84375,0.9375,0.96875,33.993751525878906,34.90625,1.0,2.0,4.0625,4.0625,0.0,2,2 3
2348,778.6832885742188,775.7181396484375,652.9310302734375,342.13751220703125,2.96875,0.0,4.21875,4.21875,1.5625,0.0,0.84375,0.8125,1.0,33.98749923706055,30.15625,1.0,1.96875,4.71875,4.71875,0.0,2,2 3
2349,801.5053100585938,799.3658447265625,674.1854248046875,337.66876220703125,3.0,0.0,4.59375,4.59375,1.8125,0.03125,0.875,0.84375,1.03125,32.900001525878906,30.71875,1.0,2.0,5.09375,5.09375,0.0,2,2 0
2350,789.6758422851562,788.4613037109375,665.5468139648438,349.7875061035156,2.9375,0.0,4.46875,4.46875,1.8125,0.0,0.8125,0.84375,1.0,34.306251525878906,28.96875,1.625,1.9375,4.96875,4.96875,0.0,2,2 3
2351,805.588134765625,802.4210205078125,678.581787109375,356.48126220703125,2.9375,0.0,4.59375,4.59375,1.78125,0.0,0.9375,0.875,1.0,34.806251525878906,23.46875,1.0,1.9375,5.25,5.25,0.0,3,3 2
2352,845.2437744140625,842.1458740234375,712.1633911132812,366.83123779296875,3.0625,0.0,4.625,4.625,1.84375,0.0,0.875,0.90625,1.0,36.20000076293945,31.5,1.0,2.0625,4.75,4.75,0.0,3,3 2
2353,814.6655883789062,814.109130859375,687.4752197265625,358.79376220703125,3.0,0.0,4.625,4.625,1.875,0.0,0.8125,0.9375,1.0,34.412498474121094,29.8125,1.0,2.0,5.21875,5.21875,0.0,2,2 0
2354,806.2550048828125,804.4705810546875,677.8209228515625,350.4937438964844,3.03125,0.0,4.40625,4.40625,1.75,0.0,0.71875,0.9375,1.0,34.375,30.375,1.0,2.03125,5.21875,5.21875,0.0,3,3 2
2355,840.5814208984375,837.6356201171875,708.8272094726562,352.46875,3.0625,0.0,4.53125,4.53125,1.71875,0.0,0.875,0.90625,1.03125,35.75,29.5,1.0,2.0625,4.53125,4.53125,0.0,3,3 2
2356,847.9338989257812,845.7384033203125,716.16064453125,359.04998779296875,3.0625,0.0,4.625,4.625,1.78125,0.0,0.875,0.90625,1.0625,36.11249923706055,30.1875,1.0,2.0625,6.0,6.0,0.0,2,2 0
2357,865.1986694335938,863.5513916015625,731.4761962890625,357.3999938964844,3.125,0.0,4.59375,4.59375,1.78125,0.0,0.96875,0.875,0.96875,36.556251525878906,29.875,1.0,2.125,4.625,4.625,0.0,3,3 4
2358,842.8997802734375,838.9261474609375,709.3134765625,360.73748779296875,3.0625,0.0,4.65625,4.65625,1.8125,0.0,0.875,0.875,1.09375,35.14374923706055,28.46875,1.625,2.0625,5.5625,5.5625,0.0,3,3 2
2359,730.4179077148438,727.903076171875,612.8419189453125,334.48748779296875,2.8125,0.0,4.15625,4.15625,1.71875,0.0,0.6875,0.78125,0.96875,31.037500381469727,29.40625,1.59375,1.8125,4.90625,4.90625,0.0,2,2 3
2360,792.3660888671875,790.646484375,665.4619750976562,358.0874938964844,3.0,0.0,4.34375,4.34375,1.71875,0.0,0.75,0.875,1.0,32.806251525878906,26.0,1.0,2.0,5.9375,5.9375,0.0,3,3 0
2361,780.7469482421875,779.8408203125,656.3497314453125,363.125,2.96875,0.0,4.1875,4.1875,1.6875,0.0,0.625,0.875,1.0,32.76250076293945,30.46875,1.59375,1.96875,3.78125,3.78125,0.0,3,3 1
2362,888.2484741210938,887.626953125,751.0303955078125,369.4375,3.21875,0.0,4.59375,4.59375,1.8125,0.0,0.875,0.875,1.03125,36.45624923706055,33.15625,1.0,2.21875,6.25,6.25,0.0,2,2 1
2363,875.0556030273438,873.3826904296875,738.216064453125,366.10626220703125,3.1875,0.0,4.53125,4.53125,1.78125,0.0,0.84375,0.8125,1.09375,38.118751525878906,28.5625,1.0,2.1875,6.71875,6.71875,0.0,4,4 0
2364,801.841796875,799.0520629882812,675.767578125,365.38751220703125,2.9375,0.0,4.34375,4.34375,1.65625,0.0,0.875,0.75,1.0625,34.806251525878906,28.28125,2.0625,1.9375,5.65625,5.65625,0.0,3,3 4
2365,852.4028930664062,850.1260986328125,718.835693359375,373.7875061035156,3.09375,0.0,4.53125,4.53125,1.71875,0.0,0.875,0.78125,1.15625,36.32500076293945,32.5,1.0,2.09375,6.40625,6.40625,0.0,0,0 4
2366,819.9193115234375,817.5971069335938,692.13134765625,371.95623779296875,2.96875,0.0,4.4375,4.4375,1.71875,0.03125,0.875,0.75,1.0625,35.724998474121094,21.5625,2.875,1.96875,6.90625,6.90625,0.0,2,2 4
2367,756.8181762695312,754.9888916015625,639.0340576171875,335.75,2.8125,0.0,4.25,4.25,1.5,0.0,0.9375,0.75,1.0625,33.568748474121094,24.0,2.25,1.8125,6.34375,6.34375,0.0,3,3 0
2368,783.057373046875,781.6387939453125,660.5987548828125,343.6812438964844,2.90625,0.0,4.4375,4.4375,1.6875,0.0,0.875,0.78125,1.09375,33.57500076293945,25.5,2.15625,1.90625,5.78125,5.78125,0.0,3,3 2
2369,809.992919921875,809.2667846679688,685.0939331054688,359.51251220703125,2.96875,0.0,4.375,4.375,1.65625,0.03125,0.84375,0.78125,1.0625,33.38750076293945,30.375,2.5625,1.96875,7.3125,7.3125,0.0,1,1 4
2370,897.7786254882812,895.9469604492188,759.3524169921875,368.3374938964844,3.1875,0.0,4.8125,4.8125,1.84375,0.0,0.96875,0.9375,1.0625,39.181251525878906,23.09375,1.0,2.1875,7.59375,7.59375,0.0,1,1 3
2371,894.997802734375,893.1974487304688,758.8072509765625,365.5687561035156,3.15625,0.0,4.65625,4.65625,1.71875,0.0,1.0,0.875,1.0625,38.46875,25.125,1.625,2.15625,6.75,6.75,0.0,2,2 3
2372,898.0264892578125,896.0074462890625,758.8111572265625,379.3999938964844,3.1875,0.0,4.875,4.875,1.84375,0.03125,1.0625,0.9375,1.0,38.0625,25.0,1.0,2.1875,6.96875,6.96875,0.0,3,3 0
2373,897.529541015625,895.0916748046875,759.0409545898438,382.3125,3.15625,0.0,4.875,4.875,1.75,0.0,1.03125,0.875,1.21875,38.181251525878906,25.0625,1.0,2.15625,6.875,6.875,0.0,2,2 3
2374,811.7899169921875,809.4276123046875,680.3255004882812,373.98748779296875,3.0625,0.0,4.4375,4.4375,1.71875,0.0,0.90625,0.84375,0.96875,33.48749923706055,33.53125,1.0,2.0625,7.65625,7.65625,0.0,3,3 1
2375,673.1609497070312,671.26953125,564.03466796875,334.4375,2.65625,0.0,3.84375,3.84375,1.53125,0.0,0.78125,0.625,0.90625,30.975000381469727,28.125,1.0,1.65625,6.28125,6.28125,0.0,3,3 4
2376,697.4048461914062,696.7237548828125,585.9781494140625,336.04998779296875,2.71875,0.0,4.03125,4.03125,1.59375,0.0,0.8125,0.65625,0.96875,31.28125,26.46875,1.46875,1.71875,7.0,7.0,0.0,1,1 3
2377,713.5133666992188,710.3869018554688,596.2796630859375,346.2124938964844,2.78125,0.0,4.0625,4.0625,1.5,0.0,0.84375,0.75,0.96875,31.856250762939453,29.125,1.0,1.78125,6.78125,6.78125,0.0,2,2 3
2378,774.6395874023438,771.022705078125,647.9666748046875,357.3062438964844,2.96875,0.0,4.15625,4.15625,1.65625,0.0,0.71875,0.78125,1.0,32.65625,30.3125,1.46875,1.96875,7.8125,7.8125,0.0,3,3 0
2379,634.3994750976562,633.3243408203125,530.8553466796875,316.45001220703125,2.59375,0.0,3.6875,3.6875,1.4375,0.0,0.625,0.59375,1.03125,27.549999237060547,31.53125,2.53125,1.59375,6.90625,6.90625,0.0,0,0 3
2380,719.010986328125,717.8854370117188,603.9739990234375,333.3187561035156,2.8125,0.0,3.875,3.875,1.4375,0.0,0.75,0.65625,1.03125,31.225000381469727,32.0625,1.625,1.8125,7.15625,7.15625,0.0,0,0 2
2381,752.0155639648438,750.8269653320312,632.0210571289062,352.9937438964844,2.875,0.0,4.125,4.125,1.625,0.0,0.75,0.71875,1.03125,32.8125,35.03125,1.0,1.875,9.0,9.0,0.0,2,2 3
2382,797.3638916015625,793.35693359375,669.9578857421875,364.2562561035156,2.9375,0.0,4.375,4.375,1.46875,0.0,0.96875,0.75,1.1875,35.0625,27.46875,1.0,1.9375,9.5,9.5,0.0,3,3 2
2383,641.2224731445312,638.6830444335938,533.831298828125,325.01873779296875,2.625,0.0,3.84375,3.84375,1.5,0.0,0.65625,0.65625,1.03125,27.643749237060547,33.90625,1.0,1.625,6.21875,6.21875,0.0,3,3 2
2384,674.4884643554688,673.0792236328125,565.3233032226562,319.03125,2.6875,0.0,3.90625,3.90625,1.46875,0.0,0.71875,0.65625,1.0625,29.46875,30.78125,1.5,1.6875,5.71875,5.71875,0.0,3,3 0
2385,548.6167602539062,547.1605224609375,454.147705078125,287.29376220703125,2.46875,0.0,3.125,3.125,1.21875,0.0,0.46875,0.4375,1.0,24.78125,36.40625,1.625,1.46875,4.21875,4.21875,0.0,2,2 3
2386,710.0610961914062,707.8729248046875,594.8577270507812,323.60626220703125,2.8125,0.0,3.875,3.875,1.5625,0.0,0.625,0.59375,1.09375,28.943750381469727,39.1875,1.0,1.8125,5.34375,5.34375,0.0,3,3 4
2387,525.6633911132812,523.6444091796875,434.2029724121094,274.46875,2.40625,0.0,3.0625,3.0625,1.28125,0.0,0.375,0.40625,1.0,24.475000381469727,39.375,1.0,1.40625,3.8125,3.8125,0.0,2,2 3
2388,546.6904296875,545.5838623046875,453.050537109375,297.0375061035156,2.4375,0.0,3.25,3.25,1.28125,0.0,0.4375,0.5,1.03125,23.924999237060547,39.8125,1.59375,1.4375,4.40625,4.40625,0.0,2,2 4
2389,674.0071411132812,669.9954223632812,562.4229736328125,320.3500061035156,2.71875,0.0,3.5,3.5,1.40625,0.0,0.5,0.5625,1.03125,29.818750381469727,40.96875,1.0,1.71875,4.21875,4.21875,0.0,3,3 2
2390,654.9867553710938,652.4332885742188,547.1534423828125,327.03125,2.625,0.0,3.84375,3.84375,1.5,0.0,0.625,0.6875,1.03125,29.462499618530273,36.4375,1.8125,1.625,5.21875,5.21875,0.0,3,3 4
2391,629.6874389648438,626.1331176757812,523.3820190429688,305.88751220703125,2.625,0.0,3.5625,3.5625,1.46875,0.0,0.5625,0.5625,0.96875,27.537500381469727,38.8125,1.0,1.625,5.03125,5.03125,0.0,3,3 0
2392,717.7122192382812,713.339111328125,599.552978515625,335.8500061035156,2.78125,0.0,4.09375,4.09375,1.5625,0.0,0.75,0.75,1.03125,32.256248474121094,26.28125,1.0,1.78125,6.5,6.5,0.0,3,3 2
2393,870.75390625,869.0743408203125,734.9756469726562,363.5562438964844,3.15625,0.0,4.71875,4.71875,1.71875,0.0,1.0625,0.84375,1.09375,36.01874923706055,32.5,1.0,2.15625,6.65625,6.65625,0.0,2,2 3
2394,905.7828979492188,904.6975708007812,767.2948608398438,376.03125,3.1875,0.0,4.9375,4.9375,1.96875,0.0,0.9375,0.96875,1.0625,38.756248474121094,24.96875,1.0,2.1875,8.65625,8.65625,0.0,3,3 0
2395,824.5286865234375,822.3975830078125,696.2116088867188,349.13751220703125,3.0,0.0,4.59375,4.59375,1.75,0.0,0.96875,0.84375,1.03125,35.29999923706055,21.875,1.0,2.0,7.28125,7.28125,0.0,3,3 2
2396,1004.723388671875,1003.9548950195312,856.4072265625,373.3687438964844,3.40625,0.0,5.0625,5.0625,1.9375,0.03125,1.0625,0.90625,1.125,42.037498474121094,24.34375,1.0,2.40625,7.5,7.5,0.0,3,3 0
2397,1039.4508056640625,1038.247802734375,883.7130737304688,375.10626220703125,3.5625,0.0,5.125,5.125,1.90625,0.0,1.0,0.96875,1.25,42.525001525878906,22.28125,1.0,2.5625,9.1875,9.1875,0.0,3,3 2
2398,1111.068359375,1109.7410888671875,947.9449462890625,395.1187438964844,3.6875,0.0,5.25,5.25,2.0,0.0,1.125,0.96875,1.15625,45.36249923706055,19.21875,1.0,2.6875,9.09375,9.09375,0.0,2,2 0
2399,983.604736328125,980.5252075195312,836.3048095703125,359.5,3.34375,0.0,5.09375,5.09375,1.9375,0.0625,1.0,0.90625,1.1875,41.29375076293945,20.6875,1.0,2.34375,7.46875,7.46875,0.0,2,2 0
2400,1058.8427734375,1057.8330078125,903.7487182617188,358.1875,3.5625,0.0,5.21875,5.21875,1.96875,0.03125,1.125,0.96875,1.125,42.63750076293945,19.71875,1.0,2.5625,6.59375,6.59375,0.0,0,0 3
2401,1079.755126953125,1077.657470703125,921.4410400390625,376.45623779296875,3.59375,0.0,5.15625,5.15625,1.84375,0.0,1.25,0.90625,1.15625,43.506248474121094,18.75,1.0,2.59375,7.65625,7.65625,0.0,2,2 0
2402,1060.04248046875,1058.899658203125,906.20556640625,357.3812561035156,3.53125,0.0,5.1875,5.1875,1.9375,0.03125,1.1875,0.90625,1.125,43.125,24.59375,1.0,2.53125,5.96875,5.96875,0.0,2,2 3
2403,1109.83984375,1108.697998046875,947.0537109375,376.54376220703125,3.71875,0.0,5.1875,5.1875,1.84375,0.0625,1.15625,1.0,1.125,43.775001525878906,27.125,1.0,2.71875,8.3125,8.3125,0.0,3,3 0
2404,1161.7547607421875,1160.5325927734375,993.0897216796875,384.96875,3.8125,0.0,5.4375,5.4375,2.0625,0.03125,1.125,1.0,1.21875,46.21875,28.15625,1.0,2.8125,8.84375,8.84375,0.0,2,2 4
2405,1124.5869140625,1123.0736083984375,960.4519653320312,378.16876220703125,3.71875,0.0,5.375,5.375,2.03125,0.0,1.15625,0.9375,1.25,44.587501525878906,23.875,1.0,2.71875,9.21875,9.21875,0.0,2,2 3
2406,1012.8012084960938,1010.3648681640625,863.5520629882812,368.3812561035156,3.40625,0.0,4.90625,4.90625,1.78125,0.09375,0.96875,0.90625,1.15625,42.8125,18.96875,1.0,2.40625,8.71875,8.71875,0.0,3,3 0
2407,999.6089477539062,999.0076293945312,853.2693481445312,350.26251220703125,3.40625,0.0,4.9375,4.9375,1.84375,0.03125,1.0,0.96875,1.09375,41.181251525878906,25.96875,1.0,2.40625,7.5,7.5,0.0,1,1 2
2408,1018.1800537109375,1017.1873168945312,867.5231323242188,371.375,3.46875,0.0,4.9375,4.9375,1.90625,0.0,0.9375,0.9375,1.15625,42.54375076293945,29.0625,1.0,2.46875,8.5,8.5,0.0,3,3 0
2409,1174.65087890625,1173.2252197265625,1003.8726806640625,403.2437438964844,3.84375,0.0,5.34375,5.34375,2.0,0.0625,1.125,1.0,1.15625,46.54375076293945,24.875,1.0,2.84375,10.28125,10.28125,0.0,0,0 2
2410,1059.6634521484375,1058.48291015625,902.5994262695312,387.6312561035156,3.59375,0.0,4.96875,4.96875,1.96875,0.03125,0.90625,0.96875,1.09375,42.71875,27.71875,1.0,2.59375,8.71875,8.71875,0.0,0,0 1
2411,918.8607788085938,915.4425659179688,777.6922607421875,345.0874938964844,3.28125,0.0,4.46875,4.46875,1.8125,0.0,0.71875,0.9375,1.0,37.82500076293945,30.84375,1.21875,2.28125,7.6875,7.6875,0.0,0,0 3
2412,941.9481811523438,939.2316284179688,798.2527465820312,354.20001220703125,3.3125,0.0,4.78125,4.78125,1.8125,0.0,0.9375,0.9375,1.09375,38.993751525878906,26.875,1.0,2.3125,8.71875,8.71875,0.0,3,3 4
2413,998.9685668945312,997.4063720703125,850.7379150390625,371.76873779296875,3.375,0.0,5.125,5.125,2.0,0.0,0.96875,1.0,1.15625,43.5,23.59375,1.0,2.375,8.71875,8.71875,0.0,2,2 3
2414,1050.049560546875,1048.782470703125,895.37548828125,364.84375,3.5625,0.0,5.0,5.0,1.875,0.0,1.09375,0.9375,1.09375,41.88750076293945,32.875,1.0,2.5625,7.53125,7.53125,0.0,4,4 2
2415,1021.6604614257812,1020.2706909179688,869.142578125,375.6812438964844,3.5,0.0,5.0,5.0,1.90625,0.0,1.0,1.0,1.09375,40.79999923706055,24.65625,1.0,2.5,10.15625,10.15625,0.0,0,0 3
2416,1039.9647216796875,1038.452880859375,885.1031494140625,368.29376220703125,3.5625,0.0,4.9375,4.9375,1.9375,0.0,1.125,0.90625,0.96875,42.0,26.96875,1.0,2.5625,9.625,9.625,0.0,1,1 3
2417,975.0018310546875,973.3390502929688,827.837890625,354.90625,3.40625,0.0,4.90625,4.90625,1.78125,0.0,1.09375,0.96875,1.0625,39.26874923706055,23.71875,1.0,2.40625,9.1875,9.1875,0.0,0,0 3
2418,1012.1896362304688,1010.42041015625,859.2213134765625,373.46875,3.5,0.0,5.125,5.125,2.03125,0.03125,0.9375,0.96875,1.15625,39.03125,29.6875,1.0,2.5,8.59375,8.59375,0.0,3,3 0
2419,936.6585083007812,934.1654052734375,794.136962890625,338.75,3.3125,0.0,4.75,4.75,1.6875,0.03125,1.0625,0.9375,1.03125,38.70000076293945,30.96875,1.0,2.3125,7.5,7.5,0.0,3,3 2
2420,970.3447265625,966.7941284179688,823.4788208007812,358.17498779296875,3.34375,0.0,4.9375,4.9375,1.90625,0.03125,0.96875,0.96875,1.0625,40.10625076293945,28.21875,1.0,2.34375,7.96875,7.96875,0.0,3,3 4
2421,1024.1016845703125,1021.9011840820312,872.7156372070312,365.21875,3.46875,0.0,4.96875,4.96875,1.875,0.0,1.0625,0.875,1.15625,40.900001525878906,22.59375,1.46875,2.46875,7.5,7.5,0.0,2,2 3
2422,1060.0438232421875,1056.4261474609375,901.771484375,373.5625,3.5625,0.0,5.1875,5.1875,2.0,0.03125,1.15625,0.96875,1.03125,42.23125076293945,30.9375,1.0,2.5625,8.6875,8.6875,0.0,3,3 2
2423,1202.27880859375,1200.9534912109375,1027.7589111328125,395.36248779296875,3.9375,0.0,5.46875,5.46875,2.125,0.0,1.25,1.0,1.09375,45.42499923706055,35.96875,1.0,2.9375,9.78125,9.78125,0.0,0,0 3
2424,996.5206909179688,994.5389404296875,847.1119995117188,356.54376220703125,3.4375,0.0,5.0,5.0,1.875,0.0,1.0625,0.96875,1.09375,40.13750076293945,28.71875,1.0,2.4375,9.75,9.75,0.0,3,3 0
2425,1055.1376953125,1054.61328125,900.8361206054688,368.6499938964844,3.5625,0.0,4.96875,4.96875,1.90625,0.0,1.0,0.96875,1.09375,43.58124923706055,25.875,1.0,2.5625,10.46875,10.46875,0.0,4,4 3
2426,1001.9235229492188,997.267578125,849.3155517578125,355.63751220703125,3.46875,0.0,4.8125,4.8125,2.03125,0.0,0.71875,0.96875,1.09375,40.181251525878906,28.3125,1.53125,2.46875,10.4375,10.4375,0.0,3,3 2
2427,1079.227294921875,1077.2216796875,919.3087158203125,369.6187438964844,3.65625,0.0,5.03125,5.03125,1.9375,0.0625,0.96875,1.0,1.0625,43.025001525878906,26.4375,1.0,2.65625,12.53125,12.53125,0.0,2,2 3
2428,1125.9287109375,1124.5855712890625,962.1141357421875,371.9750061035156,3.75,0.0,5.09375,5.09375,2.03125,0.03125,1.03125,0.96875,1.03125,44.431251525878906,28.96875,1.0,2.75,10.5,10.5,0.0,3,3 4
2429,1077.370361328125,1075.2529296875,919.8336791992188,364.5687561035156,3.59375,0.0,5.09375,5.09375,1.90625,0.0625,1.09375,0.9375,1.09375,43.76874923706055,21.84375,1.03125,2.59375,9.90625,9.90625,0.0,0,0 2
2430,1079.776123046875,1078.7640380859375,920.2316284179688,375.04376220703125,3.65625,0.0,5.1875,5.1875,2.03125,0.0,1.03125,1.0,1.125,41.48749923706055,30.4375,1.0,2.65625,9.96875,9.96875,0.0,3,3 4
2431,1028.0611572265625,1025.641357421875,875.15380859375,371.85626220703125,3.5,0.0,4.875,4.875,1.84375,0.0,0.96875,0.96875,1.09375,41.08124923706055,30.28125,1.0,2.5,10.40625,10.40625,0.0,2,2 3
2432,1072.00146484375,1071.0986328125,913.3746337890625,381.20623779296875,3.625,0.0,5.21875,5.21875,1.96875,0.0,1.09375,1.0,1.15625,41.881248474121094,33.4375,1.0,2.625,11.5,11.5,0.0,2,2 4
2433,986.576416015625,985.0343627929688,837.4119262695312,363.51873779296875,3.4375,0.0,4.9375,4.9375,1.90625,0.0625,0.84375,1.0,1.125,40.67499923706055,32.15625,1.0,2.4375,10.84375,10.84375,0.0,3,3 0
2434,1057.0855712890625,1056.256591796875,900.8176879882812,373.9437561035156,3.59375,0.0,5.0625,5.0625,1.875,0.03125,1.03125,0.96875,1.15625,41.96875,36.90625,1.0,2.59375,12.375,12.375,0.0,3,3 2
2435,921.9269409179688,918.9346923828125,781.3765258789062,348.82501220703125,3.25,0.0,4.65625,4.65625,1.71875,0.03125,0.875,0.9375,1.09375,38.84375,31.96875,1.0,2.25,10.65625,10.65625,0.0,2,2 3
2436,766.1583862304688,763.8899536132812,646.2985229492188,315.04376220703125,2.90625,0.0,3.96875,3.96875,1.5,0.0,0.625,0.78125,1.0625,32.787498474121094,36.40625,2.34375,1.90625,7.1875,7.1875,0.0,3,3 2
2437,800.1783447265625,798.5748291015625,672.6703491210938,326.6625061035156,3.09375,0.0,3.9375,3.9375,1.4375,0.03125,0.625,0.875,0.96875,32.6875,41.875,1.0,2.09375,6.875,6.875,0.0,4,4 3
2438,854.3244018554688,851.2169189453125,721.27587890625,331.88751220703125,3.09375,0.0,4.75,4.75,1.75,0.0625,1.0,0.875,1.0625,35.60625076293945,34.375,1.0,2.09375,7.40625,7.40625,0.0,3,3 2
2439,857.5958862304688,853.8976440429688,722.1226806640625,342.2562561035156,3.15625,0.0,4.46875,4.46875,1.625,0.0,0.8125,0.9375,1.09375,34.58124923706055,34.28125,1.0,2.15625,9.3125,9.3125,0.0,3,3 4
2440,839.1950073242188,836.9305419921875,709.9971923828125,337.3687438964844,3.03125,0.0,4.53125,4.53125,1.8125,0.0,0.78125,0.90625,1.03125,36.818748474121094,25.875,1.0,2.03125,7.46875,7.46875,0.0,0,0 4
2441,852.8333129882812,849.2682495117188,718.4696044921875,339.1187438964844,3.125,0.0,4.5625,4.5625,1.78125,0.0,0.84375,0.875,1.0625,35.23749923706055,34.71875,1.0,2.125,7.46875,7.46875,0.0,3,3 2
2442,981.7229614257812,981.1195068359375,835.4816284179688,351.3125,3.40625,0.0,4.96875,4.96875,1.875,0.0625,0.96875,0.9375,1.125,39.63750076293945,33.0,1.0,2.40625,7.4375,7.4375,0.0,4,4 3
2443,890.625,889.2119140625,754.8170776367188,347.79998779296875,3.15625,0.0,4.875,4.875,1.875,0.0,0.96875,0.96875,1.0625,38.568748474121094,30.21875,1.0,2.15625,7.25,7.25,0.0,3,3 2
2444,818.349609375,815.7609252929688,688.7032470703125,325.40625,3.09375,0.0,4.21875,4.21875,1.59375,0.03125,0.78125,0.8125,1.0,33.193748474121094,38.96875,1.0,2.09375,7.625,7.625,0.0,4,4 0
2445,941.0426635742188,940.2698974609375,799.5188598632812,331.38751220703125,3.34375,0.0,4.71875,4.71875,1.84375,0.0,0.90625,0.90625,1.0625,38.162498474121094,35.0625,1.0,2.34375,8.65625,8.65625,0.0,3,3 4
2446,942.65771484375,940.7760009765625,798.5715942382812,347.07501220703125,3.34375,0.0,4.875,4.875,1.90625,0.0625,0.84375,1.0,1.0625,38.40625,37.15625,1.0,2.34375,7.96875,7.96875,0.0,0,0 3
2447,937.1993408203125,934.78564453125,793.3492431640625,366.1875,3.3125,0.0,4.75,4.75,1.875,0.0,0.78125,1.0,1.09375,38.900001525878906,33.84375,1.0,2.3125,7.65625,7.65625,0.0,3,3 2
2448,886.720703125,883.9901123046875,748.5838623046875,348.7437438964844,3.21875,0.0,4.53125,4.53125,1.71875,0.0,0.875,0.875,1.0625,36.98125076293945,32.375,1.0,2.21875,7.6875,7.6875,0.0,3,3 4
2449,922.3015747070312,919.2142333984375,780.9730224609375,347.8062438964844,3.25,0.0,4.8125,4.8125,1.875,0.03125,0.9375,0.96875,1.0,39.45000076293945,31.71875,1.0,2.25,8.21875,8.21875,0.0,3,3 2
2450,930.618408203125,929.0062255859375,789.7277221679688,358.26873779296875,3.28125,0.0,4.625,4.625,1.78125,0.0,0.875,0.84375,1.125,39.181251525878906,33.09375,1.0,2.28125,7.0,7.0,0.0,3,3 2
2451,1009.9121704101562,1008.4261474609375,857.0812377929688,387.92498779296875,3.5,0.0,4.875,4.875,1.875,0.03125,0.96875,0.9375,1.0625,41.381248474121094,35.78125,1.0,2.5,7.5625,7.5625,0.0,4,4 1
2452,805.688720703125,802.2908935546875,676.7103881835938,335.4375,3.03125,0.0,4.34375,4.34375,1.59375,0.0,0.8125,0.9375,1.0,34.006248474121094,36.90625,1.0,2.03125,6.5625,6.5625,0.0,3,3 2
2453,968.1971435546875,966.8914184570312,822.1326293945312,387.7250061035156,3.34375,0.0,4.84375,4.84375,1.96875,0.03125,0.90625,0.90625,1.03125,42.0,30.09375,1.0,2.34375,8.5625,8.5625,0.0,4,4 2
2454,986.1768798828125,984.6564331054688,838.4625244140625,375.75,3.40625,0.0,4.75,4.75,1.84375,0.0,0.96875,0.875,1.0625,40.79999923706055,34.3125,1.0,2.40625,8.3125,8.3125,0.0,2,2 0
2455,850.6155395507812,848.4847412109375,721.0695190429688,340.64373779296875,3.0625,0.0,4.3125,4.3125,1.59375,0.0,0.90625,0.71875,1.09375,36.15625,28.65625,1.28125,2.0625,6.9375,6.9375,0.0,3,3 0
2456,858.22509765625,855.0426635742188,724.4166259765625,351.98748779296875,3.09375,0.0,4.65625,4.65625,1.6875,0.0,1.0625,0.84375,1.0625,35.912498474121094,32.9375,1.0,2.09375,8.53125,8.53125,0.0,3,3 2
2457,748.3018798828125,745.8265380859375,629.9547729492188,325.3187561035156,2.84375,0.0,4.0,4.0,1.4375,0.0,0.84375,0.6875,1.03125,34.26874923706055,30.5,1.0,1.84375,6.65625,6.65625,0.0,3,3 2
2458,786.7521362304688,784.3323364257812,661.4888305664062,350.73126220703125,2.9375,0.0,4.4375,4.4375,1.78125,0.0,0.875,0.75,1.03125,34.34375,33.25,1.0,1.9375,7.25,7.25,0.0,3,3 4
2459,792.6129150390625,789.2717895507812,666.3508911132812,338.70623779296875,2.96875,0.0,4.34375,4.34375,1.625,0.0,0.875,0.71875,1.125,32.90625,32.28125,1.625,1.96875,5.625,5.625,0.0,3,3 2
2460,750.1085205078125,745.76123046875,627.2240600585938,333.5249938964844,2.90625,0.0,4.03125,4.03125,1.5,0.0,0.84375,0.75,0.9375,31.518749237060547,37.96875,1.0,1.90625,5.4375,5.4375,0.0,3,3 2
2461,746.970703125,744.3116455078125,627.3113403320312,331.65625,2.875,0.0,3.9375,3.9375,1.625,0.0,0.75,0.65625,0.90625,32.875,35.28125,1.0,1.875,4.84375,4.84375,0.0,3,3 0
2462,730.9518432617188,729.0655517578125,615.9525146484375,319.14373779296875,2.78125,0.0,4.15625,4.15625,1.5,0.0,0.90625,0.71875,1.03125,31.768749237060547,29.3125,1.0,1.78125,5.46875,5.46875,0.0,3,3 2
2463,763.5663452148438,761.7686157226562,644.216064453125,329.8374938964844,2.875,0.0,4.125,4.125,1.59375,0.0,0.90625,0.625,1.0,32.28125,32.0,1.0625,1.875,4.4375,4.4375,0.0,2,2 3
2464,861.0567016601562,858.8018798828125,726.4688720703125,364.875,3.125,0.0,4.59375,4.59375,1.75,0.0,0.9375,0.90625,1.0,35.912498474121094,31.5625,1.0,2.125,5.84375,5.84375,0.0,2,2 3
2465,733.7974243164062,731.1683349609375,618.2657470703125,317.13751220703125,2.78125,0.0,4.1875,4.1875,1.5,0.03125,0.90625,0.6875,1.0625,30.462499618530273,27.0,1.0,1.78125,3.90625,3.90625,0.0,3,3 4
2466,802.3707275390625,799.3258056640625,675.1825561523438,323.8187561035156,3.0,0.0,4.5,4.5,1.6875,0.0,0.96875,0.875,0.96875,33.068748474121094,32.1875,1.0,2.0,3.75,3.75,0.0,3,3 2
2467,866.7089233398438,864.8675537109375,733.3385009765625,362.5,3.09375,0.0,4.75,4.75,1.75,0.0,1.03125,0.90625,1.0625,35.92499923706055,28.5625,1.0,2.09375,4.03125,4.03125,0.0,3,3 0
2468,844.5032958984375,841.3064575195312,713.3040771484375,329.2250061035156,3.0625,0.0,4.6875,4.6875,1.78125,0.0,0.90625,0.875,1.125,34.256248474121094,33.4375,1.71875,2.0625,3.59375,3.59375,0.0,3,3 4
2469,918.88330078125,917.1748046875,778.4097900390625,348.86248779296875,3.25,0.0,4.96875,4.96875,1.875,0.0,1.03125,1.0,1.0625,38.59375,28.0625,1.0,2.25,4.46875,4.46875,0.0,3,3 0
2470,922.6143188476562,920.4853515625,782.752685546875,349.36248779296875,3.25,0.0,4.71875,4.71875,1.59375,0.0,1.0,1.0,1.125,38.275001525878906,28.90625,1.0,2.25,4.9375,4.9375,0.0,3,3 2
2471,883.6128540039062,880.4459228515625,746.0445556640625,335.6812438964844,3.1875,0.0,4.8125,4.8125,1.71875,0.0,1.03125,0.9375,1.125,36.068748474121094,32.0,1.0,2.1875,4.5,4.5,0.0,3,3 1
2472,941.47607421875,939.3492431640625,799.0366821289062,343.85626220703125,3.28125,0.0,5.09375,5.09375,1.90625,0.03125,1.125,0.9375,1.09375,38.51250076293945,28.90625,1.0,2.28125,4.96875,4.96875,0.0,3,3 4
2473,916.3740844726562,913.8365478515625,775.2725830078125,353.79998779296875,3.25,0.0,4.90625,4.90625,1.875,0.0,1.03125,0.9375,1.0625,37.493751525878906,29.78125,1.0,2.25,4.6875,4.6875,0.0,2,2 3
2474,901.1094360351562,898.4324951171875,763.3436889648438,343.78125,3.1875,0.0,4.8125,4.8125,1.84375,0.0,1.0,0.96875,1.0,37.63750076293945,34.375,1.0,2.1875,4.53125,4.53125,0.0,2,2 4
2475,862.7642211914062,860.6839599609375,729.1406860351562,335.65625,3.125,0.0,4.78125,4.78125,1.75,0.0,1.0,1.0,1.03125,35.474998474121094,36.5,1.0,2.125,5.34375,5.34375,0.0,3,3 4
2476,881.6957397460938,879.2484130859375,746.0536499023438,337.3062438964844,3.15625,0.0,4.78125,4.78125,1.71875,0.03125,1.03125,0.96875,1.03125,36.900001525878906,32.40625,1.0,2.15625,5.5,5.5,0.0,3,3 2
2477,804.1149291992188,801.9458618164062,677.5449829101562,324.375,3.0,0.0,4.5625,4.5625,1.65625,0.0,1.0,0.90625,1.0,32.95624923706055,33.25,1.0,2.0,5.03125,5.03125,0.0,3,3 4
2478,809.917724609375,808.87548828125,684.7059936523438,307.9750061035156,3.0,0.0,4.625,4.625,1.65625,0.0,1.0,0.9375,1.03125,34.837501525878906,33.53125,1.0,2.0,4.75,4.75,0.0,2,2 3
2479,802.5289916992188,799.6983642578125,674.841796875,301.9437561035156,3.03125,0.0,4.65625,4.65625,1.65625,0.0,1.0,1.0,1.0,32.34375,37.46875,1.0,2.03125,4.96875,4.96875,0.0,3,3 2
2480,840.1460571289062,838.5880737304688,708.2316284179688,310.14373779296875,3.15625,0.0,4.5625,4.5625,1.6875,0.0,0.90625,0.96875,1.0,33.537498474121094,39.40625,1.0,2.15625,5.65625,5.65625,0.0,3,3 4
2481,876.6826171875,874.9249267578125,740.9133911132812,329.32501220703125,3.1875,0.0,4.78125,4.78125,1.71875,0.0,0.96875,0.96875,1.125,36.36249923706055,36.40625,1.0,2.1875,5.46875,5.46875,0.0,3,3 4
2482,823.2794189453125,821.65771484375,696.4474487304688,310.2437438964844,3.03125,0.0,4.53125,4.53125,1.6875,0.0,0.9375,0.875,1.03125,34.78125,32.375,1.0,2.03125,5.65625,5.65625,0.0,3,3 4
2483,815.0376586914062,814.0321655273438,689.533203125,303.26873779296875,3.03125,0.0,4.4375,4.4375,1.65625,0.0,0.90625,0.90625,0.96875,34.849998474121094,36.40625,1.0,2.03125,5.1875,5.1875,0.0,3,3 0
2484,760.8073120117188,759.2342529296875,639.50048828125,309.0,2.9375,0.0,4.3125,4.3125,1.5625,0.0,0.8125,0.9375,1.0,31.4375,36.875,1.0,1.9375,6.5625,6.5625,0.0,0,0 3
2485,796.74169921875,795.5422973632812,672.7159423828125,308.0625,3.0,0.0,4.375,4.375,1.65625,0.0,0.875,0.84375,1.0,32.90625,34.40625,1.0,2.0,4.9375,4.9375,0.0,2,2 4
2486,811.41845703125,810.2340087890625,684.4833374023438,321.6499938964844,3.03125,0.0,4.625,4.625,1.84375,0.0,0.8125,0.96875,1.0,32.53125,36.09375,1.0,2.03125,4.03125,4.03125,0.0,3,3 4
2487,791.0865478515625,789.5377197265625,666.263916015625,310.3687438964844,3.0,0.0,4.46875,4.46875,1.6875,0.0,0.875,0.90625,1.0,32.66875076293945,37.53125,1.0,2.0,5.28125,5.28125,0.0,4,4 2
2488,854.0648803710938,852.4932861328125,722.5836181640625,327.5625,3.09375,0.0,4.84375,4.84375,1.875,0.0625,0.9375,0.90625,1.0625,34.54999923706055,36.90625,1.0,2.09375,4.6875,4.6875,0.0,4,4 3
2489,847.45947265625,846.2352294921875,715.6150512695312,333.5,3.125,0.0,4.59375,4.59375,1.71875,0.0,0.875,0.96875,1.03125,35.11249923706055,32.125,1.0,2.125,4.59375,4.59375,0.0,3,3 2
2490,947.3211669921875,944.5133666992188,802.3325805664062,359.0375061035156,3.34375,0.0,4.6875,4.6875,1.78125,0.0,0.90625,1.0,1.0,39.118751525878906,37.53125,1.0,2.34375,4.125,4.125,0.0,2,2 4
2491,882.0957641601562,879.9505615234375,745.6526489257812,340.3125,3.21875,0.0,4.40625,4.40625,1.625,0.0,0.8125,0.96875,1.0,35.943748474121094,34.34375,1.0,2.21875,4.1875,4.1875,0.0,2,2 3
2492,1015.2506103515625,1012.6273193359375,860.837890625,363.8999938964844,3.53125,0.0,4.96875,4.96875,1.875,0.0,1.0,0.96875,1.125,41.150001525878906,35.5,1.0,2.53125,5.125,5.125,0.0,4,4 3
2493,798.39306640625,797.6975708007812,673.3991088867188,319.61248779296875,3.03125,0.0,4.28125,4.28125,1.6875,0.0,0.71875,0.90625,0.96875,32.66875076293945,36.1875,1.0,2.03125,3.625,3.625,0.0,3,3 4
2494,981.2188720703125,979.85595703125,833.1521606445312,347.8687438964844,3.4375,0.0,4.96875,4.96875,1.84375,0.03125,0.96875,1.0,1.125,39.224998474121094,35.40625,1.0,2.4375,5.59375,5.59375,0.0,2,2 0
2495,964.7305297851562,963.1027221679688,820.67919921875,345.20001220703125,3.34375,0.0,4.90625,4.90625,1.90625,0.0,1.03125,0.9375,1.03125,39.45000076293945,32.46875,1.0,2.34375,4.875,4.875,0.0,2,2 4
2496,799.964599609375,797.9676513671875,675.6405029296875,320.57501220703125,2.96875,0.0,4.375,4.375,1.65625,0.0,0.84375,0.875,1.0,33.95000076293945,32.40625,1.53125,1.96875,4.375,4.375,0.0,3,3 4
2497,946.5632934570312,945.1300048828125,803.1845092773438,363.6000061035156,3.3125,0.0,4.90625,4.90625,1.78125,0.03125,1.09375,1.0,1.0,38.974998474121094,32.75,1.0,2.3125,6.375,6.375,0.0,3,3 2
2498,822.28271484375,819.7849731445312,693.5049438476562,337.84375,3.0625,0.0,4.125,4.125,1.53125,0.0,0.6875,0.90625,1.0,34.79375076293945,32.59375,1.0,2.0625,4.46875,4.46875,0.0,3,3 4
2499,799.9473876953125,797.61279296875,673.2684326171875,309.01873779296875,3.03125,0.0,4.4375,4.4375,1.71875,0.0,0.78125,0.9375,1.0,32.39374923706055,35.90625,1.65625,2.03125,4.0625,4.0625,0.0,3,3 2
2500,933.6154174804688,930.0501708984375,789.88037109375,361.40625,3.28125,0.0,4.84375,4.84375,1.875,0.0,0.9375,1.0,1.03125,38.400001525878906,35.0625,1.0,2.28125,4.96875,4.96875,0.0,2,2 3
2501,818.00390625,816.5418701171875,688.1292114257812,325.01251220703125,3.125,0.0,4.3125,4.3125,1.6875,0.0,0.71875,0.90625,1.0,31.456249237060547,42.5,1.0,2.125,3.4375,3.4375,0.0,2,2 3
2502,798.7694091796875,796.773681640625,671.5209350585938,333.83123779296875,3.03125,0.0,4.34375,4.34375,1.6875,0.0,0.71875,0.9375,1.0,32.631248474121094,35.6875,1.0,2.03125,3.84375,3.84375,0.0,2,2 4
2503,875.8905029296875,874.5145263671875,739.8675537109375,349.5,3.21875,0.0,4.375,4.375,1.65625,0.0,0.8125,0.875,1.03125,36.025001525878906,38.8125,1.0,2.21875,4.53125,4.53125,0.0,2,2 4
2504,897.5641479492188,895.8551025390625,759.2459716796875,352.82501220703125,3.21875,0.0,4.75,4.75,1.78125,0.0,1.0,0.96875,1.0,37.66875076293945,30.4375,1.0,2.21875,5.03125,5.03125,0.0,3,3 2
2505,750.62939453125,747.8446044921875,631.6092529296875,318.9125061035156,2.84375,0.0,4.25,4.25,1.5625,0.0,0.8125,0.875,1.0,32.51250076293945,29.0,1.0,1.84375,3.6875,3.6875,0.0,2,2 3
2506,957.2244262695312,956.2193603515625,811.70703125,369.53125,3.375,0.0,4.84375,4.84375,1.9375,0.0,0.875,1.0,1.03125,38.39374923706055,33.125,1.0,2.375,6.375,6.375,0.0,3,3 2
2507,834.2329711914062,830.0574340820312,701.9486083984375,331.9750061035156,3.09375,0.0,4.3125,4.3125,1.6875,0.0,0.78125,0.875,0.96875,35.125,28.75,1.0,2.09375,5.40625,5.40625,0.0,3,3 2
2508,749.9929809570312,748.6400146484375,631.7598876953125,327.17498779296875,2.875,0.0,4.03125,4.03125,1.5625,0.0,0.6875,0.8125,0.96875,31.368749618530273,31.9375,1.0,1.875,5.5,5.5,0.0,4,4 3
2509,966.3584594726562,963.9078369140625,819.2706909179688,380.1625061035156,3.375,0.0,4.65625,4.65625,1.8125,0.0,0.9375,0.875,1.03125,40.29999923706055,30.75,1.0,2.375,6.6875,6.6875,0.0,3,3 2
2510,1002.0531616210938,999.53759765625,849.9150390625,379.36248779296875,3.46875,0.0,4.9375,4.9375,1.96875,0.03125,0.96875,0.96875,1.0,40.09375,31.53125,1.0,2.46875,5.65625,5.65625,0.0,3,3 2
2511,969.7302856445312,968.0325927734375,825.4669799804688,362.5249938964844,3.34375,0.0,4.71875,4.71875,1.90625,0.0,0.90625,0.875,1.03125,39.59375,27.5,2.0,2.34375,5.5625,5.5625,0.0,2,2 4
2512,1001.448974609375,999.146484375,851.2518310546875,368.3374938964844,3.46875,0.0,4.6875,4.6875,1.96875,0.03125,0.84375,0.84375,1.0,39.11249923706055,30.4375,1.53125,2.46875,5.0,5.0,0.0,4,4 2
2513,950.0968017578125,947.1004028320312,804.9248046875,355.8687438964844,3.34375,0.0,4.75,4.75,1.875,0.0,0.96875,0.875,1.03125,38.58124923706055,28.9375,1.0,2.34375,6.65625,6.65625,0.0,3,3 2
2514,1006.4842529296875,1005.3197021484375,856.0446166992188,372.23126220703125,3.46875,0.0,4.96875,4.96875,2.0,0.03125,0.9375,0.90625,1.09375,39.45000076293945,24.84375,1.53125,2.46875,6.9375,6.9375,0.0,3,3 4
2515,950.2605590820312,946.9715576171875,805.2689208984375,363.51251220703125,3.3125,0.0,4.90625,4.90625,1.9375,0.0,1.03125,0.90625,1.03125,37.650001525878906,25.5,1.0,2.3125,6.0,6.0,0.0,2,2 3
2516,974.8456420898438,972.2179565429688,827.5626831054688,373.29376220703125,3.375,0.0,4.78125,4.78125,1.78125,0.0625,0.90625,0.96875,1.0625,39.53125,27.65625,1.0,2.375,5.6875,5.6875,0.0,2,2 4
2517,1048.0137939453125,1045.9908447265625,892.5103759765625,391.73748779296875,3.5625,0.0,4.71875,4.71875,1.90625,0.03125,0.875,0.84375,1.0625,41.07500076293945,27.3125,1.0,2.5625,6.5625,6.5625,0.0,2,2 1
2518,1026.2076416015625,1023.7333984375,872.0213012695312,394.39373779296875,3.5,0.0,4.875,4.875,1.9375,0.0,0.90625,0.90625,1.125,41.625,27.84375,1.46875,2.5,6.875,6.875,0.0,3,3 1
2519,911.4061279296875,909.2435302734375,770.055419921875,373.70001220703125,3.28125,0.0,4.5625,4.5625,1.84375,0.0,0.8125,0.90625,1.0,35.78125,30.40625,1.0,2.28125,4.71875,4.71875,0.0,2,2 4
2520,1046.320556640625,1044.858154296875,890.3721923828125,392.54376220703125,3.5625,0.0,5.0,5.0,1.84375,0.0625,1.15625,0.875,1.0625,40.1875,25.28125,1.0,2.5625,5.4375,5.4375,0.0,4,4 2
2521,949.955810546875,947.71142578125,806.6014404296875,369.04998779296875,3.3125,0.0,4.65625,4.65625,1.78125,0.0,0.96875,0.84375,1.0625,38.375,23.3125,1.53125,2.3125,5.09375,5.09375,0.0,3,3 0
2522,939.0314331054688,936.3289184570312,796.8512573242188,371.13751220703125,3.28125,0.0,4.625,4.625,1.8125,0.0,0.90625,0.84375,1.0625,36.712501525878906,25.21875,1.5,2.28125,5.3125,5.3125,0.0,3,3 0
2523,951.3477172851562,947.7158203125,805.82373046875,378.03125,3.34375,0.0,4.46875,4.46875,1.8125,0.03125,0.71875,0.84375,1.0625,37.099998474121094,29.21875,2.0625,2.34375,4.5,4.5,0.0,3,3 4
2524,1002.746337890625,1001.4970703125,852.16259765625,402.40625,3.4375,0.0,4.8125,4.8125,1.875,0.0,0.96875,0.9375,1.03125,42.162498474121094,20.90625,1.0,2.4375,4.0625,4.0625,0.0,3,3 4
2525,1040.6673583984375,1038.9820556640625,883.0715942382812,428.76251220703125,3.5625,0.0,4.875,4.875,1.875,0.03125,1.0,0.875,1.09375,40.818748474121094,26.28125,1.46875,2.5625,4.25,4.25,0.0,3,3 2
2526,924.0963134765625,921.166015625,781.4114379882812,378.34375,3.28125,0.0,4.59375,4.59375,1.75,0.0,0.90625,0.90625,1.03125,36.943748474121094,25.09375,1.0,2.28125,3.9375,3.9375,0.0,3,3 4
2527,925.0782470703125,922.0157470703125,783.2760620117188,381.23748779296875,3.25,0.0,4.5625,4.5625,1.75,0.0,0.9375,0.875,1.0,38.48749923706055,25.6875,1.90625,2.25,4.5625,4.5625,0.0,3,3 0
2528,858.674072265625,857.244140625,725.5245361328125,376.4125061035156,3.125,0.0,4.34375,4.34375,1.78125,0.0,0.6875,0.875,1.0,34.85625076293945,30.8125,1.5,2.125,4.4375,4.4375,0.0,3,3 4
2529,844.6318359375,843.5452270507812,713.4482421875,357.4375,3.09375,0.0,4.5,4.5,1.71875,0.0,0.84375,0.90625,1.03125,34.931251525878906,23.75,1.53125,2.09375,4.78125,4.78125,0.0,3,3 4
2530,825.7972412109375,824.7012939453125,697.5429077148438,364.70001220703125,3.03125,0.0,4.34375,4.34375,1.59375,0.0,0.875,0.875,1.0,34.64374923706055,24.0,1.0,2.03125,4.1875,4.1875,0.0,3,3 4
2531,795.9468994140625,795.2099609375,672.6881103515625,344.8687438964844,2.96875,0.0,4.15625,4.15625,1.6875,0.0,0.6875,0.84375,0.9375,33.14374923706055,28.0625,1.0,1.96875,4.3125,4.3125,0.0,2,2 0
2532,861.8709106445312,857.3346557617188,726.4598999023438,360.1812438964844,3.09375,0.0,4.59375,4.59375,1.625,0.0,0.9375,0.96875,1.0625,36.40625,25.28125,1.0,2.09375,4.40625,4.40625,0.0,3,3 4
2533,960.95068359375,959.3898315429688,813.7711791992188,380.875,3.40625,0.0,4.6875,4.6875,1.8125,0.03125,0.9375,0.9375,0.96875,37.568748474121094,35.84375,1.0,2.40625,4.9375,4.9375,0.0,3,3 1
2534,884.4229736328125,880.4736328125,747.0233764648438,386.75,3.125,0.0,4.5625,4.5625,1.8125,0.0,0.84375,0.90625,1.0,36.73749923706055,26.0625,1.46875,2.125,5.03125,5.03125,0.0,2,2 3
2535,838.213134765625,834.2102661132812,705.4842529296875,377.5375061035156,3.03125,0.0,4.5625,4.5625,1.78125,0.0,0.8125,0.96875,1.0,34.92499923706055,27.8125,1.46875,2.03125,4.5,4.5,0.0,3,3 4
2536,1057.71533203125,1055.651123046875,900.4376831054688,396.60626220703125,3.5625,0.0,5.03125,5.03125,2.0,0.03125,1.0,0.96875,1.03125,42.40625,27.9375,1.0,2.5625,6.21875,6.21875,0.0,3,3 4
2537,1056.6014404296875,1054.58251953125,899.3824462890625,393.51251220703125,3.59375,0.0,4.75,4.75,1.96875,0.0,0.84375,0.90625,1.03125,42.150001525878906,33.40625,1.0,2.59375,4.40625,4.40625,0.0,3,3 2
2538,958.7901611328125,956.1248779296875,813.08056640625,381.1937561035156,3.34375,0.0,4.65625,4.65625,1.90625,0.0,0.8125,0.875,1.0625,38.45624923706055,24.3125,1.0,2.34375,4.75,4.75,0.0,2,2 3
2539,950.7932739257812,948.6339721679688,806.443359375,370.71875,3.34375,0.0,4.59375,4.59375,1.8125,0.0,0.78125,0.9375,1.0625,38.01250076293945,28.5,1.0,2.34375,4.78125,4.78125,0.0,2,2 3
2540,863.75439453125,861.6090698242188,731.1375122070312,336.2437438964844,3.125,0.0,4.5625,4.5625,1.84375,0.03125,0.875,0.8125,1.0,34.21875,32.71875,1.0,2.125,4.28125,4.28125,0.0,2,2 0
2541,1035.4434814453125,1032.975830078125,879.6318359375,370.42498779296875,3.5625,0.0,4.96875,4.96875,1.9375,0.03125,1.0,0.9375,1.0625,40.681251525878906,30.84375,1.0,2.5625,4.46875,4.46875,0.0,3,3 4
2542,770.8375244140625,768.1494140625,648.9335327148438,316.2749938964844,2.9375,0.0,4.125,4.125,1.75,0.0,0.625,0.75,1.0,30.706249237060547,33.4375,1.09375,1.9375,3.21875,3.21875,0.0,3,3 2
2543,790.274169921875,786.545166015625,664.4273681640625,317.5249938964844,2.96875,0.0,4.46875,4.46875,1.78125,0.03125,0.78125,0.875,1.0,31.549999237060547,32.21875,1.0,1.96875,3.59375,3.59375,0.0,3,3 2
2544,858.8157348632812,856.3795776367188,727.2349853515625,341.95001220703125,3.09375,0.0,4.4375,4.4375,1.71875,0.03125,0.84375,0.875,0.96875,35.33124923706055,26.78125,1.0,2.09375,3.75,3.75,0.0,3,3 4
2545,1040.8330078125,1038.5748291015625,882.9562377929688,384.79998779296875,3.59375,0.0,5.0625,5.0625,2.0625,0.03125,0.9375,1.0,1.03125,39.95000076293945,29.15625,1.0,2.59375,3.96875,3.96875,0.0,3,3 4
2546,914.1141967773438,910.6697387695312,774.73291015625,322.4312438964844,3.28125,0.0,4.4375,4.4375,1.84375,0.0,0.75,0.84375,1.0,34.73749923706055,33.59375,1.5,2.28125,3.21875,3.21875,0.0,4,4 1
2547,900.7277221679688,898.82275390625,763.0997314453125,334.95001220703125,3.25,0.0,4.5,4.5,1.75,0.0,0.8125,0.96875,0.96875,35.974998474121094,29.03125,1.0,2.25,4.15625,4.15625,0.0,3,3 4
2548,998.937255859375,997.203125,851.6980590820312,341.7749938964844,3.4375,0.0,4.71875,4.71875,1.78125,0.03125,1.03125,0.875,1.0,39.8125,20.03125,1.0,2.4375,3.28125,3.28125,0.0,3,3 2
2549,1043.7547607421875,1041.65234375,886.9814453125,377.5625,3.59375,0.0,4.875,4.875,2.03125,0.03125,0.8125,0.96875,1.03125,40.86249923706055,33.1875,1.0,2.59375,4.3125,4.3125,0.0,0,0 3
2550,894.2935791015625,891.5569458007812,756.6522216796875,347.98748779296875,3.21875,0.0,4.46875,4.46875,1.875,0.0,0.6875,0.9375,0.96875,35.79375076293945,32.125,1.0,2.21875,4.34375,4.34375,0.0,3,3 2
2551,855.4254150390625,853.5615234375,723.2836303710938,329.8062438964844,3.125,0.0,4.5625,4.5625,1.875,0.0,0.78125,0.90625,1.0,34.931251525878906,28.8125,1.0,2.125,3.71875,3.71875,0.0,3,3 2
2552,925.4100341796875,922.76123046875,784.9685668945312,335.4125061035156,3.28125,0.0,4.625,4.625,1.84375,0.03125,0.78125,0.96875,1.0,37.275001525878906,21.25,1.0,2.28125,4.40625,4.40625,0.0,3,3 2
2553,934.568603515625,933.5408325195312,794.1365966796875,352.0375061035156,3.28125,0.0,4.8125,4.8125,1.875,0.03125,0.90625,0.96875,1.03125,37.443748474121094,24.6875,1.5,2.28125,5.0625,5.0625,0.0,4,4 3
2554,1063.77490234375,1062.6041259765625,905.1241455078125,376.3999938964844,3.65625,0.0,4.96875,4.96875,2.125,0.0,0.84375,1.0,1.0,40.125,28.5625,1.0,2.65625,5.625,5.625,0.0,3,3 4
2555,921.2175903320312,919.4089965820312,780.8707885742188,333.78125,3.3125,0.0,4.5,4.5,1.78125,0.0,0.875,0.875,0.96875,37.35625076293945,26.1875,1.0,2.3125,5.5625,5.5625,0.0,2,2 3
2556,983.6751098632812,982.1272583007812,836.365234375,342.90625,3.4375,0.0,4.78125,4.78125,2.0,0.03125,0.8125,0.9375,1.0,39.537498474121094,25.03125,1.0,2.4375,6.59375,6.59375,0.0,3,3 4
2557,1035.5855712890625,1034.09326171875,880.6129760742188,356.5687561035156,3.59375,0.0,4.78125,4.78125,1.96875,0.03125,0.8125,0.96875,1.0,42.162498474121094,20.28125,1.0,2.59375,7.46875,7.46875,0.0,3,3 4
2558,1023.0878295898438,1020.56591796875,870.1796875,346.125,3.53125,0.0,4.875,4.875,2.125,0.0625,0.75,0.9375,1.0,40.375,27.125,1.0,2.53125,6.78125,6.78125,0.0,3,3 4
2559,1104.9686279296875,1102.332763671875,941.6239013671875,366.7124938964844,3.75,0.0,4.84375,4.84375,1.96875,0.0,0.875,0.9375,1.0625,41.65625,26.3125,1.0,2.75,8.78125,8.78125,0.0,3,3 0
2560,1048.235107421875,1046.930419921875,894.267578125,356.35626220703125,3.5625,0.0,4.9375,4.9375,2.0625,0.0625,0.90625,0.96875,0.9375,41.5,21.5,1.0,2.5625,6.65625,6.65625,0.0,0,0 3
2561,1005.3952026367188,1001.4034423828125,853.52294921875,358.26873779296875,3.5,0.0,4.46875,4.46875,2.03125,0.0625,0.59375,0.875,0.90625,39.400001525878906,24.5,1.0,2.5,6.0,6.0,0.0,3,3 2
2562,1102.01953125,1100.1025390625,941.2662353515625,369.3187561035156,3.6875,0.0,4.875,4.875,2.0,0.0,0.9375,0.9375,1.0,44.41875076293945,22.03125,1.0,2.6875,6.84375,6.84375,0.0,2,2 3
2563,1014.3434448242188,1012.8938598632812,865.3455200195312,354.28125,3.46875,0.0,4.65625,4.65625,1.84375,0.0625,0.90625,0.84375,1.0,41.787498474121094,21.84375,1.0,2.46875,6.0625,6.0625,0.0,1,1 2
2564,986.7587890625,985.7379760742188,839.7840576171875,365.86248779296875,3.40625,0.0,4.78125,4.78125,1.90625,0.0,0.9375,0.9375,1.0,41.51874923706055,21.8125,1.0,2.40625,6.09375,6.09375,0.0,3,3 1
2565,1075.464599609375,1074.0894775390625,916.8123779296875,371.10626220703125,3.65625,0.0,4.90625,4.90625,1.9375,0.0,1.09375,0.90625,0.96875,41.85625076293945,25.03125,1.0,2.65625,6.71875,6.71875,0.0,4,4 3
2566,859.3825073242188,857.6652221679688,727.8790893554688,335.375,3.125,0.0,4.375,4.375,1.75,0.0,0.78125,0.8125,1.03125,34.818748474121094,31.96875,1.46875,2.125,4.6875,4.6875,0.0,2,2 4
2567,928.3798217773438,926.4226684570312,787.6213989257812,348.4937438964844,3.28125,0.0,4.6875,4.6875,1.8125,0.03125,0.9375,0.84375,1.0625,37.85625076293945,25.5625,1.0,2.28125,6.0625,6.0625,0.0,2,2 3
2568,928.5987548828125,927.5859375,788.5660400390625,362.9312438964844,3.28125,0.0,4.5625,4.5625,1.78125,0.0,0.875,0.90625,1.0,37.837501525878906,24.9375,1.0,2.28125,6.53125,6.53125,0.0,3,3 0
2569,1057.8155517578125,1056.9163818359375,901.3035278320312,392.64373779296875,3.59375,0.0,4.875,4.875,1.90625,0.0,1.0625,0.9375,0.96875,41.90625,23.46875,1.0,2.59375,7.09375,7.09375,0.0,2,2 4
2570,1011.0,1009.0593872070312,859.6209716796875,360.6812438964844,3.46875,0.0,5.09375,5.09375,1.875,0.0,1.09375,1.0,1.125,40.787498474121094,24.5,1.0,2.46875,7.28125,7.28125,0.0,3,3 4
2571,1017.0921630859375,1015.0003662109375,864.5422973632812,370.6875,3.5,0.0,4.84375,4.84375,1.84375,0.0,1.0625,0.9375,1.0,41.9375,27.875,1.0,2.5,6.6875,6.6875,0.0,4,4 1
2572,1053.6982421875,1052.521240234375,897.9698486328125,374.3999938964844,3.5625,0.0,5.15625,5.15625,1.96875,0.03125,1.125,1.0,1.03125,42.118751525878906,23.0,1.0,2.5625,7.0625,7.0625,0.0,2,2 3
2573,880.4821166992188,878.7784423828125,744.7741088867188,348.23748779296875,3.1875,0.0,4.53125,4.53125,1.71875,0.0,0.90625,0.875,1.03125,36.625,28.0,1.0,2.1875,6.59375,6.59375,0.0,4,4 2
2574,994.329345703125,991.6710205078125,845.1572265625,358.01251220703125,3.4375,0.0,4.75,4.75,1.78125,0.0,1.03125,0.90625,1.03125,40.212501525878906,22.625,1.0,2.4375,6.4375,6.4375,0.0,2,2 3
2575,949.5078125,946.6124267578125,806.9099731445312,333.35626220703125,3.3125,0.0,4.71875,4.71875,1.8125,0.0,1.0,0.9375,0.96875,39.08124923706055,22.4375,1.0,2.3125,5.375,5.375,0.0,4,4 2
2576,1076.203369140625,1074.73046875,918.7604370117188,382.7875061035156,3.59375,0.0,5.0625,5.0625,1.90625,0.0625,1.125,0.8125,1.15625,42.462501525878906,26.34375,1.0,2.59375,7.125,7.125,0.0,4,4 3
2577,909.7422485351562,905.68115234375,770.54345703125,352.64373779296875,3.1875,0.0,4.6875,4.6875,1.84375,0.03125,0.96875,0.84375,1.0,38.224998474121094,21.5625,2.21875,2.1875,6.3125,6.3125,0.0,3,3 4
2578,886.7388916015625,885.1306762695312,749.4485473632812,365.2875061035156,3.1875,0.0,4.6875,4.6875,1.875,0.0,0.84375,0.9375,1.03125,37.73749923706055,26.5,1.0,2.1875,6.53125,6.53125,0.0,4,4 3
2579,886.66748046875,884.8220825195312,750.5977783203125,365.46875,3.15625,0.0,4.625,4.625,1.78125,0.0,0.9375,0.90625,1.0,38.26874923706055,25.5,1.5625,2.15625,6.46875,6.46875,0.0,2,2 1
2580,978.9334106445312,978.1481323242188,832.1765747070312,391.11248779296875,3.375,0.0,4.8125,4.8125,1.90625,0.0,0.875,0.96875,1.0625,41.20000076293945,28.40625,1.0,2.375,7.8125,7.8125,0.0,3,3 0
2581,908.4456176757812,906.0262451171875,766.6152954101562,367.17498779296875,3.28125,0.0,4.59375,4.59375,1.71875,0.0,0.9375,0.90625,1.03125,38.13750076293945,26.65625,1.0,2.28125,7.6875,7.6875,0.0,3,3 0
2582,791.1357421875,788.80908203125,664.8651733398438,347.61248779296875,2.96875,0.0,4.46875,4.46875,1.78125,0.0,0.8125,0.875,1.0,33.337501525878906,30.375,1.0,1.96875,7.0,7.0,0.0,3,3 0
2583,783.5084838867188,782.8743896484375,662.1758422851562,327.67498779296875,2.9375,0.0,4.21875,4.21875,1.75,0.0,0.6875,0.75,1.03125,33.693748474121094,33.21875,1.0,1.9375,8.0,8.0,0.0,3,3 1
2584,808.523193359375,806.6193237304688,682.1683349609375,334.75,3.0,0.0,4.40625,4.40625,1.6875,0.0,0.84375,0.875,1.0,33.82500076293945,32.0625,1.0,2.0,6.8125,6.8125,0.0,3,3 0
2585,845.6847534179688,842.8963012695312,715.0967407226562,333.17498779296875,3.09375,0.0,4.25,4.25,1.75,0.0,0.78125,0.8125,0.90625,34.462501525878906,28.8125,1.6875,2.09375,9.34375,9.34375,0.0,3,3 0
2586,870.4834594726562,868.7698364257812,737.5460815429688,342.76251220703125,3.125,0.0,4.53125,4.53125,1.78125,0.0,0.90625,0.8125,1.03125,37.28125,31.96875,2.34375,2.125,8.0625,8.0625,0.0,3,3 2
2587,978.1793823242188,975.9964599609375,831.3050537109375,357.98126220703125,3.375,0.0,4.96875,4.96875,1.9375,0.0,1.03125,0.90625,1.09375,39.818748474121094,25.03125,1.0,2.375,9.4375,9.4375,0.0,1,1 4
2588,823.64404296875,822.0223388671875,697.1856689453125,328.39373779296875,3.0,0.0,4.5,4.5,1.75,0.0,1.0,0.8125,0.9375,35.650001525878906,25.84375,1.0,2.0,8.625,8.625,0.0,0,0 2
2589,897.0939331054688,895.2747802734375,762.3814086914062,331.45001220703125,3.1875,0.0,4.40625,4.40625,1.71875,0.0,0.90625,0.84375,0.9375,37.89374923706055,30.9375,1.0,2.1875,8.53125,8.53125,0.0,4,4 3
2590,772.488525390625,770.1627197265625,651.3778076171875,329.38751220703125,2.90625,0.0,4.0625,4.0625,1.59375,0.0,0.75,0.6875,1.03125,33.349998474121094,29.71875,1.0,1.90625,8.21875,8.21875,0.0,3,3 4
2591,1021.9212646484375,1019.2786254882812,868.875,386.9937438964844,3.46875,0.0,4.96875,4.96875,2.0625,0.0,0.9375,0.90625,1.0625,41.618751525878906,31.75,1.0,2.46875,8.375,8.375,0.0,3,3 0
2592,907.0670166015625,905.9759521484375,768.5885009765625,371.45623779296875,3.21875,0.0,4.6875,4.6875,1.8125,0.0,0.9375,0.875,1.0625,38.20624923706055,29.625,1.28125,2.21875,8.0625,8.0625,0.0,3,3 0
2593,839.4083251953125,838.9221801757812,709.403564453125,358.35626220703125,3.0625,0.0,4.6875,4.6875,1.84375,0.0,0.9375,0.8125,1.09375,34.587501525878906,29.3125,1.0,2.0625,7.5,7.5,0.0,0,0 2
2594,888.2296142578125,886.7951049804688,751.1712646484375,379.1625061035156,3.1875,0.0,4.5625,4.5625,1.84375,0.0,0.78125,0.875,1.0625,36.337501525878906,30.1875,1.28125,2.1875,5.5,5.5,0.0,0,0 2
2595,823.6798095703125,821.9523315429688,695.1854858398438,339.95623779296875,3.03125,0.0,4.53125,4.53125,1.75,0.0,0.84375,0.90625,1.03125,35.17499923706055,33.0,1.34375,2.03125,6.15625,6.15625,0.0,2,2 3
2596,851.2280883789062,849.8055419921875,720.7171630859375,349.3687438964844,3.09375,0.0,4.25,4.25,1.6875,0.0,0.78125,0.875,0.90625,37.125,29.25,1.59375,2.09375,6.125,6.125,0.0,3,3 2
2597,949.3162841796875,948.1930541992188,804.1267700195312,359.6625061035156,3.375,0.0,4.84375,4.84375,1.84375,0.0,1.0,1.0,1.0,38.65625,31.375,1.0,2.375,7.0625,7.0625,0.0,3,3 2
2598,899.8529052734375,899.0638427734375,763.42822265625,348.26873779296875,3.21875,0.0,4.53125,4.53125,1.71875,0.0,0.90625,0.90625,1.0,38.38750076293945,28.09375,1.0,2.21875,6.40625,6.40625,0.0,1,1 0
2599,1048.6881103515625,1046.02685546875,891.3244018554688,404.0874938964844,3.5625,0.0,4.8125,4.8125,1.84375,0.0,0.875,0.96875,1.125,42.349998474121094,30.75,1.0,2.5625,8.15625,8.15625,0.0,3,3 2
2600,990.9738159179688,990.1682739257812,842.7642822265625,384.90625,3.40625,0.0,4.9375,4.9375,1.8125,0.0,1.09375,0.9375,1.09375,40.8125,29.5,1.0,2.40625,7.84375,7.84375,0.0,2,2 3
2601,745.0943603515625,743.4884033203125,629.0275268554688,319.3999938964844,2.8125,0.0,4.15625,4.15625,1.5625,0.0,0.78125,0.8125,1.0,31.893749237060547,32.125,2.03125,1.8125,5.8125,5.8125,0.0,4,4 2
2602,799.692138671875,798.67724609375,675.2543334960938,353.8500061035156,2.9375,0.0,4.5625,4.5625,1.71875,0.0,0.90625,0.875,1.0625,33.91875076293945,31.03125,2.25,1.9375,7.40625,7.40625,0.0,3,3 2
2603,877.2572631835938,873.5704956054688,740.1468505859375,368.11248779296875,3.125,0.0,4.75,4.75,1.71875,0.0,1.0,0.9375,1.09375,37.599998474121094,26.5625,1.0,2.125,7.53125,7.53125,0.0,3,3 2
2604,856.6764526367188,854.7794799804688,723.8923950195312,372.3187561035156,3.09375,0.0,4.46875,4.46875,1.8125,0.0,0.875,0.8125,0.96875,35.881248474121094,32.53125,1.0,2.09375,6.84375,6.84375,0.0,3,3 0
2605,907.0912475585938,905.2442626953125,766.1749877929688,372.95001220703125,3.28125,0.0,4.46875,4.46875,1.71875,0.0,0.875,0.90625,0.96875,37.412498474121094,34.03125,1.0,2.28125,5.6875,5.6875,0.0,3,3 2
2606,886.4532470703125,883.2077026367188,746.4482421875,382.01251220703125,3.1875,0.0,4.78125,4.78125,1.8125,0.0,0.96875,0.96875,1.03125,36.993751525878906,31.15625,1.0,2.1875,6.625,6.625,0.0,3,3 4
2607,907.127197265625,905.8199462890625,767.5157470703125,382.8812561035156,3.21875,0.0,4.71875,4.71875,1.78125,0.0,1.0,0.90625,1.03125,39.431251525878906,30.9375,1.0,2.21875,9.90625,9.90625,0.0,2,2 4
2608,1030.0909423828125,1028.4603271484375,875.9139404296875,387.71875,3.5,0.0,5.21875,5.21875,2.03125,0.03125,1.125,0.90625,1.125,40.474998474121094,30.6875,1.0,2.5,10.96875,10.96875,0.0,4,4 2
2609,991.6834106445312,990.2887573242188,844.7614135742188,378.1312561035156,3.375,0.0,4.84375,4.84375,1.875,0.0,1.0,0.875,1.09375,41.64374923706055,29.46875,1.625,2.375,9.6875,9.6875,0.0,3,3 4
2610,835.3175659179688,834.5791015625,709.7918090820312,335.9375,3.0,0.0,4.4375,4.4375,1.71875,0.0,0.96875,0.78125,0.96875,34.66875076293945,24.9375,2.65625,2.0,8.9375,8.9375,0.0,3,3 4
2611,917.2411499023438,915.6689453125,778.6265869140625,359.03125,3.21875,0.0,4.8125,4.8125,1.8125,0.0,1.0,0.875,1.125,36.962501525878906,23.28125,2.6875,2.21875,11.90625,11.90625,0.0,3,3 2
2612,969.470947265625,966.4264526367188,822.0252685546875,379.01251220703125,3.34375,0.0,4.9375,4.9375,1.875,0.0,1.0625,0.875,1.125,40.349998474121094,28.25,2.5,2.34375,12.125,12.125,0.0,3,3 4
2613,876.9007568359375,874.3985595703125,742.9802856445312,344.79998779296875,3.125,0.0,4.625,4.625,1.71875,0.03125,0.90625,0.84375,1.125,35.712501525878906,28.375,1.65625,2.125,11.28125,11.28125,0.0,3,3 2
2614,1028.60302734375,1027.4598388671875,874.20556640625,395.6000061035156,3.5,0.0,5.21875,5.21875,2.03125,0.0,1.03125,1.0,1.15625,42.21875,29.5,1.0,2.5,15.28125,15.28125,0.0,3,3 4
2615,811.743896484375,808.7090454101562,682.7935791015625,353.63751220703125,3.0,0.0,4.46875,4.46875,1.78125,0.0,0.78125,0.84375,1.0625,35.32500076293945,30.71875,1.0,2.0,14.25,14.25,0.0,3,3 2
2616,847.259033203125,843.0305786132812,714.8692016601562,355.48748779296875,3.03125,0.0,4.625,4.625,1.875,0.0,0.8125,0.875,1.0625,36.525001525878906,25.625,1.6875,2.03125,13.25,13.25,0.0,3,3 2
2617,924.9611206054688,923.8703002929688,782.2596435546875,367.3062438964844,3.3125,0.0,4.8125,4.8125,1.8125,0.0,0.9375,0.96875,1.09375,38.16875076293945,34.53125,1.0,2.3125,16.25,16.25,0.0,3,3 2
2618,917.840576171875,916.2136840820312,778.1595458984375,352.8374938964844,3.25,0.0,4.78125,4.78125,1.8125,0.0,0.90625,1.0,1.0625,37.70624923706055,25.90625,1.0,2.25,14.28125,14.28125,0.0,4,4 3
2619,803.6663818359375,800.867431640625,676.2255249023438,337.9375,3.0,0.0,4.40625,4.40625,1.78125,0.0,0.75,0.8125,1.0625,34.0,29.9375,1.0,2.0,13.625,13.625,0.0,3,3 0
2620,846.1759033203125,844.7738037109375,717.582763671875,339.98748779296875,3.0625,0.0,4.25,4.25,1.625,0.0,0.8125,0.71875,1.09375,36.48125076293945,28.78125,1.0,2.0625,11.03125,11.03125,0.0,3,3 0
2621,830.892333984375,828.8825073242188,701.91015625,356.98748779296875,3.0,0.0,4.65625,4.65625,1.8125,0.0,0.9375,0.875,1.03125,36.099998474121094,26.78125,1.0,2.0,12.78125,12.78125,0.0,3,3 2
2622,851.5575561523438,848.3108520507812,717.5777587890625,342.60626220703125,3.125,0.0,4.5,4.5,1.6875,0.0,0.9375,0.875,1.0,35.29375076293945,31.25,1.0,2.125,13.46875,13.46875,0.0,4,4 2
2623,796.98193359375,796.1519775390625,674.8433837890625,327.29376220703125,2.9375,0.0,4.25,4.25,1.625,0.0,0.8125,0.8125,1.0,36.493751525878906,30.15625,1.0,1.9375,13.53125,13.53125,0.0,2,2 3
2624,927.0176391601562,924.6492919921875,783.6998291015625,363.0,3.3125,0.0,4.71875,4.71875,1.78125,0.0,1.0,0.90625,1.03125,37.775001525878906,32.96875,1.0,2.3125,16.53125,16.53125,0.0,3,3 0
2625,920.745849609375,917.9693603515625,779.2960205078125,343.5,3.28125,0.0,4.75,4.75,1.75,0.0,1.0625,0.8125,1.125,37.14374923706055,30.96875,1.0,2.28125,15.03125,15.03125,0.0,2,2 3
2626,864.03271484375,862.6564331054688,731.0299072265625,347.48126220703125,3.125,0.0,4.625,4.625,1.71875,0.0,1.03125,0.84375,1.03125,36.125,24.0,1.59375,2.125,15.0625,15.0625,0.0,3,3 0
2627,819.9104614257812,817.783447265625,690.5216064453125,356.61248779296875,3.03125,0.0,4.46875,4.46875,1.6875,0.0,0.96875,0.78125,1.03125,34.6875,27.09375,1.0,2.03125,14.65625,14.65625,0.0,4,4 0
2628,794.177978515625,792.1205444335938,670.6065063476562,327.0687561035156,2.9375,0.0,4.4375,4.4375,1.6875,0.0,0.90625,0.875,0.96875,33.53125,29.28125,1.21875,1.9375,11.78125,11.78125,0.0,3,3 4
2629,936.687744140625,935.8234252929688,795.1529541015625,352.33123779296875,3.3125,0.0,4.75,4.75,1.75,0.0,1.0,0.9375,1.0625,38.493751525878906,26.375,1.0,2.3125,10.8125,10.8125,0.0,0,0 2
2630,947.88720703125,946.1611328125,805.7081909179688,345.95623779296875,3.3125,0.0,4.75,4.75,1.71875,0.0,1.03125,0.9375,1.0625,39.056251525878906,27.40625,1.0,2.3125,8.3125,8.3125,0.0,3,3 4
2631,957.6887817382812,955.5198364257812,813.0990600585938,375.25,3.3125,0.0,4.8125,4.8125,1.78125,0.0,1.0,0.84375,1.1875,40.462501525878906,25.71875,1.0,2.3125,10.78125,10.78125,0.0,3,3 2
2632,906.763427734375,904.3211669921875,766.9828491210938,352.9375,3.25,0.0,4.625,4.625,1.75,0.0,0.9375,0.875,1.0625,37.17499923706055,28.0625,1.0,2.25,9.0,9.0,0.0,3,3 4
2633,877.0885009765625,874.421875,743.2627563476562,328.0,3.125,0.0,4.71875,4.71875,1.75,0.0,1.03125,0.875,1.0625,36.85625076293945,26.15625,1.5,2.125,7.6875,7.6875,0.0,3,3 2
2634,941.5978393554688,940.4856567382812,799.5301513671875,341.1625061035156,3.3125,0.0,4.96875,4.96875,1.84375,0.0,1.125,0.96875,1.03125,38.318748474121094,30.75,1.0,2.3125,6.9375,6.9375,0.0,3,3 1
2635,857.58154296875,855.47119140625,723.9415283203125,330.16876220703125,3.15625,0.0,4.53125,4.53125,1.75,0.0,0.875,0.875,1.03125,35.1875,29.15625,1.0,2.15625,6.59375,6.59375,0.0,2,2 3
2636,921.9974365234375,919.7802734375,783.0155029296875,330.76873779296875,3.25,0.0,4.75,4.75,1.75,0.0,1.0625,0.875,1.0625,37.368751525878906,25.4375,1.0,2.25,6.84375,6.84375,0.0,4,4 1
2637,878.9382934570312,877.4957275390625,746.0965576171875,318.4375,3.15625,0.0,4.625,4.625,1.75,0.0,0.9375,0.875,1.0625,35.63750076293945,30.40625,1.34375,2.15625,7.03125,7.03125,0.0,1,1 3
2638,979.2243041992188,977.0924072265625,833.0528564453125,347.5375061035156,3.375,0.0,4.90625,4.90625,1.8125,0.0,1.09375,0.90625,1.09375,40.48749923706055,21.5,1.0,2.375,6.65625,6.65625,0.0,3,3 2
2639,974.1312866210938,970.1328125,827.6341552734375,337.5874938964844,3.375,0.0,4.71875,4.71875,1.71875,0.0,1.0625,0.84375,1.09375,38.85625076293945,25.3125,1.0,2.375,6.1875,6.1875,0.0,3,3 1
2640,801.1910400390625,798.8897094726562,675.7438354492188,315.82501220703125,3.0,0.0,4.40625,4.40625,1.71875,0.0,0.875,0.8125,1.0,31.831249237060547,33.71875,1.0,2.0,4.8125,4.8125,0.0,3,3 4
2641,854.8358154296875,852.1224365234375,724.7747192382812,319.0625,3.0625,0.0,4.625,4.625,1.71875,0.0,1.0,0.8125,1.09375,34.83124923706055,24.875,1.0,2.0625,6.15625,6.15625,0.0,4,4 3
2642,900.9845581054688,898.6008911132812,762.5299072265625,320.8125,3.28125,0.0,4.5,4.5,1.71875,0.0,0.96875,0.78125,1.03125,34.54375076293945,32.21875,1.0,2.28125,5.0625,5.0625,0.0,2,2 3
2643,891.615478515625,889.4691162109375,755.073486328125,330.9125061035156,3.21875,0.0,4.5625,4.5625,1.71875,0.0,0.96875,0.78125,1.09375,35.625,27.5625,1.0,2.21875,6.375,6.375,0.0,3,3 0
2644,947.2290649414062,946.2249145507812,803.90380859375,349.0687561035156,3.34375,0.0,4.90625,4.90625,1.84375,0.0,1.0625,0.9375,1.0625,37.806251525878906,30.125,1.0,2.34375,4.78125,4.78125,0.0,3,3 2
2645,903.3624267578125,900.98681640625,765.9853515625,343.5874938964844,3.1875,0.0,4.8125,4.8125,1.78125,0.0,0.96875,0.90625,1.15625,37.20624923706055,24.96875,1.5625,2.1875,5.46875,5.46875,0.0,3,3 4
2646,837.5865478515625,834.146484375,707.869384765625,327.7749938964844,3.03125,0.0,4.5625,4.5625,1.8125,0.0,0.90625,0.8125,1.03125,35.14374923706055,28.0625,1.0,2.03125,4.625,4.625,0.0,3,3 4
2647,957.7147827148438,955.5574951171875,812.3497314453125,353.04376220703125,3.34375,0.0,5.03125,5.03125,1.96875,0.0,1.03125,0.90625,1.125,38.849998474121094,26.5,1.0,2.34375,5.78125,5.78125,0.0,3,3 2
2648,860.408203125,856.9689331054688,728.1319580078125,318.76873779296875,3.09375,0.0,4.65625,4.65625,1.78125,0.0,0.96875,0.8125,1.09375,35.20000076293945,25.53125,1.0,2.09375,6.34375,6.34375,0.0,3,3 4
2649,1052.6363525390625,1049.1474609375,895.5335693359375,364.40625,3.5625,0.0,5.125,5.125,1.84375,0.03125,1.0,0.9375,1.3125,40.381248474121094,30.84375,1.0,2.5625,5.65625,5.65625,0.0,3,3 4
2650,830.05078125,826.8518676757812,702.57373046875,305.0874938964844,3.03125,0.0,4.40625,4.40625,1.5625,0.0,1.0,0.78125,1.0625,33.8125,27.65625,1.0,2.03125,4.34375,4.34375,0.0,3,3 1
2651,917.0211181640625,913.6585083007812,778.8796997070312,321.7562561035156,3.21875,0.0,4.71875,4.71875,1.6875,0.0,1.09375,0.8125,1.125,36.82500076293945,27.90625,1.0,2.21875,5.65625,5.65625,0.0,3,3 0
2652,738.2258911132812,736.0718383789062,621.4772338867188,295.6625061035156,2.84375,0.0,4.21875,4.21875,1.5,0.0,0.875,0.84375,1.0,30.549999237060547,32.34375,1.0,1.84375,6.1875,6.1875,0.0,3,3 2
2653,773.294189453125,769.8506469726562,649.6543579101562,313.1875,2.9375,0.0,4.3125,4.3125,1.6875,0.0,0.84375,0.8125,0.96875,32.84375,33.84375,1.0,1.9375,6.09375,6.09375,0.0,3,3 2
2654,780.37451171875,777.4678955078125,657.4312133789062,313.17498779296875,2.9375,0.0,4.21875,4.21875,1.65625,0.0,0.8125,0.75,1.0,34.04375076293945,32.125,1.0,1.9375,6.21875,6.21875,0.0,3,3 4
2655,727.9346313476562,725.581298828125,612.179443359375,283.13751220703125,2.84375,0.0,4.0625,4.0625,1.5,0.0,0.78125,0.75,1.03125,30.875,37.21875,1.0,1.84375,4.4375,4.4375,0.0,3,3 1
2656,729.6761474609375,726.6109619140625,613.5175170898438,296.8687438964844,2.8125,0.0,4.125,4.125,1.625,0.0,0.78125,0.6875,1.03125,31.25,32.15625,1.0,1.8125,5.53125,5.53125,0.0,3,3 4
2657,645.09033203125,641.3314819335938,538.1165771484375,264.0,2.65625,0.0,3.9375,3.9375,1.5625,0.0,0.71875,0.6875,0.96875,26.125,35.59375,1.0,1.65625,3.09375,3.09375,0.0,3,3 4
2658,772.9301147460938,770.7166748046875,650.7003784179688,286.1875,2.96875,0.0,4.40625,4.40625,1.75,0.0,0.8125,0.8125,1.03125,29.96875,39.34375,1.0,1.96875,4.5,4.5,0.0,3,3 0
2659,845.0177612304688,842.7171630859375,713.3882446289062,308.61248779296875,3.125,0.0,4.65625,4.65625,1.8125,0.0,0.90625,0.84375,1.09375,33.462501525878906,34.1875,1.0,2.125,5.25,5.25,0.0,3,3 0
2660,836.0017700195312,832.6766357421875,707.8817138671875,315.1312561035156,3.0,0.0,4.59375,4.59375,1.8125,0.0,0.875,0.90625,1.0,37.01874923706055,32.3125,1.0,2.0,4.53125,4.53125,0.0,3,3 2
2661,779.83544921875,777.483642578125,657.089111328125,296.45623779296875,2.9375,0.0,4.5625,4.5625,1.8125,0.0,0.875,0.875,1.0,33.037498474121094,37.15625,1.0,1.9375,4.46875,4.46875,0.0,3,3 2
2662,779.7388916015625,774.623291015625,654.29638671875,298.03125,2.9375,0.0,4.53125,4.53125,1.8125,0.0,0.875,0.84375,1.0,32.91875076293945,29.1875,1.0,1.9375,4.75,4.75,0.0,3,3 2
2663,779.2447509765625,776.6879272460938,657.1097412109375,282.65625,2.96875,0.0,4.28125,4.28125,1.625,0.0,0.84375,0.8125,1.0,31.293750762939453,36.0625,1.0,1.96875,3.5625,3.5625,0.0,3,3 2
2664,823.343017578125,821.1182861328125,694.0361328125,300.3500061035156,3.09375,0.0,4.59375,4.59375,1.84375,0.0,0.90625,0.8125,1.03125,31.956249237060547,36.5625,1.0,2.09375,3.90625,3.90625,0.0,3,3 0
2665,826.1424560546875,823.6959838867188,698.5203857421875,299.88751220703125,3.03125,0.0,4.65625,4.65625,1.90625,0.0,0.8125,0.90625,1.03125,34.6875,31.03125,1.0,2.03125,4.0625,4.0625,0.0,3,3 2
2666,833.5166015625,829.5300903320312,702.1168212890625,294.4375,3.09375,0.0,4.625,4.625,1.78125,0.0,0.875,0.875,1.09375,34.743751525878906,32.3125,1.0,2.09375,3.34375,3.34375,0.0,3,3 1
2667,884.207275390625,881.5501098632812,748.72900390625,312.92498779296875,3.1875,0.0,4.71875,4.71875,1.8125,0.0,0.8125,0.90625,1.1875,35.693748474121094,30.28125,1.0,2.1875,3.8125,3.8125,0.0,3,3 2
2668,812.4208984375,811.4078369140625,686.7041015625,277.73126220703125,3.0625,0.0,4.5625,4.5625,1.75,0.0,0.96875,0.84375,1.0,33.01250076293945,27.28125,1.0,2.0625,3.84375,3.84375,0.0,3,3 4
2669,871.6234130859375,868.3455200195312,737.2601318359375,303.20001220703125,3.15625,0.0,4.71875,4.71875,1.84375,0.0,0.90625,0.90625,1.0625,36.04375076293945,23.875,1.0,2.15625,4.53125,4.53125,0.0,3,3 2
2670,913.5289916992188,909.9085693359375,774.6318359375,294.7124938964844,3.28125,0.0,4.5,4.5,1.875,0.0,0.78125,0.8125,1.03125,37.381248474121094,30.3125,1.0,2.28125,2.96875,2.96875,0.0,3,3 1
2671,720.319091796875,716.97900390625,606.7369995117188,259.61248779296875,2.8125,0.0,3.90625,3.90625,1.5,0.0,0.78125,0.5625,1.0625,30.618749618530273,26.875,1.0,1.8125,2.875,2.875,0.0,3,3 2
2672,931.5955810546875,929.9826049804688,793.0878295898438,306.21875,3.28125,0.0,4.75,4.75,1.8125,0.03125,0.875,0.84375,1.1875,37.618751525878906,26.3125,1.0,2.28125,4.03125,4.03125,0.0,0,0 3
2673,1090.6790771484375,1089.171142578125,933.2044677734375,317.11248779296875,3.65625,0.0,5.1875,5.1875,2.0,0.0,1.03125,0.9375,1.21875,43.32500076293945,24.0,1.0,2.65625,3.84375,3.84375,0.0,3,3 2
2674,963.4700317382812,962.1565551757812,820.642578125,304.96875,3.375,0.0,4.84375,4.84375,1.96875,0.03125,0.84375,0.90625,1.09375,39.66875076293945,24.375,1.0,2.375,3.5,3.5,0.0,4,4 3
2675,941.4188232421875,939.7821044921875,801.2914428710938,291.73126220703125,3.3125,0.0,4.96875,4.96875,1.875,0.03125,1.0,0.90625,1.15625,38.35625076293945,22.4375,1.0,2.3125,3.34375,3.34375,0.0,2,2 3
2676,1002.621337890625,999.2916870117188,853.1055908203125,305.8374938964844,3.46875,0.0,5.0,5.0,1.9375,0.03125,0.9375,0.96875,1.125,40.037498474121094,28.78125,1.0,2.46875,3.3125,3.3125,0.0,3,3 2
2677,1021.548095703125,1019.4293212890625,872.30908203125,324.8187561035156,3.46875,0.0,4.9375,4.9375,1.84375,0.0,1.0,0.9375,1.15625,41.34375,24.875,1.0,2.46875,2.96875,2.96875,0.0,3,3 4
2678,954.5742797851562,952.1083984375,813.7777709960938,316.6000061035156,3.25,0.0,5.1875,5.1875,1.84375,0.0,1.125,0.96875,1.25,40.28125,18.59375,1.0,2.25,2.65625,2.65625,0.0,3,3 2
2679,896.1333618164062,893.76318359375,759.99267578125,298.1000061035156,3.21875,0.0,4.75,4.75,1.84375,0.0,0.96875,0.875,1.0625,37.099998474121094,25.25,1.0,2.21875,3.28125,3.28125,0.0,3,3 4
2680,1039.0479736328125,1037.7447509765625,885.6038208007812,321.09375,3.5625,0.0,5.3125,5.3125,2.0,0.03125,1.0625,0.90625,1.3125,40.0625,24.34375,1.0,2.5625,3.09375,3.09375,0.0,3,3 4
2681,895.3312377929688,893.2279052734375,760.5037841796875,301.46875,3.21875,0.0,4.5,4.5,1.78125,0.0,0.78125,0.8125,1.125,35.90625,33.875,1.0,2.21875,2.84375,2.84375,0.0,3,3 2
2682,919.9806518554688,918.5404052734375,780.8741455078125,299.2875061035156,3.3125,0.0,4.78125,4.78125,1.84375,0.0,0.84375,0.9375,1.15625,35.84375,32.625,1.0,2.3125,2.46875,2.46875,0.0,3,3 4
2683,848.7376098632812,846.7311401367188,720.3463134765625,292.4624938964844,3.0625,0.0,4.71875,4.71875,1.75,0.03125,0.96875,0.84375,1.125,34.787498474121094,28.25,1.0,2.0625,2.8125,2.8125,0.0,3,3 2
2684,881.6136474609375,878.9263916015625,748.6907348632812,294.36248779296875,3.15625,0.0,4.59375,4.59375,1.75,0.0,0.9375,0.8125,1.09375,36.556251525878906,26.1875,1.0,2.15625,3.125,3.125,0.0,3,3 0
2685,859.5801391601562,857.1598510742188,727.7130126953125,297.73748779296875,3.125,0.0,4.71875,4.71875,1.84375,0.03125,0.875,0.875,1.09375,35.75,32.3125,1.0,2.125,2.875,2.875,0.0,3,3 2
2686,854.568603515625,851.5074462890625,724.0514526367188,289.48126220703125,3.09375,0.0,4.6875,4.6875,1.8125,0.0,0.9375,0.8125,1.125,34.96875,27.40625,1.0,2.09375,2.25,2.25,0.0,3,3 2
2687,908.367919921875,906.9373779296875,771.1314697265625,312.21875,3.25,0.0,4.78125,4.78125,1.84375,0.0,0.9375,0.90625,1.09375,36.5,28.03125,1.0,2.25,2.59375,2.59375,0.0,3,3 0
2688,780.3737182617188,777.6378173828125,661.026611328125,278.8125,2.875,0.0,4.4375,4.4375,1.71875,0.0,0.875,0.8125,1.03125,34.28125,24.9375,1.0,1.875,2.21875,2.21875,0.0,3,3 0
2689,855.9016723632812,852.6680908203125,726.4710083007812,286.4375,3.0625,0.0,4.6875,4.6875,1.78125,0.03125,1.0,0.78125,1.09375,36.11249923706055,22.15625,1.0,2.0625,2.25,2.25,0.0,3,3 2
2690,823.234130859375,819.1085205078125,696.462646484375,283.2250061035156,3.0,0.0,4.53125,4.53125,1.8125,0.0,0.875,0.84375,1.0,35.33124923706055,27.3125,1.0,2.0,1.9375,1.9375,0.0,3,3 1
2691,938.1978149414062,935.2025146484375,796.5661010742188,309.2875061035156,3.3125,0.0,4.78125,4.78125,1.75,0.0,0.9375,0.875,1.21875,38.45624923706055,26.3125,1.0,2.3125,2.125,2.125,0.0,3,3 2
2692,859.3238525390625,857.5953979492188,729.628662109375,297.3125,3.09375,0.0,4.6875,4.6875,1.875,0.0,0.8125,0.875,1.125,35.631248474121094,31.9375,1.0,2.09375,2.90625,2.90625,0.0,2,2 3
2693,969.8651123046875,968.4596557617188,825.3060302734375,311.60626220703125,3.40625,0.0,4.8125,4.8125,1.875,0.0,0.9375,0.9375,1.0625,40.337501525878906,22.46875,1.0,2.40625,2.71875,2.71875,0.0,0,0 3
2694,949.6920166015625,947.1295776367188,806.9573364257812,302.20001220703125,3.34375,0.0,4.90625,4.90625,1.90625,0.0,0.9375,0.9375,1.125,38.88750076293945,28.1875,1.0,2.34375,3.625,3.625,0.0,3,3 1
2695,869.3617553710938,866.1624755859375,736.412109375,282.6187438964844,3.15625,0.0,4.71875,4.71875,1.8125,0.0,0.96875,0.8125,1.125,34.34375,26.5625,1.0,2.15625,3.09375,3.09375,0.0,3,3 0
2696,929.9969482421875,928.6204833984375,791.7697143554688,303.34375,3.25,0.0,5.125,5.125,1.875,0.0,1.09375,0.9375,1.21875,37.131248474121094,31.0,1.0,2.25,3.53125,3.53125,0.0,3,3 2
2697,815.7755737304688,813.5051879882812,689.8545532226562,290.4750061035156,3.0,0.0,4.78125,4.78125,1.78125,0.0,0.96875,0.9375,1.09375,33.34375,29.46875,1.0,2.0,3.34375,3.34375,0.0,3,3 4
2698,817.0902099609375,813.8856811523438,689.1220092773438,294.2124938964844,3.03125,0.0,4.65625,4.65625,1.84375,0.0,0.875,0.875,1.0625,33.974998474121094,30.0,1.0,2.03125,3.34375,3.34375,0.0,3,3 0
2699,849.5884399414062,846.4920043945312,717.2779541015625,301.20623779296875,3.125,0.0,4.6875,4.6875,1.8125,0.0,0.90625,0.875,1.09375,34.1875,35.09375,1.0,2.125,3.84375,3.84375,0.0,3,3 1
2700,798.5100708007812,794.8675537109375,674.8436279296875,292.35626220703125,2.9375,0.0,4.46875,4.46875,1.78125,0.0,0.84375,0.84375,1.0,34.20000076293945,28.59375,1.0,1.9375,2.84375,2.84375,0.0,3,3 0
2701,839.1029052734375,838.0595703125,711.7470703125,310.5625,3.0625,0.0,4.5,4.5,1.75,0.0,0.78125,0.84375,1.125,34.21875,30.625,1.0,2.0625,3.28125,3.28125,0.0,3,3 1
2702,777.9357299804688,775.3003540039062,654.0711059570312,295.13751220703125,2.96875,0.0,4.53125,4.53125,1.78125,0.0,0.84375,0.84375,1.0625,31.443750381469727,35.1875,1.0,1.96875,2.90625,2.90625,0.0,3,3 2
2703,776.3180541992188,773.7813110351562,652.90234375,302.6937561035156,2.9375,0.0,4.65625,4.65625,1.8125,0.0,0.9375,0.90625,1.0,31.912500381469727,33.75,1.0,1.9375,3.65625,3.65625,0.0,3,3 1
2704,780.2093505859375,777.2510986328125,654.7391967773438,298.5874938964844,3.0,0.0,4.5625,4.5625,1.8125,0.0,0.8125,0.875,1.0625,29.625,39.5,1.0,2.0,4.0625,4.0625,0.0,3,3 2
2705,831.9782104492188,831.4182739257812,704.2346801757812,315.39373779296875,3.0625,0.0,4.65625,4.65625,1.84375,0.0,0.8125,0.90625,1.09375,34.243751525878906,31.6875,1.0,2.0625,3.90625,3.90625,0.0,2,2 0
2706,790.8123779296875,787.9954833984375,666.6033935546875,301.8687438964844,2.96875,0.0,4.40625,4.40625,1.6875,0.0,0.84375,0.84375,1.03125,33.256248474121094,33.0625,1.0,1.96875,2.71875,2.71875,0.0,3,3 2
2707,755.392333984375,752.7861328125,635.5810546875,298.65625,2.875,0.0,4.4375,4.4375,1.78125,0.0,0.8125,0.84375,1.0,32.068748474121094,31.4375,1.0,1.875,4.03125,4.03125,0.0,3,3 2
2708,854.3168334960938,851.6944580078125,722.5896606445312,307.58123779296875,3.125,0.0,4.5625,4.5625,1.90625,0.0,0.71875,0.84375,1.09375,34.587501525878906,36.71875,1.0,2.125,4.6875,4.6875,0.0,3,3 4
2709,757.384765625,755.1397094726562,640.5382080078125,296.86248779296875,2.8125,0.0,4.34375,4.34375,1.71875,0.0,0.84375,0.71875,1.0625,34.76874923706055,30.875,1.0,1.8125,4.5,4.5,0.0,3,3 2
2710,815.548828125,812.7630004882812,687.8314208984375,316.6000061035156,3.03125,0.0,4.4375,4.4375,1.78125,0.0,0.78125,0.84375,1.03125,33.54999923706055,36.3125,1.0,2.03125,4.53125,4.53125,0.0,3,3 2
2711,751.0039672851562,748.1915283203125,629.0078125,300.7875061035156,2.9375,0.0,4.34375,4.34375,1.78125,0.0,0.6875,0.84375,1.03125,29.96875,42.1875,1.0,1.9375,5.40625,5.40625,0.0,3,3 2
2712,746.7068481445312,741.58203125,623.8297119140625,301.83123779296875,2.90625,0.0,4.3125,4.3125,1.8125,0.0,0.6875,0.8125,1.0,29.712499618530273,39.28125,1.625,1.90625,4.96875,4.96875,0.0,3,3 4
2713,585.6094970703125,583.1237182617188,486.15887451171875,267.01873779296875,2.5625,0.0,3.40625,3.40625,1.5,0.0,0.3125,0.59375,1.0,24.243749618530273,40.71875,2.3125,1.5625,4.53125,4.53125,0.0,3,3 2
2714,601.6325073242188,596.7015380859375,498.81158447265625,277.0375061035156,2.5625,0.0,3.4375,3.4375,1.46875,0.0,0.375,0.59375,1.0,25.90625,37.65625,1.0,1.5625,4.71875,4.71875,0.0,3,3 4
2715,618.9666137695312,614.3986206054688,515.2845458984375,276.63751220703125,2.5625,0.0,3.6875,3.6875,1.5,0.0,0.65625,0.53125,1.0,27.262500762939453,35.84375,1.0,1.5625,5.09375,5.09375,0.0,3,3 4
2716,594.7910766601562,591.9476928710938,497.18212890625,274.26873779296875,2.46875,0.0,3.65625,3.65625,1.46875,0.0,0.59375,0.59375,1.0,26.331249237060547,32.8125,2.28125,1.46875,4.59375,4.59375,0.0,3,3 2
2717,557.0265502929688,554.0536499023438,462.56060791015625,247.59375,2.46875,0.0,3.28125,3.28125,1.40625,0.0,0.46875,0.40625,1.0,23.893749237060547,38.875,1.0,1.46875,3.5,3.5,0.0,3,3 2
2718,570.0669555664062,565.4103393554688,471.5787048339844,257.29998779296875,2.5,0.0,3.46875,3.46875,1.4375,0.03125,0.53125,0.4375,1.03125,22.731250762939453,37.8125,1.0,1.5,3.375,3.375,0.0,3,3 2
2719,589.5791625976562,585.1323852539062,488.38153076171875,257.78125,2.5625,0.0,3.5,3.5,1.5,0.0,0.4375,0.5625,1.0,23.537500381469727,38.78125,1.65625,1.5625,3.25,3.25,0.0,3,3 4
2720,623.2920532226562,619.4908447265625,518.6375732421875,287.10626220703125,2.59375,0.0,3.65625,3.65625,1.5625,0.0,0.46875,0.65625,0.96875,27.418750762939453,36.875,1.0,1.59375,4.4375,4.4375,0.0,3,3 4
2721,676.0689697265625,671.9046020507812,564.5408325195312,286.10626220703125,2.71875,0.0,3.9375,3.9375,1.6875,0.0,0.53125,0.65625,1.0625,28.450000762939453,39.09375,1.5625,1.71875,3.65625,3.65625,0.0,3,3 0
2722,637.4071655273438,634.7780151367188,531.0232543945312,281.84375,2.65625,0.0,3.875,3.875,1.59375,0.0,0.59375,0.6875,1.0,25.556249618530273,40.65625,1.6875,1.65625,4.15625,4.15625,0.0,3,3 2
2723,663.3550415039062,660.3223876953125,553.7377319335938,299.70001220703125,2.6875,0.0,3.90625,3.90625,1.59375,0.0,0.5625,0.75,1.0,28.331249237060547,38.59375,1.59375,1.6875,4.125,4.125,0.0,3,3 4
2724,718.0443725585938,713.5053100585938,600.531494140625,313.1812438964844,2.78125,0.0,4.21875,4.21875,1.71875,0.0,0.71875,0.75,1.03125,31.262500762939453,37.78125,1.0,1.78125,3.78125,3.78125,0.0,3,3 2
2725,767.7463989257812,765.6096801757812,645.6456298828125,311.1937561035156,2.9375,0.0,4.375,4.375,1.78125,0.0,0.75,0.8125,1.03125,30.71875,36.375,1.25,1.9375,3.3125,3.3125,0.0,3,3 4
2726,794.8572387695312,793.4208374023438,671.1682739257812,315.0687561035156,2.96875,0.0,4.46875,4.46875,1.75,0.0,0.84375,0.84375,1.03125,32.98125076293945,37.28125,1.0,1.96875,3.78125,3.78125,0.0,3,3 2
2727,818.2293090820312,815.7203369140625,689.3406982421875,325.40625,3.03125,0.0,4.6875,4.6875,1.84375,0.0,0.875,0.84375,1.125,33.59375,31.59375,1.0,2.03125,4.03125,4.03125,0.0,3,3 2
2728,817.2576293945312,814.71337890625,690.1387329101562,315.8999938964844,3.0,0.0,4.59375,4.59375,1.78125,0.0,0.84375,0.96875,1.0,35.58124923706055,27.25,1.0,2.0,3.15625,3.15625,0.0,3,3 1
2729,777.790283203125,774.4744262695312,652.9924926757812,328.42498779296875,2.9375,0.0,4.5,4.5,1.8125,0.0,0.78125,0.875,1.03125,31.587499618530273,33.71875,1.3125,1.9375,4.875,4.875,0.0,3,3 2
2730,848.2423706054688,845.50537109375,714.1827392578125,339.3687438964844,3.125,0.0,4.75,4.75,1.84375,0.0,0.9375,0.90625,1.0625,33.912498474121094,32.65625,1.0,2.125,4.5,4.5,0.0,3,3 2
2731,774.8328247070312,772.0180053710938,652.57958984375,321.98126220703125,2.90625,0.0,4.375,4.375,1.71875,0.0,0.75,0.8125,1.09375,32.09375,29.09375,2.15625,1.90625,4.0,4.0,0.0,3,3 2
2732,749.403076171875,747.385498046875,631.4533081054688,312.70623779296875,2.84375,0.0,4.34375,4.34375,1.71875,0.03125,0.71875,0.78125,1.09375,30.46875,29.78125,2.8125,1.84375,4.46875,4.46875,0.0,2,2 3
2733,819.4071655273438,818.1119384765625,693.1881103515625,320.2875061035156,3.0,0.0,4.71875,4.71875,1.875,0.0,0.875,0.875,1.09375,33.525001525878906,30.0625,1.59375,2.0,5.03125,5.03125,0.0,2,2 3
2734,1032.9049072265625,1031.436279296875,880.7868041992188,353.9437561035156,3.46875,0.0,5.375,5.375,2.03125,0.0,1.15625,0.9375,1.25,43.13750076293945,23.4375,1.0,2.46875,4.96875,4.96875,0.0,2,2 4
2735,898.2319946289062,896.6705932617188,762.761962890625,315.9437561035156,3.1875,0.0,4.84375,4.84375,1.90625,0.0,0.9375,0.90625,1.09375,38.118751525878906,22.09375,1.0,2.1875,3.375,3.375,0.0,4,4 1
2736,936.7439575195312,933.1793823242188,794.7125244140625,324.4125061035156,3.25,0.0,5.15625,5.15625,1.90625,0.0,1.09375,0.96875,1.1875,39.5625,24.59375,1.0,2.25,4.03125,4.03125,0.0,3,3 2
2737,894.400634765625,892.1488037109375,758.3626708984375,314.1000061035156,3.1875,0.0,4.875,4.875,1.9375,0.0,0.90625,0.9375,1.09375,37.256248474121094,28.65625,1.0,2.1875,3.5,3.5,0.0,3,3 2
2738,859.113525390625,857.1478271484375,729.5745239257812,305.42498779296875,3.0625,0.0,4.8125,4.8125,1.90625,0.0,0.90625,0.90625,1.09375,35.70624923706055,21.71875,1.65625,2.0625,3.59375,3.59375,0.0,2,2 3
2739,873.5180053710938,871.7848510742188,739.6658935546875,321.125,3.15625,0.0,4.75,4.75,1.90625,0.0,0.8125,0.96875,1.0625,36.11249923706055,24.8125,1.0,2.15625,4.9375,4.9375,0.0,3,3 4
2740,991.820556640625,991.3629150390625,844.4054565429688,346.25,3.4375,0.0,5.03125,5.03125,2.0,0.03125,0.9375,0.96875,1.09375,39.693748474121094,26.5625,1.0,2.4375,4.09375,4.09375,0.0,3,3 4
2741,902.563232421875,899.724609375,764.06396484375,328.73748779296875,3.21875,0.0,4.875,4.875,1.9375,0.0,0.9375,0.90625,1.09375,36.3125,33.5,1.0,2.21875,4.25,4.25,0.0,2,2 3
2742,976.6539916992188,974.6751098632812,829.3699340820312,347.1312561035156,3.40625,0.0,5.0,5.0,2.03125,0.0,0.96875,0.9375,1.0625,38.256248474121094,29.75,1.0,2.40625,3.46875,3.46875,0.0,3,3 2
2743,893.9835205078125,890.52294921875,756.0194091796875,314.20001220703125,3.21875,0.0,4.75,4.75,1.875,0.0,0.875,0.96875,1.03125,36.70000076293945,33.0,1.0,2.21875,2.6875,2.6875,0.0,3,3 2
2744,926.0224609375,925.1038818359375,786.4450073242188,338.84375,3.28125,0.0,4.78125,4.78125,1.9375,0.0,0.84375,0.875,1.125,37.662498474121094,29.09375,1.0,2.28125,3.34375,3.34375,0.0,4,4 3
2745,816.6094360351562,815.3281860351562,688.8250732421875,317.54998779296875,3.0625,0.0,4.46875,4.46875,1.875,0.0,0.625,0.90625,1.0625,34.03125,30.96875,1.0,2.0625,3.15625,3.15625,0.0,3,3 2
2746,826.6014404296875,825.0465087890625,699.7442016601562,317.89373779296875,3.03125,0.0,4.46875,4.46875,1.8125,0.03125,0.6875,0.8125,1.125,34.556251525878906,27.6875,1.0,2.03125,3.0,3.0,0.0,2,2 4
2747,740.549072265625,736.3988037109375,621.7679443359375,281.91876220703125,2.875,0.0,4.0625,4.0625,1.6875,0.0,0.625,0.75,1.0,30.75,36.125,1.0,1.875,3.0,3.0,0.0,3,3 2
2748,916.1217041015625,914.6702270507812,778.4959716796875,319.65625,3.25,0.0,4.75,4.75,1.96875,0.0,0.84375,0.90625,1.03125,37.17499923706055,31.0625,1.0,2.25,3.09375,3.09375,0.0,4,4 2
2749,1003.0890502929688,999.28173828125,851.5475463867188,355.4125061035156,3.4375,0.0,5.09375,5.09375,2.0,0.0,1.03125,0.96875,1.09375,40.07500076293945,26.75,1.0,2.4375,3.25,3.25,0.0,3,3 4
2750,750.6456909179688,747.8848876953125,631.1365966796875,301.1812438964844,2.875,0.0,4.3125,4.3125,1.75,0.0,0.75,0.78125,1.03125,31.606250762939453,32.84375,1.0,1.875,3.03125,3.03125,0.0,3,3 4
2751,801.3387451171875,799.6961669921875,675.4462890625,331.98748779296875,3.0,0.0,4.4375,4.4375,1.84375,0.0,0.75,0.8125,1.03125,32.78125,38.46875,1.0,2.0,3.375,3.375,0.0,3,3 2
2752,682.3005981445312,677.9317626953125,572.1226806640625,294.7250061035156,2.65625,0.0,4.03125,4.03125,1.53125,0.0,0.8125,0.65625,1.03125,29.918750762939453,29.65625,1.0,1.65625,2.40625,2.40625,0.0,3,3 2
2753,845.508056640625,841.65478515625,713.29541015625,332.63751220703125,3.09375,0.0,4.40625,4.40625,1.78125,0.0,0.71875,0.75,1.15625,34.25,33.96875,1.0,2.09375,1.84375,1.84375,0.0,2,2 3
2754,780.3024291992188,777.7913818359375,657.0401000976562,316.1625061035156,2.96875,0.0,4.15625,4.15625,1.625,0.03125,0.75,0.6875,1.0625,31.28125,33.5,1.0,1.96875,2.625,2.625,0.0,3,3 1
2755,824.50830078125,821.4464721679688,696.8607177734375,321.1499938964844,3.03125,0.0,4.3125,4.3125,1.75,0.0,0.75,0.78125,1.03125,33.14374923706055,33.75,1.0,2.03125,2.1875,2.1875,0.0,3,3 0
2756,810.8257446289062,809.55517578125,684.8690185546875,319.9375,3.03125,0.0,4.3125,4.3125,1.84375,0.0,0.59375,0.8125,1.0625,34.037498474121094,34.21875,1.0,2.03125,3.0,3.0,0.0,4,4 3
2757,900.8446044921875,899.6851806640625,763.8480224609375,342.4937438964844,3.21875,0.0,4.71875,4.71875,1.78125,0.0,0.875,0.90625,1.15625,36.943748474121094,24.75,1.0,2.21875,2.75,2.75,0.0,0,0 2
2758,945.5379638671875,942.3136596679688,802.005859375,343.0625,3.28125,0.0,5.09375,5.09375,2.0,0.0,1.0,0.9375,1.15625,38.70624923706055,23.15625,1.0,2.28125,2.75,2.75,0.0,3,3 0
2759,947.39306640625,945.8857421875,805.7802734375,344.23126220703125,3.3125,0.0,4.6875,4.6875,1.78125,0.0,0.96875,0.8125,1.125,38.993751525878906,28.375,1.0,2.3125,2.9375,2.9375,0.0,2,2 3
2760,1025.163818359375,1024.2520751953125,872.671875,371.46875,3.53125,0.0,4.84375,4.84375,1.875,0.0,0.96875,0.875,1.125,40.662498474121094,25.5625,1.0,2.53125,2.78125,2.78125,0.0,0,0 3
2761,980.22705078125,976.8313598632812,833.17822265625,351.4750061035156,3.375,0.0,4.75,4.75,1.78125,0.0,1.03125,0.8125,1.125,40.71875,26.21875,1.0,2.375,3.1875,3.1875,0.0,3,3 4
2762,970.7304077148438,968.775390625,825.56298828125,354.1812438964844,3.34375,0.0,4.9375,4.9375,2.0,0.0,0.875,0.9375,1.125,40.64374923706055,27.78125,1.0,2.34375,3.9375,3.9375,0.0,3,3 2
2763,740.8145141601562,737.9251098632812,623.8851318359375,297.1187438964844,2.84375,0.0,4.0,4.0,1.65625,0.0,0.625,0.6875,1.03125,31.924999237060547,30.34375,1.0,1.84375,2.09375,2.09375,0.0,2,2 3
2764,1007.0096435546875,1003.6419677734375,855.9034423828125,355.95623779296875,3.4375,0.0,5.03125,5.03125,1.96875,0.0,0.875,0.96875,1.21875,41.337501525878906,24.5,1.0,2.4375,2.71875,2.71875,0.0,3,3 2
2765,709.6089477539062,706.5491333007812,597.0860595703125,285.4312438964844,2.75,0.0,4.03125,4.03125,1.59375,0.0,0.75,0.6875,1.0,30.924999237060547,29.46875,1.0,1.75,2.0,2.0,0.0,3,3 4
2766,813.599609375,811.7598876953125,688.6322021484375,318.5562438964844,3.0,0.0,4.25,4.25,1.75,0.0,0.71875,0.6875,1.09375,34.443748474121094,29.15625,1.0,2.0,2.4375,2.4375,0.0,3,3 4
2767,839.25634765625,836.61328125,708.9201049804688,326.5562438964844,3.0625,0.0,4.59375,4.59375,1.78125,0.0,0.875,0.8125,1.125,35.36249923706055,33.21875,1.0,2.0625,2.9375,2.9375,0.0,3,3 2
2768,744.3368530273438,741.62841796875,625.3397216796875,314.20001220703125,2.875,0.0,4.0,4.0,1.6875,0.0,0.53125,0.75,1.03125,32.381248474121094,36.4375,1.0,1.875,2.28125,2.28125,0.0,3,3 2
2769,779.9887084960938,777.5250244140625,657.2696533203125,325.3374938964844,2.9375,0.0,4.1875,4.1875,1.65625,0.0,0.6875,0.75,1.09375,32.57500076293945,35.875,1.0,1.9375,1.90625,1.90625,0.0,3,3 2
2770,617.7587280273438,615.04052734375,515.3548583984375,294.1937561035156,2.5625,0.0,3.625,3.625,1.4375,0.0,0.46875,0.75,0.96875,26.950000762939453,35.6875,1.0,1.5625,1.65625,1.65625,0.0,3,3 2
2771,795.4019165039062,793.1416015625,671.7593383789062,322.23748779296875,2.96875,0.0,4.125,4.125,1.71875,0.0,0.65625,0.78125,0.96875,33.79375076293945,33.625,1.0,1.96875,2.4375,2.4375,0.0,3,3 0
2772,830.39794921875,828.4744262695312,700.6107788085938,327.29376220703125,3.09375,0.0,4.34375,4.34375,1.8125,0.0,0.71875,0.8125,1.0,34.368751525878906,32.53125,1.0,2.09375,2.40625,2.40625,0.0,3,3 4
2773,723.937255859375,722.4754638671875,606.0318603515625,316.4437561035156,2.90625,0.0,3.8125,3.8125,1.59375,0.0,0.4375,0.71875,1.0625,29.493749618530273,42.84375,1.0,1.90625,2.25,2.25,0.0,3,3 4
2774,697.3964233398438,695.3309326171875,585.4827270507812,302.4125061035156,2.75,0.0,3.9375,3.9375,1.6875,0.0,0.53125,0.71875,1.0,30.431249618530273,34.21875,1.0,1.75,3.4375,3.4375,0.0,3,3 4
2775,791.0128784179688,789.1732177734375,668.650146484375,316.34375,2.9375,0.0,4.375,4.375,1.71875,0.0,0.78125,0.75,1.125,32.39374923706055,33.4375,1.0,1.9375,3.9375,3.9375,0.0,2,2 3
2776,750.5830688476562,749.5217895507812,633.1676635742188,318.11248779296875,2.84375,0.0,4.28125,4.28125,1.65625,0.0,0.71875,0.875,1.03125,32.70000076293945,30.125,1.0,1.84375,4.03125,4.03125,0.0,2,2 3
2777,853.409912109375,851.5655517578125,722.65673828125,315.23748779296875,3.125,0.0,4.40625,4.40625,1.75,0.0,0.75,0.78125,1.125,34.84375,29.1875,1.0,2.125,3.71875,3.71875,0.0,2,2 3
2778,959.7496948242188,957.7463989257812,814.114501953125,352.51251220703125,3.375,0.0,4.75,4.75,1.875,0.0,0.875,0.9375,1.0625,40.3125,21.25,1.0,2.375,4.5,4.5,0.0,3,3 2
2779,1018.7245483398438,1017.5989379882812,868.6339721679688,362.1625061035156,3.46875,0.0,4.90625,4.90625,1.9375,0.0,0.96875,0.90625,1.09375,41.912498474121094,24.40625,1.0,2.46875,4.40625,4.40625,0.0,3,3 4
2780,914.2249755859375,911.5084228515625,774.466796875,355.1499938964844,3.21875,0.0,4.78125,4.78125,1.8125,0.03125,0.90625,0.96875,1.0625,38.73125076293945,27.34375,1.0,2.21875,4.125,4.125,0.0,3,3 2
2781,969.4968872070312,966.8401489257812,822.6195068359375,354.58123779296875,3.375,0.0,4.875,4.875,1.90625,0.0,0.9375,0.96875,1.0625,40.23125076293945,26.3125,1.0,2.375,4.46875,4.46875,0.0,3,3 0
2782,970.0941162109375,968.6350708007812,824.6661987304688,370.7250061035156,3.34375,0.0,4.96875,4.96875,1.90625,0.0,1.0625,0.96875,1.03125,39.556251525878906,25.59375,1.0,2.34375,5.21875,5.21875,0.0,2,2 3
2783,940.4234008789062,937.69140625,797.0708618164062,342.4125061035156,3.3125,0.0,4.875,4.875,2.0,0.0,0.875,1.0,1.0,38.193748474121094,29.5,1.0,2.3125,4.25,4.25,0.0,4,4 3
2784,950.458740234375,949.3782958984375,808.2404174804688,343.0562438964844,3.3125,0.0,4.9375,4.9375,1.9375,0.0,0.96875,0.96875,1.0625,39.5,24.25,1.0,2.3125,5.03125,5.03125,0.0,3,3 2
2785,959.8750610351562,958.7843017578125,817.2348022460938,354.01251220703125,3.3125,0.0,4.90625,4.90625,1.96875,0.0,0.9375,0.96875,1.03125,39.4375,22.34375,1.0,2.3125,4.21875,4.21875,0.0,3,3 2
2786,909.1781005859375,907.6103515625,771.8908081054688,335.70001220703125,3.1875,0.0,5.03125,5.03125,1.96875,0.0,0.96875,1.0,1.09375,38.525001525878906,24.1875,1.0,2.1875,4.5,4.5,0.0,4,4 2
2787,900.7096557617188,898.9130859375,763.1339111328125,349.83123779296875,3.21875,0.0,4.53125,4.53125,1.8125,0.0,0.78125,0.90625,1.03125,38.75,24.4375,1.0,2.21875,4.0,4.0,0.0,3,3 2
2788,897.9771118164062,896.2658081054688,760.9674072265625,337.2749938964844,3.1875,0.0,4.96875,4.96875,1.96875,0.0,1.0,0.96875,1.03125,37.13750076293945,27.0,1.0,2.1875,4.1875,4.1875,0.0,3,3 2
2789,945.8339233398438,944.4603271484375,802.7926025390625,357.29998779296875,3.3125,0.0,4.9375,4.9375,1.9375,0.0,0.9375,0.96875,1.09375,38.48749923706055,24.4375,1.0,2.3125,3.59375,3.59375,0.0,2,2 3
2790,863.8449096679688,862.3135986328125,733.4463500976562,336.82501220703125,3.0625,0.0,4.6875,4.6875,1.84375,0.0,0.875,0.90625,1.0625,36.95000076293945,22.59375,1.0,2.0625,3.75,3.75,0.0,2,2 3
2791,877.7021484375,876.8048095703125,747.6047973632812,317.59375,3.09375,0.0,4.625,4.625,1.71875,0.0,0.90625,0.84375,1.15625,38.23749923706055,19.90625,1.0,2.09375,2.78125,2.78125,0.0,3,3 2
2792,1016.3526611328125,1014.2830200195312,865.5921630859375,363.29376220703125,3.4375,0.0,5.125,5.125,1.90625,0.0,1.09375,0.875,1.25,42.506248474121094,22.25,1.0,2.4375,3.90625,3.90625,0.0,2,2 3
2793,1052.6771240234375,1051.072509765625,898.23681640625,369.2437438964844,3.53125,0.0,5.0625,5.0625,1.9375,0.03125,1.09375,0.84375,1.15625,43.39374923706055,21.84375,1.0,2.53125,4.5,4.5,0.0,2,2 1
2794,1018.6541748046875,1015.4530029296875,866.9608154296875,352.71875,3.4375,0.0,5.25,5.25,1.90625,0.03125,1.1875,0.90625,1.21875,41.5625,25.3125,1.0,2.4375,4.1875,4.1875,0.0,3,3 1
2795,799.1378173828125,797.4222412109375,676.3336181640625,317.73126220703125,2.9375,0.0,4.40625,4.40625,1.65625,0.0,0.875,0.75,1.125,34.45624923706055,28.15625,1.0,1.9375,3.625,3.625,0.0,4,4 2
2796,922.0844116210938,918.2355346679688,781.58642578125,335.90625,3.21875,0.0,4.875,4.875,1.84375,0.0,1.0,0.96875,1.0625,39.8125,23.21875,1.0,2.21875,4.3125,4.3125,0.0,3,3 4
2797,995.65380859375,993.7610473632812,847.8314208984375,361.98748779296875,3.375,0.0,5.125,5.125,1.90625,0.0,0.96875,0.9375,1.3125,42.11249923706055,24.96875,1.0,2.375,4.28125,4.28125,0.0,4,4 3
2798,979.5474853515625,976.1056518554688,830.9861450195312,332.48126220703125,3.40625,0.0,5.03125,5.03125,1.9375,0.0,1.0,0.96875,1.125,40.599998474121094,26.0625,1.0,2.40625,4.5,4.5,0.0,3,3 2
2799,1013.4379272460938,1013.0836181640625,865.5472412109375,368.2749938964844,3.40625,0.0,5.125,5.125,1.96875,0.0,1.0625,0.875,1.21875,42.0,22.96875,1.0,2.40625,4.3125,4.3125,0.0,2,2 0
2800,1113.9439697265625,1111.9827880859375,950.44970703125,367.76873779296875,3.71875,0.0,5.28125,5.28125,1.9375,0.0,1.03125,0.96875,1.34375,43.51250076293945,24.25,1.0,2.71875,4.40625,4.40625,0.0,3,3 4
2801,938.311767578125,936.39453125,796.4708862304688,340.95001220703125,3.28125,0.0,4.96875,4.96875,1.9375,0.0,1.0,0.90625,1.125,39.9375,20.375,1.0,2.28125,4.375,4.375,0.0,3,3 2
2802,847.4708251953125,844.6221923828125,717.107666015625,328.5874938964844,3.03125,0.0,4.78125,4.78125,1.8125,0.0,0.9375,0.90625,1.125,36.931251525878906,20.6875,1.0,2.03125,3.03125,3.03125,0.0,3,3 2
2803,1003.9512329101562,1002.1085815429688,855.7258911132812,341.8687438964844,3.40625,0.0,5.1875,5.1875,1.90625,0.0,1.09375,0.9375,1.25,41.537498474121094,22.125,1.0,2.40625,4.625,4.625,0.0,3,3 2
2804,901.8457641601562,899.6222534179688,766.8140869140625,331.4375,3.125,0.0,5.0,5.0,1.78125,0.0,1.09375,0.875,1.25,38.8125,20.71875,1.0,2.125,4.46875,4.46875,0.0,4,4 2
2805,922.4671630859375,919.8445434570312,784.0426025390625,336.11248779296875,3.1875,0.0,5.0,5.0,1.875,0.0,1.0625,0.90625,1.15625,39.5625,22.0,1.0,2.1875,3.59375,3.59375,0.0,2,2 3
2806,1016.6407470703125,1015.2398681640625,868.2939453125,362.1937561035156,3.40625,0.0,5.0,5.0,1.875,0.0,1.0625,0.84375,1.21875,43.1875,17.09375,1.0,2.40625,4.3125,4.3125,0.0,2,2 3
2807,861.9868774414062,860.4798583984375,734.3151245117188,321.71875,3.0,0.0,4.8125,4.8125,1.6875,0.0,1.0625,0.78125,1.28125,37.9375,18.4375,1.0,2.0,2.75,2.75,0.0,3,3 2
2808,859.6057739257812,855.6310424804688,726.404296875,312.71875,3.09375,0.0,4.78125,4.78125,1.8125,0.0,1.0625,0.8125,1.09375,36.26874923706055,16.9375,1.0,2.09375,2.84375,2.84375,0.0,3,3 2
2809,883.4815673828125,882.77294921875,751.6982421875,340.875,3.09375,0.0,4.8125,4.8125,1.6875,0.0,1.0625,0.875,1.1875,38.01874923706055,17.3125,1.0,2.09375,3.21875,3.21875,0.0,4,4 3
2810,892.03759765625,889.51171875,757.983642578125,338.1312561035156,3.125,0.0,4.625,4.625,1.6875,0.0,1.0,0.78125,1.15625,38.17499923706055,21.03125,1.0,2.125,4.21875,4.21875,0.0,3,3 1
2811,869.2720336914062,867.6901245117188,737.8792724609375,346.1499938964844,3.0625,0.0,4.75,4.75,1.75,0.0,1.0,0.8125,1.1875,38.212501525878906,20.65625,1.0,2.0625,3.59375,3.59375,0.0,4,4 0
2812,920.0311889648438,917.4766845703125,779.3739013671875,364.64373779296875,3.21875,0.0,4.875,4.875,1.84375,0.0,1.0,0.875,1.15625,39.90625,18.625,1.0,2.21875,4.53125,4.53125,0.0,3,3 2
2813,931.599609375,929.6859130859375,790.2606201171875,365.29376220703125,3.25,0.0,4.875,4.875,1.84375,0.0,1.03125,0.84375,1.15625,39.78125,24.71875,1.0,2.25,3.90625,3.90625,0.0,3,3 2
2814,902.3515625,901.6260986328125,766.259033203125,348.6937561035156,3.1875,0.0,4.8125,4.8125,1.71875,0.0,1.0,0.96875,1.125,37.818748474121094,27.25,1.0,2.1875,4.90625,4.90625,0.0,3,3 0
2815,922.0242309570312,919.2341918945312,782.2940673828125,347.625,3.21875,0.0,4.84375,4.84375,1.75,0.0,1.09375,0.84375,1.15625,38.868751525878906,28.09375,1.0,2.21875,4.84375,4.84375,0.0,3,3 2
2816,948.7723999023438,946.4464111328125,804.6142578125,353.71875,3.3125,0.0,5.0,5.0,1.84375,0.0,1.09375,0.875,1.1875,39.006248474121094,30.34375,1.0,2.3125,5.5625,5.5625,0.0,3,3 4
2817,816.0980834960938,812.1102294921875,687.565673828125,326.14373779296875,2.96875,0.0,4.78125,4.78125,1.875,0.0,0.96875,0.90625,1.03125,35.693748474121094,27.1875,1.0,1.96875,4.625,4.625,0.0,3,3 4
2818,850.5822143554688,848.4675903320312,721.1490478515625,334.1499938964844,3.03125,0.0,4.65625,4.65625,1.78125,0.0,1.03125,0.75,1.09375,37.07500076293945,26.59375,1.0,2.03125,3.65625,3.65625,0.0,3,3 2
2819,854.6631469726562,852.5626220703125,723.6970825195312,331.5,3.0625,0.0,4.71875,4.71875,1.78125,0.0,1.03125,0.84375,1.0625,37.724998474121094,25.84375,1.0,2.0625,4.6875,4.6875,0.0,3,3 4
2820,992.9996337890625,991.6555786132812,845.48828125,370.7250061035156,3.375,0.0,5.09375,5.09375,1.875,0.03125,1.09375,0.90625,1.1875,41.70000076293945,22.0,1.0,2.375,4.78125,4.78125,0.0,2,2 4
2821,898.5443725585938,895.7474365234375,759.42919921875,342.5062561035156,3.21875,0.0,4.78125,4.78125,1.8125,0.0,0.9375,0.9375,1.09375,38.224998474121094,23.03125,1.0,2.21875,3.9375,3.9375,0.0,3,3 2
2822,898.6038208007812,895.7125244140625,760.8343505859375,345.3999938964844,3.1875,0.0,4.75,4.75,1.75,0.0,0.9375,0.90625,1.15625,37.40625,19.34375,1.0,2.1875,4.25,4.25,0.0,3,3 4
2823,985.8068237304688,984.16748046875,839.6480712890625,369.40625,3.34375,0.0,5.0,5.0,1.90625,0.0,1.03125,0.875,1.1875,42.287498474121094,29.21875,1.21875,2.34375,5.03125,5.03125,0.0,4,4 3
2824,872.1280517578125,870.4732666015625,738.5078125,343.3187561035156,3.125,0.0,4.6875,4.6875,1.8125,0.0,0.875,0.84375,1.15625,37.775001525878906,29.84375,1.0,2.125,4.53125,4.53125,0.0,4,4 2
2825,846.0938720703125,843.44775390625,713.9763793945312,331.83123779296875,3.0625,0.0,4.96875,4.96875,1.875,0.0,1.0625,0.96875,1.0625,35.443748474121094,26.09375,1.0,2.0625,3.96875,3.96875,0.0,3,3 2
2826,781.1759643554688,778.0382080078125,658.21630859375,320.9624938964844,2.90625,0.0,4.40625,4.40625,1.625,0.0,0.84375,0.75,1.1875,33.8125,27.3125,1.9375,1.90625,5.0625,5.0625,0.0,3,3 4
2827,779.054443359375,778.0507202148438,656.31005859375,331.7562561035156,2.9375,0.0,4.46875,4.46875,1.71875,0.0,0.84375,0.84375,1.0625,32.79375076293945,31.84375,1.0,1.9375,3.59375,3.59375,0.0,2,2 3
2828,807.5110473632812,805.5460815429688,680.2868041992188,335.8062438964844,3.0,0.0,4.5625,4.5625,1.78125,0.0,0.8125,0.96875,1.0,34.54999923706055,32.375,1.0,2.0,4.65625,4.65625,0.0,3,3 4
2829,700.5890502929688,698.3826904296875,589.91650390625,306.5562438964844,2.6875,0.0,4.125,4.125,1.5625,0.0,0.875,0.6875,1.0,32.01874923706055,30.625,1.0,1.6875,4.125,4.125,0.0,3,3 2
2830,792.1305541992188,789.3997802734375,667.191650390625,326.01873779296875,2.9375,0.0,4.59375,4.59375,1.6875,0.0,0.9375,0.84375,1.125,34.20624923706055,24.875,1.0,1.9375,4.1875,4.1875,0.0,3,3 2
2831,762.1701049804688,756.766845703125,640.6165161132812,314.82501220703125,2.84375,0.0,4.25,4.25,1.65625,0.0,0.84375,0.75,1.0,33.17499923706055,24.6875,1.46875,1.84375,4.4375,4.4375,0.0,3,3 2
2832,826.54296875,822.9783325195312,699.0402221679688,327.2562561035156,2.96875,0.0,4.625,4.625,1.71875,0.0,0.9375,0.84375,1.125,35.48749923706055,28.375,1.0,1.96875,4.15625,4.15625,0.0,3,3 2
2833,743.5130004882812,740.7947998046875,625.7943115234375,309.3187561035156,2.8125,0.0,4.34375,4.34375,1.65625,0.0,0.875,0.78125,1.03125,33.525001525878906,30.15625,1.0,1.8125,3.96875,3.96875,0.0,3,3 4
2834,912.1690063476562,908.1417846679688,770.414794921875,366.9750061035156,3.1875,0.0,5.15625,5.15625,1.96875,0.03125,1.0625,0.96875,1.125,38.212501525878906,28.03125,1.0,2.1875,5.09375,5.09375,0.0,3,3 2
2835,905.8128662109375,902.1705322265625,766.9899291992188,353.60626220703125,3.15625,0.0,5.0,5.0,1.9375,0.0,1.03125,0.9375,1.09375,38.54375076293945,25.875,1.0,2.15625,4.53125,4.53125,0.0,3,3 4
2836,785.6663208007812,782.7841186523438,661.8857421875,317.2562561035156,2.9375,0.0,4.40625,4.40625,1.71875,0.0,0.90625,0.75,1.03125,33.53125,35.65625,1.0,1.9375,4.5,4.5,0.0,3,3 1
2837,905.6388549804688,902.0934448242188,766.046875,341.1875,3.21875,0.0,4.8125,4.8125,1.84375,0.0,1.0,0.90625,1.0625,36.38750076293945,33.125,1.0,2.21875,4.90625,4.90625,0.0,3,3 2
2838,807.6083374023438,805.0104370117188,681.78662109375,327.84375,2.9375,0.0,4.8125,4.8125,1.8125,0.0,1.0,0.9375,1.0625,34.48125076293945,27.125,1.0,1.9375,3.9375,3.9375,0.0,3,3 2
2839,770.5200805664062,767.1306762695312,647.7344970703125,322.7562561035156,2.90625,0.0,4.375,4.375,1.71875,0.0,0.75,0.84375,1.0625,31.643749237060547,29.78125,1.0,1.90625,4.75,4.75,0.0,3,3 1
2840,747.12890625,745.0823364257812,629.2694091796875,306.29376220703125,2.84375,0.0,4.34375,4.34375,1.6875,0.0,0.875,0.75,1.03125,31.587499618530273,31.0625,1.0,1.84375,4.0625,4.0625,0.0,3,3 4
2841,736.0335083007812,734.5828857421875,617.7889404296875,298.7124938964844,2.875,0.0,4.4375,4.4375,1.78125,0.0,0.8125,0.8125,1.03125,29.768749237060547,37.3125,1.0,1.875,3.9375,3.9375,0.0,2,2 3
2842,803.2135009765625,798.0133056640625,675.8211059570312,325.2250061035156,2.9375,0.0,4.625,4.625,1.8125,0.0,0.90625,0.84375,1.0625,33.64374923706055,29.90625,1.0625,1.9375,4.90625,4.90625,0.0,3,3 2
2843,821.8067016601562,819.0401611328125,693.8856201171875,325.7437438964844,3.0,0.0,4.59375,4.59375,1.75,0.0,0.9375,0.875,1.03125,36.068748474121094,27.6875,1.0,2.0,4.5,4.5,0.0,3,3 2
2844,845.24658203125,841.3460083007812,713.0511474609375,337.1937561035156,3.0625,0.0,4.625,4.625,1.78125,0.0,0.875,0.875,1.09375,35.056251525878906,32.0,1.53125,2.0625,4.75,4.75,0.0,3,3 4
2845,884.8019409179688,882.9982299804688,749.6122436523438,349.88751220703125,3.125,0.0,4.90625,4.90625,1.875,0.0,0.96875,0.90625,1.15625,38.98125076293945,25.375,1.0,2.125,5.3125,5.3125,0.0,3,3 2
2846,873.547607421875,869.6383666992188,736.8815307617188,343.2562561035156,3.15625,0.0,4.5625,4.5625,1.84375,0.0,0.75,0.875,1.09375,37.67499923706055,31.75,1.28125,2.15625,5.46875,5.46875,0.0,3,3 2
2847,796.9117431640625,793.7421875,671.0193481445312,327.32501220703125,2.9375,0.0,4.75,4.75,1.875,0.0,0.90625,0.9375,1.03125,33.23125076293945,31.84375,1.0,1.9375,6.1875,6.1875,0.0,3,3 2
2848,871.9472045898438,866.4449462890625,732.7879028320312,350.33123779296875,3.15625,0.0,4.78125,4.78125,1.84375,0.0,0.96875,0.9375,1.03125,35.849998474121094,30.40625,1.0,2.15625,6.28125,6.28125,0.0,3,3 1
2849,742.6507568359375,739.466796875,621.7647705078125,321.70001220703125,2.875,0.0,4.3125,4.3125,1.6875,0.0,0.78125,0.84375,1.0,31.206249237060547,27.875,1.0,1.875,5.65625,5.65625,0.0,3,3 2
2850,838.923828125,836.63330078125,707.4055786132812,330.75,3.09375,0.0,4.625,4.625,1.875,0.0,0.875,0.875,1.0,34.73749923706055,32.40625,1.59375,2.09375,5.03125,5.03125,0.0,2,2 3
2851,803.7809448242188,799.9866333007812,677.4719848632812,333.48126220703125,2.9375,0.0,4.5625,4.5625,1.78125,0.0,0.875,0.8125,1.09375,34.53125,28.375,1.21875,1.9375,5.09375,5.09375,0.0,3,3 2
2852,684.4838256835938,679.09130859375,572.0367431640625,294.0562438964844,2.6875,0.0,4.0625,4.0625,1.65625,0.0,0.625,0.78125,1.0,29.037500381469727,30.25,2.09375,1.6875,4.59375,4.59375,0.0,3,3 2
2853,862.860107421875,860.828125,728.4718627929688,323.63751220703125,3.15625,0.0,4.8125,4.8125,1.875,0.0,0.9375,0.9375,1.0625,35.34375,31.90625,1.0,2.15625,4.6875,4.6875,0.0,3,3 2
2854,891.958251953125,888.7667236328125,754.2177734375,350.4750061035156,3.15625,0.0,4.875,4.875,1.90625,0.0,0.96875,0.9375,1.0625,38.681251525878906,32.0625,1.0,2.15625,5.25,5.25,0.0,3,3 2
2855,858.43603515625,856.6961059570312,725.5096435546875,335.1875,3.125,0.0,4.6875,4.6875,1.8125,0.0,0.9375,0.90625,1.03125,35.70624923706055,28.84375,1.0,2.125,6.0625,6.0625,0.0,3,3 4
2856,1053.9407958984375,1052.1055908203125,896.6511840820312,383.9624938964844,3.53125,0.0,5.53125,5.53125,2.0,0.03125,1.21875,0.96875,1.3125,43.4375,22.8125,1.0,2.53125,6.78125,6.78125,0.0,3,3 2
2857,916.5260009765625,913.3165893554688,776.1949462890625,358.6312561035156,3.1875,0.0,5.0625,5.0625,1.84375,0.0,1.0625,0.96875,1.1875,39.25,22.71875,1.0,2.1875,6.96875,6.96875,0.0,3,3 2
2858,956.9404296875,951.9158935546875,808.2896118164062,357.13751220703125,3.34375,0.0,5.09375,5.09375,1.90625,0.0,1.09375,0.9375,1.15625,38.650001525878906,28.4375,1.0,2.34375,7.84375,7.84375,0.0,3,3 2
2859,1064.58935546875,1061.963134765625,905.43359375,393.9750061035156,3.5625,0.0,5.28125,5.28125,1.96875,0.0,1.09375,1.0,1.21875,44.89374923706055,21.46875,1.0,2.5625,7.4375,7.4375,0.0,3,3 2
2860,895.2176513671875,893.212890625,757.25732421875,333.9624938964844,3.21875,0.0,4.84375,4.84375,1.9375,0.0,0.875,0.96875,1.0625,37.193748474121094,30.0625,1.0,2.21875,5.84375,5.84375,0.0,3,3 4
2861,946.7117919921875,944.9954833984375,803.9852294921875,350.5687561035156,3.3125,0.0,4.84375,4.84375,1.875,0.0,0.96875,0.90625,1.09375,38.787498474121094,29.03125,1.0,2.3125,7.375,7.375,0.0,3,3 2
2862,925.8539428710938,921.8267822265625,783.2288818359375,342.5062561035156,3.25,0.0,4.9375,4.9375,1.875,0.0,0.90625,0.96875,1.1875,40.125,28.0625,1.0,2.25,5.9375,5.9375,0.0,3,3 2
2863,862.9360961914062,858.1217651367188,729.8125,326.5,3.0625,0.0,4.65625,4.65625,1.8125,0.0,0.90625,0.875,1.0625,37.412498474121094,25.21875,1.5625,2.0625,7.03125,7.03125,0.0,3,3 1
2864,929.5781860351562,925.5423583984375,786.4501953125,343.45623779296875,3.28125,0.0,4.8125,4.8125,1.875,0.0,0.875,0.90625,1.15625,38.09375,29.28125,1.0,2.28125,6.09375,6.09375,0.0,3,3 4
2865,947.84228515625,944.2844848632812,803.7349853515625,347.0874938964844,3.28125,0.0,5.09375,5.09375,1.84375,0.03125,1.0625,0.96875,1.1875,38.931251525878906,29.75,1.0,2.28125,6.09375,6.09375,0.0,3,3 0
2866,907.6664428710938,906.1712036132812,769.1187133789062,355.70623779296875,3.21875,0.0,4.75,4.75,1.84375,0.0,0.84375,0.96875,1.09375,39.33124923706055,29.78125,1.0,2.21875,6.46875,6.46875,0.0,3,3 2
2867,961.6807250976562,957.8255615234375,815.3126220703125,353.15625,3.3125,0.0,5.0625,5.0625,1.90625,0.0,0.96875,1.0,1.1875,41.556251525878906,26.0,1.0,2.3125,6.8125,6.8125,0.0,2,2 3
2868,834.5004272460938,831.9962768554688,704.2366943359375,337.20001220703125,3.03125,0.0,4.78125,4.78125,1.8125,0.0,0.96875,0.90625,1.09375,35.900001525878906,29.4375,1.0,2.03125,5.4375,5.4375,0.0,3,3 2
2869,912.7371215820312,907.6387939453125,769.6502685546875,359.9624938964844,3.21875,0.0,5.0,5.0,1.9375,0.0,1.03125,0.90625,1.125,37.79375076293945,32.40625,1.0,2.21875,5.96875,5.96875,0.0,3,3 2
2870,767.0750732421875,764.4508056640625,645.0875854492188,314.0625,2.90625,0.0,4.40625,4.40625,1.6875,0.0,0.84375,0.8125,1.0625,33.181251525878906,29.09375,1.0,1.90625,6.1875,6.1875,0.0,3,3 2
2871,847.2322387695312,844.14794921875,714.8031005859375,348.73748779296875,3.0625,0.0,4.71875,4.71875,1.8125,0.0,0.875,0.9375,1.09375,35.599998474121094,25.90625,1.0,2.0625,6.75,6.75,0.0,3,3 2
2872,826.3872680664062,821.0633544921875,695.947265625,328.625,3.0,0.0,4.53125,4.53125,1.71875,0.0,0.875,0.84375,1.09375,36.443748474121094,29.5625,1.0,2.0,7.09375,7.09375,0.0,3,3 0
2873,907.8401489257812,904.8546752929688,766.0390625,351.8999938964844,3.25,0.0,4.96875,4.96875,1.90625,0.0,0.96875,0.9375,1.15625,38.03125,32.59375,1.0,2.25,7.09375,7.09375,0.0,3,3 0
2874,811.3186645507812,808.4942626953125,683.7979125976562,327.20623779296875,3.0,0.0,4.53125,4.53125,1.75,0.0,0.84375,0.875,1.0625,34.506248474121094,33.75,1.0,2.0,5.875,5.875,0.0,3,3 1
2875,836.3087158203125,831.62548828125,701.9130249023438,348.20623779296875,3.0625,0.0,4.8125,4.8125,1.84375,0.0,0.96875,0.9375,1.0625,35.70624923706055,31.59375,1.0,2.0625,6.84375,6.84375,0.0,3,3 0
2876,867.8524169921875,863.88232421875,730.8670654296875,342.4937438964844,3.15625,0.0,4.71875,4.71875,1.8125,0.0,0.84375,0.90625,1.15625,35.849998474121094,33.65625,1.0,2.15625,6.625,6.625,0.0,3,3 2
2877,922.4747924804688,920.68017578125,780.2757568359375,356.61248779296875,3.28125,0.0,5.0,5.0,1.875,0.0,0.96875,0.9375,1.21875,37.5625,32.875,1.0,2.28125,8.21875,8.21875,0.0,3,3 2
2878,801.5320434570312,798.1432495117188,675.8677978515625,322.6812438964844,2.9375,0.0,4.65625,4.65625,1.8125,0.0,0.90625,0.84375,1.09375,34.118751525878906,33.8125,1.0625,1.9375,8.34375,8.34375,0.0,3,3 1
2879,1003.0820922851562,1001.89892578125,853.2635498046875,356.07501220703125,3.4375,0.0,5.28125,5.28125,2.0,0.0,1.03125,0.9375,1.3125,40.73125076293945,34.0625,1.0,2.4375,8.5625,8.5625,0.0,4,4 3
2880,949.0547485351562,948.2081298828125,804.7686767578125,365.79998779296875,3.3125,0.0,5.25,5.25,1.875,0.0,1.125,0.96875,1.28125,39.025001525878906,27.8125,1.0,2.3125,9.53125,9.53125,0.0,3,3 4
2881,928.05322265625,927.1986083984375,786.8780517578125,358.3062438964844,3.25,0.0,5.25,5.25,1.9375,0.0,1.125,0.96875,1.21875,38.36249923706055,27.34375,1.0,2.25,9.625,9.625,0.0,3,3 2
2882,920.3035278320312,918.7076416015625,780.4118041992188,353.2250061035156,3.21875,0.0,5.15625,5.15625,1.9375,0.0,1.03125,0.96875,1.21875,37.900001525878906,27.09375,1.0,2.21875,8.71875,8.71875,0.0,3,3 2
2883,906.642333984375,902.7945556640625,765.6341552734375,360.79998779296875,3.1875,0.0,5.09375,5.09375,1.90625,0.0,1.09375,0.9375,1.15625,38.16875076293945,29.09375,1.0,2.1875,8.59375,8.59375,0.0,3,3 4
2884,934.9495849609375,932.6995239257812,792.8746948242188,354.76873779296875,3.25,0.0,5.125,5.125,1.8125,0.0,1.09375,0.96875,1.25,39.368751525878906,29.25,1.0,2.25,7.9375,7.9375,0.0,3,3 2
2885,942.4586181640625,940.482421875,797.8009033203125,358.63751220703125,3.3125,0.0,5.15625,5.15625,1.90625,0.03125,1.09375,0.96875,1.15625,38.88750076293945,29.375,1.0,2.3125,8.875,8.875,0.0,3,3 4
2886,945.3297729492188,942.7374267578125,800.6488647460938,366.20001220703125,3.28125,0.0,5.25,5.25,1.875,0.0,1.09375,0.96875,1.3125,38.70000076293945,25.8125,1.0,2.28125,9.65625,9.65625,0.0,3,3 2
2887,966.5242309570312,964.2889404296875,820.8116455078125,353.70001220703125,3.3125,0.0,5.375,5.375,2.03125,0.0,1.125,1.0,1.21875,39.818748474121094,29.875,1.0,2.3125,9.28125,9.28125,0.0,3,3 4
2888,998.2435913085938,995.4509887695312,846.1886596679688,361.7437438964844,3.4375,0.0,5.375,5.375,1.96875,0.0,1.15625,1.0,1.25,40.556251525878906,31.28125,1.0,2.4375,9.625,9.625,0.0,4,4 3
2889,962.8157958984375,960.2615966796875,816.3458862304688,353.6499938964844,3.34375,0.0,5.15625,5.15625,2.0,0.0,1.03125,0.96875,1.15625,39.837501525878906,31.84375,1.0,2.34375,9.59375,9.59375,0.0,3,3 4
2890,879.2975463867188,877.4036865234375,744.3700561523438,346.8687438964844,3.125,0.0,4.90625,4.90625,1.8125,0.0,1.0,0.9375,1.15625,37.86249923706055,30.40625,1.0,2.125,10.84375,10.84375,0.0,3,3 2
2891,834.2086181640625,832.3128662109375,705.4195556640625,329.3374938964844,3.03125,0.0,4.65625,4.65625,1.8125,0.0,0.90625,0.875,1.0625,36.04999923706055,33.84375,1.0,2.03125,9.28125,9.28125,0.0,3,3 0
2892,914.986572265625,912.4894409179688,775.1964111328125,351.45001220703125,3.1875,0.0,5.25,5.25,1.90625,0.0,1.15625,0.96875,1.21875,38.03125,27.96875,1.0,2.1875,9.09375,9.09375,0.0,3,3 2
2893,913.0742797851562,911.0983276367188,774.5370483398438,344.42498779296875,3.1875,0.0,5.15625,5.15625,1.96875,0.0,1.0625,0.90625,1.21875,38.0,30.25,1.0,2.1875,12.0,12.0,0.0,3,3 4
2894,917.0723876953125,911.3640747070312,775.4699096679688,344.73126220703125,3.1875,0.0,5.0,5.0,1.875,0.0,1.125,0.875,1.125,37.681251525878906,29.96875,1.0,2.1875,11.53125,11.53125,0.0,3,3 1
2895,921.3693237304688,918.1716918945312,779.6029052734375,343.26873779296875,3.25,0.0,5.03125,5.03125,1.9375,0.0,1.0625,0.875,1.15625,37.66875076293945,30.0,1.0,2.25,10.40625,10.40625,0.0,3,3 2
2896,899.9254760742188,897.5886840820312,760.5355834960938,334.58123779296875,3.21875,0.0,5.15625,5.15625,2.0,0.0,1.0,0.96875,1.1875,36.17499923706055,33.75,1.0,2.21875,10.75,10.75,0.0,3,3 2
2897,863.5952758789062,861.12744140625,729.1575927734375,356.86248779296875,3.09375,0.0,4.875,4.875,1.875,0.0,1.0,0.90625,1.09375,37.162498474121094,31.65625,1.0,2.09375,11.90625,11.90625,0.0,3,3 2
2898,913.6923217773438,912.3699340820312,773.9246826171875,359.7749938964844,3.21875,0.0,5.0625,5.0625,1.90625,0.0,1.0625,0.9375,1.15625,38.993751525878906,26.46875,1.0,2.21875,10.4375,10.4375,0.0,3,3 4
2899,797.8007202148438,795.2926635742188,671.0818481445312,323.04998779296875,3.0,0.0,4.5625,4.5625,1.78125,0.0,0.90625,0.78125,1.09375,32.26874923706055,36.375,1.0,2.0,9.4375,9.4375,0.0,3,3 4
2900,865.1093139648438,862.4845581054688,730.9082641601562,338.14373779296875,3.125,0.0,4.71875,4.71875,1.84375,0.0,0.84375,0.875,1.15625,36.35625076293945,30.21875,1.0,2.125,10.15625,10.15625,0.0,3,3 2
2901,785.2418212890625,782.3824462890625,660.706787109375,316.2875061035156,2.9375,0.0,4.65625,4.65625,1.84375,0.0,0.875,0.875,1.0625,32.5625,31.25,1.0,1.9375,8.34375,8.34375,0.0,3,3 4
2902,940.3839721679688,939.2764892578125,797.0810546875,368.36248779296875,3.28125,0.0,5.21875,5.21875,1.96875,0.0,1.0625,1.0,1.1875,39.38750076293945,29.90625,1.0,2.28125,7.53125,7.53125,0.0,3,3 4
2903,883.6474609375,881.6968994140625,747.9888916015625,355.9624938964844,3.125,0.0,4.96875,4.96875,1.875,0.0,1.0625,0.90625,1.125,37.693748474121094,27.34375,1.59375,2.125,7.59375,7.59375,0.0,3,3 4
2904,865.4710693359375,861.9515380859375,729.9625854492188,342.4312438964844,3.125,0.0,4.78125,4.78125,1.78125,0.03125,0.96875,0.90625,1.09375,36.068748474121094,26.28125,1.0,2.125,8.46875,8.46875,0.0,3,3 2
2905,927.8622436523438,925.11328125,786.248779296875,354.96875,3.21875,0.0,5.15625,5.15625,1.96875,0.0,1.0625,0.96875,1.15625,40.57500076293945,25.84375,1.0,2.21875,7.75,7.75,0.0,3,3 2
2906,976.7993774414062,973.8464965820312,827.1458740234375,374.4750061035156,3.375,0.0,5.21875,5.21875,1.9375,0.0,1.09375,0.96875,1.21875,40.84375,29.53125,1.0,2.375,8.1875,8.1875,0.0,4,4 3
2907,889.4347534179688,887.1842651367188,751.7005615234375,373.8062438964844,3.15625,0.0,4.875,4.875,1.84375,0.0,0.9375,0.9375,1.15625,37.39374923706055,29.34375,1.0,2.15625,8.21875,8.21875,0.0,3,3 4
2908,837.1199951171875,833.4022216796875,704.7265625,359.98126220703125,3.03125,0.0,4.75,4.75,1.71875,0.0,0.9375,0.875,1.21875,35.35625076293945,29.75,1.0,2.03125,6.34375,6.34375,0.0,3,3 2
2909,897.7777709960938,893.4241943359375,756.338134765625,373.03125,3.1875,0.0,4.90625,4.90625,1.875,0.0,0.9375,0.96875,1.125,38.525001525878906,30.875,1.59375,2.1875,8.25,8.25,0.0,3,3 0
2910,949.4841918945312,946.8313598632812,803.9601440429688,372.54376220703125,3.3125,0.0,5.0,5.0,1.90625,0.0,0.96875,0.875,1.25,39.54999923706055,33.40625,1.0,2.3125,8.875,8.875,0.0,3,3 2
2911,993.7906494140625,991.6173706054688,845.2938232421875,396.04376220703125,3.3125,0.0,5.375,5.375,1.9375,0.0,1.125,1.0,1.3125,43.868751525878906,19.875,1.0,2.3125,11.125,11.125,0.0,2,2 3
2912,1039.2947998046875,1037.478759765625,883.9938354492188,375.42498779296875,3.53125,0.0,5.1875,5.1875,1.84375,0.0,1.03125,0.9375,1.375,42.506248474121094,27.8125,1.0,2.53125,12.125,12.125,0.0,2,2 0
2913,972.3632202148438,971.4564208984375,827.3078002929688,365.90625,3.34375,0.0,4.96875,4.96875,1.9375,0.0,0.90625,0.9375,1.1875,41.89374923706055,30.71875,1.0,2.34375,13.0,13.0,0.0,3,3 0
2914,1116.5386962890625,1115.1312255859375,951.4236450195312,406.75,3.6875,0.0,5.5625,5.5625,2.0625,0.0,1.15625,0.96875,1.375,45.806251525878906,31.25,1.0,2.6875,13.71875,13.71875,0.0,2,2 1
2915,991.5220947265625,990.3857421875,843.61767578125,354.48126220703125,3.40625,0.0,5.1875,5.1875,2.03125,0.03125,1.0,0.9375,1.1875,40.17499923706055,25.28125,1.0,2.40625,11.1875,11.1875,0.0,3,3 1
2916,1048.5338134765625,1046.3187255859375,892.5534057617188,374.5249938964844,3.53125,0.0,5.25,5.25,1.96875,0.0,1.0625,0.96875,1.25,42.92499923706055,25.40625,1.0,2.53125,11.25,11.25,0.0,2,2 3
2917,1203.92431640625,1201.830078125,1028.8607177734375,404.11248779296875,3.875,0.0,5.84375,5.84375,2.15625,0.03125,1.1875,1.0,1.46875,47.993751525878906,24.625,1.0,2.875,10.75,10.75,0.0,3,3 2
2918,989.933349609375,988.0560302734375,841.8017578125,370.6875,3.375,0.0,5.125,5.125,1.9375,0.0,0.96875,0.9375,1.28125,41.5,24.21875,1.0,2.375,10.1875,10.1875,0.0,3,3 1
2919,899.69482421875,898.02490234375,761.631103515625,358.73748779296875,3.1875,0.0,4.875,4.875,1.90625,0.0,0.9375,0.96875,1.0625,39.34375,29.375,1.0,2.1875,11.09375,11.09375,0.0,3,3 2
2920,999.112548828125,997.5164184570312,847.7784423828125,367.7124938964844,3.46875,0.0,5.03125,5.03125,1.875,0.0,1.03125,0.9375,1.1875,41.88750076293945,24.8125,1.0,2.46875,10.1875,10.1875,0.0,2,2 0
2921,978.6163330078125,977.1053466796875,832.1943359375,370.36248779296875,3.34375,0.0,5.125,5.125,1.84375,0.0,1.0625,0.90625,1.3125,41.41875076293945,24.84375,1.0,2.34375,10.78125,10.78125,0.0,2,2 4
2922,942.6061401367188,940.8515625,799.4439697265625,359.34375,3.28125,0.0,5.09375,5.09375,1.875,0.0,1.03125,0.96875,1.21875,40.29375076293945,26.125,1.0,2.28125,12.40625,12.40625,0.0,3,3 2
2923,892.4347534179688,891.4119262695312,756.5459594726562,353.7562561035156,3.15625,0.0,4.875,4.875,1.8125,0.0,0.96875,0.9375,1.15625,39.53125,25.84375,1.0,2.15625,13.0,13.0,0.0,3,3 2
2924,957.0387573242188,955.6646728515625,813.614013671875,355.07501220703125,3.3125,0.0,5.0,5.0,1.90625,0.0,1.0,0.9375,1.15625,39.84375,26.5625,1.3125,2.3125,12.5,12.5,0.0,2,2 3
2925,1031.49658203125,1028.369384765625,876.0927734375,357.3812561035156,3.53125,0.0,5.1875,5.1875,2.0,0.03125,1.09375,0.90625,1.15625,40.806251525878906,30.46875,1.0,2.53125,12.53125,12.53125,0.0,3,3 2
2926,1148.7713623046875,1146.7269287109375,983.5645751953125,373.15625,3.6875,0.0,5.6875,5.6875,2.03125,0.0,1.28125,1.0,1.375,49.33124923706055,15.0,1.0,2.6875,13.46875,13.46875,0.0,4,4 0
2927,1015.9056396484375,1013.7776489257812,865.6751708984375,337.9375,3.4375,0.0,5.375,5.375,1.875,0.03125,1.1875,0.96875,1.3125,40.724998474121094,25.34375,1.0,2.4375,10.5625,10.5625,0.0,2,2 1
2928,1081.1348876953125,1078.2286376953125,921.6541137695312,356.1187438964844,3.59375,0.0,5.46875,5.46875,2.03125,0.0,1.15625,0.96875,1.3125,44.20000076293945,25.03125,1.0,2.59375,13.03125,13.03125,0.0,3,3 4
2929,1024.187744140625,1022.1306762695312,874.1221923828125,341.0,3.4375,0.0,5.21875,5.21875,1.90625,0.0,1.125,0.9375,1.25,42.82500076293945,21.53125,1.0,2.4375,13.5,13.5,0.0,3,3 2
2930,1013.3480834960938,1012.1444091796875,864.2672729492188,324.3500061035156,3.46875,0.0,5.09375,5.09375,1.84375,0.0,1.0625,0.96875,1.21875,42.20624923706055,25.53125,1.0,2.46875,10.9375,10.9375,0.0,4,4 1
2931,918.259765625,915.8023681640625,779.0524291992188,328.4437561035156,3.25,0.0,4.78125,4.78125,1.9375,0.03125,0.84375,0.84375,1.125,37.23749923706055,29.0625,1.0,2.25,13.46875,13.46875,0.0,3,3 2
2932,914.9369506835938,912.1500244140625,776.2327880859375,318.46875,3.21875,0.0,5.0,5.0,1.875,0.03125,1.0625,0.875,1.15625,37.8125,29.21875,1.0,2.21875,13.53125,13.53125,0.0,3,3 4
2933,1005.2246704101562,1003.0455322265625,855.68017578125,347.45623779296875,3.4375,0.0,5.03125,5.03125,1.875,0.0,1.03125,0.90625,1.21875,41.625,26.1875,1.0,2.4375,11.5625,11.5625,0.0,3,3 4
2934,997.4796142578125,997.0250854492188,851.2142333984375,346.0,3.40625,0.0,4.9375,4.9375,1.875,0.0,0.84375,0.875,1.34375,42.76874923706055,28.5,1.0,2.40625,11.8125,11.8125,0.0,0,0 3
2935,1046.0341796875,1044.552490234375,890.4359130859375,366.67498779296875,3.5625,0.0,5.09375,5.09375,1.96875,0.0,0.96875,0.9375,1.21875,43.23749923706055,24.46875,1.0,2.5625,11.4375,11.4375,0.0,3,3 4
2936,1066.68505859375,1063.751953125,909.3342895507812,357.2562561035156,3.5625,0.0,5.21875,5.21875,2.03125,0.03125,1.03125,0.90625,1.21875,44.75,24.9375,1.0,2.5625,10.6875,10.6875,0.0,2,2 4
2937,951.5316772460938,949.4918823242188,808.2122192382812,352.26873779296875,3.3125,0.0,4.84375,4.84375,1.90625,0.0,0.875,0.90625,1.15625,39.8125,28.34375,1.0,2.3125,9.5,9.5,0.0,3,3 4
2938,974.568115234375,971.6949462890625,827.1920776367188,353.875,3.375,0.0,4.9375,4.9375,1.96875,0.03125,0.84375,0.90625,1.1875,40.60625076293945,27.25,1.0,2.375,8.78125,8.78125,0.0,3,3 0
2939,978.0115966796875,975.5106201171875,831.3703002929688,343.35626220703125,3.375,0.0,5.0,5.0,1.8125,0.03125,1.03125,0.9375,1.1875,40.125,28.625,1.0,2.375,10.625,10.625,0.0,3,3 4
2940,957.8624267578125,956.2667236328125,814.1129150390625,333.29998779296875,3.34375,0.0,4.9375,4.9375,1.90625,0.0,0.96875,0.9375,1.125,40.5625,27.78125,1.0,2.34375,7.5625,7.5625,0.0,3,3 4
2941,1055.1328125,1053.12158203125,897.7314453125,364.4750061035156,3.59375,0.0,5.15625,5.15625,2.0,0.0,1.03125,0.90625,1.21875,42.243751525878906,24.96875,1.0,2.59375,8.28125,8.28125,0.0,3,3 4
2942,905.7181396484375,904.4417724609375,770.5477294921875,321.25,3.21875,0.0,4.4375,4.4375,1.71875,0.0,0.78125,0.8125,1.125,38.29999923706055,31.84375,1.0,2.21875,6.6875,6.6875,0.0,3,3 1
2943,1009.0471801757812,1006.873046875,858.8980712890625,353.7250061035156,3.4375,0.0,5.125,5.125,2.03125,0.0,1.0,0.9375,1.15625,41.1875,25.1875,1.0,2.4375,7.5625,7.5625,0.0,3,3 0
2944,1085.815673828125,1085.017333984375,926.5552978515625,354.5249938964844,3.65625,0.0,5.28125,5.28125,2.03125,0.03125,0.90625,1.0,1.3125,44.712501525878906,24.125,1.0,2.65625,8.09375,8.09375,0.0,3,3 1
2945,989.0097045898438,985.2769775390625,840.0578002929688,335.23748779296875,3.40625,0.0,5.03125,5.03125,1.84375,0.0,0.96875,0.9375,1.28125,40.38750076293945,27.46875,1.0,2.40625,5.90625,5.90625,0.0,3,3 0
2946,1025.7637939453125,1023.0847778320312,872.39599609375,353.64373779296875,3.53125,0.0,4.8125,4.8125,2.03125,0.0,0.8125,0.90625,1.0625,41.35625076293945,29.71875,1.0,2.53125,6.875,6.875,0.0,4,4 3
2947,939.2820434570312,938.3279418945312,799.5692138671875,333.8187561035156,3.28125,0.0,4.78125,4.78125,1.875,0.0,0.84375,0.9375,1.125,39.61249923706055,26.09375,1.0,2.28125,7.40625,7.40625,0.0,4,4 0
2948,1069.056884765625,1067.35595703125,911.1751708984375,353.5,3.625,0.0,5.125,5.125,2.0,0.0625,0.9375,1.0,1.125,43.087501525878906,29.125,1.0,2.625,7.9375,7.9375,0.0,1,1 3
2949,997.6582641601562,996.5849609375,848.7337646484375,351.23748779296875,3.46875,0.0,4.8125,4.8125,1.90625,0.03125,0.75,0.9375,1.1875,40.84375,28.65625,1.0,2.46875,7.34375,7.34375,0.0,3,3 4
2950,959.8724365234375,957.0110473632812,815.7337646484375,334.125,3.34375,0.0,4.71875,4.71875,1.78125,0.0,0.8125,0.96875,1.15625,40.32500076293945,21.875,1.0,2.34375,7.5625,7.5625,0.0,3,3 4
2951,1089.9456787109375,1088.3131103515625,930.6940307617188,359.95623779296875,3.625,0.0,5.28125,5.28125,2.0,0.0,1.125,1.0,1.15625,45.8125,17.6875,1.0,2.625,6.4375,6.4375,0.0,3,3 0
2952,1014.8143920898438,1013.0118408203125,863.6907958984375,347.98748779296875,3.5,0.0,4.875,4.875,1.8125,0.03125,0.9375,0.96875,1.125,41.23125076293945,26.59375,1.0,2.5,6.5,6.5,0.0,4,4 3
2953,914.2301635742188,912.9005737304688,777.029296875,336.61248779296875,3.21875,0.0,4.65625,4.65625,1.78125,0.0,0.84375,0.9375,1.09375,40.15625,26.03125,1.0,2.21875,5.9375,5.9375,0.0,3,3 2
2954,1125.1611328125,1122.19384765625,959.0411987304688,387.01251220703125,3.71875,0.0,5.34375,5.34375,2.09375,0.0625,1.0625,1.0,1.125,45.775001525878906,25.5,1.0,2.71875,6.34375,6.34375,0.0,3,3 2
2955,1021.1451416015625,1019.7384643554688,869.8811645507812,357.3187561035156,3.5,0.0,4.875,4.875,1.9375,0.0,0.90625,0.9375,1.09375,41.618751525878906,24.75,1.0,2.5,6.78125,6.78125,0.0,3,3 2
2956,1046.3311767578125,1043.803466796875,890.0206298828125,372.13751220703125,3.5625,0.0,5.0,5.0,2.03125,0.0,0.84375,0.9375,1.1875,41.95000076293945,33.65625,1.0,2.5625,5.78125,5.78125,0.0,3,3 4
2957,907.2832641601562,905.9288330078125,770.0318603515625,357.40625,3.1875,0.0,4.75,4.75,1.90625,0.03125,0.78125,0.96875,1.0625,39.73125076293945,29.375,1.0,2.1875,6.4375,6.4375,0.0,3,3 2
2958,959.293701171875,958.2570190429688,814.7689208984375,353.625,3.375,0.0,4.6875,4.6875,1.875,0.0,0.875,0.90625,1.03125,40.59375,30.5625,1.0,2.375,6.1875,6.1875,0.0,3,3 0
2959,909.7964477539062,907.1002197265625,771.9099731445312,359.28125,3.1875,0.0,4.625,4.625,1.78125,0.0,0.84375,0.90625,1.09375,38.0625,25.9375,1.0,2.1875,5.5625,5.5625,0.0,3,3 4
2960,930.8136596679688,929.4178466796875,790.1162109375,342.9312438964844,3.3125,0.0,4.5,4.5,1.78125,0.0,0.71875,0.875,1.125,39.056251525878906,26.5625,1.0,2.3125,5.5625,5.5625,0.0,3,3 0
2961,919.045166015625,918.1702270507812,781.0118408203125,354.0625,3.21875,0.0,4.8125,4.8125,1.75,0.0,0.90625,0.90625,1.25,38.98749923706055,25.03125,1.0,2.21875,6.78125,6.78125,0.0,1,1 3
2962,991.8569946289062,987.8440551757812,843.1002197265625,370.48748779296875,3.34375,0.0,5.09375,5.09375,1.90625,0.0,1.0625,0.9375,1.1875,41.150001525878906,22.21875,1.0,2.34375,7.46875,7.46875,0.0,3,3 2
2963,911.8297119140625,908.3271484375,772.0517578125,357.46875,3.1875,0.0,4.90625,4.90625,1.875,0.03125,0.90625,0.90625,1.1875,38.34375,25.875,1.0,2.1875,7.3125,7.3125,0.0,3,3 4
2964,908.5703735351562,905.2214965820312,770.732666015625,348.6312561035156,3.1875,0.0,4.5625,4.5625,1.71875,0.0,0.84375,0.90625,1.09375,38.51250076293945,27.96875,1.0,2.1875,7.3125,7.3125,0.0,3,3 1
2965,962.6859741210938,961.5152587890625,818.3129272460938,360.73126220703125,3.34375,0.0,4.90625,4.90625,1.96875,0.0,0.90625,0.90625,1.125,39.462501525878906,31.4375,1.0,2.34375,7.6875,7.6875,0.0,3,3 4
2966,847.1396484375,844.2703247070312,717.0833129882812,324.76873779296875,3.0625,0.0,4.5,4.5,1.75,0.0,0.84375,0.8125,1.09375,35.131248474121094,28.40625,1.0,2.0625,8.21875,8.21875,0.0,3,3 1
2967,899.3453369140625,897.9517822265625,762.8761596679688,346.76251220703125,3.1875,0.0,4.75,4.75,1.75,0.03125,0.90625,0.90625,1.15625,38.125,27.90625,1.0,2.1875,8.3125,8.3125,0.0,3,3 0
2968,850.7667236328125,849.2481689453125,719.9924926757812,348.35626220703125,3.0625,0.0,4.625,4.625,1.78125,0.0,0.8125,0.84375,1.1875,37.29375076293945,28.6875,1.0,2.0625,8.03125,8.03125,0.0,3,3 1
2969,899.6574096679688,897.8232421875,764.1400146484375,346.1499938964844,3.15625,0.0,4.78125,4.78125,1.78125,0.0,0.96875,0.84375,1.1875,37.15625,27.875,1.0,2.15625,7.3125,7.3125,0.0,3,3 4
2970,937.622314453125,931.5642700195312,793.6373901367188,322.45001220703125,3.28125,0.0,4.75,4.75,1.8125,0.0,1.03125,0.8125,1.09375,38.84375,26.40625,1.0,2.28125,7.6875,7.6875,0.0,3,3 2
2971,889.4994506835938,886.9857177734375,752.533935546875,340.9937438964844,3.1875,0.0,4.71875,4.71875,1.875,0.0,0.875,0.8125,1.15625,36.95624923706055,29.84375,1.0,2.1875,8.625,8.625,0.0,3,3 4
2972,881.0110473632812,879.8958740234375,746.1312255859375,333.01251220703125,3.1875,0.0,4.6875,4.6875,1.8125,0.0,0.90625,0.875,1.09375,36.04999923706055,33.5,1.0,2.1875,8.0625,8.0625,0.0,3,3 1
2973,919.8950805664062,916.8274536132812,779.1509399414062,350.66876220703125,3.25,0.0,4.71875,4.71875,1.90625,0.0,0.8125,0.84375,1.15625,37.599998474121094,32.875,1.0,2.25,7.90625,7.90625,0.0,3,3 1
2974,898.5065307617188,895.1998291015625,760.5208740234375,344.32501220703125,3.1875,0.0,4.65625,4.65625,1.8125,0.0,0.84375,0.8125,1.1875,38.681251525878906,27.625,1.0,2.1875,7.625,7.625,0.0,3,3 2
2975,677.8798217773438,675.3265991210938,569.6131591796875,278.2250061035156,2.6875,0.0,3.90625,3.90625,1.5625,0.0,0.65625,0.6875,1.0,29.456249237060547,31.71875,1.0,1.6875,6.46875,6.46875,0.0,3,3 4
2976,843.2529296875,840.9714965820312,711.2125244140625,344.98126220703125,3.09375,0.0,4.53125,4.53125,1.75,0.0,0.6875,0.90625,1.1875,35.818748474121094,25.78125,1.0,2.09375,8.59375,8.59375,0.0,3,3 2
2977,805.2408447265625,800.1795654296875,677.7789916992188,318.3062438964844,2.96875,0.0,4.40625,4.40625,1.6875,0.0,0.8125,0.84375,1.0625,34.29375076293945,28.125,1.0,1.96875,9.3125,9.3125,0.0,3,3 4
2978,944.4301147460938,941.9552612304688,800.37060546875,356.3187561035156,3.3125,0.0,4.875,4.875,1.8125,0.0,1.0,0.96875,1.09375,39.6875,28.21875,1.0,2.3125,10.59375,10.59375,0.0,3,3 4
2979,864.3394165039062,860.2376098632812,729.0099487304688,337.36248779296875,3.125,0.0,4.65625,4.65625,1.78125,0.0,0.875,0.84375,1.15625,36.025001525878906,34.125,1.0,2.125,9.53125,9.53125,0.0,3,3 2
2980,863.4459228515625,860.5266723632812,727.84619140625,348.86248779296875,3.15625,0.0,4.5625,4.5625,1.84375,0.0,0.78125,0.90625,1.03125,35.693748474121094,35.3125,1.0,2.15625,11.40625,11.40625,0.0,3,3 0
2981,816.0381469726562,812.5350341796875,689.1717529296875,309.32501220703125,3.0,0.0,4.4375,4.4375,1.625,0.0,0.875,0.8125,1.125,34.150001525878906,28.1875,1.0,2.0,10.09375,10.09375,0.0,3,3 2
2982,800.0123291015625,797.3792724609375,674.0828247070312,329.10626220703125,2.96875,0.0,4.5,4.5,1.78125,0.0,0.8125,0.84375,1.0625,34.1875,34.28125,1.0,1.96875,12.0,12.0,0.0,3,3 2
2983,774.3350830078125,769.4017333984375,649.9057006835938,319.91876220703125,2.90625,0.0,4.34375,4.34375,1.59375,0.0,0.90625,0.8125,1.03125,33.681251525878906,35.25,1.0,1.90625,12.8125,12.8125,0.0,3,3 2
2984,750.3373413085938,747.9702758789062,631.0694580078125,319.875,2.84375,0.0,4.4375,4.4375,1.75,0.0,0.8125,0.84375,1.03125,31.774999618530273,35.09375,1.0,1.84375,14.09375,14.09375,0.0,4,4 3
2985,774.0241088867188,770.8772583007812,652.958740234375,321.32501220703125,2.875,0.0,4.3125,4.3125,1.5,0.0,0.96875,0.78125,1.0625,32.51250076293945,25.5,1.0,1.875,10.34375,10.34375,0.0,3,3 4
2986,705.4617919921875,702.54931640625,592.0755615234375,301.29998779296875,2.75,0.0,4.0625,4.0625,1.53125,0.0,0.75,0.75,1.03125,31.4375,33.34375,1.0,1.75,10.65625,10.65625,0.0,3,3 1
2987,752.0369262695312,750.2318115234375,632.9546508789062,314.33123779296875,2.875,0.0,4.25,4.25,1.625,0.0,0.78125,0.84375,1.0,32.28125,34.40625,1.0,1.875,13.75,13.75,0.0,3,3 4
2988,706.6433715820312,703.5633544921875,590.8446655273438,300.25,2.8125,0.0,4.03125,4.03125,1.53125,0.0,0.75,0.71875,1.03125,30.3125,34.53125,1.0,1.8125,11.1875,11.1875,0.0,3,3 4
2989,960.2435913085938,955.7288208007812,813.0162353515625,367.39373779296875,3.3125,0.0,4.96875,4.96875,1.8125,0.0,1.125,0.9375,1.09375,40.79375076293945,25.6875,1.0,2.3125,17.3125,17.3125,0.0,3,3 2
2990,837.51806640625,834.75537109375,707.3064575195312,321.03125,3.03125,0.0,4.9375,4.9375,1.875,0.0,1.0,0.9375,1.125,35.193748474121094,28.34375,1.0,2.03125,13.5,13.5,0.0,3,3 0
2991,827.7061767578125,826.5123901367188,700.4220581054688,323.0687561035156,3.03125,0.0,4.59375,4.59375,1.65625,0.0,1.0,0.84375,1.09375,34.71875,26.53125,1.0,2.03125,13.09375,13.09375,0.0,3,3 2
2992,785.5813598632812,780.4401245117188,659.576416015625,312.1937561035156,2.9375,0.0,4.4375,4.4375,1.625,0.0,0.90625,0.84375,1.0625,34.04999923706055,29.0,1.0,1.9375,10.59375,10.59375,0.0,3,3 1
2993,1022.1943969726562,1018.6829833984375,869.3552856445312,375.7124938964844,3.40625,0.0,5.375,5.375,1.875,0.0,1.1875,1.0,1.3125,44.33124923706055,25.875,1.0,2.40625,16.28125,16.28125,0.0,3,3 4
2994,852.719970703125,851.3518676757812,722.6209716796875,330.89373779296875,3.0625,0.0,4.78125,4.78125,1.71875,0.0,1.0,0.84375,1.21875,35.756248474121094,28.0,1.0,2.0625,11.34375,11.34375,0.0,3,3 4
2995,881.7033081054688,879.7694091796875,747.4815673828125,341.5874938964844,3.125,0.0,4.84375,4.84375,1.78125,0.0,1.03125,0.9375,1.09375,36.57500076293945,26.40625,1.0,2.125,13.625,13.625,0.0,3,3 4
2996,826.7161865234375,822.3958740234375,698.3405151367188,312.76251220703125,3.0,0.0,4.53125,4.53125,1.59375,0.0,0.9375,0.8125,1.1875,34.95624923706055,27.71875,1.0,2.0,13.09375,13.09375,0.0,3,3 2
2997,846.7579345703125,844.0255737304688,714.0636596679688,313.03125,3.125,0.0,4.75,4.75,1.84375,0.0,0.96875,0.875,1.0625,33.66875076293945,35.21875,1.0,2.125,13.03125,13.03125,0.0,3,3 2
2998,760.1727294921875,757.340087890625,641.3576049804688,307.0,2.8125,0.0,4.625,4.625,1.6875,0.0,0.9375,0.9375,1.0625,33.375,26.1875,1.0,1.8125,11.90625,11.90625,0.0,3,3 2
2999,814.0027465820312,811.4657592773438,687.100341796875,313.26873779296875,3.0,0.0,4.59375,4.59375,1.78125,0.0,0.90625,0.84375,1.0625,35.150001525878906,32.75,1.0,2.0,13.9375,13.9375,0.0,3,3 2
3000,825.9874267578125,823.0036010742188,696.66796875,325.85626220703125,3.03125,0.0,4.65625,4.65625,1.75,0.0,0.90625,0.875,1.125,33.91875076293945,31.5625,1.0,2.03125,16.5,16.5,0.0,3,3 2
3001,865.5567626953125,863.7998046875,731.1724853515625,342.92498779296875,3.125,0.0,4.90625,4.90625,1.875,0.0,0.9375,0.9375,1.15625,36.70000076293945,31.25,1.0,2.125,17.9375,17.9375,0.0,3,3 2
3002,837.53955078125,834.0055541992188,705.65380859375,320.70623779296875,3.09375,0.0,4.53125,4.53125,1.75,0.0,0.90625,0.84375,1.03125,34.743751525878906,33.5,1.0,2.09375,15.28125,15.28125,0.0,3,3 4
3003,815.9954833984375,813.4991455078125,686.9549560546875,332.32501220703125,3.03125,0.0,4.59375,4.59375,1.75,0.0,0.875,0.875,1.09375,34.66875076293945,31.0,1.0,2.03125,17.125,17.125,0.0,3,3 2
3004,794.9044189453125,793.6891479492188,672.4073486328125,303.04376220703125,2.96875,0.0,4.34375,4.34375,1.71875,0.0,0.78125,0.75,1.09375,33.70624923706055,30.03125,1.0,1.96875,13.53125,13.53125,0.0,3,3 4
3005,905.021240234375,901.4493408203125,765.3338623046875,337.70623779296875,3.21875,0.0,4.78125,4.78125,1.875,0.0,0.90625,0.90625,1.09375,38.431251525878906,27.40625,1.0,2.21875,14.46875,14.46875,0.0,3,3 4
3006,798.7047119140625,795.7939453125,672.691162109375,303.3687438964844,3.0,0.0,4.5,4.5,1.75,0.0,0.875,0.8125,1.0625,32.96875,37.5,1.0,2.0,14.71875,14.71875,0.0,3,3 4
3007,880.7483520507812,879.0423583984375,746.5103759765625,325.51873779296875,3.15625,0.0,4.71875,4.71875,1.71875,0.0,0.96875,0.8125,1.21875,37.881248474121094,32.59375,1.0,2.15625,13.0625,13.0625,0.0,4,4 3
3008,767.881591796875,764.1551513671875,646.3046875,300.9437561035156,2.90625,0.0,4.21875,4.21875,1.65625,0.0,0.84375,0.71875,1.0,32.587501525878906,27.28125,1.0,1.90625,10.46875,10.46875,0.0,3,3 4
3009,831.4759521484375,827.6828002929688,699.9007568359375,327.8374938964844,3.0625,0.0,4.65625,4.65625,1.8125,0.0,0.9375,0.8125,1.09375,34.11249923706055,31.90625,1.0,2.0625,11.625,11.625,0.0,3,3 2
3010,739.8265380859375,737.949462890625,621.8201293945312,295.6937561035156,2.875,0.0,4.25,4.25,1.6875,0.0,0.8125,0.71875,1.03125,31.081249237060547,36.125,1.0,1.875,9.875,9.875,0.0,3,3 2
3011,761.7068481445312,757.5827026367188,642.1285400390625,293.01873779296875,2.84375,0.0,4.375,4.375,1.65625,0.0,0.84375,0.8125,1.0625,32.587501525878906,30.0625,1.0,1.84375,10.78125,10.78125,0.0,3,3 2
3012,730.2584838867188,727.4583740234375,614.9991455078125,293.5249938964844,2.78125,0.0,4.28125,4.28125,1.5625,0.0,0.875,0.71875,1.125,32.474998474121094,31.34375,1.0,1.78125,11.1875,11.1875,0.0,3,3 2
3013,895.9216918945312,892.32763671875,756.0540161132812,326.57501220703125,3.25,0.0,4.6875,4.6875,1.8125,0.0,0.90625,0.84375,1.125,37.193748474121094,32.25,1.0,2.25,14.1875,14.1875,0.0,3,3 2
3014,936.3773193359375,934.2261962890625,794.2113037109375,338.66876220703125,3.28125,0.0,5.09375,5.09375,1.9375,0.0,1.0625,0.90625,1.1875,38.29999923706055,33.375,1.0,2.28125,15.40625,15.40625,0.0,3,3 4
3015,908.0443725585938,904.23779296875,767.9447021484375,345.5687561035156,3.1875,0.0,5.09375,5.09375,1.875,0.0,1.125,0.875,1.21875,37.58124923706055,26.4375,1.0,2.1875,14.90625,14.90625,0.0,3,3 1
3016,775.0073852539062,772.031005859375,652.7086181640625,317.8374938964844,2.90625,0.0,4.375,4.375,1.6875,0.0,0.875,0.71875,1.09375,32.599998474121094,29.34375,1.0,1.90625,13.1875,13.1875,0.0,2,2 3
3017,815.8226928710938,814.8440551757812,690.634765625,306.96875,3.0,0.0,4.65625,4.65625,1.65625,0.0,0.96875,0.84375,1.1875,34.64374923706055,31.4375,1.0,2.0,12.9375,12.9375,0.0,0,0 2
3018,876.8839111328125,875.5007934570312,741.8274536132812,342.14373779296875,3.15625,0.0,4.875,4.875,1.78125,0.0,1.0625,0.90625,1.125,36.131248474121094,28.625,1.0,2.15625,15.59375,15.59375,0.0,2,2 3
3019,719.3978271484375,716.2156982421875,603.7333984375,299.3187561035156,2.78125,0.0,4.28125,4.28125,1.59375,0.0,0.90625,0.75,1.03125,30.993749618530273,27.09375,1.0,1.78125,13.5,13.5,0.0,3,3 2
3020,823.3050537109375,819.953125,693.1459350585938,323.1499938964844,3.03125,0.0,4.75,4.75,1.78125,0.0,1.0,0.90625,1.0625,35.20624923706055,26.15625,1.0,2.03125,14.8125,14.8125,0.0,3,3 2
3021,778.6754760742188,775.1077880859375,653.4415283203125,320.3812561035156,2.9375,0.0,4.5625,4.5625,1.75,0.0,0.90625,0.8125,1.09375,33.45624923706055,31.53125,1.0,1.9375,13.84375,13.84375,0.0,3,3 2
3022,958.8839721679688,956.5973510742188,813.72998046875,344.5062561035156,3.34375,0.0,5.03125,5.03125,1.84375,0.0,1.09375,0.90625,1.1875,39.33124923706055,27.28125,1.0,2.34375,12.9375,12.9375,0.0,2,2 3
3023,751.8324584960938,750.1630249023438,635.07080078125,300.67498779296875,2.8125,0.0,4.5625,4.5625,1.6875,0.0,0.96875,0.8125,1.09375,31.575000762939453,26.59375,1.0,1.8125,10.125,10.125,0.0,3,3 4
3024,792.6131591796875,788.22509765625,667.1032104492188,313.75,2.9375,0.0,4.53125,4.53125,1.65625,0.0,0.96875,0.8125,1.09375,32.96875,32.65625,1.0,1.9375,12.15625,12.15625,0.0,3,3 2
3025,846.1510620117188,842.3778076171875,715.5411376953125,328.9937438964844,3.03125,0.0,4.625,4.625,1.71875,0.0,1.03125,0.8125,1.0625,36.525001525878906,23.875,1.0,2.03125,12.8125,12.8125,0.0,3,3 2
3026,729.1797485351562,724.5969848632812,611.7978515625,292.63751220703125,2.78125,0.0,4.4375,4.4375,1.5625,0.0,1.03125,0.71875,1.125,31.137500762939453,29.15625,1.0,1.78125,9.6875,9.6875,0.0,3,3 0
3027,845.2646484375,843.5623168945312,716.5180053710938,329.4937438964844,3.03125,0.0,4.71875,4.71875,1.71875,0.0,1.0,0.84375,1.15625,35.45624923706055,23.625,1.0,2.03125,13.3125,13.3125,0.0,3,3 2
3028,854.8834228515625,852.5706787109375,722.66455078125,339.70623779296875,3.09375,0.0,4.625,4.625,1.65625,0.0,0.9375,0.78125,1.25,36.01874923706055,34.59375,1.0,2.09375,11.09375,11.09375,0.0,4,4 3
3029,905.4937133789062,901.8795166015625,766.3121337890625,359.9312438964844,3.1875,0.0,4.71875,4.71875,1.75,0.0,1.0,0.8125,1.15625,37.89374923706055,27.84375,1.0,2.1875,12.75,12.75,0.0,3,3 0
3030,895.7372436523438,893.7293701171875,757.36572265625,333.4125061035156,3.25,0.0,4.71875,4.71875,1.8125,0.0,0.9375,0.84375,1.125,35.099998474121094,35.28125,1.0,2.25,11.90625,11.90625,0.0,3,3 1
3031,862.7220458984375,858.6650390625,728.6605224609375,325.4750061035156,3.09375,0.0,4.875,4.875,1.78125,0.0,1.0625,0.84375,1.1875,34.962501525878906,25.65625,1.03125,2.09375,10.0625,10.0625,0.0,3,3 2
3032,817.7293701171875,813.5778198242188,689.9388427734375,302.92498779296875,3.0,0.0,4.59375,4.59375,1.78125,0.0,0.9375,0.78125,1.09375,33.98749923706055,32.5625,1.0,2.0,11.5625,11.5625,0.0,3,3 2
3033,900.5023803710938,898.7273559570312,763.8092041015625,329.26251220703125,3.1875,0.0,4.96875,4.96875,1.75,0.03125,1.125,0.84375,1.21875,37.25,23.0,1.0,2.1875,13.6875,13.6875,0.0,3,3 2
3034,1009.7412719726562,1006.8797607421875,858.6072998046875,356.0687561035156,3.4375,0.0,5.1875,5.1875,2.0,0.0,1.09375,0.9375,1.15625,40.79999923706055,29.75,1.0,2.4375,15.4375,15.4375,0.0,3,3 4
3035,912.8350219726562,911.2213134765625,774.9481811523438,333.0687561035156,3.21875,0.0,4.84375,4.84375,1.71875,0.0,1.03125,0.9375,1.15625,39.20624923706055,27.65625,1.0,2.21875,11.59375,11.59375,0.0,3,3 4
3036,882.800537109375,879.4068603515625,747.0875854492188,315.1499938964844,3.15625,0.0,4.90625,4.90625,1.8125,0.03125,1.09375,0.84375,1.125,35.412498474121094,28.8125,1.0,2.15625,12.40625,12.40625,0.0,3,3 0
3037,878.0932006835938,875.3908081054688,743.6808471679688,330.8374938964844,3.125,0.0,4.875,4.875,1.6875,0.0,1.0625,0.90625,1.21875,35.65625,26.5,1.0,2.125,13.59375,13.59375,0.0,3,3 2
3038,750.337158203125,748.0852661132812,632.5858154296875,300.95001220703125,2.84375,0.0,4.3125,4.3125,1.625,0.0,0.9375,0.6875,1.0625,32.025001525878906,33.8125,1.0,1.84375,12.03125,12.03125,0.0,3,3 4
3039,756.439453125,752.9754638671875,634.6450805664062,302.8812561035156,2.90625,0.0,4.375,4.375,1.65625,0.0,0.84375,0.78125,1.09375,31.243749618530273,29.71875,1.0,1.90625,11.375,11.375,0.0,3,3 2
3040,757.1239624023438,753.2186279296875,637.4373168945312,307.3062438964844,2.84375,0.0,4.28125,4.28125,1.5625,0.0,0.875,0.71875,1.125,32.51874923706055,29.5625,1.0,1.84375,10.9375,10.9375,0.0,3,3 0
3041,808.529052734375,805.6470947265625,682.9088745117188,318.76873779296875,2.96875,0.0,4.53125,4.53125,1.65625,0.0,1.03125,0.78125,1.0625,33.26250076293945,29.03125,1.0,1.96875,12.59375,12.59375,0.0,2,2 3
3042,840.2053833007812,839.6995849609375,710.2237548828125,331.38751220703125,3.09375,0.0,4.6875,4.6875,1.71875,0.0,1.03125,0.8125,1.125,34.54999923706055,31.1875,1.0,2.09375,12.625,12.625,0.0,3,3 4
3043,824.4209594726562,822.0411987304688,694.440673828125,339.73748779296875,3.03125,0.0,4.75,4.75,1.71875,0.0,1.03125,0.875,1.125,35.006248474121094,27.84375,1.0,2.03125,12.65625,12.65625,0.0,3,3 2
3044,696.548828125,693.2783203125,584.3938598632812,300.89373779296875,2.71875,0.0,4.0625,4.0625,1.53125,0.0,0.8125,0.625,1.09375,30.012500762939453,31.09375,1.0,1.71875,9.71875,9.71875,0.0,3,3 2
3045,811.6392211914062,809.4486083984375,686.5511474609375,328.03125,2.9375,0.0,4.6875,4.6875,1.8125,0.0,0.96875,0.8125,1.09375,35.39374923706055,26.3125,1.0,1.9375,13.1875,13.1875,0.0,3,3 4
3046,991.7586669921875,989.5193481445312,842.8607177734375,370.59375,3.375,0.0,5.25,5.25,1.90625,0.0,1.125,0.875,1.34375,40.993751525878906,21.90625,1.0,2.375,18.34375,18.34375,0.0,2,2 3
3047,818.5382080078125,816.79345703125,693.2705078125,315.35626220703125,3.0,0.0,4.40625,4.40625,1.65625,0.0,0.8125,0.71875,1.21875,34.056251525878906,26.875,1.0,2.0,13.1875,13.1875,0.0,3,3 0
3048,840.976806640625,838.0804443359375,709.6076049804688,329.73748779296875,3.0625,0.0,4.8125,4.8125,1.8125,0.03125,0.96875,0.875,1.125,33.95000076293945,32.5625,1.0,2.0625,17.4375,17.4375,0.0,3,3 2
3049,789.7974853515625,785.1649169921875,662.92138671875,327.78125,2.9375,0.0,4.65625,4.65625,1.71875,0.0,1.0,0.84375,1.09375,32.525001525878906,32.3125,1.0,1.9375,17.0,17.0,0.0,3,3 4
3050,905.8831787109375,903.837890625,768.6218872070312,346.125,3.1875,0.0,4.8125,4.8125,1.75,0.0,1.03125,0.8125,1.21875,37.693748474121094,25.84375,1.15625,2.1875,19.40625,19.40625,0.0,3,3 2
3051,852.0340576171875,846.3776245117188,717.592529296875,349.6625061035156,3.0625,0.0,4.53125,4.53125,1.71875,0.0,0.9375,0.75,1.125,36.400001525878906,27.46875,1.0,2.0625,19.59375,19.59375,0.0,3,3 0
3052,832.53125,829.2395629882812,701.6019287109375,340.08123779296875,3.0625,0.0,4.46875,4.46875,1.59375,0.0,0.96875,0.8125,1.09375,34.07500076293945,28.53125,1.0,2.0625,18.46875,18.46875,0.0,3,3 0
3053,765.69140625,763.5467529296875,643.9134521484375,322.88751220703125,2.90625,0.0,4.34375,4.34375,1.53125,0.0,0.9375,0.75,1.125,33.618751525878906,30.78125,1.0,1.90625,18.5625,18.5625,0.0,3,3 4
3054,779.1088256835938,775.0726318359375,653.6300048828125,321.20001220703125,2.9375,0.0,4.53125,4.53125,1.625,0.0,0.96875,0.90625,1.03125,32.681251525878906,31.125,1.53125,1.9375,18.625,18.625,0.0,3,3 4
3055,809.9488525390625,805.087890625,680.5025634765625,343.8687438964844,2.96875,0.0,4.625,4.625,1.65625,0.0,1.0,0.84375,1.125,34.46875,27.84375,1.0,1.96875,22.5625,22.5625,0.0,3,3 2
3056,750.2300415039062,747.3126831054688,632.0863037109375,314.26251220703125,2.8125,0.0,4.375,4.375,1.53125,0.0,0.9375,0.78125,1.125,32.712501525878906,27.96875,1.59375,1.8125,17.375,17.375,0.0,3,3 2
3057,856.922119140625,853.8767700195312,724.4368286132812,341.8812561035156,3.0625,0.0,4.78125,4.78125,1.71875,0.0,1.0,0.9375,1.125,36.64374923706055,27.0625,1.0,2.0625,21.96875,21.96875,0.0,3,3 4
3058,903.3204956054688,901.5098876953125,766.6676025390625,341.84375,3.1875,0.0,4.78125,4.78125,1.78125,0.03125,0.9375,0.8125,1.21875,37.5,28.03125,1.0,2.1875,19.09375,19.09375,0.0,3,3 2
3059,912.6283569335938,906.6008911132812,771.1505126953125,335.85626220703125,3.1875,0.0,4.96875,4.96875,1.84375,0.0,1.0625,0.90625,1.15625,38.375,24.1875,1.0,2.1875,20.0625,20.0625,0.0,3,3 2
3060,1071.4080810546875,1068.4376220703125,912.2493286132812,373.15625,3.5625,0.0,5.53125,5.53125,1.90625,0.03125,1.15625,0.96875,1.46875,43.224998474121094,23.90625,1.0,2.5625,21.5625,21.5625,0.0,3,3 2
3061,943.0719604492188,942.2809448242188,802.3299560546875,346.7437438964844,3.28125,0.0,4.90625,4.90625,1.6875,0.0,1.0625,0.90625,1.25,39.868751525878906,25.46875,1.0,2.28125,21.6875,21.6875,0.0,3,3 4
3062,966.9913330078125,963.7626953125,819.5689697265625,349.3999938964844,3.375,0.0,4.96875,4.96875,1.71875,0.0,1.0625,0.9375,1.25,39.4375,19.75,1.0,2.375,22.46875,22.46875,0.0,3,3 0
3063,906.74462890625,905.0323486328125,770.073486328125,319.4125061035156,3.21875,0.0,4.78125,4.78125,1.75,0.0,1.0,0.8125,1.21875,37.087501525878906,29.90625,1.0,2.21875,18.625,18.625,0.0,3,3 1
3064,825.6107177734375,823.0748901367188,699.0794677734375,303.03125,3.0,0.0,4.625,4.625,1.65625,0.0,0.96875,0.84375,1.15625,35.243751525878906,27.8125,1.53125,2.0,16.03125,16.03125,0.0,3,3 4
3065,975.9943237304688,974.4215698242188,830.8977661132812,362.3374938964844,3.3125,0.0,5.21875,5.21875,1.8125,0.0,1.1875,0.90625,1.3125,41.150001525878906,25.40625,1.0,2.3125,21.4375,21.4375,0.0,3,3 4
3066,867.9027099609375,862.26611328125,733.2310791015625,332.90625,3.0625,0.0,4.78125,4.78125,1.75,0.03125,0.9375,0.875,1.1875,36.88750076293945,25.5,1.03125,2.0625,18.6875,18.6875,0.0,3,3 0
3067,886.295166015625,882.7576293945312,750.8033447265625,328.04998779296875,3.125,0.0,4.875,4.875,1.8125,0.0,1.0,0.875,1.1875,37.787498474121094,27.625,1.0,2.125,18.3125,18.3125,0.0,3,3 2
3068,927.1401977539062,925.5576171875,786.742919921875,328.0874938964844,3.28125,0.0,4.9375,4.9375,1.84375,0.0,1.0625,0.9375,1.09375,38.04375076293945,30.03125,1.0,2.28125,16.625,16.625,0.0,3,3 2
3069,904.2067260742188,901.2922973632812,765.9397583007812,321.26873779296875,3.21875,0.0,4.90625,4.90625,1.78125,0.03125,1.0625,0.875,1.15625,35.98125076293945,30.5625,1.0,2.21875,16.4375,16.4375,0.0,3,3 2
3070,843.7578125,841.80810546875,715.3385009765625,318.45001220703125,3.03125,0.0,4.71875,4.71875,1.71875,0.0,1.0,0.84375,1.15625,35.33124923706055,29.3125,1.53125,2.03125,15.375,15.375,0.0,3,3 4
3071,828.5726318359375,825.8616333007812,700.3103637695312,320.95001220703125,3.0,0.0,4.78125,4.78125,1.84375,0.0,0.9375,0.96875,1.03125,35.4375,27.75,1.375,2.0,16.0,16.0,0.0,3,3 2
3072,1011.1622314453125,1009.4718627929688,861.0733642578125,356.1625061035156,3.4375,0.0,5.15625,5.15625,1.8125,0.0,1.09375,0.9375,1.3125,42.16875076293945,23.03125,1.0,2.4375,18.65625,18.65625,0.0,0,0 3
3073,939.1211547851562,937.9295043945312,799.2764892578125,337.63751220703125,3.25,0.0,5.0625,5.0625,1.8125,0.0625,1.03125,0.9375,1.21875,39.006248474121094,29.28125,1.5,2.25,17.53125,17.53125,0.0,4,4 3
3074,1002.914794921875,1001.9759521484375,855.0390625,340.7562561035156,3.4375,0.0,5.03125,5.03125,1.8125,0.0,1.0,0.90625,1.3125,41.10625076293945,22.15625,1.0,2.4375,16.90625,16.90625,0.0,0,0 4
3075,992.8828125,989.3582153320312,842.8409423828125,345.1187438964844,3.40625,0.0,5.25,5.25,1.90625,0.0,1.0625,0.96875,1.3125,39.993751525878906,30.3125,1.0,2.40625,15.4375,15.4375,0.0,2,2 4
3076,911.3978271484375,909.9900512695312,773.8038330078125,321.57501220703125,3.21875,0.0,5.03125,5.03125,1.84375,0.03125,1.03125,0.9375,1.1875,37.75,26.5625,1.0,2.21875,13.875,13.875,0.0,3,3 2
3077,952.0480346679688,950.2030029296875,807.8495483398438,331.61248779296875,3.34375,0.0,5.09375,5.09375,1.9375,0.0,1.0,0.96875,1.1875,38.66875076293945,30.0625,1.0,2.34375,13.0,13.0,0.0,3,3 2
3078,903.3726806640625,901.42626953125,764.4419555664062,326.39373779296875,3.25,0.0,4.90625,4.90625,1.78125,0.0,1.0,0.9375,1.1875,36.33124923706055,26.59375,1.0,2.25,11.15625,11.15625,0.0,3,3 4
3079,799.805908203125,798.7557373046875,678.9852905273438,290.6000061035156,2.9375,0.0,4.4375,4.4375,1.5625,0.0,0.96875,0.6875,1.21875,33.974998474121094,29.40625,1.375,1.9375,9.5,9.5,0.0,4,4 2
3080,1000.353759765625,997.4892578125,848.9387817382812,362.6875,3.4375,0.0,5.1875,5.1875,1.84375,0.0,1.03125,1.0,1.3125,40.506248474121094,28.0,1.0,2.4375,13.46875,13.46875,0.0,3,3 4
3081,880.0477294921875,875.9542236328125,741.4068603515625,329.45623779296875,3.1875,0.0,4.90625,4.90625,1.78125,0.0,1.0,1.0,1.125,36.525001525878906,28.5625,1.0,2.1875,10.375,10.375,0.0,3,3 1
3082,842.26513671875,840.8137817382812,713.5181274414062,317.0,3.03125,0.0,4.90625,4.90625,1.78125,0.0,1.03125,0.96875,1.125,36.15625,26.375,1.0,2.03125,11.1875,11.1875,0.0,1,1 3
3083,923.8585205078125,921.7978515625,781.3556518554688,367.2250061035156,3.25,0.0,5.15625,5.15625,1.96875,0.0,1.0,1.0,1.1875,38.64374923706055,27.3125,1.0,2.25,13.125,13.125,0.0,3,3 4
3084,870.6065063476562,868.1434326171875,735.061279296875,331.33123779296875,3.15625,0.0,4.90625,4.90625,1.78125,0.03125,1.03125,0.96875,1.09375,35.15625,33.5,1.0,2.15625,10.75,10.75,0.0,3,3 0
3085,831.895263671875,831.0612182617188,703.5008544921875,315.75,3.0625,0.0,4.6875,4.6875,1.75,0.0,0.9375,0.90625,1.09375,35.54375076293945,34.03125,1.0,2.0625,10.1875,10.1875,0.0,3,3 4
3086,986.5366821289062,982.1316528320312,835.1229248046875,351.34375,3.40625,0.0,5.28125,5.28125,1.90625,0.03125,1.09375,0.96875,1.28125,40.29999923706055,25.6875,1.0,2.40625,12.78125,12.78125,0.0,3,3 4
3087,935.4373168945312,933.0496215820312,792.06787109375,341.1000061035156,3.3125,0.0,5.0,5.0,1.8125,0.0,1.03125,0.90625,1.25,37.787498474121094,32.21875,1.0,2.3125,11.59375,11.59375,0.0,2,2 3
3088,960.9901733398438,959.8720703125,815.41064453125,341.54998779296875,3.375,0.0,5.1875,5.1875,1.9375,0.0,1.0625,1.0,1.1875,38.243751525878906,30.46875,1.0,2.375,12.84375,12.84375,0.0,3,3 2
3089,968.2424926757812,966.3116455078125,821.1396484375,344.79998779296875,3.375,0.0,5.25,5.25,1.90625,0.0,1.0625,1.0,1.28125,39.900001525878906,29.125,1.0,2.375,13.53125,13.53125,0.0,3,3 2
3090,900.4404296875,897.3770751953125,762.4600830078125,347.92498779296875,3.15625,0.0,5.03125,5.03125,1.90625,0.03125,1.0625,0.875,1.15625,37.962501525878906,29.03125,1.0,2.15625,13.375,13.375,0.0,3,3 0
3091,854.5340576171875,851.27880859375,722.4666137695312,335.58123779296875,3.0625,0.0,4.78125,4.78125,1.71875,0.0,1.0625,0.8125,1.1875,34.90625,29.5,1.0,2.0625,12.875,12.875,0.0,3,3 4
3092,867.0717163085938,864.9832763671875,734.1456298828125,331.38751220703125,3.125,0.0,4.625,4.625,1.65625,0.0,0.9375,0.875,1.15625,36.212501525878906,32.875,1.25,2.125,10.71875,10.71875,0.0,3,3 4
3093,811.4429321289062,809.3614501953125,685.9268798828125,321.54998779296875,2.96875,0.0,4.65625,4.65625,1.71875,0.0,0.96875,0.84375,1.125,33.58124923706055,31.875,1.59375,1.96875,13.28125,13.28125,0.0,3,3 4
3094,859.4631958007812,855.888671875,725.8926391601562,333.41876220703125,3.09375,0.0,4.71875,4.71875,1.6875,0.0,1.03125,0.90625,1.09375,36.181251525878906,34.25,1.0,2.09375,12.0625,12.0625,0.0,3,3 2
3095,857.3555908203125,852.6461181640625,722.695068359375,333.64373779296875,3.09375,0.0,4.71875,4.71875,1.65625,0.0,1.0625,0.875,1.125,35.868751525878906,28.40625,1.0,2.09375,12.71875,12.71875,0.0,3,3 0
3096,936.3286743164062,933.4573364257812,792.1510620117188,349.15625,3.28125,0.0,5.28125,5.28125,1.96875,0.03125,1.125,0.9375,1.21875,38.39374923706055,29.4375,1.0,2.28125,14.375,14.375,0.0,3,3 1
3097,828.4456787109375,825.8942260742188,699.0274047851562,319.45623779296875,3.03125,0.0,4.8125,4.8125,1.71875,0.0,1.0,0.96875,1.125,35.17499923706055,28.5,1.0,2.03125,11.0625,11.0625,0.0,3,3 4
3098,871.6373291015625,867.7210083007812,734.1998291015625,322.2437438964844,3.1875,0.0,4.78125,4.78125,1.84375,0.0,0.9375,0.9375,1.0625,35.60625076293945,34.3125,1.0,2.1875,11.5,11.5,0.0,3,3 0
3099,832.2376098632812,829.4737548828125,702.2154541015625,337.5562438964844,3.03125,0.0,4.6875,4.6875,1.8125,0.0,0.96875,0.84375,1.0625,35.099998474121094,31.90625,1.0,2.03125,13.6875,13.6875,0.0,3,3 1
3100,794.2911376953125,791.6082153320312,669.1956787109375,329.7250061035156,2.9375,0.0,4.59375,4.59375,1.71875,0.03125,0.9375,0.84375,1.0625,34.3125,35.0,1.0,1.9375,12.625,12.625,0.0,3,3 1
3101,793.443115234375,789.6121215820312,666.52294921875,327.2562561035156,2.96875,0.0,4.46875,4.46875,1.625,0.0,0.90625,0.875,1.0625,34.243751525878906,38.09375,1.375,1.96875,13.09375,13.09375,0.0,3,3 1
3102,811.7178344726562,809.1212158203125,684.7557373046875,318.3999938964844,3.0,0.0,4.5625,4.5625,1.75,0.0,0.875,0.84375,1.09375,34.41875076293945,36.75,1.0,2.0,12.21875,12.21875,0.0,3,3 2
3103,812.3558959960938,809.2528686523438,681.44140625,338.66876220703125,3.0625,0.0,4.5625,4.5625,1.71875,0.03125,0.9375,0.84375,1.03125,33.349998474121094,38.71875,1.0,2.0625,13.875,13.875,0.0,3,3 0
3104,662.124267578125,660.8233032226562,554.7716064453125,296.28125,2.65625,0.0,4.15625,4.15625,1.59375,0.0,0.8125,0.75,1.0,28.056249618530273,35.25,1.65625,1.65625,11.28125,11.28125,0.0,4,4 3
3105,722.9019165039062,721.0653076171875,605.9155883789062,320.8999938964844,2.8125,0.0,4.34375,4.34375,1.6875,0.0,0.84375,0.78125,1.03125,31.137500762939453,36.40625,1.0,1.8125,10.4375,10.4375,0.0,3,3 2
3106,754.8510131835938,749.7632446289062,631.5481567382812,318.5625,2.875,0.0,4.4375,4.4375,1.65625,0.0,0.9375,0.84375,1.0,32.150001525878906,35.71875,1.0,1.875,10.75,10.75,0.0,3,3 4
3107,755.8414916992188,752.4307861328125,632.7058715820312,328.45623779296875,2.90625,0.0,4.34375,4.34375,1.65625,0.0,0.8125,0.78125,1.09375,32.58124923706055,34.75,1.0,1.90625,11.21875,11.21875,0.0,3,3 4
3108,667.0506591796875,665.1057739257812,558.7294311523438,288.6187438964844,2.6875,0.0,4.0,4.0,1.5625,0.0,0.6875,0.6875,1.0625,28.168750762939453,36.21875,1.34375,1.6875,10.75,10.75,0.0,3,3 4
3109,690.5892944335938,688.42822265625,579.236328125,310.9437561035156,2.71875,0.0,3.96875,3.96875,1.4375,0.0,0.8125,0.6875,1.03125,31.012500762939453,33.875,1.0,1.71875,10.4375,10.4375,0.0,3,3 2
3110,649.3262939453125,645.6348876953125,541.6624755859375,284.3999938964844,2.65625,0.0,3.8125,3.8125,1.5,0.0,0.75,0.59375,0.96875,27.443750381469727,36.4375,1.03125,1.65625,9.125,9.125,0.0,3,3 1
3111,734.1944580078125,731.0772094726562,615.6724853515625,308.33123779296875,2.84375,0.0,4.21875,4.21875,1.5625,0.0,0.875,0.8125,0.96875,31.53125,34.6875,1.0,1.84375,10.0,10.0,0.0,3,3 1
3112,789.5250244140625,786.1412353515625,662.9481201171875,317.73126220703125,2.96875,0.0,4.65625,4.65625,1.8125,0.0,0.9375,0.90625,1.0,33.29999923706055,35.5,1.0,1.96875,10.6875,10.6875,0.0,3,3 0
3113,655.001953125,652.1265869140625,547.8596801757812,298.5562438964844,2.625,0.0,3.90625,3.90625,1.5,0.0,0.71875,0.65625,1.03125,30.356250762939453,33.09375,1.0,1.625,9.125,9.125,0.0,3,3 1
3114,731.0458984375,728.5343627929688,613.3883666992188,310.45623779296875,2.84375,0.0,4.125,4.125,1.53125,0.0,0.875,0.65625,1.0625,31.587499618530273,33.59375,1.0,1.84375,10.375,10.375,0.0,3,3 1
3115,777.7491455078125,772.7568969726562,652.526611328125,331.875,2.90625,0.0,4.40625,4.40625,1.6875,0.0,0.90625,0.78125,1.03125,33.04999923706055,31.59375,1.0625,1.90625,12.1875,12.1875,0.0,3,3 1
3116,718.2938232421875,714.8958129882812,599.9405517578125,326.26251220703125,2.8125,0.0,4.28125,4.28125,1.65625,0.0,0.78125,0.75,1.09375,29.956249237060547,37.78125,1.0,1.8125,8.40625,8.40625,0.0,3,3 1
3117,858.54638671875,854.9450073242188,724.5210571289062,346.84375,3.09375,0.0,4.625,4.625,1.8125,0.0,0.9375,0.84375,1.03125,36.912498474121094,34.4375,1.0,2.09375,9.90625,9.90625,0.0,3,3 4
3118,812.6688842773438,810.5852661132812,682.1251220703125,342.8125,3.0625,0.0,4.6875,4.6875,1.78125,0.0,0.9375,0.90625,1.0625,33.025001525878906,38.375,1.0,2.0625,8.65625,8.65625,0.0,3,3 1
3119,787.8080444335938,783.7218017578125,661.92919921875,336.5249938964844,2.90625,0.0,4.71875,4.71875,1.8125,0.0,1.0,0.90625,1.0,33.493751525878906,36.3125,1.28125,1.90625,8.90625,8.90625,0.0,3,3 1
3120,861.333251953125,856.412109375,724.3839721679688,341.7749938964844,3.125,0.0,4.78125,4.78125,1.78125,0.0,0.9375,0.875,1.1875,36.46875,36.34375,1.0,2.125,11.28125,11.28125,0.0,3,3 1
3121,708.0941162109375,703.9278564453125,591.6193237304688,306.20001220703125,2.78125,0.0,4.1875,4.1875,1.59375,0.0,0.875,0.71875,1.0,30.200000762939453,34.3125,1.28125,1.78125,6.96875,6.96875,0.0,3,3 1
3122,813.0938720703125,809.4834594726562,683.12890625,348.25,3.0,0.0,4.6875,4.6875,1.84375,0.0,0.90625,0.875,1.0625,34.400001525878906,34.96875,1.0,2.0,9.46875,9.46875,0.0,3,3 2
3123,777.0309448242188,774.5074462890625,652.1464233398438,334.34375,2.9375,0.0,4.5625,4.5625,1.75,0.0,0.90625,0.875,1.03125,33.4375,34.46875,1.0,1.9375,8.34375,8.34375,0.0,3,3 0
3124,760.6664428710938,757.9163818359375,639.6583251953125,324.20001220703125,2.875,0.0,4.34375,4.34375,1.71875,0.0,0.8125,0.78125,1.03125,32.90625,35.84375,1.375,1.875,7.5625,7.5625,0.0,3,3 1
3125,865.0452880859375,862.8928833007812,730.4383544921875,346.4750061035156,3.125,0.0,4.8125,4.8125,1.8125,0.0,0.96875,0.9375,1.09375,36.837501525878906,34.5,1.0,2.125,8.96875,8.96875,0.0,3,3 1
3126,861.2969970703125,857.9059448242188,728.4517822265625,325.1499938964844,3.09375,0.0,4.6875,4.6875,1.84375,0.0,0.90625,0.8125,1.125,36.162498474121094,33.125,1.0,2.09375,7.09375,7.09375,0.0,3,3 4
3127,819.1686401367188,818.0106811523438,692.5938720703125,333.6875,3.0,0.0,4.59375,4.59375,1.71875,0.0,0.9375,0.8125,1.125,35.318748474121094,36.125,1.0,2.0,8.09375,8.09375,0.0,1,1 3
3128,851.999267578125,849.7642822265625,719.6781005859375,334.2749938964844,3.09375,0.0,4.71875,4.71875,1.78125,0.0,1.0,0.90625,1.03125,36.443748474121094,33.8125,1.0,2.09375,7.84375,7.84375,0.0,3,3 2
3129,821.7295532226562,817.3635864257812,691.7725219726562,335.64373779296875,3.0,0.0,4.59375,4.59375,1.75,0.0,0.90625,0.8125,1.125,35.743751525878906,35.46875,1.0,2.0,8.5625,8.5625,0.0,3,3 1
3130,826.5181884765625,825.3170166015625,697.95751953125,329.1187438964844,3.0625,0.0,4.46875,4.46875,1.71875,0.0,0.84375,0.84375,1.0625,35.57500076293945,37.1875,1.0,2.0625,8.59375,8.59375,0.0,3,3 4
3131,768.8738403320312,765.0725708007812,646.4469604492188,313.54376220703125,2.90625,0.0,4.21875,4.21875,1.5625,0.0,0.8125,0.6875,1.15625,33.39374923706055,34.90625,1.5,1.90625,7.34375,7.34375,0.0,3,3 0
3132,842.0182495117188,838.9786376953125,711.1954345703125,333.26873779296875,3.0625,0.0,4.53125,4.53125,1.75,0.0625,0.8125,0.78125,1.125,35.38750076293945,36.21875,1.0,2.0625,7.34375,7.34375,0.0,3,3 4
3133,829.0103149414062,826.4430541992188,699.0875244140625,332.64373779296875,3.0625,0.0,4.4375,4.4375,1.6875,0.0,0.875,0.8125,1.0625,35.26874923706055,37.3125,1.0,2.0625,7.34375,7.34375,0.0,3,3 4
3134,800.574462890625,797.268310546875,674.3671264648438,332.125,2.96875,0.0,4.3125,4.3125,1.59375,0.0,0.78125,0.78125,1.15625,35.318748474121094,36.8125,1.0,1.96875,6.46875,6.46875,0.0,3,3 1
3135,766.8226318359375,761.3364868164062,642.0904541015625,324.21875,2.90625,0.0,4.21875,4.21875,1.59375,0.0,0.75,0.6875,1.1875,33.875,35.0,1.0,1.90625,6.28125,6.28125,0.0,3,3 2
3136,778.6754150390625,775.1878051757812,654.8258056640625,321.0062561035156,2.9375,0.0,4.25,4.25,1.625,0.0,0.78125,0.71875,1.125,32.98125076293945,37.0625,1.0,1.9375,5.125,5.125,0.0,3,3 4
3137,756.2974853515625,753.3040771484375,636.1805419921875,312.51873779296875,2.875,0.0,4.21875,4.21875,1.625,0.0,0.8125,0.75,1.03125,32.625,34.65625,1.625,1.875,5.03125,5.03125,0.0,3,3 2
3138,776.5970458984375,773.79296875,653.9965209960938,316.6812438964844,2.9375,0.0,4.125,4.125,1.53125,0.0,0.75,0.75,1.09375,33.818748474121094,39.25,1.0,1.9375,5.125,5.125,0.0,3,3 1
3139,662.0255126953125,659.4971923828125,554.3812255859375,273.66876220703125,2.71875,0.0,3.5625,3.5625,1.375,0.0,0.59375,0.5625,1.03125,27.75,37.8125,1.0,1.71875,4.90625,4.90625,0.0,3,3 4
3140,708.9969482421875,706.7806396484375,593.1422119140625,310.11248779296875,2.84375,0.0,3.875,3.875,1.5,0.0,0.59375,0.6875,1.09375,28.862499237060547,42.34375,1.0,1.84375,6.21875,6.21875,0.0,3,3 2
3141,689.7786254882812,685.9083862304688,576.8189697265625,302.8687438964844,2.75,0.0,3.71875,3.71875,1.40625,0.0,0.59375,0.65625,1.0625,30.950000762939453,38.1875,1.0,1.75,5.96875,5.96875,0.0,3,3 2
3142,746.60107421875,744.1253051757812,627.9241333007812,321.8125,2.84375,0.0,4.1875,4.1875,1.5625,0.0,0.84375,0.71875,1.0625,32.90625,27.8125,1.0,1.84375,5.625,5.625,0.0,3,3 4
3143,769.5283203125,766.8080444335938,648.1926879882812,309.26251220703125,2.90625,0.0,4.28125,4.28125,1.59375,0.0,0.78125,0.78125,1.125,33.13750076293945,32.25,1.0,1.90625,7.5,7.5,0.0,4,4 3
3144,788.6157836914062,786.2718505859375,664.4877319335938,319.57501220703125,2.96875,0.0,4.28125,4.28125,1.53125,0.0,0.84375,0.78125,1.125,33.29375076293945,30.6875,1.0,1.96875,6.65625,6.65625,0.0,3,3 4
3145,881.681640625,878.4577026367188,743.904296875,346.40625,3.1875,0.0,4.65625,4.65625,1.6875,0.0,0.875,0.875,1.21875,37.40625,31.78125,1.0,2.1875,8.125,8.125,0.0,3,3 0
3146,794.8257446289062,790.67724609375,670.388671875,312.71875,2.9375,0.0,4.28125,4.28125,1.59375,0.0,0.8125,0.71875,1.15625,34.181251525878906,35.125,1.625,1.9375,6.78125,6.78125,0.0,3,3 1
3147,969.8317260742188,967.5789184570312,824.0823364257812,365.40625,3.34375,0.0,4.84375,4.84375,1.71875,0.0,1.0,0.875,1.25,41.1875,27.71875,1.0,2.34375,9.625,9.625,0.0,3,3 2
3148,903.2904663085938,900.02587890625,763.5863647460938,357.15625,3.21875,0.0,4.65625,4.65625,1.8125,0.0,0.78125,0.8125,1.25,37.60625076293945,37.15625,1.0,2.21875,7.84375,7.84375,0.0,3,3 4
3149,700.9389038085938,698.3618774414062,588.5100708007812,304.0062561035156,2.71875,0.0,4.21875,4.21875,1.625,0.0,0.78125,0.78125,1.03125,31.049999237060547,33.8125,1.0,1.71875,5.875,5.875,0.0,3,3 2
3150,618.8606567382812,615.9676513671875,516.6039428710938,287.8062438964844,2.5625,0.0,3.53125,3.53125,1.46875,0.0,0.5,0.53125,1.03125,29.018749237060547,39.21875,1.0,1.5625,6.21875,6.21875,0.0,3,3 1
3151,766.0807495117188,764.1602783203125,646.2756958007812,311.3374938964844,2.90625,0.0,4.0625,4.0625,1.53125,0.0,0.71875,0.71875,1.09375,33.36249923706055,36.625,2.03125,1.90625,5.875,5.875,0.0,2,2 1
3152,598.5020751953125,595.5809936523438,500.2935485839844,271.7437438964844,2.5,0.0,3.5,3.5,1.375,0.0,0.59375,0.5,1.03125,26.112499237060547,36.65625,2.03125,1.5,5.59375,5.59375,0.0,3,3 2
3153,701.7449951171875,698.7684326171875,589.5161743164062,304.58123779296875,2.71875,0.0,4.0625,4.0625,1.4375,0.0,0.78125,0.71875,1.125,31.03125,30.0,1.0,1.71875,6.25,6.25,0.0,3,3 2
3154,683.3756103515625,680.2535400390625,574.2242431640625,269.41876220703125,2.71875,0.0,3.78125,3.78125,1.46875,0.03125,0.625,0.59375,1.0625,29.143749237060547,41.59375,1.0,1.71875,5.4375,5.4375,0.0,3,3 2
3155,837.65966796875,835.0242309570312,708.0748291015625,339.0562438964844,3.03125,0.0,4.59375,4.59375,1.65625,0.0,0.9375,0.84375,1.15625,35.04999923706055,28.5625,1.0,2.03125,8.0625,8.0625,0.0,3,3 2
3156,749.2369995117188,743.8128662109375,628.0557250976562,306.64373779296875,2.84375,0.0,4.3125,4.3125,1.625,0.0,0.78125,0.78125,1.125,31.875,29.90625,1.0,1.84375,5.625,5.625,0.0,3,3 4
3157,713.7090454101562,709.6481323242188,597.9620971679688,313.5625,2.75,0.0,4.21875,4.21875,1.59375,0.0,0.8125,0.71875,1.09375,31.293750762939453,33.40625,1.0,1.75,6.21875,6.21875,0.0,3,3 0
3158,719.2220458984375,715.3941650390625,602.0790405273438,307.8999938964844,2.8125,0.0,4.0625,4.0625,1.59375,0.0,0.6875,0.6875,1.09375,30.806249618530273,37.28125,1.0,1.8125,5.71875,5.71875,0.0,3,3 1
3159,663.2951049804688,660.78857421875,555.8192138671875,289.79998779296875,2.65625,0.0,3.875,3.875,1.53125,0.0,0.65625,0.625,1.0625,30.09375,35.875,1.0,1.65625,5.3125,5.3125,0.0,3,3 1
3160,714.7495727539062,711.7272338867188,599.8803100585938,308.84375,2.78125,0.0,3.96875,3.96875,1.46875,0.0,0.71875,0.71875,1.0625,31.762500762939453,35.125,1.0,1.78125,6.09375,6.09375,0.0,3,3 4
3161,820.5459594726562,818.4274291992188,693.5130004882812,330.0375061035156,3.0,0.0,4.53125,4.53125,1.6875,0.0,0.875,0.8125,1.15625,34.931251525878906,33.65625,1.5,2.0,7.34375,7.34375,0.0,3,3 2
3162,723.9384155273438,719.58251953125,607.3133544921875,314.09375,2.78125,0.0,3.96875,3.96875,1.5625,0.0,0.625,0.65625,1.125,32.650001525878906,36.625,1.0,1.78125,6.21875,6.21875,0.0,3,3 1
3163,884.340576171875,881.3478393554688,746.8567504882812,352.625,3.15625,0.0,4.90625,4.90625,1.90625,0.03125,0.90625,0.90625,1.15625,37.068748474121094,33.625,1.0,2.15625,7.3125,7.3125,0.0,3,3 2
3164,692.2669067382812,688.86376953125,582.1845703125,300.89373779296875,2.65625,0.0,4.09375,4.09375,1.59375,0.0,0.75,0.65625,1.09375,31.649999618530273,32.5625,1.375,1.65625,6.4375,6.4375,0.0,3,3 2
3165,840.120849609375,834.0848388671875,706.9990234375,355.5375061035156,3.0,0.0,4.71875,4.71875,1.6875,0.03125,1.03125,0.84375,1.125,35.743751525878906,32.28125,1.0,2.0,7.25,7.25,0.0,3,3 2
3166,739.0498657226562,737.2222900390625,620.8006591796875,314.57501220703125,2.84375,0.0,4.34375,4.34375,1.78125,0.0,0.78125,0.78125,1.0,32.66875076293945,36.53125,1.0,1.84375,6.21875,6.21875,0.0,3,3 4
3167,676.814697265625,671.5611572265625,564.0451049804688,299.29998779296875,2.6875,0.0,4.09375,4.09375,1.625,0.0,0.71875,0.6875,1.0625,29.450000762939453,37.28125,1.0,1.6875,4.40625,4.40625,0.0,3,3 4
3168,793.693115234375,790.720947265625,667.9080200195312,319.0062561035156,2.96875,0.0,4.5,4.5,1.6875,0.0,0.875,0.8125,1.125,34.306251525878906,35.84375,1.0,1.96875,6.21875,6.21875,0.0,3,3 0
3169,811.4500122070312,806.9686889648438,682.6279296875,323.6499938964844,3.0,0.0,4.5,4.5,1.71875,0.0,0.84375,0.8125,1.125,34.212501525878906,33.65625,1.0,2.0,6.4375,6.4375,0.0,3,3 1
3170,874.97216796875,871.8645629882812,738.21337890625,361.625,3.125,0.0,4.90625,4.90625,1.8125,0.0,0.9375,0.875,1.28125,37.193748474121094,31.65625,1.0,2.125,7.40625,7.40625,0.0,3,3 4
3171,855.9751586914062,854.5819091796875,722.8128662109375,355.23748779296875,3.125,0.0,4.59375,4.59375,1.59375,0.0,0.875,0.9375,1.1875,35.45624923706055,29.46875,1.0,2.125,6.6875,6.6875,0.0,3,3 4
3172,817.577392578125,812.9244384765625,687.9893798828125,335.5625,3.0,0.0,4.4375,4.4375,1.59375,0.0,0.8125,0.8125,1.21875,35.59375,29.9375,1.0,2.0,5.90625,5.90625,0.0,3,3 4
3173,740.784912109375,737.3650512695312,624.16162109375,327.32501220703125,2.78125,0.0,4.0625,4.0625,1.5625,0.0,0.625,0.75,1.125,32.08124923706055,30.0625,1.53125,1.78125,6.84375,6.84375,0.0,3,3 2
3174,756.8846435546875,755.3677978515625,637.129638671875,331.04998779296875,2.875,0.0,4.28125,4.28125,1.65625,0.0,0.71875,0.75,1.15625,32.28125,34.59375,1.0,1.875,6.0625,6.0625,0.0,3,3 4
3175,868.6699829101562,867.2628173828125,735.6990966796875,343.6187438964844,3.125,0.0,4.5625,4.5625,1.625,0.0,0.84375,0.8125,1.28125,38.23749923706055,30.375,1.0,2.125,5.03125,5.03125,0.0,1,1 0
3176,924.6387939453125,919.7169189453125,783.2504272460938,360.79998779296875,3.1875,0.0,4.84375,4.84375,1.6875,0.0,0.90625,0.90625,1.34375,39.868751525878906,26.84375,1.46875,2.1875,5.8125,5.8125,0.0,3,3 2
3177,958.1836547851562,954.76220703125,811.6972045898438,360.28125,3.34375,0.0,4.875,4.875,1.78125,0.03125,0.875,0.9375,1.25,39.51874923706055,25.9375,1.0,2.34375,6.5,6.5,0.0,3,3 1
3178,935.3745727539062,933.1403198242188,794.0262451171875,342.1875,3.28125,0.0,4.78125,4.78125,1.6875,0.0,0.96875,0.875,1.25,39.26250076293945,25.375,1.0,2.28125,6.34375,6.34375,0.0,1,1 3
3179,973.1447143554688,970.4322509765625,826.0245971679688,373.78125,3.34375,0.0,5.0,5.0,1.8125,0.0,0.9375,0.90625,1.34375,40.45000076293945,29.96875,1.0,2.34375,6.875,6.875,0.0,3,3 0
3180,925.3715209960938,923.4938354492188,786.2119750976562,369.16876220703125,3.21875,0.0,4.65625,4.65625,1.625,0.0,0.9375,0.84375,1.25,38.95000076293945,30.53125,1.0,2.21875,5.375,5.375,0.0,4,4 3
3181,805.087646484375,802.3118896484375,682.8358764648438,312.34375,2.90625,0.0,4.3125,4.3125,1.65625,0.0,0.6875,0.71875,1.25,36.368751525878906,28.3125,2.5,1.90625,4.75,4.75,0.0,3,3 2
3182,877.4103393554688,874.49951171875,743.4261474609375,339.6937561035156,3.125,0.0,4.4375,4.4375,1.59375,0.0,0.8125,0.8125,1.21875,39.381248474121094,30.3125,2.1875,2.125,3.90625,3.90625,0.0,1,1 3
3183,896.368408203125,894.2654418945312,760.5576782226562,346.91876220703125,3.15625,0.0,4.6875,4.6875,1.71875,0.0,0.90625,0.8125,1.25,39.162498474121094,30.15625,1.0,2.15625,5.5625,5.5625,0.0,3,3 1
3184,878.662109375,877.9945068359375,744.7255249023438,360.54376220703125,3.125,0.0,4.75,4.75,1.84375,0.0,0.90625,0.84375,1.15625,38.84375,27.59375,1.0,2.125,5.90625,5.90625,0.0,3,3 2
3185,871.3171997070312,868.0636596679688,737.2196044921875,340.54376220703125,3.09375,0.0,4.75,4.75,1.71875,0.0,1.0,0.875,1.15625,38.21875,20.84375,1.0,2.09375,5.4375,5.4375,0.0,3,3 1
3186,977.8307495117188,976.1798706054688,829.3756713867188,360.2749938964844,3.40625,0.0,5.09375,5.09375,1.8125,0.0,1.09375,1.0,1.1875,40.849998474121094,28.78125,1.0,2.40625,6.03125,6.03125,0.0,3,3 1
3187,798.6385498046875,796.6346435546875,673.6837768554688,323.8812561035156,2.96875,0.0,4.46875,4.46875,1.75,0.0,0.8125,0.8125,1.09375,34.412498474121094,36.96875,1.0,1.96875,5.0625,5.0625,0.0,3,3 4
3188,949.9026489257812,948.23828125,806.3897705078125,370.73126220703125,3.28125,0.0,5.0625,5.0625,1.875,0.0,1.0,0.90625,1.28125,40.275001525878906,31.25,1.0,2.28125,6.25,6.25,0.0,3,3 2
3189,851.02880859375,850.4351806640625,721.9359130859375,336.1312561035156,3.0625,0.0,4.625,4.625,1.75,0.0,0.9375,0.78125,1.15625,36.48749923706055,29.40625,1.03125,2.0625,5.71875,5.71875,0.0,3,3 4
3190,902.146728515625,899.0513916015625,765.1130981445312,340.5375061035156,3.15625,0.0,4.84375,4.84375,1.78125,0.0,1.0,0.84375,1.21875,38.743751525878906,25.84375,1.5,2.15625,5.75,5.75,0.0,3,3 1
3191,974.9354858398438,971.3433837890625,829.4406127929688,374.3374938964844,3.28125,0.0,5.03125,5.03125,1.8125,0.0,1.0,0.90625,1.3125,40.26874923706055,26.96875,1.53125,2.28125,6.21875,6.21875,0.0,3,3 1
3192,853.6331176757812,852.4893798828125,723.5211181640625,335.59375,3.09375,0.0,4.375,4.375,1.6875,0.0,0.78125,0.8125,1.09375,37.506248474121094,34.03125,1.0,2.09375,5.1875,5.1875,0.0,3,3 2
3193,903.6912231445312,902.482421875,766.3580322265625,353.2124938964844,3.1875,0.0,4.90625,4.90625,1.84375,0.0,0.9375,0.90625,1.21875,38.6875,29.84375,1.0,2.1875,5.21875,5.21875,0.0,3,3 1
3194,946.2882080078125,944.4287109375,805.1461181640625,359.33123779296875,3.25,0.0,4.90625,4.90625,1.8125,0.0,0.96875,0.84375,1.28125,39.95000076293945,24.4375,1.0,2.25,6.03125,6.03125,0.0,3,3 1
3195,1012.3189697265625,1008.4552001953125,860.5236206054688,351.6875,3.4375,0.0,5.09375,5.09375,1.9375,0.03125,1.03125,0.9375,1.15625,42.20624923706055,30.3125,1.0,2.4375,5.375,5.375,0.0,3,3 1
3196,859.1793823242188,855.5231323242188,726.7489624023438,332.89373779296875,3.0625,0.0,4.6875,4.6875,1.65625,0.0,0.9375,0.875,1.21875,37.525001525878906,30.28125,1.0,2.0625,4.8125,4.8125,0.0,3,3 0
3197,940.1298217773438,938.9406127929688,799.4104614257812,364.46875,3.25,0.0,4.84375,4.84375,1.90625,0.0,0.8125,0.90625,1.21875,41.287498474121094,34.9375,1.0,2.25,6.0625,6.0625,0.0,4,4 1
3198,747.7028198242188,742.0477294921875,626.7847900390625,303.6937561035156,2.84375,0.0,4.25,4.25,1.6875,0.0,0.75,0.75,1.0625,31.337499618530273,39.0625,1.0,1.84375,4.40625,4.40625,0.0,3,3 4
3199,1041.4765625,1039.556396484375,887.0892333984375,372.45623779296875,3.53125,0.0,4.96875,4.96875,1.875,0.0,0.84375,0.90625,1.34375,42.537498474121094,29.6875,1.0,2.53125,5.875,5.875,0.0,3,3 1
3200,908.341552734375,906.1708984375,772.3141479492188,319.8812561035156,3.1875,0.0,4.8125,4.8125,1.75,0.0625,0.90625,0.8125,1.28125,37.431251525878906,30.40625,1.9375,2.1875,5.59375,5.59375,0.0,3,3 4
3201,929.3308715820312,927.1751098632812,790.4290771484375,320.375,3.25,0.0,4.8125,4.8125,1.8125,0.0625,0.875,0.84375,1.21875,38.76250076293945,37.8125,1.0,2.25,5.90625,5.90625,0.0,3,3 4
3202,849.5841064453125,845.8722534179688,719.7904052734375,300.6875,3.0625,0.0,4.4375,4.4375,1.6875,0.0,0.78125,0.8125,1.15625,37.068748474121094,31.0,1.0,2.0625,4.40625,4.40625,0.0,3,3 1
3203,917.5447998046875,915.1956176757812,780.3143310546875,304.2124938964844,3.21875,0.0,4.90625,4.90625,1.8125,0.0,1.0,0.9375,1.15625,38.099998474121094,28.15625,1.0,2.21875,4.5625,4.5625,0.0,3,3 4
3204,912.6498413085938,911.4774169921875,775.992919921875,299.3062438964844,3.25,0.0,4.84375,4.84375,1.71875,0.0,1.03125,0.84375,1.25,36.912498474121094,28.90625,1.0,2.25,4.34375,4.34375,0.0,0,0 3
3205,943.9898681640625,941.6858520507812,804.214599609375,292.5375061035156,3.3125,0.0,4.6875,4.6875,1.75,0.0,0.875,0.875,1.1875,38.71875,34.375,1.0,2.3125,4.8125,4.8125,0.0,3,3 1
3206,873.2518310546875,870.9510498046875,742.3035278320312,298.21875,3.125,0.0,4.46875,4.46875,1.65625,0.0,0.875,0.75,1.1875,36.73125076293945,28.4375,1.0,2.125,4.625,4.625,0.0,3,3 4
3207,926.291259765625,923.7493286132812,786.6353759765625,296.26873779296875,3.3125,0.0,4.5625,4.5625,1.6875,0.0,0.84375,0.84375,1.1875,38.474998474121094,28.5625,1.0,2.3125,4.59375,4.59375,0.0,3,3 4
3208,925.6947021484375,924.7531127929688,789.6813354492188,295.0,3.25,0.0,4.6875,4.6875,1.6875,0.0,0.875,0.84375,1.28125,39.287498474121094,29.5,1.03125,2.25,3.78125,3.78125,0.0,3,3 0
3209,837.7908325195312,835.3673706054688,711.1046142578125,299.21875,3.0,0.0,4.65625,4.65625,1.625,0.0,0.90625,0.84375,1.28125,37.09375,22.09375,1.0,2.0,3.03125,3.03125,0.0,0,0 3
3210,946.7361450195312,945.54931640625,807.612548828125,299.0625,3.3125,0.0,4.65625,4.65625,1.65625,0.0,0.9375,0.78125,1.28125,40.1875,24.0,1.25,2.3125,3.3125,3.3125,0.0,3,3 4
3211,955.277099609375,954.1384887695312,815.593017578125,314.23748779296875,3.28125,0.0,4.96875,4.96875,1.90625,0.0,0.9375,0.8125,1.3125,39.70000076293945,26.40625,1.0,2.28125,3.34375,3.34375,0.0,3,3 0
3212,915.0383911132812,912.5057373046875,775.5075073242188,283.04376220703125,3.3125,0.0,4.8125,4.8125,1.75,0.0,1.0,0.875,1.1875,35.95000076293945,27.65625,1.0,2.3125,2.8125,2.8125,0.0,4,4 3
3213,954.3880615234375,953.3353271484375,815.1456909179688,292.17498779296875,3.3125,0.0,4.875,4.875,1.78125,0.0,0.96875,0.84375,1.28125,38.64374923706055,25.75,1.0,2.3125,2.90625,2.90625,0.0,3,3 1
3214,903.8200073242188,901.5206298828125,770.0112915039062,299.4750061035156,3.15625,0.0,4.8125,4.8125,1.65625,0.0,0.9375,0.9375,1.28125,37.349998474121094,24.15625,1.0,2.15625,3.625,3.625,0.0,3,3 4
3215,851.8975219726562,849.9221801757812,723.8650512695312,288.6187438964844,3.0625,0.0,4.59375,4.59375,1.6875,0.0,0.875,0.75,1.28125,36.8125,29.1875,1.0,2.0625,3.28125,3.28125,0.0,1,1 3
3216,965.6453247070312,961.6795043945312,821.3343505859375,306.2875061035156,3.34375,0.0,4.90625,4.90625,1.75,0.0,1.0,0.8125,1.34375,38.712501525878906,25.375,1.0,2.34375,3.78125,3.78125,0.0,3,3 2
3217,950.3766479492188,949.14111328125,809.02880859375,313.875,3.3125,0.0,5.03125,5.03125,1.90625,0.0,0.9375,0.9375,1.25,39.82500076293945,31.34375,1.0,2.3125,2.96875,2.96875,0.0,3,3 2
3218,769.4210815429688,767.7945556640625,651.8818359375,278.64373779296875,2.875,0.0,4.3125,4.3125,1.625,0.0,0.8125,0.6875,1.1875,33.224998474121094,30.90625,1.0,1.875,2.84375,2.84375,0.0,3,3 4
3219,790.2999267578125,787.75048828125,667.9421997070312,277.7124938964844,2.96875,0.0,4.34375,4.34375,1.65625,0.0,0.8125,0.6875,1.1875,32.556251525878906,38.0625,1.0,1.96875,3.4375,3.4375,0.0,3,3 0
3220,846.9577026367188,845.96923828125,719.6431884765625,295.0249938964844,3.0625,0.0,4.65625,4.65625,1.75,0.0,0.90625,0.8125,1.1875,35.13750076293945,32.5,1.0,2.0625,2.59375,2.59375,0.0,2,2 4
3221,839.3922119140625,837.0592041015625,713.1876831054688,292.96875,3.0,0.0,4.65625,4.65625,1.71875,0.03125,0.90625,0.78125,1.21875,36.65625,26.78125,1.0,2.0,2.53125,2.53125,0.0,3,3 2
3222,894.4112548828125,890.8798828125,760.23779296875,290.4624938964844,3.15625,0.0,4.75,4.75,1.71875,0.0,0.9375,0.8125,1.28125,36.42499923706055,31.125,1.0,2.15625,2.65625,2.65625,0.0,1,1 3
3223,800.6312255859375,799.5267333984375,681.6305541992188,275.5562438964844,2.90625,0.0,4.5,4.5,1.59375,0.0,0.9375,0.71875,1.25,33.64374923706055,32.71875,1.0,1.90625,3.03125,3.03125,0.0,2,2 0
3224,987.8311157226562,986.5896606445312,840.7855224609375,307.6625061035156,3.4375,0.0,5.28125,5.28125,1.96875,0.0,1.03125,0.9375,1.34375,38.45000076293945,27.0625,1.0,2.4375,3.15625,3.15625,0.0,0,0 4
3225,981.2462768554688,980.5699462890625,838.1780395507812,324.6187438964844,3.34375,0.0,5.09375,5.09375,1.875,0.03125,0.96875,0.875,1.34375,40.82500076293945,27.40625,1.0,2.34375,4.125,4.125,0.0,3,3 0
3226,923.8486938476562,921.8131103515625,785.2412109375,326.5874938964844,3.21875,0.0,5.03125,5.03125,1.875,0.0,0.96875,0.9375,1.25,38.5,28.71875,1.0,2.21875,3.46875,3.46875,0.0,3,3 1
3227,911.4973754882812,910.3197021484375,777.2274169921875,303.5562438964844,3.1875,0.0,4.8125,4.8125,1.75,0.0,0.90625,0.8125,1.34375,37.71875,33.5625,1.0,2.1875,3.375,3.375,0.0,3,3 4
3228,892.281982421875,889.5676879882812,757.2705078125,315.5,3.15625,0.0,4.84375,4.84375,1.78125,0.0,0.96875,0.78125,1.3125,36.58124923706055,29.96875,1.0,2.15625,3.78125,3.78125,0.0,3,3 2
3229,885.5314331054688,883.3043212890625,751.8699951171875,305.7437438964844,3.15625,0.0,4.75,4.75,1.78125,0.0,0.875,0.8125,1.28125,36.58124923706055,32.6875,1.0,2.15625,3.90625,3.90625,0.0,3,3 4
3230,843.4763793945312,841.1339111328125,714.0668334960938,318.0687561035156,3.0625,0.0,4.53125,4.53125,1.75,0.0,0.8125,0.75,1.21875,35.631248474121094,33.0625,1.0,2.0625,4.75,4.75,0.0,3,3 0
3231,843.6491088867188,841.0397338867188,714.6442260742188,302.5874938964844,3.0625,0.0,4.5625,4.5625,1.75,0.0,0.875,0.75,1.1875,35.506248474121094,35.0,1.0,2.0625,2.84375,2.84375,0.0,3,3 1
3232,694.3855590820312,691.9854736328125,584.5567016601562,269.79998779296875,2.71875,0.0,4.0625,4.0625,1.5625,0.0,0.71875,0.6875,1.09375,30.5625,36.9375,1.0,1.71875,2.5625,2.5625,0.0,3,3 0
3233,814.6721801757812,809.7388916015625,688.33154296875,300.625,2.96875,0.0,4.375,4.375,1.6875,0.0,0.8125,0.78125,1.09375,34.381248474121094,34.5,1.0,1.96875,2.5625,2.5625,0.0,3,3 2
3234,772.2032470703125,770.6011962890625,653.3668212890625,292.4750061035156,2.90625,0.0,4.15625,4.15625,1.625,0.0,0.6875,0.75,1.09375,32.90625,36.40625,1.0,1.90625,3.28125,3.28125,0.0,3,3 2
3235,792.6680297851562,791.17822265625,670.4234619140625,315.1499938964844,2.9375,0.0,4.375,4.375,1.78125,0.0,0.65625,0.8125,1.125,34.01250076293945,34.59375,1.0,1.9375,3.28125,3.28125,0.0,3,3 0
3236,782.8477172851562,780.2477416992188,659.9585571289062,306.64373779296875,2.9375,0.0,4.4375,4.4375,1.75,0.03125,0.78125,0.78125,1.09375,32.400001525878906,36.75,1.0,1.9375,3.53125,3.53125,0.0,3,3 4
3237,756.1021118164062,752.9605102539062,636.1553344726562,305.45623779296875,2.875,0.0,4.21875,4.21875,1.71875,0.0,0.65625,0.78125,1.0625,32.818748474121094,35.03125,1.0,1.875,3.3125,3.3125,0.0,3,3 2
3238,864.1445922851562,862.306640625,731.3360595703125,328.63751220703125,3.125,0.0,4.71875,4.71875,1.875,0.0,0.8125,0.90625,1.125,35.631248474121094,35.625,1.0,2.125,3.625,3.625,0.0,3,3 0
3239,878.5091552734375,874.9866333007812,742.8619995117188,322.92498779296875,3.15625,0.0,4.75,4.75,1.8125,0.0,0.8125,0.90625,1.21875,35.64374923706055,36.3125,1.0,2.15625,4.3125,4.3125,0.0,3,3 2
3240,813.5110473632812,809.845703125,686.0032958984375,313.59375,3.0,0.0,4.5,4.5,1.78125,0.0,0.75,0.8125,1.15625,34.23749923706055,35.28125,1.0,2.0,4.5,4.5,0.0,3,3 4
3241,763.6048583984375,761.5780029296875,643.7269287109375,316.96875,2.90625,0.0,4.03125,4.03125,1.59375,0.0,0.59375,0.75,1.09375,32.306251525878906,38.8125,1.0,1.90625,5.40625,5.40625,0.0,3,3 2
3242,703.156005859375,701.140380859375,590.9055786132812,307.33123779296875,2.75,0.0,3.9375,3.9375,1.625,0.0,0.53125,0.6875,1.09375,31.212499618530273,36.65625,1.0,1.75,4.125,4.125,0.0,2,2 3
3243,796.8507080078125,793.7774658203125,671.153076171875,316.29998779296875,3.0,0.0,4.21875,4.21875,1.59375,0.0,0.71875,0.6875,1.21875,32.96875,36.25,1.0,2.0,5.03125,5.03125,0.0,3,3 4
3244,753.4532470703125,751.0330810546875,635.6558837890625,303.98126220703125,2.84375,0.0,4.1875,4.1875,1.5625,0.03125,0.71875,0.75,1.125,33.28125,36.28125,1.0,1.84375,3.59375,3.59375,0.0,3,3 2
3245,728.4022827148438,726.1395263671875,614.3082275390625,300.1937561035156,2.78125,0.0,4.125,4.125,1.625,0.03125,0.625,0.65625,1.1875,30.606250762939453,35.15625,1.5,1.78125,4.5,4.5,0.0,3,3 1
3246,729.3295288085938,726.9514770507812,612.6858520507812,297.6187438964844,2.84375,0.0,4.09375,4.09375,1.625,0.0,0.65625,0.71875,1.09375,30.956249237060547,36.59375,1.0,1.84375,3.21875,3.21875,0.0,3,3 4
3247,757.4222412109375,756.1412963867188,638.1766357421875,310.04998779296875,2.90625,0.0,4.15625,4.15625,1.625,0.0625,0.6875,0.6875,1.09375,32.08124923706055,38.1875,1.0,1.90625,4.3125,4.3125,0.0,3,3 0
3248,582.5516357421875,579.88427734375,485.62896728515625,252.39999389648438,2.53125,0.0,3.125,3.125,1.21875,0.0,0.375,0.5,1.03125,26.793750762939453,41.75,1.0,1.53125,2.84375,2.84375,0.0,3,3 4
3249,710.7902221679688,707.2503051757812,596.7955322265625,293.8062438964844,2.78125,0.0,3.9375,3.9375,1.53125,0.0,0.625,0.65625,1.125,28.899999618530273,39.21875,1.0,1.78125,3.6875,3.6875,0.0,3,3 4
3250,633.3109130859375,631.9244384765625,529.8265380859375,279.0375061035156,2.625,0.0,3.75,3.75,1.46875,0.0,0.59375,0.625,1.0625,27.200000762939453,40.125,1.0,1.625,2.71875,2.71875,0.0,3,3 2
3251,687.3080444335938,686.9132690429688,576.7710571289062,289.36248779296875,2.8125,0.0,3.65625,3.65625,1.46875,0.0,0.46875,0.59375,1.125,27.356250762939453,45.28125,1.0,1.8125,3.59375,3.59375,0.0,4,4 0
3252,634.6325073242188,629.8717651367188,528.85400390625,271.0375061035156,2.625,0.0,3.59375,3.59375,1.4375,0.0,0.53125,0.53125,1.09375,26.893749237060547,39.75,1.0,1.625,2.65625,2.65625,0.0,3,3 2
3253,622.3784790039062,620.5275268554688,522.8662719726562,266.5687561035156,2.5625,0.0,3.4375,3.4375,1.375,0.0,0.46875,0.5,1.09375,27.543750762939453,40.46875,1.0,1.5625,2.53125,2.53125,0.0,3,3 4
3254,832.6115112304688,829.7014770507812,703.3092651367188,326.1875,3.0625,0.0,4.3125,4.3125,1.5625,0.0,0.78125,0.78125,1.1875,34.48749923706055,33.40625,1.0,2.0625,4.0625,4.0625,0.0,3,3 2
3255,710.7574462890625,709.34033203125,598.4319458007812,284.84375,2.78125,0.0,4.09375,4.09375,1.59375,0.0,0.6875,0.71875,1.09375,30.4375,36.25,1.0,1.78125,2.625,2.625,0.0,3,3 4
3256,854.7566528320312,851.7459106445312,722.4102172851562,352.76873779296875,3.0625,0.0,4.625,4.625,1.65625,0.0625,0.90625,0.78125,1.21875,36.51250076293945,27.84375,1.0,2.0625,4.3125,4.3125,0.0,3,3 4
3257,717.3665771484375,714.4616088867188,604.6360473632812,303.5562438964844,2.75,0.0,3.9375,3.9375,1.5625,0.0,0.65625,0.5625,1.15625,29.987499237060547,32.9375,1.15625,1.75,3.5,3.5,0.0,3,3 2
3258,762.0447998046875,760.5955810546875,644.1353759765625,301.64373779296875,2.875,0.0,4.15625,4.15625,1.53125,0.03125,0.71875,0.6875,1.1875,33.349998474121094,30.6875,1.0,1.875,4.03125,4.03125,0.0,3,3 2
3259,831.3226928710938,828.7652587890625,703.5845947265625,334.82501220703125,3.0,0.0,4.46875,4.46875,1.65625,0.0,0.84375,0.78125,1.1875,36.46875,31.65625,1.0,2.0,4.375,4.375,0.0,3,3 2
3260,754.1328125,751.3395385742188,635.5556640625,307.41876220703125,2.875,0.0,3.9375,3.9375,1.5625,0.0,0.53125,0.6875,1.15625,32.849998474121094,36.90625,1.0,1.875,4.03125,4.03125,0.0,3,3 4
3261,804.9044189453125,802.3722534179688,679.4404296875,346.51251220703125,2.9375,0.0,4.46875,4.46875,1.65625,0.0,0.8125,0.8125,1.1875,35.3125,28.90625,1.0,1.9375,4.25,4.25,0.0,3,3 1
3262,771.5524291992188,768.2976684570312,649.1534423828125,325.71875,2.90625,0.0,4.1875,4.1875,1.59375,0.0,0.71875,0.71875,1.15625,33.587501525878906,37.3125,1.0,1.90625,4.3125,4.3125,0.0,3,3 4
3263,850.777099609375,847.2205200195312,719.1796875,344.9312438964844,3.0625,0.0,4.4375,4.4375,1.65625,0.0,0.84375,0.71875,1.21875,35.662498474121094,36.0625,1.5625,2.0625,4.4375,4.4375,0.0,3,3 2
3264,759.7332153320312,758.6107788085938,641.61865234375,330.26873779296875,2.84375,0.0,4.25,4.25,1.53125,0.0,0.8125,0.75,1.15625,33.5625,30.0625,1.0,1.84375,4.40625,4.40625,0.0,2,2 3
3265,739.099853515625,737.4315185546875,621.5942993164062,324.26251220703125,2.84375,0.0,4.0625,4.0625,1.5625,0.0,0.6875,0.6875,1.125,32.98125076293945,33.875,1.0,1.84375,3.78125,3.78125,0.0,2,2 3
3266,646.771484375,644.4581909179688,541.5377197265625,293.0874938964844,2.625,0.0,3.6875,3.6875,1.5,0.0,0.53125,0.59375,1.0625,29.256250381469727,38.125,1.0,1.625,4.46875,4.46875,0.0,3,3 2
3267,710.2522583007812,708.749755859375,598.7398681640625,316.65625,2.71875,0.0,4.03125,4.03125,1.53125,0.0,0.75,0.71875,1.03125,32.58124923706055,32.5,1.0,1.71875,3.53125,3.53125,0.0,3,3 1
3268,768.128662109375,764.1693115234375,644.0367431640625,341.2749938964844,2.90625,0.0,4.25,4.25,1.625,0.03125,0.71875,0.78125,1.09375,33.368751525878906,37.625,1.0,1.90625,4.09375,4.09375,0.0,3,3 0
3269,841.97998046875,838.0910034179688,709.4249877929688,354.15625,3.03125,0.0,4.8125,4.8125,1.75,0.0,0.96875,0.84375,1.25,35.53125,32.0625,1.0,2.03125,3.875,3.875,0.0,3,3 4
3270,798.3694458007812,796.5643310546875,673.7438354492188,330.66876220703125,2.96875,0.0,4.34375,4.34375,1.65625,0.03125,0.75,0.75,1.15625,34.58124923706055,36.09375,1.0,1.96875,3.46875,3.46875,0.0,3,3 2
3271,916.87548828125,913.9031982421875,775.05029296875,365.84375,3.25,0.0,4.8125,4.8125,1.84375,0.0,0.875,0.84375,1.25,37.837501525878906,37.65625,1.0,2.25,4.1875,4.1875,0.0,3,3 2
3272,859.75244140625,857.615234375,727.9166259765625,340.26251220703125,3.09375,0.0,4.5625,4.5625,1.71875,0.03125,0.8125,0.75,1.25,36.099998474121094,36.375,1.0,2.09375,3.375,3.375,0.0,3,3 2
3273,842.1084594726562,839.89111328125,710.5291748046875,338.9125061035156,3.09375,0.0,4.5,4.5,1.625,0.0,0.84375,0.8125,1.21875,35.993751525878906,30.84375,1.0,2.09375,3.625,3.625,0.0,2,2 3
3274,630.3336791992188,627.2379760742188,526.5667724609375,273.26873779296875,2.59375,0.0,3.71875,3.71875,1.46875,0.0,0.59375,0.625,1.03125,28.862499237060547,38.25,1.0,1.59375,2.875,2.875,0.0,3,3 4
3275,790.2539672851562,787.632080078125,665.317626953125,313.21875,2.96875,0.0,4.53125,4.53125,1.84375,0.0,0.78125,0.8125,1.09375,32.45000076293945,37.5,1.0,1.96875,4.09375,4.09375,0.0,2,2 3
3276,692.2770385742188,690.5729370117188,581.1768798828125,289.33123779296875,2.75,0.0,4.0625,4.0625,1.59375,0.0,0.6875,0.71875,1.0625,28.774999618530273,38.03125,1.0,1.75,3.40625,3.40625,0.0,3,3 2
3277,691.5772705078125,688.8580322265625,579.8976440429688,289.15625,2.75,0.0,3.90625,3.90625,1.53125,0.0,0.65625,0.65625,1.0625,29.875,39.78125,1.0,1.75,3.28125,3.28125,0.0,3,3 4
3278,703.4681396484375,699.9092407226562,589.153564453125,304.63751220703125,2.75,0.0,4.15625,4.15625,1.6875,0.0,0.65625,0.78125,1.03125,29.993749618530273,37.25,1.28125,1.75,2.90625,2.90625,0.0,3,3 2
3279,779.3754272460938,777.1158447265625,657.1481323242188,309.4937438964844,2.9375,0.0,4.3125,4.3125,1.75,0.0,0.71875,0.75,1.09375,32.599998474121094,37.84375,1.0,1.9375,3.21875,3.21875,0.0,2,2 3
3280,844.01171875,839.7291870117188,710.0589599609375,332.3500061035156,3.09375,0.0,4.71875,4.71875,1.8125,0.03125,0.9375,0.8125,1.125,34.66875076293945,34.84375,1.0,2.09375,4.0,4.0,0.0,3,3 2
3281,831.145263671875,828.0921020507812,701.38330078125,335.9125061035156,3.03125,0.0,4.5625,4.5625,1.84375,0.0,0.75,0.84375,1.125,35.28125,34.375,1.0,2.03125,3.90625,3.90625,0.0,3,3 4
3282,887.8480224609375,885.1446533203125,751.96484375,344.75,3.15625,0.0,4.71875,4.71875,1.6875,0.0625,0.96875,0.78125,1.21875,36.13750076293945,32.96875,1.0,2.15625,4.1875,4.1875,0.0,3,3 4
3283,703.6836547851562,701.2801513671875,590.7662353515625,304.89373779296875,2.75,0.0,4.0625,4.0625,1.6875,0.0,0.65625,0.6875,1.03125,30.662500381469727,37.25,1.5625,1.75,3.96875,3.96875,0.0,3,3 2
3284,810.646484375,807.69921875,683.9754638671875,331.03125,2.96875,0.0,4.53125,4.53125,1.8125,0.0,0.8125,0.84375,1.0625,35.33124923706055,34.25,1.0,1.96875,4.375,4.375,0.0,3,3 2
3285,769.8336181640625,767.2584838867188,649.92236328125,313.89373779296875,2.875,0.0,4.21875,4.21875,1.59375,0.0,0.84375,0.65625,1.125,33.42499923706055,33.3125,1.0,1.875,4.59375,4.59375,0.0,3,3 4
3286,855.0090942382812,851.28125,723.7584228515625,334.29376220703125,3.03125,0.0,4.71875,4.71875,1.78125,0.0,0.96875,0.8125,1.15625,36.78125,26.90625,1.0,2.03125,3.9375,3.9375,0.0,3,3 4
3287,774.0447387695312,773.4248657226562,655.2684936523438,307.20001220703125,2.90625,0.0,4.1875,4.1875,1.65625,0.03125,0.71875,0.65625,1.125,33.243751525878906,30.90625,1.0625,1.90625,3.34375,3.34375,0.0,3,3 1
3288,960.4819946289062,958.8533935546875,818.760986328125,340.65625,3.28125,0.0,4.96875,4.96875,1.8125,0.0,1.0,0.90625,1.25,40.95624923706055,27.96875,1.25,2.28125,4.78125,4.78125,0.0,3,3 0
3289,935.6055908203125,933.5382690429688,795.3303833007812,337.8812561035156,3.25,0.0,4.9375,4.9375,1.90625,0.03125,0.90625,0.875,1.21875,39.243751525878906,32.34375,1.0,2.25,5.0,5.0,0.0,1,1 3
3290,867.8810424804688,864.43359375,735.7462768554688,336.51873779296875,3.0625,0.0,4.59375,4.59375,1.59375,0.0,0.875,0.84375,1.28125,38.118751525878906,25.84375,1.25,2.0625,4.59375,4.59375,0.0,3,3 4
3291,849.8063354492188,846.1708984375,719.6082763671875,321.7562561035156,3.03125,0.0,4.65625,4.65625,1.71875,0.0,0.9375,0.8125,1.1875,36.318748474121094,30.46875,1.0,2.03125,4.5,4.5,0.0,3,3 4
3292,743.4478149414062,740.7678833007812,626.6207275390625,298.4437561035156,2.8125,0.0,4.3125,4.3125,1.65625,0.0,0.84375,0.8125,1.0,32.5,31.03125,1.0,1.8125,3.25,3.25,0.0,3,3 2
3293,853.5112915039062,850.9777221679688,721.3867797851562,335.33123779296875,3.09375,0.0,4.6875,4.6875,1.65625,0.0,0.96875,0.875,1.1875,34.09375,29.65625,1.0,2.09375,3.25,3.25,0.0,3,3 2
3294,912.6484985351562,911.2777099609375,775.2623291015625,338.2749938964844,3.21875,0.0,4.75,4.75,1.8125,0.0,0.90625,0.8125,1.21875,38.412498474121094,32.03125,1.0,2.21875,3.59375,3.59375,0.0,4,4 3
3295,772.7626342773438,770.0501708984375,653.1033325195312,309.79376220703125,2.84375,0.0,4.4375,4.4375,1.71875,0.03125,0.84375,0.8125,1.03125,34.83124923706055,27.34375,1.0,1.84375,3.5625,3.5625,0.0,3,3 4
3296,856.72314453125,854.2586059570312,726.9092407226562,331.70001220703125,3.03125,0.0,4.75,4.75,1.71875,0.0,0.96875,0.8125,1.25,35.84375,29.40625,1.53125,2.03125,4.375,4.375,0.0,2,2 3
3297,840.2261352539062,837.1329956054688,711.4779052734375,320.53125,3.0,0.0,4.75,4.75,1.71875,0.0,1.0,0.8125,1.21875,36.82500076293945,22.90625,1.0,2.0,3.5,3.5,0.0,3,3 1
3298,909.0015258789062,906.7634887695312,774.053955078125,324.0249938964844,3.15625,0.0,4.75,4.75,1.78125,0.0,0.84375,0.84375,1.28125,38.587501525878906,26.96875,2.125,2.15625,4.0625,4.0625,0.0,3,3 4
3299,1035.4996337890625,1033.017333984375,882.01513671875,356.07501220703125,3.5,0.0,5.15625,5.15625,1.9375,0.0,1.0625,0.84375,1.3125,42.07500076293945,21.46875,1.0,2.5,4.375,4.375,0.0,2,2 3
3300,1003.6806030273438,1000.9343872070312,854.7662353515625,361.51251220703125,3.375,0.0,5.15625,5.15625,1.8125,0.03125,1.09375,0.90625,1.3125,42.875,22.65625,1.0,2.375,3.8125,3.8125,0.0,3,3 4
3301,970.8611450195312,968.2198486328125,827.2862548828125,336.8374938964844,3.3125,0.0,4.90625,4.90625,1.8125,0.0625,1.0,0.8125,1.21875,40.787498474121094,27.15625,1.0,2.3125,3.65625,3.65625,0.0,2,2 4
3302,896.1531372070312,894.0387573242188,763.0546264648438,331.875,3.125,0.0,4.53125,4.53125,1.59375,0.03125,1.0,0.75,1.15625,38.974998474121094,22.15625,1.0,2.125,3.0625,3.0625,0.0,3,3 4
3303,1006.1179809570312,1001.5084838867188,856.1785278320312,326.3812561035156,3.40625,0.0,5.09375,5.09375,1.8125,0.0,1.0625,0.9375,1.28125,42.07500076293945,26.625,1.0,2.40625,2.78125,2.78125,0.0,3,3 4
3304,925.1226806640625,922.9234619140625,787.0606689453125,331.3062438964844,3.21875,0.0,4.75,4.75,1.8125,0.0,0.875,0.90625,1.15625,39.5,23.40625,1.0,2.21875,3.28125,3.28125,0.0,4,4 0
3305,1013.267333984375,1010.43115234375,862.732421875,363.3125,3.4375,0.0,4.9375,4.9375,1.78125,0.0,1.03125,0.8125,1.3125,41.15625,28.28125,1.0,2.4375,4.4375,4.4375,0.0,3,3 2
3306,996.6956176757812,994.6571044921875,849.4860229492188,344.86248779296875,3.40625,0.0,4.90625,4.90625,1.8125,0.03125,0.96875,0.8125,1.28125,40.224998474121094,28.90625,1.0,2.40625,3.53125,3.53125,0.0,3,3 0
3307,890.9556274414062,888.98486328125,758.08203125,329.1312561035156,3.09375,0.0,4.875,4.875,1.78125,0.0,1.03125,0.8125,1.25,38.9375,23.4375,1.0,2.09375,3.40625,3.40625,0.0,3,3 2
3308,1013.8362426757812,1010.8834838867188,863.8427734375,355.9375,3.40625,0.0,5.09375,5.09375,1.8125,0.03125,1.03125,0.84375,1.375,43.368751525878906,23.6875,1.0,2.40625,3.1875,3.1875,0.0,3,3 0
3309,959.1521606445312,957.2512817382812,818.3209228515625,331.21875,3.28125,0.0,4.84375,4.84375,1.75,0.03125,1.0,0.78125,1.28125,39.900001525878906,27.0625,1.0,2.28125,4.09375,4.09375,0.0,2,2 3
3310,979.046875,977.7264404296875,834.9064331054688,345.90625,3.34375,0.0,4.9375,4.9375,1.96875,0.03125,0.84375,0.84375,1.25,40.76250076293945,26.65625,1.0,2.34375,4.375,4.375,0.0,3,3 2
3311,870.6337280273438,867.4158325195312,740.6530151367188,306.51873779296875,3.0625,0.0,4.5,4.5,1.59375,0.0,0.90625,0.71875,1.28125,37.84375,22.03125,1.0,2.0625,3.8125,3.8125,0.0,3,3 0
3312,1057.6695556640625,1056.1231689453125,903.3515625,345.1875,3.5625,0.0,4.96875,4.96875,1.75,0.0,1.0,0.9375,1.28125,44.51250076293945,25.3125,1.0,2.5625,4.40625,4.40625,0.0,3,3 4
3313,959.4248657226562,958.3348388671875,817.1627197265625,348.25,3.3125,0.0,4.84375,4.84375,1.78125,0.0,0.96875,0.875,1.21875,40.33124923706055,27.03125,1.0,2.3125,4.46875,4.46875,0.0,2,2 4
3314,968.5819091796875,967.2317504882812,824.0303955078125,367.03125,3.3125,0.0,5.125,5.125,1.90625,0.0,1.09375,0.90625,1.21875,40.13750076293945,32.625,1.0,2.3125,5.65625,5.65625,0.0,3,3 2
3315,968.5407104492188,966.6163940429688,824.3087158203125,353.48126220703125,3.3125,0.0,5.09375,5.09375,1.8125,0.0,1.09375,0.90625,1.28125,39.631248474121094,33.5,1.0,2.3125,4.96875,4.96875,0.0,2,2 4
3316,935.4036254882812,933.7994384765625,796.6578979492188,340.54998779296875,3.21875,0.0,4.96875,4.96875,1.8125,0.03125,1.0,0.90625,1.21875,39.17499923706055,25.65625,1.0,2.21875,4.40625,4.40625,0.0,3,3 4
3317,975.433837890625,971.9149169921875,828.5828247070312,347.0,3.34375,0.0,5.0625,5.0625,1.875,0.0,0.9375,0.90625,1.34375,40.525001525878906,30.875,1.0,2.34375,5.40625,5.40625,0.0,3,3 2
3318,1034.1710205078125,1033.26708984375,882.7127075195312,365.0625,3.46875,0.0,5.1875,5.1875,1.96875,0.0,0.9375,0.90625,1.375,43.6875,25.15625,1.0,2.46875,3.90625,3.90625,0.0,4,4 0
3319,957.1058349609375,955.5224609375,814.9317626953125,342.09375,3.3125,0.0,4.78125,4.78125,1.75,0.0,0.90625,0.8125,1.3125,40.20000076293945,28.875,1.0,2.3125,4.28125,4.28125,0.0,4,4 1
3320,1014.3123779296875,1012.98583984375,865.3709106445312,348.1312561035156,3.4375,0.0,5.0,5.0,1.84375,0.0,0.90625,0.9375,1.3125,43.51874923706055,30.0625,1.0,2.4375,2.96875,2.96875,0.0,2,2 3
3321,866.1143798828125,862.5767822265625,731.306884765625,334.3374938964844,3.125,0.0,4.65625,4.65625,1.8125,0.03125,0.78125,0.875,1.15625,37.099998474121094,27.59375,1.0,2.125,3.15625,3.15625,0.0,3,3 2
3322,917.1470947265625,916.1316528320312,780.9691162109375,329.98126220703125,3.21875,0.0,4.59375,4.59375,1.75,0.0,0.84375,0.8125,1.1875,39.45000076293945,29.78125,1.0,2.21875,3.71875,3.71875,0.0,4,4 3
3323,1078.2060546875,1076.15234375,919.0105590820312,351.9125061035156,3.625,0.0,5.375,5.375,1.90625,0.0625,1.09375,0.9375,1.375,43.3125,29.375,1.0,2.625,4.40625,4.40625,0.0,3,3 2
3324,1047.079833984375,1045.3668212890625,893.6404418945312,345.29998779296875,3.53125,0.0,5.125,5.125,1.9375,0.03125,0.96875,0.875,1.3125,42.493751525878906,25.03125,1.0,2.53125,3.96875,3.96875,0.0,2,2 1
3325,962.165771484375,960.7099609375,818.7919311523438,323.17498779296875,3.34375,0.0,5.0625,5.0625,1.84375,0.0,1.0,0.90625,1.3125,39.287498474121094,26.09375,1.0,2.34375,3.59375,3.59375,0.0,3,3 2
3326,1148.9566650390625,1147.49951171875,983.5877075195312,361.66876220703125,3.75,0.0,5.5,5.5,1.96875,0.09375,1.0625,0.875,1.5,46.26874923706055,26.125,1.0,2.75,4.3125,4.3125,0.0,4,4 2
3327,1151.58642578125,1148.521484375,984.7933349609375,354.29998779296875,3.75,0.0,5.5625,5.5625,2.0,0.03125,1.125,0.875,1.53125,45.90625,29.625,1.0,2.75,5.125,5.125,0.0,3,3 4
3328,1051.796142578125,1050.234619140625,897.67529296875,326.5874938964844,3.5625,0.0,5.21875,5.21875,1.8125,0.0625,1.03125,0.875,1.4375,42.943748474121094,22.4375,1.0,2.5625,4.125,4.125,0.0,4,4 0
3329,975.6559448242188,972.6810302734375,831.6594848632812,315.92498779296875,3.34375,0.0,4.875,4.875,1.75,0.0,1.0,0.84375,1.28125,40.48749923706055,28.71875,1.0,2.34375,3.28125,3.28125,0.0,3,3 4
3330,972.5516357421875,969.6705932617188,828.2894287109375,316.54376220703125,3.34375,0.0,4.9375,4.9375,1.78125,0.0,0.96875,0.90625,1.28125,40.92499923706055,30.8125,1.0,2.34375,3.28125,3.28125,0.0,3,3 1
3331,1128.7138671875,1125.727783203125,963.1365356445312,361.3500061035156,3.71875,0.0,5.53125,5.53125,2.03125,0.03125,1.125,0.9375,1.40625,45.618751525878906,25.375,1.0,2.71875,4.0625,4.0625,0.0,3,3 4
3332,1113.0928955078125,1109.32470703125,950.2435302734375,348.78125,3.65625,0.0,5.46875,5.46875,1.8125,0.0,1.15625,0.96875,1.53125,45.58124923706055,23.65625,1.0,2.65625,3.9375,3.9375,0.0,3,3 1
3333,943.90087890625,942.5407104492188,804.1759033203125,309.4937438964844,3.28125,0.0,5.0625,5.0625,1.75,0.03125,1.15625,0.875,1.25,37.931251525878906,24.34375,1.0,2.28125,3.03125,3.03125,0.0,3,3 4
3334,1118.0736083984375,1116.9622802734375,957.4342651367188,352.36248779296875,3.65625,0.0,5.46875,5.46875,1.9375,0.03125,1.0625,0.9375,1.5,47.068748474121094,19.15625,1.0,2.65625,3.46875,3.46875,0.0,2,2 4
3335,1080.5572509765625,1078.4307861328125,924.1634521484375,320.7875061035156,3.59375,0.0,5.3125,5.3125,2.0,0.0,1.03125,0.90625,1.375,44.66875076293945,25.75,1.0,2.59375,3.375,3.375,0.0,2,2 0
3336,1172.1588134765625,1169.7916259765625,1005.3916015625,338.4312438964844,3.78125,0.0,5.53125,5.53125,1.8125,0.0,1.15625,0.9375,1.625,47.45000076293945,29.34375,1.0,2.78125,4.28125,4.28125,0.0,3,3 1
3337,1014.1804809570312,1013.0061645507812,864.59814453125,326.61248779296875,3.46875,0.0,5.1875,5.1875,1.875,0.0,1.03125,0.96875,1.3125,42.443748474121094,26.53125,1.0,2.46875,3.34375,3.34375,0.0,3,3 4
3338,1047.912353515625,1046.7659912109375,896.66455078125,332.9312438964844,3.5,0.0,5.15625,5.15625,1.875,0.0,1.0,0.875,1.40625,43.5,24.625,1.0,2.5,3.9375,3.9375,0.0,4,4 2
3339,998.990478515625,997.6751708984375,852.0728759765625,327.9750061035156,3.40625,0.0,5.15625,5.15625,1.875,0.03125,1.0,0.875,1.375,41.756248474121094,26.03125,1.0,2.40625,4.5625,4.5625,0.0,3,3 0
3340,1049.9720458984375,1047.698974609375,896.8038940429688,344.1625061035156,3.5,0.0,5.21875,5.21875,1.78125,0.0,1.09375,0.90625,1.4375,43.400001525878906,25.9375,1.0,2.5,4.21875,4.21875,0.0,1,1 0
3341,1064.2738037109375,1063.1976318359375,909.5849609375,353.32501220703125,3.53125,0.0,5.40625,5.40625,1.9375,0.03125,1.0625,0.875,1.5,44.493751525878906,28.75,1.0,2.53125,4.03125,4.03125,0.0,0,0 3
3342,1118.428955078125,1114.620849609375,953.9298706054688,352.8187561035156,3.71875,0.0,5.21875,5.21875,1.90625,0.0,0.96875,0.90625,1.4375,44.375,27.65625,1.0,2.71875,3.75,3.75,0.0,3,3 0
3343,1076.8587646484375,1074.4366455078125,920.39990234375,350.16876220703125,3.5625,0.0,5.28125,5.28125,1.96875,0.0,1.03125,0.875,1.40625,43.212501525878906,31.25,1.25,2.5625,4.46875,4.46875,0.0,4,4 2
3344,1086.2840576171875,1083.248291015625,927.6929931640625,344.11248779296875,3.59375,0.0,5.375,5.375,1.9375,0.0,1.09375,0.875,1.46875,43.95624923706055,31.125,1.0,2.59375,4.21875,4.21875,0.0,3,3 0
3345,1022.7416381835938,1021.7238159179688,873.6477661132812,329.4312438964844,3.46875,0.0,5.09375,5.09375,1.90625,0.0,1.03125,0.84375,1.3125,41.900001525878906,28.78125,1.0,2.46875,4.59375,4.59375,0.0,2,2 3
3346,1069.51611328125,1068.861572265625,912.85107421875,348.95001220703125,3.625,0.0,5.09375,5.09375,1.78125,0.0,1.0,0.90625,1.40625,44.099998474121094,24.34375,1.0,2.625,3.90625,3.90625,0.0,3,3 4
3347,1224.7381591796875,1222.98779296875,1050.8404541015625,372.5062561035156,3.90625,0.0,5.65625,5.65625,2.0,0.0,1.21875,0.90625,1.53125,49.08124923706055,25.28125,1.0,2.90625,4.34375,4.34375,0.0,0,0 3
3348,951.1325073242188,949.8493041992188,812.2365112304688,326.95001220703125,3.25,0.0,4.90625,4.90625,1.875,0.0,0.9375,0.8125,1.28125,39.66875076293945,29.3125,1.0,2.25,4.3125,4.3125,0.0,1,1 3
3349,999.5387573242188,998.9619140625,853.5718994140625,350.34375,3.375,0.0,5.09375,5.09375,1.90625,0.0,0.90625,0.9375,1.34375,43.04375076293945,24.40625,1.0,2.375,3.5,3.5,0.0,4,4 1
3350,1060.6636962890625,1057.6259765625,904.79248046875,349.4375,3.5625,0.0,5.0,5.0,1.78125,0.0625,0.9375,0.9375,1.28125,42.98125076293945,30.53125,1.0,2.5625,3.75,3.75,0.0,3,3 1
3351,966.1696166992188,964.3216552734375,822.4244384765625,339.79376220703125,3.34375,0.0,4.78125,4.78125,1.71875,0.0,0.8125,0.90625,1.34375,40.806251525878906,28.1875,1.0,2.34375,3.03125,3.03125,0.0,3,3 2
3352,1071.6634521484375,1068.8468017578125,914.1502685546875,368.3374938964844,3.53125,0.0,5.46875,5.46875,2.03125,0.0,1.0625,0.96875,1.40625,44.95624923706055,24.28125,1.0,2.53125,3.46875,3.46875,0.0,3,3 4
3353,1116.481689453125,1114.55322265625,954.2341918945312,350.9125061035156,3.6875,0.0,5.4375,5.4375,2.03125,0.0,1.09375,0.96875,1.34375,45.26874923706055,27.65625,1.0,2.6875,3.1875,3.1875,0.0,3,3 4
3354,1201.4193115234375,1197.641357421875,1028.01171875,376.8999938964844,3.84375,0.0,5.6875,5.6875,2.09375,0.0,1.0625,0.96875,1.5625,47.76250076293945,25.03125,1.0,2.84375,3.75,3.75,0.0,3,3 4
3355,1099.705810546875,1098.7042236328125,941.2371215820312,369.0874938964844,3.59375,0.0,5.46875,5.46875,1.96875,0.0,1.09375,0.96875,1.4375,45.556251525878906,24.25,1.0,2.59375,3.40625,3.40625,0.0,1,1 3
3356,1012.6828002929688,1010.0906982421875,863.7296752929688,338.73748779296875,3.40625,0.0,5.15625,5.15625,1.78125,0.0,1.03125,1.0,1.34375,42.98125076293945,27.21875,1.0,2.40625,3.90625,3.90625,0.0,2,2 3
3357,1131.2034912109375,1128.3077392578125,966.9871826171875,359.40625,3.71875,0.0,5.1875,5.1875,1.78125,0.0625,0.96875,0.96875,1.40625,46.73749923706055,23.875,1.0,2.71875,2.71875,2.71875,0.0,2,2 1
3358,1070.967529296875,1069.1630859375,916.7737426757812,336.5375061035156,3.53125,0.0,5.34375,5.34375,1.8125,0.0,1.09375,0.96875,1.46875,43.75,27.25,1.0,2.53125,3.125,3.125,0.0,4,4 1
3359,1057.22705078125,1056.017822265625,902.8434448242188,343.6875,3.5625,0.0,5.125,5.125,1.84375,0.0,0.90625,0.9375,1.4375,43.693748474121094,26.03125,1.0,2.5625,3.59375,3.59375,0.0,1,1 3
3360,1146.3839111328125,1144.214599609375,979.6793823242188,367.66876220703125,3.75,0.0,5.625,5.625,1.9375,0.03125,1.25,0.96875,1.4375,45.287498474121094,22.53125,1.0,2.75,3.21875,3.21875,0.0,3,3 2
3361,1081.9976806640625,1079.8682861328125,922.9876708984375,358.8187561035156,3.59375,0.0,5.5,5.5,1.96875,0.0625,1.15625,0.96875,1.34375,44.45624923706055,18.21875,1.0,2.59375,3.53125,3.53125,0.0,4,4 3
3362,957.7975463867188,955.16650390625,815.0313110351562,314.11248779296875,3.3125,0.0,5.0,5.0,1.84375,0.03125,0.9375,0.9375,1.25,40.58124923706055,26.53125,1.0,2.3125,3.21875,3.21875,0.0,3,3 4
3363,1170.4957275390625,1168.1475830078125,1001.7922973632812,370.46875,3.8125,0.0,5.375,5.375,2.0,0.03125,1.0,0.96875,1.375,45.59375,28.90625,1.0,2.8125,4.46875,4.46875,0.0,3,3 2
3364,1067.23779296875,1063.1702880859375,909.9136962890625,354.82501220703125,3.53125,0.0,5.375,5.375,1.9375,0.09375,1.125,0.875,1.34375,42.79375076293945,22.21875,1.0,2.53125,4.03125,4.03125,0.0,3,3 4
3365,1067.3568115234375,1066.9852294921875,912.8421630859375,352.84375,3.5625,0.0,5.21875,5.21875,1.9375,0.03125,1.0,0.90625,1.34375,44.45000076293945,27.125,1.0,2.5625,3.71875,3.71875,0.0,1,1 0
3366,1089.949951171875,1088.655029296875,932.1773681640625,350.15625,3.59375,0.0,5.46875,5.46875,1.8125,0.0625,1.28125,0.96875,1.34375,45.318748474121094,17.09375,1.0,2.59375,3.0625,3.0625,0.0,0,0 3
3367,1136.9305419921875,1134.456787109375,971.7633056640625,368.15625,3.6875,0.0,5.78125,5.78125,2.09375,0.0625,1.1875,0.96875,1.46875,46.03125,21.59375,1.0,2.6875,3.0,3.0,0.0,2,2 3
3368,1042.2392578125,1041.1898193359375,891.2962036132812,343.17498779296875,3.46875,0.0,5.3125,5.3125,1.90625,0.03125,1.0625,0.96875,1.34375,43.318748474121094,26.75,1.59375,2.46875,3.1875,3.1875,0.0,1,1 3
3369,1118.396484375,1116.384033203125,955.4484252929688,357.67498779296875,3.6875,0.0,5.53125,5.53125,1.96875,0.09375,1.0625,0.96875,1.4375,44.73125076293945,29.8125,1.0,2.6875,2.90625,2.90625,0.0,0,0 4
3370,913.9348754882812,913.2052612304688,779.6461181640625,327.3062438964844,3.15625,0.0,4.875,4.875,1.71875,0.0,1.0625,0.8125,1.28125,39.618751525878906,26.0,1.0,2.15625,2.6875,2.6875,0.0,3,3 4
3371,982.2572631835938,979.1311645507812,836.3209838867188,342.5062561035156,3.34375,0.0,5.0,5.0,1.84375,0.03125,1.03125,0.8125,1.28125,40.26250076293945,30.15625,1.0,2.34375,2.875,2.875,0.0,3,3 0
3372,1062.3475341796875,1060.3836669921875,906.3984375,363.71875,3.53125,0.0,5.46875,5.46875,1.90625,0.09375,1.125,0.9375,1.40625,42.287498474121094,27.8125,1.0,2.53125,2.8125,2.8125,0.0,0,0 3
3373,1001.0219116210938,999.7888793945312,851.9644775390625,345.48748779296875,3.4375,0.0,5.1875,5.1875,1.875,0.03125,1.0625,0.875,1.34375,41.25,30.21875,1.0,2.4375,2.75,2.75,0.0,3,3 2
3374,901.6393432617188,900.19580078125,764.6945190429688,316.38751220703125,3.21875,0.0,4.9375,4.9375,1.875,0.0,0.96875,0.875,1.21875,37.46875,31.0,1.6875,2.21875,2.90625,2.90625,0.0,4,4 0
3375,976.535888671875,974.2496948242188,833.5675659179688,335.4312438964844,3.3125,0.0,4.90625,4.90625,1.78125,0.0625,0.9375,0.8125,1.3125,39.78125,26.90625,3.21875,2.3125,3.875,3.875,0.0,2,2 3
3376,1116.7200927734375,1115.4010009765625,953.158203125,386.14373779296875,3.6875,0.0,5.46875,5.46875,1.90625,0.0,1.09375,0.96875,1.5,45.474998474121094,29.71875,1.0,2.6875,3.78125,3.78125,0.0,1,1 3
3377,952.4712524414062,951.0031127929688,810.1121826171875,331.29376220703125,3.3125,0.0,5.03125,5.03125,1.9375,0.0,1.03125,0.8125,1.25,39.3125,21.59375,1.9375,2.3125,3.6875,3.6875,0.0,1,1 4
3378,1056.3092041015625,1055.1978759765625,902.6038818359375,356.7749938964844,3.53125,0.0,5.1875,5.1875,1.9375,0.03125,1.03125,0.875,1.3125,42.73749923706055,32.125,1.0,2.53125,3.28125,3.28125,0.0,1,1 4
3379,1208.335693359375,1205.8306884765625,1033.932373046875,391.98748779296875,3.875,0.0,5.75,5.75,2.09375,0.03125,1.125,1.0,1.5,47.493751525878906,30.78125,1.0,2.875,3.625,3.625,0.0,3,3 2
3380,877.4921875,876.4284057617188,743.9859008789062,334.95001220703125,3.125,0.0,4.96875,4.96875,1.875,0.0,1.0,0.9375,1.15625,36.5,32.1875,1.6875,2.125,2.65625,2.65625,0.0,3,3 2
3381,973.6087036132812,971.8367919921875,828.7071533203125,344.16876220703125,3.34375,0.0,5.0625,5.0625,1.90625,0.0,1.0,0.9375,1.21875,40.1875,30.3125,1.0,2.34375,2.78125,2.78125,0.0,3,3 2
3382,1048.494384765625,1046.1544189453125,893.2333984375,351.10626220703125,3.53125,0.0,5.34375,5.34375,1.96875,0.03125,1.0625,0.9375,1.34375,42.65625,26.0,1.0,2.53125,2.28125,2.28125,0.0,3,3 4
3383,1020.8154907226562,1018.7312622070312,869.6746215820312,353.42498779296875,3.4375,0.0,5.34375,5.34375,1.96875,0.0,1.0625,0.90625,1.40625,42.41875076293945,23.46875,1.0,2.4375,2.1875,2.1875,0.0,3,3 4
3384,998.8858032226562,996.7156982421875,850.0857543945312,367.07501220703125,3.375,0.0,5.25,5.25,1.84375,0.0,1.0625,0.96875,1.375,41.8125,25.5,1.0,2.375,2.65625,2.65625,0.0,4,4 3
3385,802.810546875,799.9329223632812,677.8458251953125,305.4125061035156,2.96875,0.0,4.5,4.5,1.71875,0.0,0.875,0.78125,1.125,34.04999923706055,36.0,1.0,1.96875,2.34375,2.34375,0.0,3,3 4
3386,856.4453125,853.4202270507812,723.3279418945312,342.39373779296875,3.09375,0.0,4.625,4.625,1.75,0.0,0.9375,0.75,1.1875,36.306251525878906,26.9375,1.0,2.09375,2.78125,2.78125,0.0,3,3 4
3387,899.0972900390625,896.6412353515625,761.3297119140625,350.8687438964844,3.1875,0.0,4.78125,4.78125,1.84375,0.0,0.9375,0.84375,1.15625,37.599998474121094,31.21875,1.0,2.1875,3.09375,3.09375,0.0,3,3 2
3388,857.5075073242188,855.7952880859375,725.7528076171875,339.28125,3.09375,0.0,4.65625,4.65625,1.8125,0.03125,0.8125,0.84375,1.15625,36.20000076293945,34.4375,1.0,2.09375,2.59375,2.59375,0.0,3,3 1
3389,895.119384765625,892.7849731445312,758.704345703125,330.4750061035156,3.15625,0.0,5.0625,5.0625,1.9375,0.03125,0.96875,0.875,1.25,37.46875,30.46875,1.875,2.15625,3.4375,3.4375,0.0,3,3 2
3390,868.2098388671875,863.763671875,733.2801513671875,330.65625,3.125,0.0,4.5625,4.5625,1.75,0.0,0.8125,0.78125,1.21875,35.837501525878906,29.53125,1.65625,2.125,3.75,3.75,0.0,3,3 0
3391,850.1436157226562,846.3106689453125,717.3668212890625,339.01873779296875,3.03125,0.0,5.03125,5.03125,1.875,0.0,1.09375,0.9375,1.125,36.41875076293945,26.75,1.21875,2.03125,3.34375,3.34375,0.0,3,3 2
3392,907.3282470703125,904.6798095703125,768.7838745117188,331.1499938964844,3.21875,0.0,4.84375,4.84375,1.84375,0.0,0.96875,0.84375,1.1875,37.64374923706055,31.90625,1.0,2.21875,5.21875,5.21875,0.0,3,3 0
3393,928.3779296875,927.0877075195312,788.7991943359375,337.78125,3.25,0.0,4.96875,4.96875,1.90625,0.0,1.0,0.9375,1.125,39.025001525878906,27.28125,1.0,2.25,5.28125,5.28125,0.0,2,2 3
3394,904.742919921875,900.51025390625,765.0400390625,347.875,3.1875,0.0,4.84375,4.84375,1.84375,0.0,0.9375,0.90625,1.15625,37.92499923706055,34.71875,1.0,2.1875,6.09375,6.09375,0.0,3,3 2
3395,844.7896118164062,843.7235107421875,715.1609497070312,328.54376220703125,3.0625,0.0,4.75,4.75,1.8125,0.03125,0.96875,0.8125,1.125,36.16875076293945,30.28125,1.0,2.0625,4.5,4.5,0.0,2,2 0
3396,728.6234741210938,726.7574462890625,613.1929321289062,295.26251220703125,2.8125,0.0,4.15625,4.15625,1.5625,0.0,0.875,0.75,0.96875,33.618751525878906,28.84375,1.0,1.8125,3.84375,3.84375,0.0,3,3 1
3397,903.1112060546875,900.158203125,765.7579345703125,349.4624938964844,3.15625,0.0,4.84375,4.84375,1.8125,0.0,1.0,0.84375,1.1875,38.83124923706055,30.6875,1.6875,2.15625,5.125,5.125,0.0,4,4 1
3398,842.9398803710938,841.3890380859375,713.620849609375,328.1499938964844,3.0625,0.0,4.5625,4.5625,1.6875,0.03125,0.90625,0.71875,1.21875,36.03125,30.53125,1.0,2.0625,4.53125,4.53125,0.0,3,3 1
3399,824.7382202148438,821.2576904296875,695.98828125,327.9937438964844,3.0,0.0,4.625,4.625,1.75,0.0,0.96875,0.75,1.15625,35.38750076293945,31.28125,1.0,2.0,5.1875,5.1875,0.0,3,3 2
3400,875.9752807617188,872.7658081054688,740.4368896484375,332.3687438964844,3.125,0.0,4.90625,4.90625,1.75,0.03125,1.09375,0.9375,1.09375,37.974998474121094,32.3125,1.0,2.125,4.8125,4.8125,0.0,3,3 4
3401,861.73779296875,858.162109375,729.7689208984375,327.59375,3.0625,0.0,4.65625,4.65625,1.71875,0.03125,0.90625,0.78125,1.21875,37.57500076293945,25.71875,1.25,2.0625,5.71875,5.71875,0.0,3,3 4
3402,834.4721069335938,831.1052856445312,706.0951538085938,319.2749938964844,3.0,0.0,4.625,4.625,1.8125,0.03125,0.875,0.8125,1.09375,36.368751525878906,35.0625,1.6875,2.0,3.875,3.875,0.0,3,3 2
3403,743.15283203125,741.2507934570312,626.9281616210938,304.86248779296875,2.8125,0.0,4.21875,4.21875,1.71875,0.0,0.71875,0.6875,1.09375,33.775001525878906,32.9375,1.0,1.8125,4.15625,4.15625,0.0,3,3 1
3404,731.1028442382812,730.0379028320312,616.3028564453125,300.01873779296875,2.8125,0.0,4.21875,4.21875,1.71875,0.0,0.6875,0.71875,1.09375,31.856250762939453,35.1875,1.6875,1.8125,4.65625,4.65625,0.0,4,4 3
3405,691.5294189453125,689.8685302734375,581.022705078125,275.67498779296875,2.75,0.0,4.03125,4.03125,1.5625,0.0,0.6875,0.6875,1.09375,30.206249237060547,34.8125,1.0,1.75,3.125,3.125,0.0,4,4 3
3406,800.595703125,798.8919677734375,678.4224853515625,314.1000061035156,2.90625,0.0,4.59375,4.59375,1.71875,0.0,0.96875,0.75,1.15625,35.150001525878906,27.28125,1.28125,1.90625,3.3125,3.3125,0.0,3,3 0
3407,873.4443359375,870.9479370117188,740.0069580078125,334.54998779296875,3.09375,0.0,4.90625,4.90625,1.84375,0.0,1.0,0.875,1.1875,36.95000076293945,25.71875,1.0,2.09375,3.53125,3.53125,0.0,3,3 2
3408,736.8145141601562,733.6258544921875,619.3321533203125,295.40625,2.8125,0.0,4.375,4.375,1.65625,0.0,0.875,0.8125,1.03125,32.76874923706055,34.0,1.0,1.8125,3.34375,3.34375,0.0,3,3 4
3409,828.4204711914062,826.9905395507812,699.2816162109375,338.26873779296875,3.0625,0.0,4.46875,4.46875,1.78125,0.0,0.75,0.8125,1.125,34.974998474121094,34.1875,1.15625,2.0625,4.21875,4.21875,0.0,3,3 4
3410,732.5473022460938,731.2381591796875,616.4844970703125,303.08123779296875,2.84375,0.0,4.125,4.125,1.6875,0.0,0.65625,0.6875,1.09375,31.456249237060547,36.09375,1.125,1.84375,4.09375,4.09375,0.0,3,3 1
3411,827.1751708984375,823.1779174804688,697.0274047851562,330.76251220703125,3.03125,0.0,4.46875,4.46875,1.6875,0.0,0.875,0.8125,1.09375,35.693748474121094,32.625,1.0,2.03125,4.40625,4.40625,0.0,3,3 1
3412,725.085205078125,721.9222412109375,608.8013916015625,300.1875,2.8125,0.0,4.09375,4.09375,1.625,0.0,0.71875,0.6875,1.0625,31.174999237060547,36.09375,1.4375,1.8125,3.75,3.75,0.0,3,3 0
3413,846.8648681640625,842.3134765625,713.9708251953125,332.90625,3.0625,0.0,4.65625,4.65625,1.8125,0.0,0.875,0.84375,1.125,35.818748474121094,33.84375,1.0,2.0625,4.625,4.625,0.0,3,3 2
3414,844.9921264648438,841.2015380859375,711.7837524414062,336.58123779296875,3.09375,0.0,4.5625,4.5625,1.78125,0.0,0.84375,0.8125,1.125,35.5625,36.65625,1.0,2.09375,4.46875,4.46875,0.0,3,3 4
3415,723.6996459960938,720.7352294921875,608.6066284179688,304.1812438964844,2.78125,0.0,4.125,4.125,1.5625,0.0,0.78125,0.75,1.03125,31.149999618530273,33.90625,1.0,1.78125,3.25,3.25,0.0,3,3 4
3416,698.3135986328125,695.5494995117188,587.3040161132812,302.54998779296875,2.6875,0.0,4.09375,4.09375,1.5625,0.0,0.78125,0.6875,1.0625,32.599998474121094,26.375,1.0,1.6875,3.25,3.25,0.0,3,3 4
3417,798.2018432617188,795.0802001953125,673.4918212890625,319.34375,2.9375,0.0,4.53125,4.53125,1.75,0.03125,0.84375,0.8125,1.09375,34.006248474121094,35.84375,1.0,1.9375,4.59375,4.59375,0.0,3,3 1
3418,838.973876953125,837.08056640625,709.8480224609375,324.8125,3.03125,0.0,4.8125,4.8125,1.78125,0.09375,0.9375,0.84375,1.15625,35.71875,29.25,1.0,2.03125,4.21875,4.21875,0.0,3,3 2
3419,901.7522583007812,900.0353393554688,766.7064208984375,338.1187438964844,3.125,0.0,5.0,5.0,1.90625,0.03125,1.03125,0.84375,1.1875,39.849998474121094,26.53125,1.0,2.125,4.5,4.5,0.0,3,3 1
3420,828.958740234375,826.2169189453125,700.0746459960938,314.1312561035156,3.03125,0.0,4.6875,4.6875,1.84375,0.0,0.9375,0.78125,1.125,35.40625,36.03125,1.0,2.03125,5.625,5.625,0.0,3,3 1
3421,880.2566528320312,876.7698364257812,743.8264770507812,327.1937561035156,3.15625,0.0,4.78125,4.78125,1.84375,0.03125,0.90625,0.84375,1.15625,38.3125,28.6875,1.0,2.15625,5.59375,5.59375,0.0,3,3 1
3422,821.1553344726562,818.7749633789062,693.7722778320312,323.3812561035156,3.0,0.0,4.59375,4.59375,1.75,0.0,0.90625,0.8125,1.125,35.881248474121094,27.03125,1.0,2.0,5.3125,5.3125,0.0,3,3 4
3423,868.8270874023438,866.3312377929688,736.186767578125,338.3062438964844,3.09375,0.0,4.625,4.625,1.6875,0.0,0.9375,0.84375,1.15625,37.73125076293945,26.40625,1.0,2.09375,5.3125,5.3125,0.0,3,3 2
3424,970.46630859375,966.5914306640625,824.7733154296875,346.45001220703125,3.3125,0.0,4.90625,4.90625,1.78125,0.0,1.03125,0.84375,1.25,43.03125,25.9375,1.0,2.3125,6.46875,6.46875,0.0,3,3 1
3425,958.9718017578125,957.69287109375,815.1226806640625,369.95001220703125,3.3125,0.0,4.9375,4.9375,1.875,0.0,0.96875,0.8125,1.28125,39.98749923706055,30.1875,1.0,2.3125,7.78125,7.78125,0.0,4,4 1
3426,958.9713134765625,955.5028076171875,813.7149658203125,354.48126220703125,3.3125,0.0,4.9375,4.9375,1.78125,0.0,1.03125,0.78125,1.34375,39.9375,27.21875,3.03125,2.3125,6.625,6.625,0.0,3,3 2
3427,998.224609375,993.7154541015625,847.2822265625,378.8500061035156,3.34375,0.0,5.375,5.375,1.90625,0.03125,1.125,0.96875,1.34375,41.962501525878906,23.0625,1.40625,2.34375,7.46875,7.46875,0.0,3,3 4
3428,935.5316162109375,932.4274291992188,793.9365234375,346.5375061035156,3.25,0.0,4.875,4.875,1.78125,0.0,0.90625,0.875,1.3125,39.79999923706055,20.40625,2.3125,2.25,6.375,6.375,0.0,3,3 4
3429,869.9756469726562,867.5714111328125,737.0040283203125,335.90625,3.09375,0.0,4.78125,4.78125,1.71875,0.03125,0.96875,0.84375,1.21875,37.275001525878906,24.0625,2.1875,2.09375,5.4375,5.4375,0.0,3,3 4
3430,908.5816040039062,905.7442626953125,771.1974487304688,353.8187561035156,3.15625,0.0,4.75,4.75,1.625,0.03125,1.0,0.875,1.21875,40.51874923706055,20.5625,2.15625,2.15625,6.5625,6.5625,0.0,2,2 3
3431,861.9899291992188,858.8740234375,729.4840698242188,344.6499938964844,3.0625,0.0,4.625,4.625,1.65625,0.0,1.0625,0.78125,1.125,39.068748474121094,26.375,1.0,2.0625,6.28125,6.28125,0.0,3,3 1
3432,924.36865234375,922.7911376953125,785.3875122070312,345.04998779296875,3.21875,0.0,4.96875,4.96875,1.8125,0.0625,1.0,0.84375,1.25,39.381248474121094,28.65625,1.0,2.21875,7.96875,7.96875,0.0,3,3 1
3433,881.8120727539062,879.4744262695312,748.7249145507812,334.73126220703125,3.09375,0.0,4.8125,4.8125,1.84375,0.03125,0.9375,0.75,1.25,37.91875076293945,22.875,2.0625,2.09375,7.125,7.125,0.0,4,4 3
3434,969.6351928710938,965.9230346679688,822.3880004882812,349.54998779296875,3.34375,0.0,5.09375,5.09375,1.875,0.03125,1.0625,0.84375,1.28125,40.25,25.5,1.0,2.34375,8.65625,8.65625,0.0,3,3 2
3435,907.9605102539062,904.4205932617188,769.4894409179688,332.95001220703125,3.1875,0.0,4.875,4.875,1.84375,0.0,0.96875,0.84375,1.21875,38.381248474121094,30.0,1.65625,2.1875,6.125,6.125,0.0,3,3 0
3436,797.0133056640625,794.1727294921875,675.022216796875,312.64373779296875,2.875,0.0,4.59375,4.59375,1.78125,0.0,0.90625,0.8125,1.09375,35.51874923706055,25.09375,2.0625,1.875,6.0,6.0,0.0,3,3 2
3437,793.3378295898438,790.7689819335938,670.4849853515625,304.83123779296875,2.9375,0.0,4.40625,4.40625,1.71875,0.0,0.84375,0.78125,1.0625,33.568748474121094,36.90625,1.78125,1.9375,6.53125,6.53125,0.0,3,3 2
3438,912.1041259765625,910.1005859375,772.6475830078125,333.2562561035156,3.25,0.0,4.8125,4.8125,1.78125,0.03125,0.90625,0.90625,1.1875,39.11249923706055,29.90625,1.0,2.25,8.03125,8.03125,0.0,3,3 4
3439,930.1458129882812,924.2275390625,786.194580078125,344.1312561035156,3.25,0.0,4.84375,4.84375,1.78125,0.03125,0.96875,0.84375,1.21875,38.618751525878906,34.96875,1.0,2.25,7.90625,7.90625,0.0,3,3 1
3440,963.984130859375,962.1314697265625,819.6881713867188,350.85626220703125,3.3125,0.0,5.15625,5.15625,1.96875,0.0,1.03125,0.90625,1.25,39.724998474121094,26.5,1.0625,2.3125,9.5,9.5,0.0,4,4 3
3441,811.76416015625,810.526123046875,687.3312377929688,315.16876220703125,2.96875,0.0,4.53125,4.53125,1.6875,0.0,0.9375,0.84375,1.0625,36.79999923706055,31.53125,1.6875,1.96875,7.78125,7.78125,0.0,3,3 1
3442,1031.977783203125,1029.789306640625,877.8575439453125,362.1625061035156,3.5,0.0,5.34375,5.34375,1.875,0.0,1.1875,1.0,1.28125,41.381248474121094,25.84375,1.0,2.5,9.21875,9.21875,0.0,3,3 1
3443,771.5742797851562,768.6292114257812,652.4525146484375,299.5687561035156,2.84375,0.0,4.40625,4.40625,1.6875,0.0,0.90625,0.71875,1.09375,34.087501525878906,27.21875,1.6875,1.84375,6.4375,6.4375,0.0,3,3 4
3444,974.240478515625,971.603515625,826.44970703125,348.42498779296875,3.375,0.0,5.1875,5.1875,1.84375,0.03125,1.09375,0.9375,1.28125,40.181251525878906,30.96875,1.0,2.375,8.0625,8.0625,0.0,3,3 0
3445,924.8671875,921.1023559570312,783.6467895507812,330.35626220703125,3.25,0.0,4.84375,4.84375,1.84375,0.03125,0.9375,0.75,1.28125,39.23749923706055,30.5,1.0,2.25,6.125,6.125,0.0,3,3 4
3446,996.7205810546875,995.1653442382812,846.2584838867188,349.90625,3.4375,0.0,5.40625,5.40625,2.03125,0.0,1.1875,0.90625,1.28125,41.17499923706055,28.59375,1.0,2.4375,5.1875,5.1875,0.0,3,3 4
3447,911.006591796875,908.8987426757812,772.2793579101562,331.73126220703125,3.21875,0.0,4.9375,4.9375,1.8125,0.03125,1.0625,0.84375,1.1875,39.41875076293945,27.53125,1.0,2.21875,5.15625,5.15625,0.0,3,3 4
3448,943.072265625,939.9832153320312,799.4786376953125,336.1812438964844,3.3125,0.0,4.84375,4.84375,1.84375,0.0,0.90625,0.90625,1.1875,39.974998474121094,29.0625,1.0,2.3125,5.125,5.125,0.0,3,3 1
3449,804.8735961914062,802.0526733398438,681.1573486328125,307.42498779296875,2.9375,0.0,4.46875,4.46875,1.625,0.0,0.875,0.8125,1.15625,34.85625076293945,33.53125,1.6875,1.9375,5.15625,5.15625,0.0,3,3 4
3450,909.9197387695312,907.0106201171875,770.5382080078125,347.7749938964844,3.21875,0.0,4.75,4.75,1.75,0.0625,0.9375,0.75,1.25,38.3125,35.40625,1.0,2.21875,6.34375,6.34375,0.0,3,3 4
3451,745.2928466796875,742.0592651367188,625.9602661132812,322.1187438964844,2.8125,0.0,4.53125,4.53125,1.6875,0.0,0.96875,0.8125,1.0625,31.90625,31.34375,1.0,1.8125,5.09375,5.09375,0.0,3,3 4
3452,689.4373779296875,685.43115234375,577.9841918945312,287.3687438964844,2.71875,0.0,3.875,3.875,1.5,0.0,0.71875,0.5625,1.09375,29.950000762939453,39.1875,1.28125,1.71875,3.84375,3.84375,0.0,3,3 4
3453,803.9771728515625,801.0031127929688,678.3967895507812,335.3187561035156,2.9375,0.0,4.5,4.5,1.625,0.0,0.90625,0.78125,1.1875,35.91875076293945,30.75,1.0,1.9375,5.625,5.625,0.0,3,3 2
3454,751.04052734375,746.15771484375,630.3225708007812,313.9937438964844,2.84375,0.0,4.21875,4.21875,1.59375,0.0,0.84375,0.59375,1.1875,32.349998474121094,28.9375,1.6875,1.84375,6.0,6.0,0.0,3,3 2
3455,650.8934326171875,647.1805419921875,544.8048706054688,281.58123779296875,2.625,0.0,3.71875,3.71875,1.40625,0.0,0.6875,0.53125,1.09375,28.731250762939453,37.34375,1.0,1.625,4.3125,4.3125,0.0,3,3 1
3456,693.9454956054688,690.677490234375,583.0216064453125,301.85626220703125,2.6875,0.0,4.03125,4.03125,1.5625,0.0,0.8125,0.59375,1.0625,30.90625,35.15625,1.09375,1.6875,5.0,5.0,0.0,3,3 0
3457,788.8853759765625,786.8128051757812,664.4644165039062,342.3374938964844,2.9375,0.0,4.4375,4.4375,1.6875,0.0,0.84375,0.8125,1.09375,33.92499923706055,31.1875,1.0625,1.9375,5.65625,5.65625,0.0,3,3 1
3458,763.868408203125,762.1344604492188,644.3833618164062,321.0874938964844,2.875,0.0,4.25,4.25,1.625,0.0,0.75,0.6875,1.1875,33.037498474121094,32.21875,1.6875,1.875,4.96875,4.96875,0.0,3,3 2
3459,628.0384521484375,626.464599609375,525.2101440429688,292.5062561035156,2.59375,0.0,3.5625,3.5625,1.40625,0.0,0.53125,0.53125,1.09375,30.231250762939453,36.96875,1.0,1.59375,3.90625,3.90625,0.0,3,3 0
3460,763.0123291015625,761.0921630859375,642.4153442382812,329.8062438964844,2.875,0.0,4.34375,4.34375,1.65625,0.0,0.84375,0.75,1.09375,33.67499923706055,34.8125,1.90625,1.875,5.03125,5.03125,0.0,3,3 0
3461,724.1708984375,722.5226440429688,608.3526611328125,314.29998779296875,2.8125,0.0,4.1875,4.1875,1.6875,0.0,0.6875,0.71875,1.09375,31.0,37.25,1.0,1.8125,4.875,4.875,0.0,3,3 1
3462,726.1137084960938,724.1689453125,610.2916259765625,304.1499938964844,2.8125,0.0,4.1875,4.1875,1.65625,0.03125,0.75,0.65625,1.09375,32.193748474121094,36.625,1.0,1.8125,4.5,4.5,0.0,3,3 2
3463,743.446044921875,742.9860229492188,626.7708740234375,315.51251220703125,2.84375,0.0,4.28125,4.28125,1.59375,0.0,0.84375,0.71875,1.125,32.650001525878906,29.1875,1.75,1.84375,5.1875,5.1875,0.0,1,1 2
3464,693.2583618164062,690.8910522460938,583.19482421875,304.3999938964844,2.6875,0.0,3.96875,3.96875,1.59375,0.0,0.71875,0.5625,1.09375,31.8125,34.71875,1.59375,1.6875,5.5,5.5,0.0,3,3 4
3465,741.5728149414062,736.7266845703125,622.7164916992188,319.29998779296875,2.78125,0.0,4.3125,4.3125,1.65625,0.0,0.8125,0.71875,1.125,33.23749923706055,30.125,1.375,1.78125,5.09375,5.09375,0.0,3,3 4
3466,771.2849731445312,766.0545043945312,647.3555908203125,327.5249938964844,2.875,0.0,4.34375,4.34375,1.65625,0.0,0.875,0.6875,1.125,34.431251525878906,30.1875,1.0,1.875,3.65625,3.65625,0.0,3,3 1
3467,781.3767700195312,780.0894165039062,660.2890014648438,347.1937561035156,2.875,0.0,4.34375,4.34375,1.625,0.0,0.9375,0.625,1.15625,35.087501525878906,30.0625,1.0,1.875,4.0,4.0,0.0,3,3 0
3468,825.75537109375,823.2342529296875,696.4873046875,359.1625061035156,3.0,0.0,4.625,4.625,1.71875,0.0,0.9375,0.75,1.21875,34.9375,31.125,1.03125,2.0,4.34375,4.34375,0.0,3,3 1
3469,737.3494262695312,735.2289428710938,621.4401245117188,331.95623779296875,2.75,0.0,4.40625,4.40625,1.71875,0.0,0.84375,0.78125,1.0625,33.70000076293945,31.0,1.15625,1.75,4.21875,4.21875,0.0,3,3 2
3470,765.6197509765625,764.41015625,645.1080322265625,325.5249938964844,2.90625,0.0,4.21875,4.21875,1.71875,0.0,0.6875,0.6875,1.125,33.82500076293945,38.5625,1.0,1.90625,4.8125,4.8125,0.0,3,3 1
3471,817.2078857421875,815.4432373046875,689.9725952148438,337.8500061035156,3.0,0.0,4.5625,4.5625,1.71875,0.0,0.90625,0.78125,1.15625,35.15625,34.1875,1.0,2.0,4.1875,4.1875,0.0,3,3 2
3472,810.5755004882812,807.8624877929688,684.3545532226562,325.5874938964844,2.96875,0.0,4.59375,4.59375,1.75,0.0,0.90625,0.8125,1.125,34.256248474121094,34.875,1.0,1.96875,4.15625,4.15625,0.0,2,2 4
3473,821.709228515625,819.0239868164062,693.1138916015625,343.4437561035156,3.0,0.0,4.5625,4.5625,1.78125,0.0,0.8125,0.8125,1.15625,36.04375076293945,33.875,1.0,2.0,4.03125,4.03125,0.0,3,3 4
3474,816.2528686523438,814.2756958007812,691.39453125,325.34375,2.9375,0.0,4.6875,4.6875,1.75,0.0,0.96875,0.875,1.09375,36.04999923706055,29.4375,1.0,1.9375,4.46875,4.46875,0.0,0,0 1
3475,828.0059814453125,826.1183471679688,700.4625854492188,335.8812561035156,3.0,0.0,4.59375,4.59375,1.75,0.03125,0.90625,0.8125,1.09375,36.037498474121094,29.0,1.0,2.0,4.78125,4.78125,0.0,3,3 4
3476,857.6701049804688,856.4298706054688,726.9728393554688,342.98748779296875,3.0625,0.0,4.78125,4.78125,1.78125,0.03125,1.0625,0.8125,1.09375,36.431251525878906,27.03125,1.0,2.0625,4.90625,4.90625,0.0,3,3 2
3477,771.8192749023438,770.742431640625,652.8651123046875,301.0249938964844,2.875,0.0,4.5,4.5,1.71875,0.0,0.9375,0.6875,1.15625,33.756248474121094,33.96875,1.0,1.875,4.34375,4.34375,0.0,4,4 2
3478,918.3994140625,915.9894409179688,779.670654296875,356.42498779296875,3.1875,0.0,4.90625,4.90625,1.875,0.0,1.03125,0.75,1.25,38.875,30.6875,1.0,2.1875,4.1875,4.1875,0.0,3,3 1
3479,895.10986328125,891.1080932617188,757.5518798828125,348.9937438964844,3.125,0.0,4.9375,4.9375,1.8125,0.0,1.0625,0.875,1.1875,39.48125076293945,27.875,1.0,2.125,5.1875,5.1875,0.0,3,3 0
3480,738.3212280273438,736.39306640625,624.2100830078125,288.5874938964844,2.78125,0.0,4.25,4.25,1.53125,0.0,1.0,0.625,1.09375,33.006248474121094,31.375,1.0,1.78125,4.21875,4.21875,0.0,3,3 4
3481,891.8131103515625,889.3152465820312,757.5824584960938,345.4125061035156,3.09375,0.0,4.90625,4.90625,1.8125,0.03125,1.0,0.8125,1.25,38.33124923706055,25.6875,1.0,2.09375,5.34375,5.34375,0.0,0,0 2
3482,864.62109375,862.6033325195312,734.0360107421875,331.60626220703125,3.03125,0.0,4.96875,4.96875,1.84375,0.03125,1.125,0.8125,1.15625,37.775001525878906,26.78125,1.0,2.03125,4.96875,4.96875,0.0,3,3 1
3483,968.4483642578125,965.1318359375,823.8615112304688,345.625,3.28125,0.0,5.28125,5.28125,1.9375,0.0625,1.15625,0.84375,1.28125,39.17499923706055,27.8125,1.0,2.28125,5.96875,5.96875,0.0,2,2 3
3484,868.8491821289062,867.2501220703125,738.5919189453125,313.13751220703125,3.0625,0.0,4.96875,4.96875,1.8125,0.03125,1.15625,0.8125,1.15625,36.118751525878906,25.40625,1.0,2.0625,5.125,5.125,0.0,3,3 2
3485,945.1881713867188,944.1927490234375,804.7796630859375,344.875,3.25,0.0,5.0625,5.0625,1.96875,0.0,1.0625,0.90625,1.125,41.21875,31.0,1.0,2.25,7.09375,7.09375,0.0,1,1 3
3486,865.6467895507812,865.0353393554688,735.8519287109375,323.89373779296875,3.0625,0.0,4.90625,4.90625,1.8125,0.03125,1.03125,0.84375,1.1875,37.4375,29.6875,1.0,2.0625,5.15625,5.15625,0.0,3,3 2
3487,932.6806030273438,931.15087890625,791.9869384765625,345.9437561035156,3.25,0.0,5.0625,5.0625,1.96875,0.0,1.03125,0.875,1.1875,39.537498474121094,31.25,1.0,2.25,6.5,6.5,0.0,3,3 2
3488,925.5567626953125,923.5098876953125,787.0012817382812,344.26251220703125,3.21875,0.0,4.8125,4.8125,1.84375,0.03125,1.03125,0.78125,1.125,38.099998474121094,30.25,1.0,2.21875,6.75,6.75,0.0,3,3 4
3489,904.7083740234375,903.1217651367188,769.0613403320312,345.59375,3.15625,0.0,4.8125,4.8125,1.8125,0.0,1.03125,0.71875,1.25,38.712501525878906,28.375,1.65625,2.15625,4.6875,4.6875,0.0,3,3 2
3490,823.5086059570312,821.1345825195312,697.7523193359375,322.9312438964844,2.9375,0.0,4.84375,4.84375,1.84375,0.0,0.96875,0.90625,1.125,36.03125,30.65625,2.28125,1.9375,6.09375,6.09375,0.0,3,3 2
3491,765.7972412109375,763.4375610351562,646.090087890625,315.14373779296875,2.84375,0.0,4.53125,4.53125,1.71875,0.03125,1.0,0.75,1.03125,33.48749923706055,28.03125,1.0,1.84375,5.03125,5.03125,0.0,3,3 1
3492,756.4434204101562,753.1671752929688,637.0613403320312,304.95001220703125,2.84375,0.0,4.375,4.375,1.6875,0.0,0.96875,0.6875,1.03125,32.89374923706055,33.03125,1.0,1.84375,4.8125,4.8125,0.0,3,3 4
3493,747.0706787109375,745.2055053710938,631.8095092773438,309.01873779296875,2.78125,0.0,4.28125,4.28125,1.5625,0.0,0.96875,0.65625,1.09375,33.375,30.75,1.625,1.78125,4.375,4.375,0.0,3,3 0
3494,743.474853515625,740.7574462890625,626.9072265625,288.7875061035156,2.8125,0.0,4.375,4.375,1.59375,0.0,1.0625,0.65625,1.0625,32.14374923706055,33.75,1.0,1.8125,4.25,4.25,0.0,3,3 0
3495,776.7964477539062,774.1766357421875,657.0986938476562,307.39373779296875,2.84375,0.0,4.5,4.5,1.65625,0.0,1.03125,0.6875,1.125,34.837501525878906,26.96875,1.0,1.84375,3.46875,3.46875,0.0,3,3 4
3496,865.4189453125,862.9006958007812,734.1913452148438,323.35626220703125,3.0625,0.0,4.75,4.75,1.6875,0.0,1.03125,0.8125,1.21875,38.42499923706055,26.75,1.0,2.0625,4.96875,4.96875,0.0,3,3 2
3497,946.3513793945312,944.0035400390625,804.4589233398438,325.5249938964844,3.28125,0.0,5.125,5.125,1.96875,0.03125,1.03125,0.9375,1.15625,38.64374923706055,35.0625,1.0,2.28125,5.0,5.0,0.0,3,3 4
3498,871.9100952148438,869.4869384765625,739.41943359375,317.0562438964844,3.09375,0.0,4.90625,4.90625,1.875,0.0,1.0625,0.84375,1.125,36.95624923706055,29.0,1.0,2.09375,5.59375,5.59375,0.0,3,3 1
3499,891.9578247070312,889.4962158203125,756.6243286132812,321.1187438964844,3.15625,0.0,4.90625,4.90625,1.9375,0.0,1.0,0.84375,1.125,36.82500076293945,30.40625,1.0,2.15625,5.21875,5.21875,0.0,3,3 2
3500,978.4580078125,976.2535400390625,834.0763549804688,330.04998779296875,3.34375,0.0,5.0,5.0,1.90625,0.03125,1.0625,0.84375,1.15625,40.20624923706055,31.125,1.0,2.34375,5.96875,5.96875,0.0,3,3 1
3501,865.794189453125,862.6520385742188,734.2008056640625,322.625,3.0625,0.0,4.78125,4.78125,1.6875,0.03125,1.0625,0.8125,1.1875,36.5,31.8125,1.0,2.0625,6.40625,6.40625,0.0,3,3 1
3502,1000.4840087890625,998.4482421875,851.0275268554688,343.48126220703125,3.40625,0.0,5.46875,5.46875,2.03125,0.03125,1.1875,0.96875,1.25,40.60625076293945,27.84375,1.0,2.40625,6.90625,6.90625,0.0,3,3 4
3503,1006.930419921875,1005.6886596679688,859.330078125,332.78125,3.40625,0.0,5.34375,5.34375,1.9375,0.03125,1.15625,0.90625,1.3125,40.45624923706055,28.84375,1.0,2.40625,6.625,6.625,0.0,3,3 2
3504,982.6109008789062,979.04345703125,836.8165893554688,333.3812561035156,3.3125,0.0,5.25,5.25,1.875,0.0625,1.15625,0.875,1.28125,41.29375076293945,23.53125,1.0,2.3125,6.0,6.0,0.0,3,3 4
3505,986.9686889648438,985.7009887695312,839.7952270507812,334.3062438964844,3.40625,0.0,5.21875,5.21875,1.9375,0.0,1.0625,0.9375,1.28125,40.29375076293945,30.40625,1.0,2.40625,6.3125,6.3125,0.0,2,2 3
3506,969.920654296875,967.3143310546875,824.57763671875,349.1625061035156,3.3125,0.0,5.1875,5.1875,1.9375,0.0625,1.09375,0.84375,1.25,41.131248474121094,22.78125,1.0,2.3125,6.5625,6.5625,0.0,2,2 3
3507,1016.8386840820312,1015.3763427734375,866.3009033203125,380.90625,3.40625,0.0,5.34375,5.34375,2.03125,0.03125,1.125,0.84375,1.3125,42.181251525878906,27.125,1.0,2.40625,5.4375,5.4375,0.0,0,0 3
3508,998.2693481445312,995.6428833007812,848.0792236328125,350.875,3.4375,0.0,5.125,5.125,1.96875,0.0625,0.96875,0.8125,1.3125,39.693748474121094,31.0,1.0,2.4375,4.21875,4.21875,0.0,4,4 3
3509,967.86181640625,965.7273559570312,823.0012817382812,352.48126220703125,3.3125,0.0,5.1875,5.1875,1.875,0.03125,1.09375,0.875,1.3125,40.150001525878906,24.8125,1.0,2.3125,4.5,4.5,0.0,3,3 2
3510,981.6759033203125,979.0813598632812,834.8214721679688,336.66876220703125,3.375,0.0,5.125,5.125,1.96875,0.0,1.09375,0.9375,1.125,39.868751525878906,30.4375,1.0,2.375,3.46875,3.46875,0.0,3,3 1
3511,989.8702392578125,988.6387939453125,843.6240234375,348.1875,3.375,0.0,5.15625,5.15625,1.9375,0.03125,1.125,0.875,1.1875,40.16875076293945,27.71875,1.0,2.375,4.375,4.375,0.0,2,2 3
3512,916.6932373046875,915.58642578125,779.5436401367188,332.6499938964844,3.21875,0.0,4.8125,4.8125,1.75,0.0,1.03125,0.875,1.15625,38.73749923706055,31.25,1.0,2.21875,3.9375,3.9375,0.0,3,3 4
3513,1001.783447265625,998.2145385742188,851.5013427734375,355.23126220703125,3.40625,0.0,5.15625,5.15625,1.875,0.0625,1.0625,0.875,1.28125,40.35625076293945,31.84375,1.0,2.40625,5.0625,5.0625,0.0,3,3 0
3514,941.2332153320312,940.1047973632812,802.4398803710938,344.375,3.21875,0.0,5.03125,5.03125,1.84375,0.03125,1.09375,0.75,1.3125,39.631248474121094,29.5625,1.0,2.21875,4.53125,4.53125,0.0,3,3 0
3515,921.0826416015625,918.3624877929688,780.1958618164062,355.0687561035156,3.25,0.0,4.78125,4.78125,1.875,0.0,0.78125,0.9375,1.1875,37.712501525878906,34.78125,1.0,2.25,5.125,5.125,0.0,3,3 4
3516,955.5995483398438,952.4178466796875,810.5494995117188,353.95001220703125,3.3125,0.0,5.0,5.0,1.84375,0.03125,1.0,0.9375,1.1875,39.14374923706055,35.59375,1.0,2.3125,6.0625,6.0625,0.0,3,3 4
3517,910.5962524414062,909.3053588867188,775.0371704101562,337.39373779296875,3.1875,0.0,4.65625,4.65625,1.71875,0.0625,0.875,0.8125,1.1875,38.32500076293945,30.125,1.0,2.1875,5.59375,5.59375,0.0,4,4 3
3518,983.9083251953125,981.9124755859375,837.2802734375,355.58123779296875,3.375,0.0,4.96875,4.96875,1.875,0.0,0.90625,0.9375,1.25,40.15625,31.65625,1.0,2.375,6.84375,6.84375,0.0,3,3 4
3519,851.1800537109375,848.4783325195312,721.9140625,314.95001220703125,3.0625,0.0,4.4375,4.4375,1.65625,0.03125,0.875,0.71875,1.15625,35.787498474121094,30.78125,1.0,2.0625,5.6875,5.6875,0.0,4,4 3
3520,746.202880859375,743.5330810546875,628.9764404296875,316.4125061035156,2.8125,0.0,4.125,4.125,1.5625,0.0,0.78125,0.65625,1.125,33.95000076293945,32.34375,1.0,1.8125,4.40625,4.40625,0.0,3,3 2
3521,871.740234375,867.8634643554688,739.4210205078125,314.0874938964844,3.09375,0.0,4.5,4.5,1.6875,0.03125,0.84375,0.75,1.1875,37.78125,36.71875,1.0,2.09375,3.34375,3.34375,0.0,3,3 2
3522,863.0293579101562,860.1638793945312,731.3334350585938,317.58123779296875,3.09375,0.0,4.65625,4.65625,1.6875,0.0,1.03125,0.78125,1.15625,35.493751525878906,35.09375,1.0,2.09375,3.90625,3.90625,0.0,3,3 2
3523,860.1802978515625,857.2239990234375,729.890380859375,308.85626220703125,3.0625,0.0,4.65625,4.65625,1.6875,0.0,1.0,0.8125,1.15625,36.89374923706055,31.53125,1.0,2.0625,4.65625,4.65625,0.0,3,3 2
3524,993.163330078125,989.0774536132812,843.21630859375,363.5874938964844,3.375,0.0,5.125,5.125,1.90625,0.0,1.03125,0.9375,1.25,41.287498474121094,24.75,1.0,2.375,5.8125,5.8125,0.0,3,3 0
3525,977.7614135742188,976.8605346679688,831.8349609375,357.8125,3.375,0.0,5.09375,5.09375,1.9375,0.0,1.03125,0.90625,1.21875,38.943748474121094,27.25,1.0,2.375,7.15625,7.15625,0.0,1,1 0
3526,1034.793212890625,1032.4010009765625,883.0130004882812,365.73126220703125,3.4375,0.0,5.25,5.25,1.9375,0.0,1.09375,0.84375,1.375,42.92499923706055,27.8125,1.0,2.4375,6.75,6.75,0.0,3,3 2
3527,826.2127685546875,823.0484619140625,696.8917236328125,325.2749938964844,3.03125,0.0,4.59375,4.59375,1.75,0.0,0.78125,0.9375,1.125,34.474998474121094,32.1875,1.0,2.03125,4.96875,4.96875,0.0,3,3 0
3528,740.8215942382812,737.9234619140625,623.2283325195312,309.6937561035156,2.8125,0.0,4.3125,4.3125,1.75,0.03125,0.6875,0.84375,1.0,32.41875076293945,35.28125,1.0,1.8125,4.96875,4.96875,0.0,3,3 2
3529,813.975830078125,811.0979614257812,686.99951171875,327.7749938964844,3.0,0.0,4.3125,4.3125,1.75,0.0,0.6875,0.78125,1.09375,35.88750076293945,32.0625,1.0,2.0,4.90625,4.90625,0.0,3,3 1
3530,894.247802734375,891.1725463867188,755.3942260742188,357.5687561035156,3.1875,0.0,4.84375,4.84375,1.875,0.0625,0.8125,0.96875,1.125,36.943748474121094,29.78125,1.0,2.1875,5.4375,5.4375,0.0,3,3 2
3531,890.9840698242188,887.8953247070312,754.3211059570312,336.4624938964844,3.1875,0.0,4.53125,4.53125,1.84375,0.0,0.6875,0.75,1.25,37.506248474121094,34.625,1.0,2.1875,5.0,5.0,0.0,3,3 2
3532,840.549560546875,836.9664916992188,710.3079223632812,320.51873779296875,3.03125,0.0,4.71875,4.71875,1.84375,0.0625,0.84375,0.875,1.09375,35.806251525878906,37.375,1.0,2.03125,4.0625,4.0625,0.0,3,3 2
3533,823.3362426757812,818.5994873046875,693.595703125,330.29376220703125,3.0,0.0,4.53125,4.53125,1.8125,0.03125,0.71875,0.84375,1.125,35.35625076293945,33.15625,1.0,2.0,4.40625,4.40625,0.0,3,3 4
3534,871.3616333007812,868.4241333007812,737.2006225585938,337.6312561035156,3.09375,0.0,4.9375,4.9375,1.875,0.0,0.96875,0.96875,1.125,36.96875,30.4375,1.0,2.09375,4.9375,4.9375,0.0,3,3 4
3535,932.8115234375,931.0855712890625,792.9266357421875,362.1625061035156,3.21875,0.0,4.9375,4.9375,1.84375,0.0,0.96875,0.875,1.25,39.51874923706055,28.25,1.0,2.21875,6.15625,6.15625,0.0,3,3 4
3536,780.9125366210938,776.6062622070312,656.9852294921875,324.04998779296875,2.875,0.0,4.65625,4.65625,1.78125,0.0,0.90625,0.9375,1.03125,33.57500076293945,31.71875,1.0,1.875,3.90625,3.90625,0.0,3,3 4
3537,873.7218017578125,870.8893432617188,738.73583984375,341.3999938964844,3.125,0.0,4.8125,4.8125,1.84375,0.0,0.9375,0.875,1.15625,36.57500076293945,33.59375,1.0,2.125,5.78125,5.78125,0.0,3,3 1
3538,783.8821411132812,780.4811401367188,659.698486328125,317.25,2.90625,0.0,4.6875,4.6875,1.8125,0.03125,0.9375,0.875,1.03125,33.931251525878906,37.21875,1.0,1.90625,5.71875,5.71875,0.0,3,3 1
3539,858.0250854492188,852.7468872070312,722.110595703125,351.57501220703125,3.0625,0.0,4.9375,4.9375,1.90625,0.03125,0.96875,0.96875,1.0625,37.125,35.0,1.0,2.0625,5.21875,5.21875,0.0,3,3 4
3540,939.778076171875,936.63525390625,795.257080078125,367.6000061035156,3.28125,0.0,5.0625,5.0625,1.875,0.0,1.09375,0.96875,1.125,38.53125,34.5,1.0,2.28125,6.34375,6.34375,0.0,3,3 0
3541,962.2711791992188,956.7913818359375,812.766845703125,360.98126220703125,3.34375,0.0,5.125,5.125,2.0,0.0,0.96875,0.96875,1.1875,39.099998474121094,32.65625,1.0,2.34375,5.71875,5.71875,0.0,3,3 2
3542,924.4937744140625,922.4230346679688,783.0051879882812,367.88751220703125,3.25,0.0,4.90625,4.90625,1.84375,0.0,1.0,0.875,1.1875,38.32500076293945,34.0625,1.0,2.25,6.625,6.625,0.0,2,2 3
3543,846.2418823242188,841.9845581054688,712.6981201171875,355.7875061035156,3.0625,0.0,4.625,4.625,1.75,0.0,0.96875,0.875,1.03125,35.400001525878906,30.96875,1.0,2.0625,5.46875,5.46875,0.0,3,3 4
3544,851.8741455078125,849.5784912109375,720.7098388671875,358.2124938964844,3.03125,0.0,4.75,4.75,1.75,0.0,0.96875,0.84375,1.1875,36.91875076293945,31.4375,1.0,2.03125,5.09375,5.09375,0.0,3,3 0
3545,797.1035766601562,793.1083984375,672.5501708984375,346.60626220703125,2.875,0.0,4.53125,4.53125,1.6875,0.0,0.90625,0.8125,1.125,35.29375076293945,28.4375,1.375,1.875,5.09375,5.09375,0.0,3,3 2
3546,897.249267578125,894.0498046875,758.840576171875,372.53125,3.15625,0.0,4.78125,4.78125,1.84375,0.0,1.0625,0.75,1.125,38.306251525878906,32.28125,1.0,2.15625,5.78125,5.78125,0.0,3,3 2
3547,836.92236328125,833.0485229492188,705.6602783203125,364.96875,3.0,0.0,4.65625,4.65625,1.75,0.09375,0.96875,0.78125,1.0625,36.193748474121094,26.625,1.0,2.0,5.3125,5.3125,0.0,3,3 0
3548,943.0142822265625,941.2686767578125,801.4213256835938,368.8500061035156,3.25,0.0,4.90625,4.90625,1.78125,0.0,1.03125,0.875,1.21875,40.443748474121094,27.0625,1.65625,2.25,6.25,6.25,0.0,3,3 1
3549,941.2714233398438,938.5740966796875,798.9444580078125,391.66876220703125,3.21875,0.0,4.90625,4.90625,1.75,0.03125,1.03125,0.9375,1.15625,40.1875,25.5,1.0,2.21875,5.59375,5.59375,0.0,3,3 4
3550,980.5228271484375,976.5277099609375,833.0969848632812,379.9125061035156,3.3125,0.0,4.96875,4.96875,1.71875,0.0625,1.03125,0.84375,1.3125,41.306251525878906,22.40625,2.21875,2.3125,6.375,6.375,0.0,3,3 1
3551,770.4622192382812,768.0843505859375,649.9091186523438,334.70001220703125,2.84375,0.0,4.4375,4.4375,1.625,0.0,0.9375,0.78125,1.09375,34.73749923706055,30.4375,1.0,1.84375,5.875,5.875,0.0,3,3 1
3552,955.3799438476562,952.8718872070312,810.7759399414062,405.04376220703125,3.25,0.0,4.9375,4.9375,1.84375,0.0,1.03125,0.875,1.1875,42.1875,23.28125,1.0,2.25,7.96875,7.96875,0.0,3,3 1
3553,983.8681640625,981.9112548828125,835.7406005859375,392.67498779296875,3.375,0.0,4.9375,4.9375,1.84375,0.0,1.125,0.84375,1.125,39.09375,30.1875,1.0,2.375,6.28125,6.28125,0.0,3,3 4
3554,757.574951171875,753.1475219726562,638.8974609375,324.73126220703125,2.78125,0.0,4.25,4.25,1.59375,0.0,0.9375,0.6875,1.03125,34.45000076293945,24.46875,1.0,1.78125,5.4375,5.4375,0.0,3,3 2
3555,1038.0960693359375,1034.9454345703125,882.7861328125,413.95623779296875,3.4375,0.0,5.25,5.25,1.9375,0.0625,1.09375,0.875,1.28125,44.92499923706055,28.21875,1.0,2.4375,7.1875,7.1875,0.0,3,3 2
3556,938.8858642578125,936.5927734375,797.0613403320312,388.0375061035156,3.21875,0.0,4.90625,4.90625,1.75,0.0,1.125,0.8125,1.21875,40.650001525878906,20.15625,1.0,2.21875,5.28125,5.28125,0.0,2,2 3
3557,846.8740844726562,843.98583984375,717.1887817382812,349.59375,3.0,0.0,4.59375,4.59375,1.71875,0.0,1.0,0.78125,1.09375,38.568748474121094,25.4375,1.0,2.0,4.90625,4.90625,0.0,3,3 4
3558,864.2178955078125,860.2439575195312,731.8265380859375,361.2437438964844,3.03125,0.0,4.5625,4.5625,1.6875,0.0625,1.0625,0.6875,1.0625,37.73749923706055,22.84375,1.0,2.03125,5.78125,5.78125,0.0,3,3 2
3559,1085.459716796875,1082.3443603515625,924.4754028320312,404.6812438964844,3.5625,0.0,5.46875,5.46875,1.96875,0.0625,1.3125,0.8125,1.3125,45.193748474121094,20.28125,1.0,2.5625,7.15625,7.15625,0.0,3,3 0
3560,1087.533935546875,1084.275146484375,926.29638671875,380.61248779296875,3.625,0.0,5.1875,5.1875,1.84375,0.0,1.125,0.875,1.34375,44.15625,23.625,1.0,2.625,6.0,6.0,0.0,3,3 2
3561,1027.574462890625,1025.969970703125,876.7194213867188,367.1937561035156,3.4375,0.0,5.15625,5.15625,1.90625,0.0625,1.1875,0.84375,1.15625,43.837501525878906,17.9375,1.0,2.4375,5.09375,5.09375,0.0,2,2 3
3562,970.8609008789062,966.7228393554688,827.529296875,358.0625,3.28125,0.0,4.53125,4.53125,1.65625,0.0,1.03125,0.6875,1.15625,40.849998474121094,18.28125,1.1875,2.28125,5.09375,5.09375,0.0,3,3 1
3563,1003.418212890625,1000.9937744140625,852.6983642578125,388.1000061035156,3.40625,0.0,5.03125,5.03125,1.875,0.0,1.125,0.875,1.15625,42.79375076293945,26.46875,1.0,2.40625,5.375,5.375,0.0,3,3 4
3564,1026.7784423828125,1025.1236572265625,876.7560424804688,399.1812438964844,3.375,0.0,5.125,5.125,1.875,0.03125,1.03125,0.84375,1.34375,45.32500076293945,19.28125,1.65625,2.375,5.59375,5.59375,0.0,3,3 4
3565,895.7982788085938,894.0364990234375,761.6900634765625,358.4437561035156,3.125,0.0,4.53125,4.53125,1.65625,0.03125,1.0625,0.71875,1.0625,39.162498474121094,26.5625,1.0,2.125,5.0625,5.0625,0.0,2,2 3
3566,1031.86279296875,1028.1114501953125,877.7257080078125,396.13751220703125,3.4375,0.0,5.09375,5.09375,1.8125,0.03125,1.0,0.875,1.375,43.493751525878906,26.625,1.6875,2.4375,5.78125,5.78125,0.0,3,3 2
3567,777.5888061523438,775.3781127929688,654.9411010742188,353.01251220703125,2.875,0.0,4.40625,4.40625,1.65625,0.0,0.9375,0.71875,1.09375,35.618751525878906,27.71875,1.0,1.875,4.6875,4.6875,0.0,3,3 2
3568,894.1732788085938,889.5093994140625,754.8143310546875,388.9937438964844,3.125,0.0,4.78125,4.78125,1.78125,0.0625,0.9375,0.875,1.125,38.16875076293945,29.6875,1.0,2.125,5.625,5.625,0.0,3,3 1
3569,953.8192749023438,950.2548828125,810.1780395507812,391.0687561035156,3.21875,0.0,4.9375,4.9375,1.71875,0.0625,1.0625,0.90625,1.1875,42.14374923706055,21.84375,1.1875,2.21875,5.3125,5.3125,0.0,3,3 2
3570,940.8980102539062,938.1265869140625,797.9191284179688,400.95001220703125,3.21875,0.0,4.90625,4.90625,1.84375,0.0,1.03125,0.84375,1.1875,40.818748474121094,29.125,1.0,2.21875,6.8125,6.8125,0.0,3,3 1
3571,987.7642211914062,986.3782958984375,841.1296997070312,392.2124938964844,3.34375,0.0,4.84375,4.84375,1.84375,0.0,0.96875,0.875,1.15625,43.474998474121094,25.65625,1.0,2.34375,5.25,5.25,0.0,2,2 3
3572,947.8956298828125,944.2791748046875,803.0677490234375,378.8687438964844,3.28125,0.0,4.78125,4.78125,1.875,0.0,0.90625,0.9375,1.0625,40.724998474121094,29.53125,1.0,2.28125,5.21875,5.21875,0.0,3,3 2
3573,946.5294189453125,943.6804809570312,802.9404296875,402.20623779296875,3.25,0.0,4.625,4.625,1.75,0.03125,0.84375,0.8125,1.1875,42.38750076293945,25.8125,1.0,2.25,5.25,5.25,0.0,3,3 4
3574,1015.1472778320312,1010.6690673828125,860.3160400390625,404.1187438964844,3.40625,0.0,5.34375,5.34375,2.0,0.0625,1.03125,0.9375,1.3125,42.83124923706055,24.625,1.0,2.40625,5.78125,5.78125,0.0,3,3 4
3575,934.6980590820312,932.4598388671875,792.1907348632812,400.2250061035156,3.21875,0.0,4.9375,4.9375,1.875,0.03125,0.9375,0.90625,1.1875,40.66875076293945,25.5625,1.0,2.21875,5.15625,5.15625,0.0,3,3 2
3576,906.9010009765625,902.6788330078125,766.4107666015625,389.7749938964844,3.15625,0.0,4.71875,4.71875,1.8125,0.03125,0.84375,0.90625,1.125,40.787498474121094,29.1875,1.0,2.15625,4.375,4.375,0.0,3,3 1
3577,880.7581176757812,875.1103515625,742.3333129882812,374.29376220703125,3.09375,0.0,4.8125,4.8125,1.78125,0.03125,0.96875,0.875,1.15625,38.193748474121094,28.65625,1.0,2.09375,4.09375,4.09375,0.0,3,3 2
3578,932.965087890625,928.45703125,789.8985595703125,370.91876220703125,3.21875,0.0,4.9375,4.9375,1.8125,0.0625,1.125,0.78125,1.15625,39.306251525878906,29.09375,1.0,2.21875,4.8125,4.8125,0.0,3,3 2
3579,960.530517578125,956.5653076171875,814.941162109375,386.6187438964844,3.25,0.0,5.09375,5.09375,1.90625,0.03125,1.09375,0.8125,1.25,41.212501525878906,24.1875,1.0,2.25,4.53125,4.53125,0.0,3,3 0
3580,907.0984497070312,904.1910400390625,767.9113159179688,363.2562561035156,3.1875,0.0,4.8125,4.8125,1.75,0.0,1.09375,0.78125,1.1875,38.84375,25.625,1.0,2.1875,5.1875,5.1875,0.0,3,3 4
3581,926.8175659179688,923.2156982421875,783.6092529296875,369.36248779296875,3.25,0.0,4.9375,4.9375,1.9375,0.0625,1.0,0.90625,1.03125,38.26874923706055,33.625,1.0,2.25,5.09375,5.09375,0.0,3,3 2
3582,985.5451049804688,982.5372314453125,835.7286987304688,391.3500061035156,3.34375,0.0,5.375,5.375,1.9375,0.0625,1.1875,0.96875,1.21875,40.57500076293945,30.125,1.0,2.34375,5.46875,5.46875,0.0,3,3 4
3583,1148.771240234375,1144.8048095703125,979.4273681640625,413.8125,3.71875,0.0,5.5,5.5,2.0,0.03125,1.21875,0.875,1.375,47.21875,26.4375,1.0,2.71875,5.625,5.625,0.0,3,3 4
3584,936.9765625,932.0755615234375,792.9817504882812,370.4750061035156,3.21875,0.0,5.0625,5.0625,1.9375,0.0,1.03125,0.875,1.21875,39.625,31.4375,1.0,2.21875,5.0,5.0,0.0,3,3 2
3585,896.25537109375,894.1202392578125,759.9437255859375,356.01873779296875,3.15625,0.0,4.75,4.75,1.78125,0.0,1.03125,0.8125,1.125,37.849998474121094,31.03125,1.0,2.15625,4.1875,4.1875,0.0,3,3 1
3586,905.25927734375,902.5285034179688,767.2291870117188,363.79376220703125,3.15625,0.0,4.90625,4.90625,1.90625,0.03125,0.96875,0.84375,1.15625,38.45624923706055,27.15625,1.0,2.15625,5.0625,5.0625,0.0,3,3 2
3587,1028.171630859375,1025.051025390625,875.2318115234375,365.0562438964844,3.46875,0.0,5.09375,5.09375,1.90625,0.0,1.09375,0.90625,1.1875,41.6875,35.71875,1.0,2.46875,5.8125,5.8125,0.0,3,3 1
3588,1007.5267944335938,1004.1954956054688,854.9486083984375,377.82501220703125,3.40625,0.0,5.4375,5.4375,2.09375,0.03125,1.09375,0.96875,1.25,41.90625,34.25,1.0,2.40625,6.96875,6.96875,0.0,3,3 1
3589,1212.685302734375,1210.368896484375,1036.9034423828125,424.86248779296875,3.84375,0.0,5.9375,5.9375,2.09375,0.125,1.3125,1.0,1.40625,50.193748474121094,23.53125,1.0,2.84375,9.28125,9.28125,0.0,3,3 2
3590,1048.0130615234375,1046.1793212890625,894.7864990234375,374.375,3.46875,0.0,5.28125,5.28125,1.9375,0.03125,1.125,0.90625,1.28125,43.67499923706055,31.125,1.0,2.46875,8.3125,8.3125,0.0,3,3 4
3591,1048.4688720703125,1046.538818359375,893.3380737304688,387.23126220703125,3.5,0.0,5.28125,5.28125,2.0625,0.0,1.125,0.875,1.21875,42.85625076293945,26.1875,1.0,2.5,9.875,9.875,0.0,2,2 3
3592,1128.2989501953125,1127.35302734375,963.6648559570312,375.0874938964844,3.71875,0.0,5.625,5.625,2.0625,0.0625,1.21875,0.96875,1.3125,45.8125,26.625,1.0,2.71875,9.15625,9.15625,0.0,3,3 0
3593,1169.724365234375,1165.80224609375,998.0888671875,371.2749938964844,3.8125,0.0,5.75,5.75,2.0625,0.125,1.21875,0.90625,1.4375,44.58124923706055,32.71875,1.0,2.8125,7.96875,7.96875,0.0,3,3 4
3594,1166.41650390625,1162.6021728515625,995.9738159179688,394.5687561035156,3.78125,0.0,5.4375,5.4375,1.96875,0.0625,1.1875,0.9375,1.28125,46.318748474121094,25.09375,1.0,2.78125,7.5625,7.5625,0.0,3,3 2
3595,1185.7034912109375,1184.767822265625,1016.2805786132812,379.2437438964844,3.8125,0.0,5.65625,5.65625,2.15625,0.03125,1.28125,0.96875,1.21875,48.75,22.40625,1.0,2.8125,6.25,6.25,0.0,2,2 3
3596,1226.3419189453125,1225.2596435546875,1053.283935546875,371.2749938964844,3.90625,0.0,5.6875,5.6875,2.0625,0.09375,1.34375,0.9375,1.25,47.775001525878906,27.65625,1.0,2.90625,6.78125,6.78125,0.0,0,0 2
3597,1171.1475830078125,1168.9954833984375,1002.2911987304688,388.1000061035156,3.78125,0.0,5.46875,5.46875,2.03125,0.03125,1.1875,0.96875,1.25,47.84375,28.71875,1.0,2.78125,5.71875,5.71875,0.0,3,3 0
3598,1057.9962158203125,1057.242919921875,902.5904541015625,354.98126220703125,3.5625,0.0,5.4375,5.4375,2.125,0.03125,1.09375,1.0,1.1875,41.82500076293945,29.5,1.0,2.5625,6.8125,6.8125,0.0,0,0 3
3599,1178.91796875,1177.361572265625,1008.7713623046875,387.4125061035156,3.84375,0.0,5.34375,5.34375,2.0625,0.03125,1.09375,0.96875,1.1875,46.70624923706055,25.96875,1.0,2.84375,6.6875,6.6875,0.0,3,3 2
3600,1195.8575439453125,1193.2457275390625,1022.2015380859375,373.6499938964844,3.875,0.0,5.75,5.75,2.09375,0.0625,1.25,1.0,1.34375,47.84375,23.1875,1.0,2.875,7.71875,7.71875,0.0,3,3 4
3601,1075.400390625,1072.371826171875,918.1953125,340.4437561035156,3.5625,0.0,5.4375,5.4375,2.0,0.03125,1.1875,0.96875,1.25,43.21875,26.8125,1.0,2.5625,6.5,6.5,0.0,3,3 4
3602,1064.1409912109375,1062.3746337890625,908.4085693359375,336.4125061035156,3.5625,0.0,5.4375,5.4375,2.0,0.0625,1.1875,0.96875,1.21875,43.16875076293945,24.28125,1.0,2.5625,6.28125,6.28125,0.0,3,3 1
3603,1169.1771240234375,1167.305908203125,1001.3974609375,359.3187561035156,3.78125,0.0,5.6875,5.6875,2.0,0.0625,1.25,0.96875,1.40625,46.556251525878906,24.03125,1.0,2.78125,6.6875,6.6875,0.0,1,1 3
3604,1090.09375,1088.0880126953125,929.9378662109375,358.0249938964844,3.625,0.0,5.53125,5.53125,2.125,0.0625,1.09375,1.0,1.25,43.743751525878906,22.53125,1.0,2.625,6.8125,6.8125,0.0,3,3 2
3605,1147.72998046875,1145.212158203125,981.7273559570312,362.28125,3.71875,0.0,5.75,5.75,2.09375,0.09375,1.3125,0.90625,1.34375,45.462501525878906,22.75,1.0,2.71875,5.96875,5.96875,0.0,3,3 2
3606,1253.5806884765625,1250.4827880859375,1073.949462890625,374.8062438964844,4.0,0.0,5.71875,5.71875,2.1875,0.03125,1.1875,0.96875,1.34375,49.54375076293945,22.59375,1.0,3.0,6.375,6.375,0.0,3,3 2
3607,1306.698974609375,1304.7913818359375,1120.0540771484375,399.3812561035156,4.125,0.0,6.1875,6.1875,2.21875,0.125,1.375,1.0,1.46875,48.712501525878906,29.625,1.0,3.125,8.1875,8.1875,0.0,3,3 4
3608,1231.453125,1229.119873046875,1055.220703125,385.1312561035156,3.90625,0.0,5.9375,5.9375,2.28125,0.03125,1.25,1.0,1.375,49.056251525878906,22.1875,1.0,2.90625,7.0625,7.0625,0.0,4,4 3
3609,1243.1878662109375,1240.89794921875,1065.5260009765625,395.79376220703125,3.9375,0.0,5.84375,5.84375,2.125,0.03125,1.28125,0.9375,1.46875,49.068748474121094,19.96875,1.0,2.9375,6.78125,6.78125,0.0,3,3 2
3610,1296.1300048828125,1293.391845703125,1110.595458984375,391.86248779296875,4.09375,0.0,6.0625,6.0625,2.34375,0.15625,1.3125,0.9375,1.3125,50.087501525878906,23.125,1.0,3.09375,9.78125,9.78125,0.0,3,3 2
3611,1181.7491455078125,1180.677490234375,1012.5548706054688,373.23126220703125,3.8125,0.0,5.6875,5.6875,2.0625,0.09375,1.21875,0.9375,1.375,47.70000076293945,22.59375,1.0,2.8125,8.5,8.5,0.0,2,2 3
3612,1237.300537109375,1235.2156982421875,1059.467041015625,386.45623779296875,3.9375,0.0,6.0625,6.0625,2.25,0.15625,1.3125,0.96875,1.375,48.89374923706055,22.8125,1.0,2.9375,6.59375,6.59375,0.0,3,3 0
3613,1220.83935546875,1218.4970703125,1044.359619140625,387.1187438964844,3.90625,0.0,6.0625,6.0625,2.21875,0.25,1.25,0.9375,1.40625,47.04999923706055,25.71875,1.0,2.90625,8.21875,8.21875,0.0,3,3 2
3614,1215.267822265625,1213.061767578125,1038.887451171875,395.51251220703125,3.90625,0.0,5.96875,5.96875,2.25,0.03125,1.28125,1.0,1.40625,47.006248474121094,26.6875,1.0,2.90625,7.875,7.875,0.0,3,3 4
3615,1179.9356689453125,1177.576171875,1008.0238037109375,399.29998779296875,3.8125,0.0,5.78125,5.78125,2.21875,0.03125,1.15625,0.9375,1.4375,46.318748474121094,31.03125,1.0,2.8125,8.75,8.75,0.0,4,4 2
3616,1035.756591796875,1034.26416015625,883.2935791015625,356.07501220703125,3.5,0.0,5.125,5.125,1.9375,0.03125,1.0625,0.9375,1.15625,42.59375,28.90625,1.0,2.5,7.15625,7.15625,0.0,2,2 3
3617,1173.1260986328125,1170.181884765625,1001.1888427734375,383.92498779296875,3.8125,0.0,5.84375,5.84375,2.15625,0.15625,1.1875,1.0,1.34375,46.09375,27.90625,1.0,2.8125,8.3125,8.3125,0.0,3,3 4
3618,1233.3712158203125,1230.965087890625,1054.9371337890625,393.90625,3.9375,0.0,6.125,6.125,2.1875,0.1875,1.34375,0.96875,1.4375,46.98749923706055,27.96875,1.0,2.9375,8.46875,8.46875,0.0,4,4 2
3619,1065.1368408203125,1061.9696044921875,905.4890747070312,380.53125,3.5625,0.0,5.53125,5.53125,2.09375,0.0625,1.21875,0.9375,1.21875,42.79999923706055,28.875,1.0,2.5625,6.90625,6.90625,0.0,3,3 4
3620,969.1246337890625,968.2581787109375,824.8279418945312,351.4375,3.34375,0.0,5.09375,5.09375,1.90625,0.09375,1.03125,0.875,1.1875,39.14374923706055,32.15625,1.0,2.34375,5.84375,5.84375,0.0,1,1 0
3621,987.7288208007812,985.2188720703125,839.5011596679688,344.84375,3.40625,0.0,5.09375,5.09375,1.9375,0.0625,1.0625,0.90625,1.125,39.099998474121094,29.75,1.0,2.40625,6.6875,6.6875,0.0,3,3 4
3622,974.6978759765625,971.9954223632812,828.5360107421875,333.20623779296875,3.375,0.0,4.96875,4.96875,1.84375,0.0625,1.03125,0.875,1.15625,39.85625076293945,33.21875,1.0,2.375,6.90625,6.90625,0.0,3,3 2
3623,860.4503173828125,858.841796875,728.6854248046875,325.95001220703125,3.09375,0.0,4.84375,4.84375,1.84375,0.03125,1.03125,0.84375,1.09375,36.368751525878906,32.875,1.0,2.09375,6.03125,6.03125,0.0,3,3 0
3624,919.7488403320312,918.3004150390625,780.2431640625,347.3500061035156,3.21875,0.0,5.1875,5.1875,2.03125,0.0,1.09375,0.9375,1.125,37.51250076293945,33.3125,1.0,2.21875,5.8125,5.8125,0.0,3,3 4
3625,1025.4508056640625,1021.9287109375,871.8484497070312,364.54998779296875,3.4375,0.0,5.4375,5.4375,2.09375,0.0625,1.03125,1.0,1.25,42.931251525878906,30.9375,1.0,2.4375,7.09375,7.09375,0.0,3,3 0
3626,1207.24169921875,1204.8343505859375,1032.449462890625,395.6812438964844,3.875,0.0,5.84375,5.84375,2.1875,0.0625,1.21875,0.96875,1.40625,47.087501525878906,29.0,1.0,2.875,7.1875,7.1875,0.0,3,3 4
3627,1064.9107666015625,1064.535400390625,909.2183837890625,356.1812438964844,3.5625,0.0,5.5625,5.5625,2.09375,0.0625,1.15625,0.96875,1.28125,42.40625,29.21875,1.0,2.5625,6.90625,6.90625,0.0,3,3 1
3628,1003.315673828125,1002.0944213867188,854.39306640625,341.3062438964844,3.40625,0.0,5.5,5.5,2.03125,0.125,1.1875,0.9375,1.21875,42.07500076293945,22.875,1.0,2.40625,6.03125,6.03125,0.0,3,3 4
3629,962.8043212890625,958.7127685546875,817.5762329101562,330.625,3.3125,0.0,5.0625,5.0625,1.875,0.09375,1.09375,0.90625,1.09375,40.16875076293945,24.53125,1.0,2.3125,5.875,5.875,0.0,3,3 2
3630,1120.1405029296875,1118.689697265625,956.4630737304688,367.4937438964844,3.71875,0.0,5.4375,5.4375,2.0625,0.0625,1.1875,0.96875,1.15625,43.96875,28.5,1.5625,2.71875,7.6875,7.6875,0.0,3,3 4
3631,976.1438598632812,974.31982421875,829.9059448242188,344.10626220703125,3.34375,0.0,5.40625,5.40625,2.0,0.0,1.25,0.9375,1.21875,39.70000076293945,26.625,1.0,2.34375,6.75,6.75,0.0,4,4 1
3632,1216.5482177734375,1214.895263671875,1040.833251953125,385.45623779296875,3.90625,0.0,6.0625,6.0625,2.3125,0.09375,1.34375,0.96875,1.34375,47.09375,27.53125,1.0,2.90625,7.125,7.125,0.0,3,3 4
3633,1041.8216552734375,1039.301025390625,887.4064331054688,355.95001220703125,3.5,0.0,5.34375,5.34375,2.0,0.0625,1.125,0.96875,1.1875,42.900001525878906,31.75,1.0,2.5,7.46875,7.46875,0.0,3,3 2
3634,1076.0003662109375,1074.491943359375,918.0513916015625,357.58123779296875,3.59375,0.0,5.5,5.5,2.09375,0.0625,1.21875,0.96875,1.15625,42.35625076293945,28.5,1.0,2.59375,8.21875,8.21875,0.0,3,3 4
3635,1090.118896484375,1086.1138916015625,929.40234375,355.09375,3.59375,0.0,5.59375,5.59375,2.09375,0.0625,1.15625,0.9375,1.34375,42.46875,30.125,1.0,2.59375,7.75,7.75,0.0,3,3 1
3636,962.4852294921875,959.8419799804688,818.4136962890625,331.9750061035156,3.3125,0.0,5.15625,5.15625,1.9375,0.0625,1.125,0.84375,1.1875,39.33124923706055,33.09375,1.0,2.3125,7.34375,7.34375,0.0,3,3 4
3637,995.1807250976562,992.4757690429688,844.89306640625,358.1187438964844,3.40625,0.0,5.3125,5.3125,1.96875,0.0625,1.15625,0.9375,1.1875,40.912498474121094,31.40625,1.0,2.40625,7.4375,7.4375,0.0,3,3 2
3638,885.7003173828125,884.9609375,752.8580322265625,325.9750061035156,3.125,0.0,4.96875,4.96875,1.90625,0.0,1.09375,0.90625,1.0625,37.10625076293945,34.15625,1.0,2.125,6.75,6.75,0.0,0,0 3
3639,825.0184326171875,822.5784912109375,699.0570068359375,315.1312561035156,3.0,0.0,4.34375,4.34375,1.75,0.0,0.84375,0.6875,1.0625,35.5,33.625,1.0,2.0,6.28125,6.28125,0.0,3,3 4
3640,808.301513671875,804.7076416015625,680.9277954101562,309.75,3.0,0.0,4.5625,4.5625,1.84375,0.0625,0.84375,0.75,1.0625,33.568748474121094,36.0625,1.0,2.0,5.71875,5.71875,0.0,3,3 1
3641,766.1506958007812,763.7418212890625,646.7263793945312,292.45623779296875,2.875,0.0,4.40625,4.40625,1.78125,0.0,0.875,0.6875,1.0625,33.431251525878906,39.09375,1.0,1.875,4.40625,4.40625,0.0,3,3 2
3642,841.354736328125,837.3978271484375,710.0359497070312,325.1499938964844,3.03125,0.0,4.8125,4.8125,1.90625,0.0625,1.0,0.875,0.96875,36.34375,35.8125,1.0,2.03125,5.90625,5.90625,0.0,3,3 2
3643,908.883544921875,907.2996215820312,770.9029541015625,340.1937561035156,3.21875,0.0,4.875,4.875,1.875,0.03125,1.03125,0.84375,1.09375,37.21875,38.1875,1.0,2.21875,6.5625,6.5625,0.0,4,4 3
3644,874.3419189453125,871.7697143554688,741.0028076171875,312.92498779296875,3.125,0.0,4.8125,4.8125,1.78125,0.09375,1.0,0.8125,1.125,36.78125,38.9375,1.0,2.125,4.40625,4.40625,0.0,3,3 4
3645,847.7820434570312,846.20068359375,719.7301025390625,314.57501220703125,3.03125,0.0,4.75,4.75,1.75,0.0,1.0625,0.8125,1.125,35.71875,32.8125,1.0,2.03125,3.71875,3.71875,0.0,3,3 0
3646,841.5546264648438,839.7903442382812,712.30078125,310.03125,3.0625,0.0,4.75,4.75,1.875,0.0625,0.9375,0.8125,1.0625,35.349998474121094,38.21875,1.0,2.0625,4.34375,4.34375,0.0,3,3 0
3647,809.4634399414062,805.9057006835938,681.7389526367188,302.66876220703125,3.0,0.0,4.75,4.75,1.90625,0.0,0.90625,0.9375,1.0,33.51874923706055,37.78125,1.0,2.0,4.46875,4.46875,0.0,3,3 4
3648,900.3908081054688,897.8084716796875,763.8037109375,321.26873779296875,3.1875,0.0,4.8125,4.8125,1.84375,0.0625,1.0625,0.75,1.09375,37.868751525878906,34.28125,1.0,2.1875,6.0625,6.0625,0.0,3,3 4
3649,831.6148681640625,829.1881713867188,703.1202392578125,298.23748779296875,3.0625,0.0,4.625,4.625,1.8125,0.03125,0.96875,0.78125,1.03125,33.506248474121094,31.84375,1.0,2.0625,6.625,6.625,0.0,3,3 1
3650,982.0921020507812,978.6998901367188,834.8195190429688,331.78125,3.375,0.0,5.09375,5.09375,1.96875,0.03125,1.03125,0.9375,1.125,39.8125,33.375,1.0,2.375,6.1875,6.1875,0.0,3,3 1
3651,899.9050903320312,897.6727294921875,764.2972412109375,312.17498779296875,3.1875,0.0,4.78125,4.78125,1.84375,0.0,0.96875,0.875,1.09375,37.59375,33.65625,1.0,2.1875,5.5,5.5,0.0,3,3 0
3652,927.0379028320312,924.7335205078125,787.066650390625,325.63751220703125,3.25,0.0,5.0,5.0,1.90625,0.03125,1.09375,0.90625,1.0625,38.25,30.625,1.0,2.25,4.875,4.875,0.0,3,3 4
3653,877.2634887695312,875.2359619140625,742.9046020507812,314.4312438964844,3.15625,0.0,4.8125,4.8125,1.90625,0.03125,0.9375,0.90625,1.03125,37.76250076293945,30.75,1.0,2.15625,3.78125,3.78125,0.0,3,3 2
3654,992.1598510742188,991.6650390625,846.3582153320312,338.67498779296875,3.375,0.0,5.25,5.25,2.0,0.03125,1.0625,1.0,1.15625,42.349998474121094,28.40625,1.0,2.375,5.34375,5.34375,0.0,1,1 0
3655,1109.95947265625,1107.806884765625,948.8380737304688,351.6625061035156,3.65625,0.0,5.5,5.5,2.0625,0.0625,1.28125,0.90625,1.1875,43.462501525878906,29.21875,1.0,2.65625,4.84375,4.84375,0.0,2,2 0
3656,1037.126708984375,1036.2650146484375,884.48046875,335.0625,3.53125,0.0,5.3125,5.3125,2.0,0.0,1.21875,0.9375,1.15625,41.493751525878906,29.34375,1.0,2.53125,5.0625,5.0625,0.0,3,3 4
3657,958.7603149414062,957.4439697265625,818.9502563476562,316.85626220703125,3.28125,0.0,4.875,4.875,1.84375,0.03125,1.03125,0.84375,1.125,40.76874923706055,24.90625,1.0,2.28125,4.1875,4.1875,0.0,3,3 4
3658,977.0942993164062,973.68505859375,829.5975341796875,319.08123779296875,3.375,0.0,5.28125,5.28125,2.03125,0.0625,1.03125,0.9375,1.21875,40.32500076293945,24.75,1.0,2.375,4.625,4.625,0.0,2,2 3
3659,1076.815673828125,1074.657958984375,921.0260009765625,324.5874938964844,3.59375,0.0,5.1875,5.1875,2.03125,0.09375,1.0625,0.875,1.125,42.86249923706055,30.53125,1.0,2.59375,3.59375,3.59375,0.0,3,3 4
3660,1052.632568359375,1050.926025390625,898.9205932617188,326.01873779296875,3.53125,0.0,5.4375,5.4375,2.0625,0.03125,1.1875,0.90625,1.25,42.45624923706055,27.59375,1.0,2.53125,4.46875,4.46875,0.0,4,4 3
3661,1029.622314453125,1028.3603515625,879.7132568359375,309.2875061035156,3.5,0.0,5.125,5.125,2.0,0.03125,1.03125,0.90625,1.15625,42.681251525878906,25.53125,1.0,2.5,4.1875,4.1875,0.0,3,3 2
3662,964.7476196289062,962.3903198242188,821.9139404296875,308.48748779296875,3.34375,0.0,4.875,4.875,1.90625,0.0625,0.9375,0.84375,1.125,39.525001525878906,26.84375,1.65625,2.34375,4.625,4.625,0.0,3,3 1
3663,1012.93310546875,1010.5335693359375,863.15087890625,326.04376220703125,3.4375,0.0,5.34375,5.34375,2.03125,0.125,1.09375,0.84375,1.25,40.724998474121094,23.34375,1.0,2.4375,5.03125,5.03125,0.0,3,3 2
3664,919.74609375,918.8099365234375,783.6244506835938,305.59375,3.21875,0.0,4.96875,4.96875,1.875,0.0625,1.0625,0.90625,1.0625,38.01874923706055,30.84375,1.0,2.21875,3.0625,3.0625,0.0,3,3 2
3665,958.140380859375,955.6002197265625,815.8214111328125,312.76873779296875,3.3125,0.0,4.96875,4.96875,1.9375,0.03125,1.03125,0.875,1.09375,39.66875076293945,27.9375,1.0,2.3125,3.25,3.25,0.0,3,3 2
3666,952.8243408203125,950.4016723632812,810.8299560546875,309.6187438964844,3.3125,0.0,4.9375,4.9375,1.90625,0.03125,1.0625,0.90625,1.03125,40.087501525878906,26.90625,1.0,2.3125,3.15625,3.15625,0.0,4,4 3
3667,975.1140747070312,973.0711669921875,831.31982421875,311.625,3.34375,0.0,5.125,5.125,1.9375,0.0625,1.125,0.84375,1.15625,40.181251525878906,31.3125,1.0,2.34375,4.0,4.0,0.0,1,1 3
3668,948.83154296875,946.8152465820312,808.7655639648438,305.67498779296875,3.28125,0.0,4.9375,4.9375,1.875,0.0,1.125,0.84375,1.09375,40.01874923706055,25.4375,1.0,2.28125,3.78125,3.78125,0.0,3,3 2
3669,1076.46142578125,1074.370849609375,919.7845458984375,321.48748779296875,3.59375,0.0,5.4375,5.4375,1.96875,0.0625,1.15625,0.9375,1.3125,43.46875,23.6875,1.0,2.59375,4.1875,4.1875,0.0,3,3 2
3670,854.6806640625,851.9168701171875,726.1014404296875,294.8500061035156,3.03125,0.0,4.8125,4.8125,1.78125,0.0625,1.0625,0.75,1.15625,36.16875076293945,32.34375,1.0,2.03125,3.5,3.5,0.0,3,3 4
3671,806.4353637695312,803.8588256835938,683.1876220703125,275.11248779296875,2.96875,0.0,4.53125,4.53125,1.71875,0.0625,1.0,0.6875,1.0625,33.90625,29.0625,1.0,1.96875,3.46875,3.46875,0.0,3,3 4
3672,1029.1414794921875,1027.8284912109375,879.0607299804688,326.7562561035156,3.46875,0.0,5.3125,5.3125,2.09375,0.09375,1.0625,0.875,1.1875,41.625,32.96875,1.0,2.46875,3.71875,3.71875,0.0,3,3 4
3673,919.3750610351562,917.2899169921875,782.0612182617188,305.0375061035156,3.21875,0.0,5.0,5.0,1.90625,0.0,1.03125,0.875,1.1875,37.71875,34.3125,1.0,2.21875,3.59375,3.59375,0.0,3,3 0
3674,911.8731689453125,911.3892822265625,776.5089111328125,322.08123779296875,3.21875,0.0,4.65625,4.65625,1.71875,0.03125,0.96875,0.75,1.1875,38.6875,33.25,1.0,2.21875,3.65625,3.65625,0.0,2,2 0
3675,884.4568481445312,883.2760009765625,753.7418823242188,302.0375061035156,3.125,0.0,4.5625,4.5625,1.75,0.03125,0.96875,0.8125,1.0,38.51250076293945,30.25,1.0,2.125,3.0,3.0,0.0,3,3 1
3676,862.869873046875,860.9837646484375,733.7036743164062,283.2250061035156,3.09375,0.0,4.625,4.625,1.75,0.0625,0.96875,0.84375,1.0,37.118751525878906,29.875,1.0,2.09375,3.15625,3.15625,0.0,3,3 4
3677,912.1493530273438,909.5237426757812,773.9432373046875,313.6499938964844,3.21875,0.0,4.9375,4.9375,1.96875,0.0,1.03125,0.875,1.0625,38.66875076293945,32.0625,1.0,2.21875,3.03125,3.03125,0.0,3,3 4
3678,915.4288940429688,913.5665893554688,778.34716796875,310.9750061035156,3.21875,0.0,4.9375,4.9375,1.96875,0.0625,1.03125,0.78125,1.09375,37.40625,31.5,1.0,2.21875,2.8125,2.8125,0.0,3,3 2
3679,958.1243896484375,955.2721557617188,815.6349487304688,317.83123779296875,3.28125,0.0,5.1875,5.1875,2.03125,0.0625,1.03125,0.9375,1.125,39.90625,32.28125,1.0,2.28125,2.96875,2.96875,0.0,3,3 2
3680,877.8743896484375,875.8341674804688,742.3947143554688,319.70001220703125,3.15625,0.0,5.0625,5.0625,1.96875,0.03125,1.0625,1.0,1.0,36.900001525878906,35.4375,1.0,2.15625,3.46875,3.46875,0.0,3,3 0
3681,987.9778442382812,985.0545654296875,838.9532470703125,325.54998779296875,3.4375,0.0,5.0625,5.0625,1.90625,0.03125,1.0625,0.875,1.1875,39.993751525878906,28.65625,1.0,2.4375,3.46875,3.46875,0.0,3,3 2
3682,946.4627685546875,943.3707885742188,804.0626220703125,306.1875,3.3125,0.0,5.0,5.0,1.9375,0.03125,0.96875,0.875,1.1875,38.1875,30.15625,1.0,2.3125,2.96875,2.96875,0.0,3,3 2
3683,964.2386474609375,962.9903564453125,819.6236572265625,313.89373779296875,3.375,0.0,5.21875,5.21875,1.9375,0.0625,1.125,1.0,1.09375,39.150001525878906,30.25,1.0,2.375,4.15625,4.15625,0.0,0,0 4
3684,1016.818359375,1015.1309814453125,865.93115234375,315.04376220703125,3.5,0.0,5.28125,5.28125,2.0,0.0625,1.09375,0.9375,1.1875,40.681251525878906,25.34375,1.0,2.5,3.09375,3.09375,0.0,2,2 4
3685,870.298095703125,868.8346557617188,737.7952270507812,296.15625,3.15625,0.0,4.78125,4.78125,1.875,0.0,0.9375,0.90625,1.0625,36.35625076293945,32.34375,1.0,2.15625,3.03125,3.03125,0.0,3,3 2
3686,1015.0198974609375,1013.8831787109375,865.1048583984375,332.0062561035156,3.46875,0.0,5.3125,5.3125,2.125,0.03125,1.09375,1.0,1.0625,40.224998474121094,33.375,1.0,2.46875,3.65625,3.65625,0.0,4,4 2
3687,868.1851196289062,866.6707763671875,735.765380859375,304.33123779296875,3.15625,0.0,4.65625,4.65625,1.8125,0.03125,0.96875,0.875,0.96875,36.118751525878906,30.71875,1.0,2.15625,3.875,3.875,0.0,3,3 2
3688,929.3809814453125,927.9544677734375,791.2957153320312,304.4624938964844,3.25,0.0,5.0,5.0,2.0,0.0,1.0625,0.96875,0.96875,38.53125,33.5,1.0,2.25,4.40625,4.40625,0.0,3,3 4
3689,967.1942749023438,965.1724853515625,821.0339965820312,321.35626220703125,3.375,0.0,5.3125,5.3125,2.09375,0.09375,1.03125,1.0,1.09375,39.28125,28.78125,1.0,2.375,4.15625,4.15625,0.0,2,2 3
3690,1010.8474731445312,1010.0300903320312,862.2384643554688,318.4437561035156,3.46875,0.0,5.21875,5.21875,2.09375,0.03125,1.09375,0.9375,1.0625,40.59375,28.3125,1.0,2.46875,5.5625,5.5625,0.0,4,4 3
3691,1009.2283325195312,1006.6959838867188,858.6162109375,345.2124938964844,3.4375,0.0,5.25,5.25,2.09375,0.03125,1.15625,1.0,0.96875,41.35625076293945,29.5,1.0,2.4375,4.71875,4.71875,0.0,2,2 3
3692,1009.223876953125,1006.3826904296875,858.73876953125,338.2749938964844,3.4375,0.0,5.25,5.25,2.0625,0.03125,1.09375,0.96875,1.09375,40.86249923706055,30.59375,1.0,2.4375,5.4375,5.4375,0.0,3,3 4
3693,979.0331420898438,977.5980224609375,833.6521606445312,318.6187438964844,3.375,0.0,5.1875,5.1875,2.0625,0.03125,1.03125,1.0,1.0625,41.75,28.625,1.0,2.375,4.625,4.625,0.0,3,3 4
3694,1030.3114013671875,1024.9464111328125,875.603515625,325.54376220703125,3.5,0.0,5.15625,5.15625,1.96875,0.09375,1.09375,0.90625,1.09375,41.337501525878906,22.28125,1.0,2.5,5.3125,5.3125,0.0,3,3 2
3695,952.8486328125,951.6193237304688,811.7283325195312,311.65625,3.3125,0.0,5.03125,5.03125,1.96875,0.03125,1.0625,0.875,1.09375,39.212501525878906,27.90625,1.0,2.3125,5.15625,5.15625,0.0,2,2 3
3696,1090.97021484375,1088.073486328125,930.7145385742188,341.2562561035156,3.625,0.0,5.53125,5.53125,2.0625,0.0625,1.15625,0.9375,1.3125,44.006248474121094,24.53125,1.0,2.625,5.75,5.75,0.0,3,3 2
3697,1062.226806640625,1059.5555419921875,906.1985473632812,336.16876220703125,3.5625,0.0,5.3125,5.3125,2.0625,0.09375,1.0625,0.9375,1.15625,42.631248474121094,31.125,1.0,2.5625,5.96875,5.96875,0.0,3,3 4
3698,979.2205200195312,974.9613037109375,832.8069458007812,323.8187561035156,3.375,0.0,4.75,4.75,1.84375,0.0,1.03125,0.875,1.0,40.07500076293945,32.90625,1.625,2.375,6.1875,6.1875,0.0,3,3 4
3699,927.0238647460938,925.8186645507812,789.1571044921875,320.6937561035156,3.25,0.0,4.75,4.75,1.84375,0.03125,1.03125,0.84375,1.0,39.59375,28.125,1.0,2.25,5.75,5.75,0.0,0,0 2
3700,915.5340576171875,913.6583251953125,777.3984375,310.57501220703125,3.25,0.0,4.90625,4.90625,1.90625,0.03125,1.0,0.9375,1.03125,36.70000076293945,31.03125,1.0,2.25,5.78125,5.78125,0.0,3,3 1
3701,1001.4804077148438,999.41845703125,852.1531982421875,341.33123779296875,3.4375,0.0,5.09375,5.09375,1.96875,0.0625,1.0625,0.90625,1.09375,41.381248474121094,24.0,1.0,2.4375,6.65625,6.65625,0.0,3,3 0
3702,959.4580688476562,957.9298095703125,816.7567138671875,311.85626220703125,3.34375,0.0,5.03125,5.03125,1.9375,0.03125,1.03125,0.9375,1.09375,38.98749923706055,32.46875,1.0,2.34375,6.0625,6.0625,0.0,3,3 4
3703,992.4757080078125,990.4114990234375,846.0301513671875,327.2124938964844,3.375,0.0,5.21875,5.21875,2.03125,0.03125,1.0625,0.96875,1.125,41.087501525878906,27.40625,1.0,2.375,7.25,7.25,0.0,3,3 4
3704,1023.450439453125,1021.6994018554688,872.8224487304688,321.2250061035156,3.5,0.0,5.09375,5.09375,1.96875,0.0625,1.03125,0.90625,1.125,41.337501525878906,24.90625,1.0,2.5,5.90625,5.90625,0.0,3,3 2
3705,879.6223754882812,877.92626953125,746.3255615234375,313.375,3.15625,0.0,4.6875,4.6875,1.875,0.0,0.84375,0.9375,1.03125,36.775001525878906,36.25,1.0,2.15625,8.3125,8.3125,0.0,0,0 3
3706,911.8673095703125,909.4400634765625,774.2600708007812,329.5562438964844,3.1875,0.0,4.90625,4.90625,1.9375,0.0,1.0,0.9375,1.03125,40.01250076293945,30.0625,1.0,2.1875,6.78125,6.78125,0.0,3,3 2
3707,914.8135375976562,911.6845703125,777.2085571289062,311.6875,3.1875,0.0,5.03125,5.03125,1.90625,0.03125,1.09375,0.875,1.125,38.287498474121094,28.875,1.65625,2.1875,6.5625,6.5625,0.0,3,3 2
3708,969.4802856445312,965.7230224609375,823.63720703125,320.09375,3.375,0.0,4.90625,4.90625,1.875,0.09375,1.03125,0.78125,1.125,37.256248474121094,30.875,1.0,2.375,6.28125,6.28125,0.0,2,2 3
3709,800.8560791015625,799.1856689453125,677.2136840820312,300.85626220703125,2.96875,0.0,4.53125,4.53125,1.8125,0.0,0.9375,0.8125,0.96875,33.98125076293945,30.53125,1.0,1.96875,6.15625,6.15625,0.0,3,3 2
3710,883.37109375,879.7772216796875,748.0836181640625,323.0874938964844,3.125,0.0,4.84375,4.84375,1.96875,0.0,0.9375,0.90625,1.03125,38.412498474121094,25.625,1.0,2.125,6.8125,6.8125,0.0,3,3 4
3711,888.0247192382812,885.4849853515625,752.5120849609375,324.6499938964844,3.15625,0.0,4.84375,4.84375,1.9375,0.0,0.9375,0.9375,1.03125,37.79375076293945,33.3125,1.0,2.15625,6.21875,6.21875,0.0,3,3 0
3712,851.7581176757812,848.7254028320312,720.93701171875,308.20001220703125,3.0625,0.0,4.78125,4.78125,1.9375,0.03125,0.9375,0.90625,0.96875,36.82500076293945,33.59375,1.0,2.0625,6.53125,6.53125,0.0,3,3 2
3713,806.1718139648438,803.36083984375,680.2460327148438,301.7562561035156,2.96875,0.0,4.78125,4.78125,1.875,0.0,1.0,0.90625,1.0,34.525001525878906,31.65625,1.0,1.96875,6.8125,6.8125,0.0,3,3 4
3714,912.5203857421875,910.2623291015625,772.8636474609375,333.6499938964844,3.25,0.0,4.84375,4.84375,1.9375,0.0,1.0,0.9375,0.96875,38.006248474121094,37.53125,1.0,2.25,8.28125,8.28125,0.0,4,4 3
3715,1042.5738525390625,1039.679443359375,888.6865234375,345.0062561035156,3.5,0.0,5.3125,5.3125,2.0625,0.0625,1.125,0.9375,1.125,41.625,29.375,1.1875,2.53125,8.5,8.5,0.0,2,2 3
3716,973.0887451171875,970.4074096679688,825.6593017578125,343.2124938964844,3.375,0.0,5.1875,5.1875,2.0,0.03125,1.09375,0.96875,1.09375,39.375,30.5,1.0,2.375,8.25,8.25,0.0,2,2 3
3717,857.05224609375,854.0245971679688,725.60986328125,324.1000061035156,3.0625,0.0,4.78125,4.78125,1.9375,0.0,0.9375,0.9375,0.96875,35.88750076293945,34.78125,1.625,2.0625,8.40625,8.40625,0.0,3,3 2
3718,824.4224853515625,823.0427856445312,698.2083740234375,310.7124938964844,3.0,0.0,4.71875,4.71875,1.84375,0.09375,0.9375,0.8125,1.03125,35.6875,31.03125,1.625,2.0,7.84375,7.84375,0.0,3,3 1
3719,863.0536499023438,861.7801513671875,730.6033935546875,329.3687438964844,3.125,0.0,4.6875,4.6875,1.90625,0.0,0.90625,0.875,1.0,37.26874923706055,36.71875,1.0,2.125,8.40625,8.40625,0.0,3,3 1
3720,788.2117309570312,787.507568359375,667.8317260742188,312.1937561035156,2.90625,0.0,4.375,4.375,1.8125,0.0,0.875,0.75,0.9375,36.131248474121094,29.6875,1.0,1.90625,7.46875,7.46875,0.0,3,3 4
3721,917.549072265625,915.6124267578125,776.4935302734375,335.20623779296875,3.28125,0.0,4.9375,4.9375,1.96875,0.0625,0.96875,0.84375,1.09375,37.756248474121094,28.40625,1.0,2.28125,9.46875,9.46875,0.0,3,3 0
3722,888.3531494140625,884.8303833007812,752.5486450195312,336.4937438964844,3.125,0.0,4.8125,4.8125,1.84375,0.0625,1.03125,0.8125,1.0625,38.650001525878906,26.46875,1.59375,2.125,9.1875,9.1875,0.0,2,2 3
3723,791.2938842773438,789.1728515625,668.3024291992188,306.1812438964844,2.9375,0.0,4.5,4.5,1.84375,0.0,0.875,0.84375,0.9375,34.368751525878906,36.5625,2.25,1.9375,9.46875,9.46875,0.0,3,3 4
3724,957.2717895507812,953.85791015625,811.0693359375,342.2562561035156,3.34375,0.0,5.0,5.0,1.96875,0.0,1.03125,0.875,1.125,40.212501525878906,29.5,1.0,2.34375,10.28125,10.28125,0.0,3,3 4
3725,990.1644287109375,986.4479370117188,842.39208984375,339.26251220703125,3.375,0.0,4.96875,4.96875,1.9375,0.09375,1.03125,0.90625,1.0,41.48749923706055,32.21875,1.0,2.375,9.625,9.625,0.0,3,3 4
3726,974.704345703125,970.9401245117188,828.4631958007812,341.10626220703125,3.3125,0.0,5.21875,5.21875,2.03125,0.03125,1.0625,1.0,1.09375,41.23125076293945,31.6875,1.0,2.3125,9.625,9.625,0.0,3,3 2
3727,866.023681640625,860.8479614257812,731.28857421875,321.58123779296875,3.09375,0.0,4.6875,4.6875,1.75,0.0,1.0,0.875,1.0625,37.73749923706055,30.28125,1.0,2.09375,7.78125,7.78125,0.0,3,3 4
3728,949.578125,946.8611450195312,807.528076171875,330.1499938964844,3.28125,0.0,4.9375,4.9375,1.875,0.03125,1.09375,0.875,1.0625,40.349998474121094,30.40625,1.0,2.28125,8.1875,8.1875,0.0,3,3 2
3729,852.5977783203125,850.548828125,723.0689697265625,314.41876220703125,3.0625,0.0,4.59375,4.59375,1.8125,0.0625,0.84375,0.8125,1.0625,37.54999923706055,31.65625,1.0,2.0625,8.46875,8.46875,0.0,2,2 1
3730,890.3134155273438,887.9158325195312,753.6577758789062,315.6875,3.1875,0.0,4.875,4.875,1.90625,0.0,1.0,0.90625,1.0625,39.4375,27.375,1.0,2.1875,8.125,8.125,0.0,3,3 2
3731,985.1873168945312,983.9239501953125,839.6273193359375,332.1000061035156,3.375,0.0,5.03125,5.03125,1.84375,0.0625,1.09375,0.90625,1.125,43.42499923706055,20.28125,1.0,2.375,9.0,9.0,0.0,3,3 0
3732,1115.7911376953125,1113.836181640625,953.2892456054688,351.89373779296875,3.6875,0.0,5.4375,5.4375,2.0625,0.0625,1.21875,0.96875,1.125,46.26250076293945,25.28125,1.0,2.6875,9.3125,9.3125,0.0,4,4 3
3733,1027.6129150390625,1026.672119140625,876.2413940429688,349.16876220703125,3.46875,0.0,5.3125,5.3125,2.0625,0.03125,1.0625,1.0,1.15625,44.63750076293945,21.34375,1.0,2.46875,10.40625,10.40625,0.0,1,1 3
3734,1046.8165283203125,1042.528076171875,890.8692626953125,354.125,3.5,0.0,5.21875,5.21875,2.03125,0.03125,1.125,1.0,1.03125,44.875,24.0,1.0,2.5,8.9375,8.9375,0.0,3,3 4
3735,924.8726196289062,923.0725708007812,786.5972290039062,317.63751220703125,3.21875,0.0,5.03125,5.03125,1.9375,0.0625,1.03125,0.875,1.125,40.45000076293945,20.5,1.0,2.21875,8.21875,8.21875,0.0,3,3 4
3736,1013.6756591796875,1009.3107299804688,861.4596557617188,340.08123779296875,3.4375,0.0,5.1875,5.1875,2.0,0.09375,1.09375,0.875,1.125,42.900001525878906,19.03125,1.0,2.4375,11.28125,11.28125,0.0,3,3 2
3737,995.4395751953125,990.89453125,845.32861328125,330.6000061035156,3.40625,0.0,5.125,5.125,2.0,0.0,1.0625,0.9375,1.125,41.51874923706055,26.1875,1.0,2.40625,11.15625,11.15625,0.0,3,3 2
3738,1120.0579833984375,1118.4541015625,958.6646728515625,357.07501220703125,3.65625,0.0,5.46875,5.46875,2.125,0.09375,1.125,0.96875,1.15625,47.212501525878906,20.8125,1.0,2.65625,10.65625,10.65625,0.0,3,3 0
3739,1148.5374755859375,1145.8138427734375,980.1553955078125,361.29376220703125,3.78125,0.0,5.65625,5.65625,2.1875,0.0625,1.3125,0.9375,1.15625,45.3125,27.96875,1.0,2.78125,8.9375,8.9375,0.0,3,3 4
3740,968.926513671875,963.9791259765625,822.7127685546875,314.67498779296875,3.34375,0.0,4.9375,4.9375,2.0,0.0,0.96875,0.9375,1.03125,40.806251525878906,25.59375,1.0,2.34375,7.53125,7.53125,0.0,3,3 2
3741,1011.7618408203125,1009.9539184570312,862.7310791015625,342.8999938964844,3.4375,0.0,5.0,5.0,1.90625,0.03125,1.03125,0.90625,1.125,42.79375076293945,29.8125,1.0,2.4375,7.34375,7.34375,0.0,4,4 2
3742,873.1419067382812,870.9773559570312,740.8731689453125,310.16876220703125,3.125,0.0,4.65625,4.65625,1.78125,0.03125,0.90625,0.875,1.0625,37.337501525878906,28.03125,1.0,2.125,7.90625,7.90625,0.0,3,3 2
3743,976.0232543945312,972.8269653320312,829.5530395507812,323.48126220703125,3.375,0.0,5.0625,5.0625,1.96875,0.03125,1.03125,0.90625,1.125,39.443748474121094,32.25,1.0,2.375,8.78125,8.78125,0.0,3,3 2
3744,1076.651611328125,1071.6585693359375,917.146484375,345.76873779296875,3.59375,0.0,5.125,5.125,2.03125,0.0625,1.0,0.9375,1.09375,43.256248474121094,27.78125,1.0,2.59375,9.5625,9.5625,0.0,3,3 0
3745,903.850830078125,901.8209228515625,768.89697265625,315.20623779296875,3.15625,0.0,4.90625,4.90625,1.84375,0.03125,1.0625,0.875,1.09375,38.756248474121094,25.78125,1.0,2.15625,6.8125,6.8125,0.0,2,2 3
3746,1107.25390625,1106.2059326171875,947.0222778320312,342.4125061035156,3.6875,0.0,5.3125,5.3125,2.0,0.125,1.125,0.96875,1.09375,44.099998474121094,25.3125,1.0,2.6875,8.09375,8.09375,0.0,3,3 1
3747,951.4620361328125,950.0987548828125,811.5913696289062,302.375,3.28125,0.0,5.09375,5.09375,1.90625,0.0625,1.15625,0.875,1.09375,40.006248474121094,25.375,1.0,2.28125,7.25,7.25,0.0,3,3 4
3748,978.4780883789062,975.47900390625,833.1671752929688,308.5874938964844,3.375,0.0,4.96875,4.96875,1.875,0.0625,1.15625,0.8125,1.0625,40.318748474121094,23.625,1.0,2.375,6.71875,6.71875,0.0,3,3 4
3749,932.786865234375,931.9879150390625,793.7540893554688,305.84375,3.28125,0.0,5.0,5.0,1.84375,0.03125,1.03125,0.90625,1.1875,39.60625076293945,26.71875,1.0,2.28125,7.125,7.125,0.0,2,2 3
3750,1003.048583984375,1001.5393676757812,855.1734619140625,321.8125,3.4375,0.0,5.125,5.125,2.03125,0.03125,1.03125,0.9375,1.09375,41.11249923706055,30.4375,1.0,2.4375,7.375,7.375,0.0,3,3 2
3751,1037.5098876953125,1035.01611328125,884.9407958984375,323.0562438964844,3.5,0.0,5.3125,5.3125,2.0,0.0,1.0625,0.96875,1.28125,42.625,26.125,1.0,2.5,7.75,7.75,0.0,3,3 2
3752,1097.6182861328125,1095.4794921875,938.3336791992188,343.75,3.625,0.0,5.4375,5.4375,2.0625,0.03125,1.21875,0.9375,1.1875,44.212501525878906,25.28125,1.0,2.625,8.625,8.625,0.0,3,3 0
3753,908.6695556640625,907.2843627929688,774.6557006835938,316.26251220703125,3.15625,0.0,4.8125,4.8125,1.8125,0.0,1.09375,0.78125,1.125,38.90625,24.4375,1.0,2.15625,6.34375,6.34375,0.0,3,3 2
3754,1155.90576171875,1155.060791015625,989.0324096679688,346.54376220703125,3.8125,0.0,5.5625,5.5625,2.09375,0.03125,1.25,0.9375,1.25,46.256248474121094,21.21875,0.96875,2.84375,7.28125,7.28125,0.0,2,2 4
3755,977.465576171875,975.6716918945312,833.2784423828125,318.88751220703125,3.375,0.0,4.875,4.875,1.96875,0.0,1.03125,0.875,1.0,39.993751525878906,28.25,1.0,2.375,7.0625,7.0625,0.0,3,3 4
3756,879.81689453125,875.7620239257812,745.7464599609375,314.54376220703125,3.125,0.0,4.59375,4.59375,1.75,0.0,0.96875,0.78125,1.09375,37.01874923706055,25.0625,1.0,2.125,6.21875,6.21875,0.0,3,3 2
3757,960.4664306640625,957.6585083007812,817.1461791992188,320.95623779296875,3.3125,0.0,5.03125,5.03125,1.875,0.09375,1.09375,0.8125,1.15625,40.08124923706055,22.21875,1.0,2.3125,7.75,7.75,0.0,3,3 4
3758,1016.895263671875,1014.3805541992188,866.6722412109375,320.3374938964844,3.46875,0.0,5.15625,5.15625,1.90625,0.09375,1.1875,0.90625,1.0625,40.993751525878906,21.4375,1.0,2.46875,7.1875,7.1875,0.0,3,3 2
3759,992.9767456054688,990.859375,848.376953125,311.23748779296875,3.375,0.0,4.96875,4.96875,1.875,0.0625,1.125,0.78125,1.125,40.53125,20.09375,1.0,2.375,7.21875,7.21875,0.0,2,2 3
3760,905.1364135742188,903.7415161132812,770.0482177734375,299.4437561035156,3.21875,0.0,4.65625,4.65625,1.875,0.0,0.96875,0.75,1.0625,38.381248474121094,21.59375,1.0,2.21875,8.5625,8.5625,0.0,3,3 1
3761,1026.618408203125,1022.8714599609375,873.9439697265625,321.1812438964844,3.5,0.0,5.0625,5.0625,1.9375,0.0625,1.21875,0.875,0.96875,42.32500076293945,18.1875,1.0,2.5,8.125,8.125,0.0,3,3 4
3762,1071.43701171875,1069.6287841796875,914.826171875,317.2437438964844,3.625,0.0,5.25,5.25,2.0625,0.0,1.25,0.875,1.0625,42.724998474121094,19.46875,1.0,2.625,6.59375,6.59375,0.0,3,3 1
3763,1018.4705810546875,1015.5135498046875,869.3162841796875,333.71875,3.4375,0.0,4.84375,4.84375,1.875,0.0,1.03125,0.84375,1.09375,43.118751525878906,20.6875,1.0,2.4375,8.125,8.125,0.0,3,3 0
3764,1001.5355224609375,999.33349609375,855.67626953125,315.5249938964844,3.375,0.0,5.15625,5.15625,1.875,0.0625,1.28125,0.75,1.1875,41.70000076293945,18.40625,1.0,2.375,6.9375,6.9375,0.0,3,3 4
3765,1045.7681884765625,1042.0989990234375,891.9346923828125,329.9750061035156,3.5,0.0,5.21875,5.21875,2.0,0.0625,1.1875,0.8125,1.15625,43.28125,15.46875,1.0,2.5,5.75,5.75,0.0,3,3 4
3766,997.4357299804688,996.5402221679688,851.6619873046875,307.4624938964844,3.4375,0.0,4.96875,4.96875,1.9375,0.09375,1.125,0.75,1.0625,40.306251525878906,17.1875,1.0,2.4375,6.28125,6.28125,0.0,1,1 3
3767,1045.4632568359375,1043.8800048828125,894.5447387695312,320.6875,3.5,0.0,5.15625,5.15625,1.9375,0.0,1.25,0.75,1.21875,42.64374923706055,21.28125,1.0,2.5,6.15625,6.15625,0.0,3,3 4
3768,922.5067138671875,918.8790283203125,783.9767456054688,315.0375061035156,3.21875,0.0,4.8125,4.8125,1.84375,0.125,0.90625,0.6875,1.25,37.29375076293945,29.09375,1.0,2.21875,5.46875,5.46875,0.0,3,3 2
3769,974.1123046875,973.1094970703125,830.6179809570312,328.2437438964844,3.375,0.0,4.75,4.75,1.875,0.03125,1.0625,0.75,1.03125,40.71875,18.75,1.0,2.375,5.65625,5.65625,0.0,2,2 0
3770,783.3723754882812,781.9013671875,664.1048583984375,290.0062561035156,2.90625,0.0,4.28125,4.28125,1.6875,0.03125,1.0,0.625,0.9375,33.9375,29.84375,1.0,1.90625,3.4375,3.4375,0.0,3,3 4
3771,954.3877563476562,953.5880737304688,814.2208251953125,326.6875,3.28125,0.0,5.03125,5.03125,1.875,0.15625,1.09375,0.65625,1.25,39.41875076293945,19.6875,1.0,2.28125,3.3125,3.3125,0.0,2,2 4
3772,999.5048828125,998.18408203125,853.9147338867188,330.54376220703125,3.40625,0.0,4.84375,4.84375,1.84375,0.03125,1.125,0.75,1.09375,40.58124923706055,23.03125,1.0,2.40625,4.21875,4.21875,0.0,3,3 4
3773,911.1641235351562,908.3779296875,776.5897216796875,298.3187561035156,3.1875,0.0,4.4375,4.4375,1.71875,0.0625,0.90625,0.75,1.0,40.26250076293945,21.125,1.03125,2.1875,2.96875,2.96875,0.0,3,3 4
3774,1003.3841552734375,1000.6351318359375,854.3865356445312,328.61248779296875,3.4375,0.0,5.0,5.0,1.9375,0.0,1.03125,0.84375,1.1875,41.349998474121094,20.65625,1.0,2.4375,3.71875,3.71875,0.0,3,3 2
3775,1082.038330078125,1080.241455078125,922.5481567382812,339.8187561035156,3.65625,0.0,5.34375,5.34375,2.0625,0.0625,1.09375,0.84375,1.28125,43.13750076293945,21.0,1.0,2.65625,3.34375,3.34375,0.0,4,4 3
3776,861.2575073242188,859.998046875,732.1931762695312,293.2562561035156,3.125,0.0,4.34375,4.34375,1.65625,0.03125,0.84375,0.65625,1.15625,36.20624923706055,26.03125,1.0,2.125,3.53125,3.53125,0.0,4,4 3
3777,885.1611938476562,884.2830200195312,752.9602661132812,298.8187561035156,3.1875,0.0,4.4375,4.4375,1.75,0.0,0.875,0.65625,1.15625,37.537498474121094,25.9375,1.0,2.1875,3.8125,3.8125,0.0,0,0 3
3778,1015.3741455078125,1014.7230224609375,869.0427856445312,333.45001220703125,3.40625,0.0,5.125,5.125,2.0,0.0625,1.03125,0.8125,1.21875,41.36249923706055,27.5625,1.0,2.40625,5.4375,5.4375,0.0,3,3 2
3779,929.6854248046875,928.5496215820312,790.38818359375,335.11248779296875,3.28125,0.0,4.65625,4.65625,1.75,0.03125,0.96875,0.71875,1.1875,38.712501525878906,27.6875,1.0,2.28125,4.84375,4.84375,0.0,3,3 4
3780,921.4754638671875,918.7220458984375,782.8436889648438,313.3812561035156,3.25,0.0,4.71875,4.71875,1.875,0.0625,0.90625,0.78125,1.09375,37.96875,31.71875,1.0,2.25,4.9375,4.9375,0.0,1,1 4
3781,953.076904296875,951.7593994140625,811.7056884765625,327.7250061035156,3.3125,0.0,4.84375,4.84375,1.75,0.0,1.0625,0.84375,1.1875,39.818748474121094,23.6875,1.0,2.3125,5.53125,5.53125,0.0,3,3 0
3782,1000.4686279296875,996.5120239257812,850.60302734375,319.11248779296875,3.4375,0.0,5.0625,5.0625,1.96875,0.03125,1.125,0.8125,1.125,40.712501525878906,28.65625,1.0,2.4375,4.3125,4.3125,0.0,3,3 1
3783,929.462890625,927.1179809570312,789.59130859375,317.88751220703125,3.28125,0.0,4.75,4.75,1.875,0.0,0.90625,0.71875,1.25,37.88750076293945,22.1875,1.0,2.28125,5.25,5.25,0.0,3,3 4
3784,937.7767944335938,936.5382690429688,799.3494873046875,311.9437561035156,3.28125,0.0,4.71875,4.71875,1.875,0.03125,0.9375,0.71875,1.15625,38.35625076293945,29.46875,1.0,2.28125,5.125,5.125,0.0,3,3 1
3785,1168.6988525390625,1167.4871826171875,1000.8607177734375,364.1812438964844,3.8125,0.0,5.5,5.5,2.0625,0.0625,1.25,0.90625,1.21875,46.068748474121094,23.1875,1.0,2.8125,7.84375,7.84375,0.0,1,1 0
3786,1048.1104736328125,1046.0172119140625,894.1809692382812,339.88751220703125,3.53125,0.0,5.1875,5.1875,1.84375,0.03125,1.15625,0.875,1.28125,43.21875,21.0625,1.0,2.53125,7.28125,7.28125,0.0,3,3 4
3787,1044.8541259765625,1043.428955078125,892.5120849609375,343.42498779296875,3.5,0.0,5.25,5.25,2.0,0.0,1.15625,0.875,1.21875,43.03125,22.875,1.0,2.5,6.90625,6.90625,0.0,4,4 2
3788,1070.5469970703125,1068.414306640625,915.451171875,338.79376220703125,3.5625,0.0,5.09375,5.09375,1.90625,0.03125,1.125,0.84375,1.1875,44.57500076293945,23.84375,1.0,2.5625,5.28125,5.28125,0.0,2,2 0
3789,1078.8238525390625,1077.3623046875,920.95556640625,334.0687561035156,3.65625,0.0,5.09375,5.09375,1.96875,0.03125,1.125,0.84375,1.125,43.14374923706055,19.875,1.0,2.65625,5.125,5.125,0.0,3,3 0
3790,1068.3997802734375,1067.828125,914.26611328125,329.76251220703125,3.59375,0.0,5.125,5.125,2.0,0.03125,1.03125,0.84375,1.21875,42.42499923706055,28.53125,1.0,2.59375,5.125,5.125,0.0,0,0 3
3791,947.2631225585938,945.5404052734375,805.9719848632812,310.15625,3.3125,0.0,5.0,5.0,1.875,0.0,1.125,0.84375,1.15625,38.53125,27.375,1.0,2.3125,5.4375,5.4375,0.0,3,3 2
3792,1058.7432861328125,1057.77880859375,905.0703125,338.7749938964844,3.53125,0.0,5.40625,5.40625,2.0,0.0625,1.125,0.90625,1.3125,43.51250076293945,19.71875,1.0,2.53125,5.15625,5.15625,0.0,0,0 1
3793,966.7059936523438,965.5225830078125,823.5225830078125,319.34375,3.34375,0.0,5.125,5.125,1.875,0.0625,1.09375,0.8125,1.28125,39.41875076293945,23.96875,1.0,2.34375,4.71875,4.71875,0.0,1,1 3
3794,1055.611328125,1054.372314453125,899.58544921875,354.98748779296875,3.5625,0.0,5.4375,5.4375,2.0,0.09375,1.21875,0.90625,1.21875,42.568748474121094,24.15625,1.0,2.5625,4.71875,4.71875,0.0,2,2 3
3795,929.7573852539062,929.0704956054688,792.6589965820312,300.5874938964844,3.28125,0.0,4.65625,4.65625,1.71875,0.0,0.9375,0.78125,1.21875,38.58124923706055,24.6875,1.0,2.28125,3.65625,3.65625,0.0,0,0 4
3796,904.0989379882812,902.8802490234375,769.5401000976562,319.2875061035156,3.1875,0.0,4.625,4.625,1.8125,0.03125,0.9375,0.78125,1.0625,38.89374923706055,26.25,1.0,2.1875,3.75,3.75,0.0,3,3 0
3797,905.3764038085938,903.40625,768.325439453125,312.125,3.21875,0.0,4.84375,4.84375,1.875,0.0625,0.90625,0.84375,1.15625,38.400001525878906,24.5625,1.0,2.21875,3.40625,3.40625,0.0,2,2 3
3798,867.4850463867188,865.8331298828125,736.7979736328125,309.13751220703125,3.09375,0.0,4.71875,4.71875,1.875,0.0,0.9375,0.84375,1.0625,37.587501525878906,25.90625,1.0,2.09375,3.5625,3.5625,0.0,3,3 2
3799,1018.3737182617188,1016.5593872070312,869.2365112304688,322.51873779296875,3.46875,0.0,5.0,5.0,1.90625,0.03125,1.0625,0.78125,1.21875,41.71875,25.34375,1.0,2.46875,3.5,3.5,0.0,4,4 3
3800,912.4986572265625,911.0582275390625,775.1751708984375,321.9624938964844,3.25,0.0,4.625,4.625,1.90625,0.03125,0.84375,0.8125,1.03125,37.693748474121094,32.875,1.0,2.25,4.5625,4.5625,0.0,3,3 4
3801,863.8053588867188,859.9329223632812,729.8333740234375,310.76873779296875,3.125,0.0,4.71875,4.71875,1.875,0.03125,0.90625,0.875,1.03125,35.756248474121094,35.15625,1.0,2.125,3.09375,3.09375,0.0,3,3 0
3802,825.6023559570312,822.9830322265625,698.044921875,308.40625,3.03125,0.0,4.4375,4.4375,1.75,0.03125,0.8125,0.84375,1.0,35.86249923706055,26.8125,1.0,2.03125,3.34375,3.34375,0.0,2,2 4
3803,1022.0059204101562,1019.8919677734375,869.2337036132812,344.4312438964844,3.53125,0.0,4.90625,4.90625,1.90625,0.0,1.0625,0.875,1.0625,41.662498474121094,31.65625,1.0,2.53125,3.84375,3.84375,0.0,0,0 3
3804,841.2603759765625,838.3148193359375,711.9630737304688,320.8687438964844,3.03125,0.0,4.65625,4.65625,1.90625,0.0,0.90625,0.78125,1.0625,35.39374923706055,29.5,1.0,2.03125,3.90625,3.90625,0.0,3,3 2
3805,934.0535888671875,932.4334106445312,793.6868286132812,330.11248779296875,3.3125,0.0,4.5625,4.5625,1.84375,0.0,0.84375,0.875,1.0,38.14374923706055,32.8125,1.0,2.3125,3.625,3.625,0.0,3,3 2
3806,877.710693359375,875.5050659179688,745.2288208007812,326.63751220703125,3.09375,0.0,4.84375,4.84375,1.84375,0.03125,0.96875,0.84375,1.15625,36.84375,25.28125,1.0,2.09375,3.46875,3.46875,0.0,3,3 0
3807,829.9370727539062,828.0807495117188,703.0656127929688,308.59375,3.03125,0.0,4.46875,4.46875,1.75,0.0,0.84375,0.78125,1.09375,35.54375076293945,32.375,1.0,2.03125,3.4375,3.4375,0.0,1,1 3
3808,903.3060913085938,902.1355590820312,766.8316040039062,329.83123779296875,3.21875,0.0,4.6875,4.6875,1.78125,0.0,0.96875,0.875,1.0625,38.193748474121094,24.75,1.0,2.21875,3.5,3.5,0.0,3,3 1
3809,1037.1861572265625,1035.6636962890625,883.9154052734375,343.0,3.5,0.0,5.5,5.5,2.15625,0.0,1.25,0.96875,1.125,42.212501525878906,25.59375,1.0,2.5,4.03125,4.03125,0.0,3,3 4
3810,1026.0565185546875,1024.6842041015625,874.1268310546875,354.6499938964844,3.5,0.0,5.09375,5.09375,2.03125,0.03125,1.0,0.90625,1.125,41.38750076293945,26.875,1.0,2.5,3.09375,3.09375,0.0,3,3 4
3811,877.4839477539062,876.3063354492188,744.528076171875,322.9624938964844,3.15625,0.0,4.59375,4.59375,1.8125,0.0,0.875,0.78125,1.125,37.181251525878906,31.65625,1.0,2.15625,2.8125,2.8125,0.0,2,2 3
3812,965.5231323242188,963.5842895507812,819.8560791015625,342.2749938964844,3.375,0.0,4.90625,4.90625,1.90625,0.03125,1.0,0.875,1.09375,40.21875,29.6875,1.0,2.375,3.34375,3.34375,0.0,3,3 0
3813,822.1817016601562,820.1414794921875,694.93212890625,302.6875,3.0625,0.0,4.34375,4.34375,1.78125,0.03125,0.71875,0.78125,1.03125,33.75,34.1875,1.0,2.0625,3.40625,3.40625,0.0,3,3 2
3814,749.7208862304688,748.8165893554688,633.8800048828125,302.8687438964844,2.84375,0.0,4.125,4.125,1.6875,0.03125,0.6875,0.8125,0.90625,32.53125,31.9375,1.53125,1.84375,3.34375,3.34375,0.0,1,1 0
3815,796.5347290039062,795.3507080078125,673.1267700195312,307.1875,3.0,0.0,4.21875,4.21875,1.71875,0.0,0.6875,0.71875,1.09375,33.275001525878906,31.71875,1.0,2.0,2.90625,2.90625,0.0,4,4 3
3816,798.4269409179688,795.40625,673.6712646484375,308.3687438964844,2.96875,0.0,4.375,4.375,1.8125,0.0,0.84375,0.8125,0.90625,34.04999923706055,35.90625,1.0,1.96875,3.09375,3.09375,0.0,3,3 4
3817,866.4019775390625,864.8240966796875,736.6168823242188,317.3500061035156,3.09375,0.0,4.46875,4.46875,1.78125,0.09375,0.84375,0.75,1.0,36.26250076293945,36.1875,1.625,2.09375,2.59375,2.59375,0.0,2,2 3
3818,832.1322631835938,831.0587768554688,704.2010498046875,305.01251220703125,3.09375,0.0,4.40625,4.40625,1.8125,0.0,0.84375,0.75,1.0,33.58124923706055,38.0625,1.0,2.09375,1.9375,1.9375,0.0,0,0 4
3819,832.3822631835938,829.9732666015625,703.7681274414062,305.8062438964844,3.0625,0.0,4.46875,4.46875,1.84375,0.03125,0.78125,0.8125,1.0,35.63750076293945,35.59375,1.0,2.0625,2.03125,2.03125,0.0,2,2 3
3820,972.412109375,970.4986572265625,825.9365234375,354.48748779296875,3.375,0.0,5.03125,5.03125,2.0,0.03125,0.9375,0.9375,1.125,38.681251525878906,35.71875,1.0,2.375,2.5625,2.5625,0.0,3,3 0
3821,978.1334228515625,977.26123046875,833.4977416992188,348.38751220703125,3.375,0.0,4.84375,4.84375,1.96875,0.0,0.90625,0.875,1.09375,40.10625076293945,32.9375,1.0,2.375,2.8125,2.8125,0.0,4,4 2
3822,878.1871948242188,877.0009765625,744.4102783203125,323.13751220703125,3.1875,0.0,4.5,4.5,1.78125,0.0,0.875,0.78125,1.0625,36.4375,33.03125,1.0,2.1875,2.8125,2.8125,0.0,3,3 1
3823,919.1631469726562,918.1483154296875,779.8257446289062,338.2437438964844,3.28125,0.0,4.6875,4.6875,1.9375,0.0625,0.90625,0.75,1.03125,38.04375076293945,33.09375,1.0,2.28125,2.59375,2.59375,0.0,3,3 4
3824,837.4395751953125,836.3232421875,708.87548828125,312.73748779296875,3.09375,0.0,4.4375,4.4375,1.78125,0.03125,0.8125,0.71875,1.09375,34.01874923706055,33.75,1.0,2.09375,2.5625,2.5625,0.0,3,3 4
3825,898.2489624023438,895.0632934570312,761.4161987304688,336.4312438964844,3.1875,0.0,4.5625,4.5625,1.90625,0.0,0.84375,0.78125,1.03125,37.224998474121094,28.34375,1.0,2.1875,2.78125,2.78125,0.0,3,3 2
3826,816.1099243164062,813.6360473632812,689.8094482421875,308.07501220703125,3.0,0.0,4.53125,4.53125,1.78125,0.03125,0.875,0.84375,1.0,34.98749923706055,31.625,1.28125,2.0,3.0625,3.0625,0.0,3,3 4
3827,898.9381713867188,896.8836059570312,762.0692749023438,327.21875,3.21875,0.0,4.65625,4.65625,1.84375,0.0,1.03125,0.8125,0.96875,36.89374923706055,29.46875,1.0,2.21875,2.8125,2.8125,0.0,3,3 1
3828,912.72265625,911.9161987304688,775.2244873046875,338.7562561035156,3.21875,0.0,4.9375,4.9375,1.9375,0.0,1.0,0.875,1.125,37.868751525878906,31.15625,1.0,2.21875,4.03125,4.03125,0.0,4,4 2
3829,786.7674560546875,786.2319946289062,664.5716552734375,317.1000061035156,2.96875,0.0,4.25,4.25,1.75,0.0,0.71875,0.78125,1.0,33.98749923706055,31.03125,1.0,1.96875,4.03125,4.03125,0.0,2,2 4
3830,868.296875,866.4298706054688,734.8847045898438,322.84375,3.15625,0.0,4.625,4.625,1.9375,0.0625,0.875,0.78125,0.96875,35.224998474121094,36.90625,1.0,2.15625,3.625,3.625,0.0,0,0 2
3831,890.6032104492188,889.6942138671875,756.6990966796875,335.59375,3.15625,0.0,4.6875,4.6875,1.875,0.0,1.0,0.84375,0.96875,38.349998474121094,34.5,2.1875,2.15625,4.15625,4.15625,0.0,4,4 0
3832,928.720703125,927.4285888671875,788.7515869140625,342.26873779296875,3.28125,0.0,4.75,4.75,1.875,0.0,1.03125,0.84375,1.0,37.506248474121094,32.59375,2.03125,2.28125,3.53125,3.53125,0.0,3,3 4
3833,995.7801513671875,995.0640869140625,848.8307495117188,332.35626220703125,3.4375,0.0,5.0,5.0,1.9375,0.0,0.96875,0.96875,1.125,40.224998474121094,34.59375,1.0,2.4375,3.375,3.375,0.0,2,2 1
3834,849.1287231445312,847.1619262695312,717.9724731445312,316.08123779296875,3.125,0.0,4.4375,4.4375,1.75,0.0,0.78125,0.78125,1.125,35.474998474121094,33.4375,1.0,2.125,3.8125,3.8125,0.0,3,3 0
3835,991.6270141601562,990.7586669921875,842.3455810546875,346.95001220703125,3.46875,0.0,5.0625,5.0625,2.03125,0.0625,0.96875,0.9375,1.0625,39.599998474121094,31.34375,1.0,2.46875,3.84375,3.84375,0.0,4,4 3
3836,876.559326171875,875.0393676757812,743.4876098632812,308.23126220703125,3.15625,0.0,4.6875,4.6875,1.84375,0.0,0.90625,0.875,1.0625,37.931251525878906,22.34375,1.0,2.15625,3.84375,3.84375,0.0,3,3 0
3837,966.5822143554688,965.3001708984375,823.0833129882812,334.0874938964844,3.34375,0.0,5.0,5.0,1.90625,0.03125,1.03125,0.875,1.15625,39.306251525878906,25.15625,1.0,2.34375,3.53125,3.53125,0.0,1,1 3
3838,1032.139404296875,1030.028564453125,881.5133056640625,335.98748779296875,3.46875,0.0,5.125,5.125,1.96875,0.0,1.09375,0.8125,1.25,41.82500076293945,29.15625,1.0,2.46875,2.875,2.875,0.0,0,0 2
3839,1094.8260498046875,1093.3704833984375,934.990234375,352.1625061035156,3.65625,0.0,5.375,5.375,2.09375,0.09375,1.1875,0.90625,1.09375,42.83124923706055,25.4375,1.0,2.65625,2.84375,2.84375,0.0,2,2 4
3840,1093.6658935546875,1091.4906005859375,932.3262939453125,342.9437561035156,3.6875,0.0,5.375,5.375,2.09375,0.0625,1.15625,0.875,1.1875,42.45624923706055,26.1875,1.0,2.6875,2.625,2.625,0.0,3,3 4
3841,1026.0367431640625,1023.8063354492188,874.3097534179688,318.1000061035156,3.5,0.0,5.28125,5.28125,1.9375,0.03125,1.1875,0.9375,1.1875,41.48125076293945,19.34375,1.0,2.5,1.875,1.875,0.0,4,4 3
3842,1130.81201171875,1129.74951171875,965.7214965820312,350.91876220703125,3.78125,0.0,5.3125,5.3125,1.9375,0.03125,1.25,1.0,1.09375,46.775001525878906,9.0,1.0,2.78125,2.46875,2.46875,0.0,2,2 3
3843,1115.411376953125,1113.279052734375,954.3019409179688,337.8812561035156,3.6875,0.0,5.28125,5.28125,1.9375,0.09375,1.21875,0.875,1.15625,44.90625,24.0625,1.0,2.6875,2.75,2.75,0.0,4,4 3
3844,1084.3082275390625,1082.374755859375,924.9859619140625,354.13751220703125,3.65625,0.0,5.09375,5.09375,2.0,0.0,1.0625,0.9375,1.09375,43.025001525878906,21.34375,1.0,2.65625,2.40625,2.40625,0.0,2,2 1
3845,1014.6463012695312,1013.2528076171875,865.3367309570312,336.8812561035156,3.46875,0.0,5.0,5.0,1.90625,0.0625,1.0625,0.90625,1.0625,41.025001525878906,23.1875,1.25,2.46875,2.09375,2.09375,0.0,2,2 3
3846,1206.391357421875,1204.480712890625,1032.8668212890625,377.98126220703125,3.90625,0.0,5.53125,5.53125,2.0625,0.0,1.34375,0.9375,1.1875,47.375,22.34375,1.0,2.90625,2.0625,2.0625,0.0,2,2 4
3847,1127.7607421875,1126.831298828125,965.4929809570312,367.5375061035156,3.6875,0.0,5.5,5.5,2.03125,0.0,1.34375,0.96875,1.15625,44.92499923706055,25.84375,1.0,2.6875,1.84375,1.84375,0.0,3,3 0
3848,1127.6180419921875,1124.7598876953125,961.6345825195312,359.3812561035156,3.75,0.0,5.375,5.375,2.03125,0.03125,1.15625,0.96875,1.1875,45.3125,27.125,1.0,2.75,2.4375,2.4375,0.0,3,3 1
3849,1053.3310546875,1050.373046875,896.6297607421875,351.0062561035156,3.5625,0.0,5.28125,5.28125,1.96875,0.0,1.09375,0.96875,1.25,41.349998474121094,27.96875,1.0,2.5625,2.84375,2.84375,0.0,3,3 4
3850,1057.5399169921875,1055.873291015625,903.58935546875,354.6937561035156,3.53125,0.0,5.15625,5.15625,2.0625,0.0625,1.0625,0.84375,1.125,42.287498474121094,30.1875,1.0,2.53125,2.125,2.125,0.0,4,4 3
3851,1012.3786010742188,1009.40625,863.4844970703125,337.58123779296875,3.40625,0.0,5.125,5.125,1.96875,0.03125,1.0625,0.90625,1.15625,41.556251525878906,23.9375,1.0,2.40625,2.4375,2.4375,0.0,3,3 2
3852,1088.8787841796875,1086.06982421875,927.42236328125,379.4125061035156,3.625,0.0,5.375,5.375,2.0,0.0,1.21875,0.9375,1.21875,44.037498474121094,24.65625,1.0,2.625,2.78125,2.78125,0.0,3,3 4
3853,1063.4462890625,1062.0390625,906.1580200195312,371.9312438964844,3.59375,0.0,5.15625,5.15625,2.0,0.03125,1.09375,0.9375,1.09375,42.900001525878906,28.90625,1.0,2.59375,2.625,2.625,0.0,2,2 3
3854,1098.8175048828125,1096.414306640625,936.8016357421875,375.88751220703125,3.65625,0.0,5.375,5.375,2.0625,0.03125,1.125,0.96875,1.1875,43.087501525878906,29.21875,1.0,2.65625,2.875,2.875,0.0,2,2 3
3855,917.0167846679688,914.6981201171875,777.7886962890625,327.3999938964844,3.25,0.0,4.8125,4.8125,1.90625,0.0,0.9375,0.90625,1.0625,37.71875,36.21875,1.0,2.25,1.96875,1.96875,0.0,3,3 4
3856,1055.6044921875,1051.801513671875,897.2360229492188,366.7749938964844,3.5625,0.0,5.28125,5.28125,2.03125,0.0625,1.1875,0.9375,1.0625,41.537498474121094,26.40625,1.0,2.5625,1.5625,1.5625,0.0,3,3 4
3857,945.3654174804688,942.53173828125,802.7923583984375,332.375,3.28125,0.0,5.03125,5.03125,1.9375,0.0625,1.0625,0.96875,1.0,39.90625,29.8125,1.0,2.28125,2.0625,2.0625,0.0,3,3 2
3858,897.53271484375,895.5302734375,760.84423828125,326.17498779296875,3.1875,0.0,4.9375,4.9375,1.9375,0.03125,1.0,0.9375,1.03125,37.51250076293945,31.46875,1.0,2.1875,1.84375,1.84375,0.0,3,3 2
3859,979.855224609375,975.357421875,831.46533203125,338.48126220703125,3.375,0.0,5.0,5.0,1.96875,0.0,0.9375,0.9375,1.15625,40.099998474121094,28.21875,1.0,2.375,2.34375,2.34375,0.0,3,3 2
3860,931.9234008789062,930.0965576171875,790.9393920898438,325.125,3.3125,0.0,4.75,4.75,1.8125,0.03125,0.96875,0.84375,1.09375,37.64374923706055,33.625,1.0,2.3125,1.78125,1.78125,0.0,2,2 3
3861,974.8086547851562,973.2931518554688,830.8541259765625,332.65625,3.34375,0.0,5.0,5.0,1.84375,0.0625,1.09375,0.96875,1.03125,40.9375,27.125,1.0,2.34375,1.9375,1.9375,0.0,3,3 4
3862,807.487548828125,806.167236328125,684.4202270507812,299.96875,2.96875,0.0,4.40625,4.40625,1.75,0.0,0.78125,0.90625,0.96875,35.756248474121094,28.78125,1.0,1.96875,1.3125,1.3125,0.0,4,4 3
3863,851.5101928710938,849.7147216796875,723.2557983398438,313.1812438964844,3.0625,0.0,4.4375,4.4375,1.625,0.0,0.90625,0.8125,1.09375,35.693748474121094,34.15625,1.0,2.0625,1.65625,1.65625,0.0,3,3 4
3864,957.2432861328125,954.6228637695312,813.1126708984375,329.65625,3.34375,0.0,4.90625,4.90625,1.9375,0.03125,1.0,0.875,1.0625,38.693748474121094,34.90625,1.0,2.34375,1.53125,1.53125,0.0,3,3 2
3865,777.8046264648438,774.4386596679688,654.8248901367188,311.0562438964844,2.90625,0.0,4.46875,4.46875,1.71875,0.0,0.8125,0.9375,1.0,34.01874923706055,31.21875,1.0,1.90625,1.78125,1.78125,0.0,3,3 2
3866,778.5977172851562,774.9501953125,655.2014770507812,296.9437561035156,2.9375,0.0,4.375,4.375,1.71875,0.0,0.78125,0.84375,1.03125,33.48125076293945,38.71875,1.0,1.9375,1.21875,1.21875,0.0,3,3 0
3867,802.3410034179688,799.4874267578125,677.342041015625,310.79376220703125,2.96875,0.0,4.375,4.375,1.75,0.03125,0.71875,0.875,1.0,35.65625,32.84375,1.0,1.96875,1.4375,1.4375,0.0,3,3 4
3868,860.8934326171875,858.8929443359375,730.8319091796875,311.2250061035156,3.09375,0.0,4.53125,4.53125,1.75,0.03125,0.8125,0.875,1.0625,35.76250076293945,34.0,1.25,2.09375,1.28125,1.28125,0.0,4,4 3
3869,861.21630859375,858.51171875,729.215087890625,320.79376220703125,3.125,0.0,4.34375,4.34375,1.6875,0.0,0.84375,0.8125,1.0,36.84375,31.0625,1.0,2.125,1.09375,1.09375,0.0,4,4 3
3870,752.4126586914062,748.5051879882812,632.4274291992188,303.0687561035156,2.875,0.0,4.0625,4.0625,1.65625,0.0,0.625,0.78125,1.0,32.912498474121094,35.03125,1.0,1.875,0.875,0.875,0.0,3,3 4
3871,803.2687377929688,802.2352905273438,679.50830078125,295.5687561035156,3.03125,0.0,4.1875,4.1875,1.625,0.03125,0.71875,0.75,1.0625,32.70000076293945,36.65625,1.0,2.03125,1.3125,1.3125,0.0,3,3 4
3872,772.6636962890625,770.96826171875,651.7317504882812,320.0874938964844,2.90625,0.0,4.28125,4.28125,1.75,0.0,0.65625,0.84375,1.03125,33.58124923706055,33.90625,1.0,1.90625,1.125,1.125,0.0,3,3 4
3873,794.5018920898438,792.7049560546875,672.1741943359375,309.45623779296875,2.9375,0.0,4.375,4.375,1.78125,0.0,0.71875,0.84375,1.03125,34.349998474121094,31.5625,1.25,1.9375,1.40625,1.40625,0.0,3,3 2
3874,934.8192749023438,933.5947265625,794.0143432617188,326.3374938964844,3.3125,0.0,4.84375,4.84375,1.90625,0.0,0.90625,0.9375,1.09375,37.57500076293945,31.78125,1.0,2.3125,1.875,1.875,0.0,3,3 2
3875,808.4269409179688,807.5930786132812,683.209716796875,312.95623779296875,3.03125,0.0,4.34375,4.34375,1.8125,0.0,0.65625,0.84375,1.03125,33.599998474121094,36.71875,1.0,2.03125,2.21875,2.21875,0.0,2,2 0
3876,767.8255615234375,765.501220703125,647.3861083984375,318.4375,2.875,0.0,4.34375,4.34375,1.6875,0.0,0.8125,0.84375,1.0,33.712501525878906,27.96875,1.0,1.875,1.875,1.875,0.0,3,3 2
3877,751.2766723632812,749.7279052734375,632.8980712890625,311.53125,2.875,0.0,4.1875,4.1875,1.75,0.03125,0.625,0.8125,0.96875,31.962499618530273,33.1875,1.0,1.875,2.375,2.375,0.0,3,3 2
3878,962.5466918945312,959.7545166015625,816.0953369140625,359.60626220703125,3.375,0.0,4.71875,4.71875,1.875,0.03125,0.875,0.84375,1.09375,39.1875,28.21875,1.0,2.375,2.1875,2.1875,0.0,3,3 0
3879,1077.58544921875,1074.46875,917.8211669921875,357.2250061035156,3.625,0.0,5.25,5.25,2.0625,0.0625,1.0625,0.90625,1.15625,41.868751525878906,33.34375,1.0,2.625,1.9375,1.9375,0.0,3,3 2
3880,1016.7030639648438,1013.3372192382812,866.5930786132812,336.14373779296875,3.46875,0.0,4.71875,4.71875,1.78125,0.0,1.0,0.875,1.0625,40.96875,34.4375,1.0,2.46875,2.03125,2.03125,0.0,3,3 0
3881,949.4028930664062,946.5020751953125,805.1834716796875,338.9125061035156,3.34375,0.0,4.6875,4.6875,1.84375,0.03125,1.0,0.875,0.9375,39.91875076293945,20.1875,1.0,2.34375,1.625,1.625,0.0,3,3 0
3882,1034.2598876953125,1032.238037109375,880.1046142578125,346.73748779296875,3.5625,0.0,4.9375,4.9375,1.875,0.09375,0.9375,0.875,1.15625,41.23125076293945,27.59375,1.0,2.5625,1.375,1.375,0.0,3,3 0
3883,816.5905151367188,813.9461059570312,692.1517333984375,286.26251220703125,3.0,0.0,4.28125,4.28125,1.625,0.0,0.9375,0.75,0.96875,35.3125,27.375,1.0,2.0,1.34375,1.34375,0.0,3,3 4
3884,1094.6942138671875,1090.7447509765625,932.4306640625,357.79998779296875,3.65625,0.0,5.25,5.25,2.03125,0.09375,1.03125,0.9375,1.15625,43.67499923706055,28.53125,1.0,2.65625,1.71875,1.71875,0.0,3,3 2
3885,1008.8726806640625,1006.4577026367188,857.587890625,335.4937438964844,3.5,0.0,4.9375,4.9375,1.96875,0.0625,0.9375,0.90625,1.0625,40.806251525878906,25.9375,1.0,2.5,1.96875,1.96875,0.0,3,3 4
3886,1058.09423828125,1054.4891357421875,901.5662231445312,356.8125,3.5625,0.0,4.9375,4.9375,1.875,0.03125,0.9375,0.90625,1.1875,42.818748474121094,30.03125,1.0,2.5625,2.59375,2.59375,0.0,3,3 4
3887,1045.569580078125,1042.490966796875,891.9148559570312,337.9624938964844,3.5,0.0,5.25,5.25,1.96875,0.0625,1.09375,0.84375,1.28125,42.65625,24.21875,1.0,2.5,2.875,2.875,0.0,3,3 1
3888,1168.3974609375,1165.932861328125,1000.7535400390625,356.875,3.78125,0.0,5.5625,5.5625,2.0625,0.03125,1.09375,0.96875,1.40625,45.962501525878906,30.125,1.0,2.78125,2.84375,2.84375,0.0,3,3 0
3889,980.3469848632812,978.0341796875,833.3138427734375,338.95623779296875,3.40625,0.0,4.84375,4.84375,1.84375,0.0,0.875,0.96875,1.15625,40.75,19.625,1.0,2.40625,2.375,2.375,0.0,3,3 2
3890,1112.6846923828125,1110.603515625,950.6447143554688,339.3687438964844,3.71875,0.0,5.21875,5.21875,2.03125,0.0625,1.0,0.9375,1.1875,44.04375076293945,26.75,1.0,2.71875,2.28125,2.28125,0.0,4,4 3
3891,982.71435546875,981.4351806640625,836.0050659179688,338.2437438964844,3.40625,0.0,5.0,5.0,1.90625,0.03125,0.9375,0.96875,1.15625,41.41875076293945,27.25,1.0,2.40625,2.75,2.75,0.0,3,3 2
3892,865.389404296875,860.1409301757812,730.9639892578125,321.61248779296875,3.09375,0.0,4.625,4.625,1.78125,0.03125,0.84375,0.84375,1.125,36.993751525878906,29.0,1.3125,2.09375,2.875,2.875,0.0,3,3 0
3893,879.4848022460938,875.4426879882812,742.6319580078125,335.38751220703125,3.15625,0.0,4.71875,4.71875,1.90625,0.03125,0.8125,0.875,1.09375,36.6875,29.34375,1.0,2.15625,2.875,2.875,0.0,3,3 1
3894,1020.2018432617188,1018.3084716796875,868.9049072265625,354.79376220703125,3.5,0.0,4.84375,4.84375,1.875,0.03125,0.9375,0.8125,1.1875,40.493751525878906,29.96875,1.0,2.5,3.65625,3.65625,0.0,3,3 4
3895,898.2022705078125,895.3562622070312,761.2552490234375,330.6937561035156,3.1875,0.0,4.71875,4.71875,1.78125,0.0,0.90625,0.875,1.15625,37.868751525878906,26.90625,1.0,2.1875,2.78125,2.78125,0.0,2,2 3
3896,845.8189697265625,844.5498046875,716.1096801757812,324.84375,3.09375,0.0,4.4375,4.4375,1.84375,0.0,0.6875,0.875,1.03125,36.16875076293945,33.59375,1.0,2.09375,3.28125,3.28125,0.0,3,3 4
3897,981.7149658203125,979.5704345703125,835.7976684570312,340.73126220703125,3.375,0.0,4.96875,4.96875,1.875,0.03125,1.0,0.84375,1.21875,39.506248474121094,32.8125,1.0,2.375,3.6875,3.6875,0.0,3,3 2
3898,802.8961791992188,798.5845336914062,676.2913818359375,297.5375061035156,3.0,0.0,4.34375,4.34375,1.71875,0.0,0.8125,0.8125,1.0,33.5625,30.75,1.0,2.0,3.5,3.5,0.0,3,3 4
3899,959.14892578125,955.7279052734375,814.0107421875,345.34375,3.3125,0.0,5.03125,5.03125,1.9375,0.03125,1.0,0.9375,1.125,40.0,28.03125,1.0,2.3125,4.53125,4.53125,0.0,3,3 0
3900,927.1136474609375,924.8660278320312,786.1378173828125,325.45001220703125,3.28125,0.0,5.0,5.0,1.96875,0.03125,0.875,0.96875,1.15625,36.90625,30.5625,1.0,2.28125,4.09375,4.09375,0.0,3,3 0
3901,903.3727416992188,901.49951171875,766.6870727539062,325.9375,3.1875,0.0,4.9375,4.9375,1.9375,0.0,0.9375,0.90625,1.15625,38.28125,33.6875,1.0,2.1875,3.21875,3.21875,0.0,3,3 1
3902,1022.5213623046875,1019.3844604492188,869.60107421875,358.41876220703125,3.46875,0.0,5.1875,5.1875,2.03125,0.0,1.0,0.9375,1.21875,41.25,29.53125,1.0,2.46875,4.71875,4.71875,0.0,3,3 2
3903,842.6754760742188,839.5159912109375,711.8519287109375,321.29376220703125,3.0625,0.0,4.625,4.625,1.78125,0.0,0.875,0.90625,1.0625,35.96875,33.09375,1.0,2.0625,3.4375,3.4375,0.0,3,3 4
3904,806.6244506835938,803.0496826171875,681.3283081054688,300.0562438964844,2.96875,0.0,4.46875,4.46875,1.71875,0.0,0.84375,0.84375,1.0625,34.20000076293945,28.34375,1.0,1.96875,3.4375,3.4375,0.0,3,3 4
3905,983.261474609375,979.9564208984375,835.1350708007812,347.60626220703125,3.375,0.0,5.125,5.125,1.9375,0.03125,1.0,0.96875,1.1875,39.95000076293945,31.96875,1.0,2.375,3.25,3.25,0.0,3,3 1
3906,866.8923950195312,865.3016357421875,735.9876708984375,319.41876220703125,3.09375,0.0,4.71875,4.71875,1.75,0.03125,1.0,0.8125,1.125,36.28125,28.6875,1.0,2.09375,3.25,3.25,0.0,3,3 0
3907,854.5838623046875,850.99560546875,720.0101318359375,341.6812438964844,3.125,0.0,4.59375,4.59375,1.8125,0.0,0.84375,0.84375,1.09375,34.868751525878906,32.90625,1.0,2.125,3.3125,3.3125,0.0,3,3 0
3908,758.9630737304688,754.9517822265625,637.4901733398438,316.79998779296875,2.875,0.0,4.3125,4.3125,1.625,0.03125,0.8125,0.8125,1.03125,31.231250762939453,34.65625,1.0,1.875,3.65625,3.65625,0.0,3,3 2
3909,852.5307006835938,849.36669921875,719.9525146484375,356.51873779296875,3.0625,0.0,4.65625,4.65625,1.75,0.0,0.90625,0.875,1.125,35.212501525878906,30.1875,1.0,2.0625,3.3125,3.3125,0.0,2,2 3
3910,773.1828002929688,766.9656982421875,647.05517578125,319.58123779296875,2.90625,0.0,4.46875,4.46875,1.78125,0.0,0.75,0.9375,1.0,33.29999923706055,32.28125,1.0,1.90625,3.40625,3.40625,0.0,3,3 2
3911,675.30029296875,672.6199340820312,565.3715209960938,304.625,2.6875,0.0,3.9375,3.9375,1.5625,0.0,0.6875,0.6875,1.0,29.956249237060547,30.5625,1.0,1.6875,3.65625,3.65625,0.0,3,3 4
3912,849.3723754882812,845.2108154296875,713.9383544921875,354.60626220703125,3.125,0.0,4.5,4.5,1.78125,0.0,0.78125,0.9375,1.0,34.95624923706055,33.78125,1.0,2.125,4.625,4.625,0.0,3,3 0
3913,798.6738891601562,795.5274047851562,673.1454467773438,338.85626220703125,2.96875,0.0,4.125,4.125,1.71875,0.0,0.53125,0.84375,1.03125,34.73125076293945,33.75,1.0,1.96875,5.0625,5.0625,0.0,3,3 4
3914,837.7913208007812,835.3575439453125,708.5646362304688,341.54376220703125,3.03125,0.0,4.4375,4.4375,1.78125,0.0,0.78125,0.84375,1.03125,36.962501525878906,30.96875,1.0,2.03125,3.75,3.75,0.0,3,3 4
3915,757.904541015625,753.0128173828125,637.7130126953125,324.4750061035156,2.8125,0.0,4.21875,4.21875,1.65625,0.0,0.625,0.84375,1.09375,33.756248474121094,25.8125,1.15625,1.8125,4.28125,4.28125,0.0,3,3 4
3916,815.7605590820312,811.266845703125,687.952392578125,330.23748779296875,2.96875,0.0,4.40625,4.40625,1.84375,0.0,0.59375,0.9375,1.03125,36.056251525878906,26.59375,1.0,1.96875,4.15625,4.15625,0.0,3,3 4
3917,870.4804077148438,867.4112548828125,737.1255493164062,339.3500061035156,3.09375,0.0,4.6875,4.6875,1.8125,0.03125,0.9375,0.84375,1.0625,36.837501525878906,26.4375,1.0,2.09375,3.65625,3.65625,0.0,3,3 2
3918,821.5123291015625,816.5166015625,691.5673828125,331.25,3.0,0.0,4.53125,4.53125,1.8125,0.0,0.71875,0.9375,1.0625,34.787498474121094,31.65625,1.0,2.0,3.46875,3.46875,0.0,3,3 0
3919,819.8323974609375,817.0068969726562,690.6300659179688,325.98126220703125,3.03125,0.0,4.625,4.625,1.875,0.0,0.8125,0.9375,1.0,34.806251525878906,35.75,1.0,2.03125,2.9375,2.9375,0.0,3,3 1
3920,822.6072387695312,817.8914794921875,691.4601440429688,327.63751220703125,3.03125,0.0,4.625,4.625,1.78125,0.0,0.875,0.90625,1.0625,34.650001525878906,38.1875,1.0,2.03125,2.625,2.625,0.0,3,3 2
3921,866.6957397460938,861.388671875,730.225341796875,347.6875,3.09375,0.0,4.8125,4.8125,1.8125,0.0,0.9375,1.0,1.0625,36.618751525878906,28.65625,1.0,2.09375,3.65625,3.65625,0.0,3,3 4
3922,875.2161865234375,869.45556640625,734.7261352539062,350.88751220703125,3.1875,0.0,4.75,4.75,1.90625,0.03125,0.78125,0.96875,1.0625,35.056251525878906,38.6875,1.0,2.1875,3.25,3.25,0.0,3,3 2
3923,821.921142578125,817.2643432617188,692.2945556640625,323.9375,3.0,0.0,4.59375,4.59375,1.8125,0.0,0.875,0.84375,1.0625,35.54375076293945,29.25,1.0,2.0,3.03125,3.03125,0.0,3,3 2
3924,803.1240844726562,800.2488403320312,676.3304443359375,342.57501220703125,2.96875,0.0,4.53125,4.53125,1.8125,0.0,0.71875,0.9375,1.0625,33.20624923706055,30.84375,1.0,1.96875,3.4375,3.4375,0.0,3,3 0
3925,832.925048828125,829.759765625,701.3748779296875,336.04376220703125,3.0625,0.0,4.6875,4.6875,1.84375,0.0,0.84375,0.9375,1.0625,34.48749923706055,34.71875,1.0,2.0625,3.9375,3.9375,0.0,3,3 2
3926,831.9727172851562,829.1390380859375,701.8173828125,334.89373779296875,3.0625,0.0,4.40625,4.40625,1.75,0.0,0.71875,0.9375,1.0,35.150001525878906,33.84375,1.0,2.0625,4.75,4.75,0.0,3,3 0
3927,853.6871948242188,850.3931884765625,719.9133911132812,352.29998779296875,3.09375,0.0,4.65625,4.65625,1.78125,0.03125,0.90625,0.875,1.0625,35.01250076293945,32.875,1.0,2.09375,4.25,4.25,0.0,3,3 4
3928,822.7759399414062,819.2421875,693.0865478515625,320.45623779296875,3.03125,0.0,4.65625,4.65625,1.875,0.0,0.875,0.84375,1.0625,34.41875076293945,34.8125,1.0,2.03125,4.40625,4.40625,0.0,3,3 2
3929,904.9910278320312,903.2643432617188,766.6962280273438,348.3999938964844,3.21875,0.0,4.8125,4.8125,1.9375,0.0,0.875,0.875,1.125,37.28125,35.71875,1.0,2.21875,4.84375,4.84375,0.0,3,3 0
3930,802.2643432617188,801.73583984375,677.6640014648438,330.41876220703125,2.96875,0.0,4.71875,4.71875,1.84375,0.0,0.9375,0.9375,1.0,33.26874923706055,33.03125,1.0,1.96875,5.125,5.125,0.0,3,3 4
3931,825.7762451171875,822.1468505859375,695.8358154296875,334.59375,3.0,0.0,4.78125,4.78125,1.8125,0.0,0.96875,0.96875,1.03125,35.868751525878906,29.84375,1.0,2.0,4.625,4.625,0.0,3,3 2
3932,769.7963256835938,767.1322631835938,647.6307373046875,339.8125,2.875,0.0,4.4375,4.4375,1.625,0.0,0.90625,0.8125,1.09375,33.39374923706055,28.625,1.0,1.875,4.28125,4.28125,0.0,3,3 2
3933,791.7117919921875,787.1595458984375,666.2247314453125,330.07501220703125,2.90625,0.0,4.5,4.5,1.75,0.0,0.8125,0.875,1.0625,35.381248474121094,28.1875,1.0,1.90625,3.84375,3.84375,0.0,3,3 4
3934,850.50439453125,847.1142578125,716.5724487304688,349.23748779296875,3.09375,0.0,4.71875,4.71875,1.84375,0.0,0.9375,0.875,1.0625,34.818748474121094,33.9375,1.0,2.09375,4.75,4.75,0.0,3,3 2
3935,862.9464721679688,856.9276123046875,726.4361572265625,340.51251220703125,3.09375,0.0,4.75,4.75,1.84375,0.0,0.875,0.9375,1.09375,36.26874923706055,32.03125,1.0,2.09375,4.28125,4.28125,0.0,3,3 0
3936,865.5601196289062,861.2818603515625,729.2723388671875,334.51251220703125,3.125,0.0,4.84375,4.84375,1.90625,0.0,0.90625,0.9375,1.09375,36.993751525878906,28.6875,1.0,2.125,4.03125,4.03125,0.0,3,3 4
3937,850.657958984375,846.7083129882812,716.1904296875,328.6499938964844,3.09375,0.0,4.9375,4.9375,1.90625,0.0,1.0,0.96875,1.0625,35.54375076293945,37.53125,1.0,2.09375,2.4375,2.4375,0.0,3,3 2
3938,838.2163696289062,833.9103393554688,704.9663696289062,326.7562561035156,3.0625,0.0,4.90625,4.90625,1.90625,0.0,1.0,0.96875,1.03125,35.3125,35.34375,1.0,2.0625,3.75,3.75,0.0,3,3 4
3939,956.0706176757812,951.3239135742188,809.34033203125,361.70623779296875,3.3125,0.0,4.90625,4.90625,1.84375,0.0,1.03125,0.90625,1.125,39.712501525878906,30.40625,1.0,2.3125,4.25,4.25,0.0,3,3 4
3940,884.4088745117188,880.6491088867188,747.0982666015625,343.07501220703125,3.15625,0.0,4.8125,4.8125,1.78125,0.0,0.96875,0.90625,1.15625,36.58124923706055,33.0625,1.0,2.15625,3.65625,3.65625,0.0,3,3 4
3941,915.8194580078125,914.41455078125,777.4559326171875,359.51873779296875,3.1875,0.0,5.0,5.0,1.875,0.03125,1.0,0.90625,1.1875,39.48749923706055,27.875,1.0,2.1875,4.28125,4.28125,0.0,3,3 4
3942,884.3016357421875,881.6927490234375,746.0994262695312,362.45001220703125,3.1875,0.0,4.75,4.75,1.90625,0.0,0.84375,0.90625,1.09375,36.64374923706055,31.8125,1.0,2.1875,3.71875,3.71875,0.0,3,3 4
3943,803.8983154296875,800.0910034179688,675.5700073242188,332.5687561035156,3.0,0.0,4.4375,4.4375,1.78125,0.0,0.8125,0.8125,1.03125,34.125,32.0625,1.0,2.0,3.59375,3.59375,0.0,3,3 2
3944,859.9472045898438,855.89599609375,724.88818359375,354.7124938964844,3.09375,0.0,4.6875,4.6875,1.84375,0.0,0.875,0.875,1.09375,36.58124923706055,28.21875,1.0,2.09375,4.125,4.125,0.0,3,3 4
3945,682.3878173828125,677.8345947265625,570.3690185546875,315.3812561035156,2.65625,0.0,4.125,4.125,1.625,0.0,0.8125,0.6875,1.0,31.299999237060547,32.59375,1.0,1.65625,2.71875,2.71875,0.0,3,3 2
3946,725.218994140625,723.5091552734375,610.5809326171875,306.79998779296875,2.78125,0.0,4.21875,4.21875,1.65625,0.0,0.75,0.84375,0.96875,32.78125,34.6875,1.0,1.78125,2.71875,2.71875,0.0,3,3 2
3947,802.6323852539062,799.1650390625,678.0035400390625,335.0375061035156,2.90625,0.0,4.46875,4.46875,1.75,0.0,0.84375,0.78125,1.09375,35.95624923706055,25.125,1.65625,1.90625,2.5,2.5,0.0,3,3 2
3948,882.1077880859375,876.5348510742188,744.4532470703125,338.3187561035156,3.125,0.0,4.84375,4.84375,1.78125,0.0625,1.03125,0.78125,1.1875,36.337501525878906,30.21875,1.0,2.125,2.4375,2.4375,0.0,3,3 2
3949,911.6660766601562,908.35546875,772.1572265625,362.54998779296875,3.1875,0.0,4.8125,4.8125,1.84375,0.03125,1.0,0.8125,1.125,38.587501525878906,28.21875,1.0,2.1875,3.59375,3.59375,0.0,3,3 0
3950,820.9813842773438,816.45556640625,689.9616088867188,345.91876220703125,3.03125,0.0,4.375,4.375,1.71875,0.0,0.84375,0.78125,1.03125,35.474998474121094,34.1875,1.0,2.03125,3.5,3.5,0.0,3,3 4
3951,759.8826293945312,757.3363647460938,639.7149658203125,312.54376220703125,2.875,0.0,4.375,4.375,1.59375,0.0,0.9375,0.78125,1.0625,31.912500381469727,29.5625,1.0,1.875,3.28125,3.28125,0.0,3,3 0
3952,838.9683227539062,835.8763427734375,706.7731323242188,355.3187561035156,3.0625,0.0,4.625,4.625,1.71875,0.0,0.875,0.9375,1.09375,34.51250076293945,33.0625,1.0,2.0625,3.25,3.25,0.0,3,3 4
3953,696.2649536132812,692.22265625,583.5029907226562,302.89373779296875,2.71875,0.0,3.96875,3.96875,1.5,0.0,0.8125,0.65625,1.0,30.625,34.125,1.0,1.71875,2.28125,2.28125,0.0,3,3 4
3954,655.8648071289062,653.9690551757812,549.9752807617188,296.26873779296875,2.625,0.0,3.875,3.875,1.53125,0.0,0.71875,0.65625,0.96875,30.168750762939453,33.8125,1.0,1.625,2.46875,2.46875,0.0,3,3 4
3955,735.3082275390625,732.85400390625,616.9404907226562,322.20001220703125,2.84375,0.0,4.1875,4.1875,1.6875,0.0,0.75,0.75,1.0,31.200000762939453,32.5,1.0,1.84375,2.53125,2.53125,0.0,3,3 2
3956,742.20458984375,738.7464599609375,626.1605224609375,312.6812438964844,2.78125,0.0,4.0625,4.0625,1.53125,0.0,0.75,0.71875,1.0625,32.71875,30.03125,1.46875,1.78125,2.25,2.25,0.0,3,3 2
3957,757.8792114257812,755.5445556640625,638.2252807617188,310.9375,2.875,0.0,4.3125,4.3125,1.625,0.0,0.90625,0.71875,1.0625,32.068748474121094,34.5,1.0,1.875,2.5,2.5,0.0,3,3 2
3958,668.7609252929688,666.4990844726562,560.4252319335938,275.54376220703125,2.6875,0.0,4.0625,4.0625,1.625,0.0,0.71875,0.71875,1.0,28.731250762939453,35.9375,1.0,1.6875,2.3125,2.3125,0.0,3,3 4
3959,823.662109375,819.0743408203125,694.7396850585938,321.23126220703125,3.0,0.0,4.53125,4.53125,1.71875,0.03125,0.9375,0.75,1.09375,34.15625,30.125,1.0,2.0,2.65625,2.65625,0.0,3,3 4
3960,833.088623046875,827.9248046875,703.0982666015625,317.5625,3.0,0.0,4.625,4.625,1.65625,0.03125,1.0625,0.75,1.125,35.82500076293945,26.21875,1.0,2.0,2.4375,2.4375,0.0,3,3 0
3961,793.6680297851562,790.6875610351562,672.17236328125,315.76873779296875,2.875,0.0,4.40625,4.40625,1.65625,0.0,0.84375,0.78125,1.125,35.287498474121094,25.03125,1.28125,1.875,2.5,2.5,0.0,3,3 2
3962,889.8233642578125,886.7145385742188,754.68994140625,332.5062561035156,3.15625,0.0,4.53125,4.53125,1.8125,0.0,0.875,0.71875,1.125,37.287498474121094,32.28125,1.0,2.15625,1.8125,1.8125,0.0,3,3 0
3963,909.3294067382812,906.8463134765625,772.3238525390625,325.61248779296875,3.1875,0.0,4.84375,4.84375,1.8125,0.0,1.0625,0.875,1.09375,38.84375,24.84375,1.0,2.1875,2.0,2.0,0.0,0,0 3
3964,727.30810546875,724.6795654296875,613.6124267578125,290.86248779296875,2.78125,0.0,3.96875,3.96875,1.59375,0.0,0.71875,0.65625,1.0,32.42499923706055,26.4375,1.0,1.78125,2.40625,2.40625,0.0,3,3 4
3965,777.5972290039062,774.2174072265625,656.34033203125,307.15625,2.90625,0.0,4.09375,4.09375,1.5625,0.0,0.84375,0.59375,1.09375,33.787498474121094,25.125,1.0,1.90625,1.375,1.375,0.0,3,3 2
3966,921.9336547851562,919.4013671875,780.6569213867188,337.0,3.28125,0.0,4.78125,4.78125,1.875,0.0,0.90625,0.875,1.125,38.650001525878906,27.34375,1.0,2.28125,1.8125,1.8125,0.0,3,3 2
3967,953.1970825195312,949.0787963867188,809.7359619140625,343.3187561035156,3.28125,0.0,4.78125,4.78125,1.875,0.0,0.9375,0.78125,1.1875,40.21875,25.78125,1.0,2.28125,1.71875,1.71875,0.0,3,3 4
3968,820.0463256835938,816.8525390625,693.7647094726562,301.65625,3.0,0.0,4.4375,4.4375,1.65625,0.0,0.90625,0.78125,1.09375,34.75,30.5,1.0,2.0,1.9375,1.9375,0.0,3,3 4
3969,704.5377807617188,700.5753173828125,592.9010009765625,280.45623779296875,2.71875,0.0,3.96875,3.96875,1.5625,0.0,0.75,0.5625,1.09375,31.049999237060547,31.0,1.0,1.71875,1.78125,1.78125,0.0,3,3 0
3970,756.6954345703125,754.3914794921875,639.6781005859375,274.1812438964844,2.875,0.0,4.125,4.125,1.625,0.0,0.75,0.625,1.125,31.96875,33.34375,1.0,1.875,2.09375,2.09375,0.0,0,0 3
3971,999.9617309570312,997.0235595703125,850.2840576171875,353.57501220703125,3.40625,0.0,5.15625,5.15625,2.0,0.0,1.03125,0.90625,1.21875,40.962501525878906,29.84375,1.0,2.40625,2.125,2.125,0.0,2,2 3
3972,838.9847412109375,835.3956909179688,711.507080078125,306.84375,3.0,0.0,4.5,4.5,1.71875,0.0,0.9375,0.71875,1.125,36.368751525878906,28.625,1.59375,2.0,1.75,1.75,0.0,3,3 2
3973,900.88427734375,898.9851684570312,766.4088134765625,329.01873779296875,3.15625,0.0,4.65625,4.65625,1.6875,0.0,1.03125,0.6875,1.25,38.54375076293945,23.59375,1.0,2.15625,2.03125,2.03125,0.0,3,3 4
3974,990.3632202148438,988.3541259765625,845.3306884765625,316.15625,3.375,0.0,5.03125,5.03125,1.78125,0.0,1.21875,0.8125,1.21875,40.78125,28.09375,1.0,2.375,2.25,2.25,0.0,3,3 2
3975,782.1107177734375,779.7811279296875,661.4242553710938,285.96875,2.9375,0.0,4.21875,4.21875,1.5625,0.03125,0.875,0.59375,1.15625,32.26874923706055,35.8125,1.0,1.9375,1.6875,1.6875,0.0,3,3 2
3976,732.3295288085938,729.686279296875,618.8839721679688,277.6812438964844,2.78125,0.0,4.09375,4.09375,1.625,0.0,0.75,0.625,1.09375,31.837499618530273,32.03125,1.71875,1.78125,1.96875,1.96875,0.0,3,3 2
3977,979.5718994140625,976.7138671875,834.5648193359375,328.0249938964844,3.34375,0.0,5.0,5.0,1.9375,0.0,1.0625,0.8125,1.1875,40.61249923706055,25.09375,1.0,2.34375,2.53125,2.53125,0.0,3,3 4
3978,1025.0428466796875,1023.4021606445312,875.7279052734375,337.17498779296875,3.4375,0.0,5.1875,5.1875,1.9375,0.03125,1.125,0.875,1.21875,42.724998474121094,21.6875,1.0,2.4375,2.625,2.625,0.0,3,3 2
3979,918.9330444335938,915.4080810546875,780.4312744140625,309.79376220703125,3.21875,0.0,4.90625,4.90625,1.78125,0.0,1.09375,0.78125,1.25,37.08124923706055,25.78125,1.0,2.21875,3.15625,3.15625,0.0,3,3 2
3980,787.134033203125,784.0050659179688,666.3490600585938,291.25,2.90625,0.0,4.21875,4.21875,1.65625,0.0,0.84375,0.625,1.09375,34.20000076293945,27.15625,1.0,1.90625,2.53125,2.53125,0.0,3,3 2
3981,833.5371704101562,828.27880859375,705.5650024414062,289.35626220703125,3.0,0.0,4.5,4.5,1.6875,0.0,0.9375,0.6875,1.1875,34.70000076293945,28.03125,1.0,2.0,2.75,2.75,0.0,3,3 4
3982,863.7964477539062,860.7105712890625,732.907958984375,316.8125,3.0625,0.0,4.6875,4.6875,1.6875,0.0625,1.0,0.75,1.1875,36.59375,25.125,1.0,2.0625,3.0,3.0,0.0,3,3 2
3983,806.3970336914062,803.3746948242188,683.6759033203125,290.1812438964844,2.9375,0.0,4.40625,4.40625,1.65625,0.03125,0.90625,0.59375,1.21875,34.38750076293945,30.0625,1.0,1.9375,2.65625,2.65625,0.0,3,3 0
3984,713.437744140625,711.1686401367188,600.7625732421875,291.6312561035156,2.75,0.0,4.21875,4.21875,1.625,0.0,0.84375,0.71875,1.03125,30.274999618530273,30.59375,1.0,1.75,2.71875,2.71875,0.0,2,2 3
3985,714.6067504882812,710.4240112304688,601.3224487304688,270.48126220703125,2.75,0.0,4.09375,4.09375,1.53125,0.0,0.84375,0.625,1.09375,31.681249618530273,30.78125,1.0,1.75,3.3125,3.3125,0.0,3,3 2
3986,957.1088256835938,954.7796020507812,812.301025390625,342.76251220703125,3.34375,0.0,4.96875,4.96875,1.9375,0.0,1.0,0.8125,1.21875,39.04375076293945,32.15625,1.0,2.34375,3.96875,3.96875,0.0,3,3 2
3987,1008.5772094726562,1007.0357666015625,860.3211669921875,338.2875061035156,3.4375,0.0,5.03125,5.03125,1.90625,0.03125,1.03125,0.78125,1.28125,40.556251525878906,31.21875,1.0,2.4375,3.4375,3.4375,0.0,3,3 4
3988,758.7780151367188,757.083251953125,642.1639404296875,292.1000061035156,2.84375,0.0,4.1875,4.1875,1.59375,0.0,0.84375,0.65625,1.09375,34.037498474121094,29.375,1.0,1.84375,2.8125,2.8125,0.0,3,3 4
3989,813.8555908203125,811.4083251953125,688.4575805664062,309.90625,3.0,0.0,4.3125,4.3125,1.65625,0.0,0.84375,0.625,1.1875,34.474998474121094,32.3125,1.0,2.0,3.25,3.25,0.0,3,3 0
3990,702.4786987304688,698.7055053710938,590.4595947265625,296.4624938964844,2.71875,0.0,3.875,3.875,1.5625,0.0,0.625,0.5625,1.125,31.862499237060547,35.53125,1.0,1.71875,3.78125,3.78125,0.0,3,3 4
3991,696.8029174804688,695.067138671875,587.0771484375,285.67498779296875,2.75,0.0,3.6875,3.6875,1.5625,0.0,0.6875,0.375,1.0625,30.3125,39.40625,1.0,1.75,2.28125,2.28125,0.0,2,2 3
3992,723.3243408203125,720.6387329101562,608.7252197265625,298.1812438964844,2.8125,0.0,3.8125,3.8125,1.5625,0.0,0.59375,0.5625,1.09375,31.274999618530273,39.59375,1.0,1.8125,2.5625,2.5625,0.0,3,3 2
3993,658.765380859375,653.7822265625,552.6292724609375,272.8500061035156,2.625,0.0,3.5,3.5,1.375,0.0,0.59375,0.4375,1.09375,29.225000381469727,36.59375,1.0,1.625,2.15625,2.15625,0.0,3,3 4
3994,736.453369140625,731.3045043945312,616.7840576171875,313.8187561035156,2.84375,0.0,3.96875,3.96875,1.59375,0.03125,0.65625,0.5625,1.125,30.649999618530273,39.84375,1.0,1.84375,2.28125,2.28125,0.0,3,3 4
3995,565.948974609375,561.3943481445312,469.8133239746094,260.4750061035156,2.4375,0.0,3.375,3.375,1.375,0.0,0.5625,0.40625,1.03125,26.012500762939453,36.125,1.0,1.4375,1.6875,1.6875,0.0,3,3 4
3996,587.8438720703125,582.8226318359375,487.653564453125,271.26873779296875,2.5,0.0,3.46875,3.46875,1.46875,0.0,0.5,0.46875,1.03125,26.28125,40.96875,1.0,1.5,1.90625,1.90625,0.0,3,3 2
3997,707.6235961914062,703.991455078125,593.336181640625,312.09375,2.75,0.0,3.96875,3.96875,1.53125,0.0,0.6875,0.65625,1.09375,31.53125,36.9375,1.0,1.75,2.40625,2.40625,0.0,3,3 4
3998,807.4059448242188,800.4739379882812,677.475341796875,326.34375,2.96875,0.0,4.46875,4.46875,1.625,0.03125,0.9375,0.6875,1.1875,33.993751525878906,34.9375,1.0,1.96875,2.4375,2.4375,0.0,3,3 4
3999,786.358642578125,782.3078002929688,662.8028564453125,319.8500061035156,2.90625,0.0,4.34375,4.34375,1.59375,0.0,0.875,0.6875,1.1875,33.75,31.1875,1.0,1.90625,1.75,1.75,0.0,3,3 2
4000,856.9632568359375,854.4708251953125,724.9451904296875,338.48748779296875,3.09375,0.0,4.5625,4.5625,1.8125,0.0,0.8125,0.75,1.1875,35.631248474121094,32.875,1.0,2.09375,2.03125,2.03125,0.0,3,3 2
4001,642.0260009765625,639.3900146484375,539.7572021484375,280.3062438964844,2.5625,0.0,3.6875,3.6875,1.40625,0.0,0.71875,0.5,1.0625,29.125,34.15625,2.3125,1.5625,1.21875,1.21875,0.0,3,3 4
4002,727.406982421875,724.8490600585938,614.78857421875,297.2749938964844,2.75,0.0,3.9375,3.9375,1.53125,0.0,0.75,0.625,1.03125,33.037498474121094,30.03125,2.875,1.75,1.3125,1.3125,0.0,3,3 4
4003,763.571533203125,759.125732421875,640.9073486328125,325.0687561035156,2.875,0.0,4.375,4.375,1.65625,0.0,0.90625,0.65625,1.15625,31.75,37.3125,1.0,1.875,1.1875,1.1875,0.0,3,3 2
4004,617.7713623046875,613.3924560546875,514.2733154296875,285.76873779296875,2.5625,0.0,3.5625,3.5625,1.46875,0.0,0.5625,0.5,1.03125,27.53125,36.1875,1.0,1.5625,1.5625,1.5625,0.0,3,3 4
4005,567.6409912109375,564.7009887695312,473.500244140625,257.73748779296875,2.4375,0.0,3.28125,3.28125,1.3125,0.0,0.46875,0.46875,1.03125,26.743749618530273,41.75,2.21875,1.4375,1.15625,1.15625,0.0,3,3 2
4006,667.0079345703125,661.3521728515625,556.5899658203125,293.8999938964844,2.65625,0.0,3.78125,3.78125,1.46875,0.0,0.625,0.59375,1.09375,29.887500762939453,37.03125,1.0,1.65625,0.84375,0.84375,0.0,3,3 4
4007,738.8319091796875,733.1246948242188,617.9307861328125,307.26873779296875,2.84375,0.0,4.1875,4.1875,1.6875,0.03125,0.75,0.65625,1.0625,31.350000381469727,37.625,1.0,1.84375,1.28125,1.28125,0.0,3,3 2
4008,648.6536254882812,642.7772827148438,539.549072265625,284.17498779296875,2.625,0.0,3.875,3.875,1.59375,0.0,0.625,0.625,1.03125,29.274999618530273,35.0625,1.0,1.625,1.21875,1.21875,0.0,3,3 4
4009,685.0789794921875,680.6590576171875,576.1114501953125,296.0,2.625,0.0,3.9375,3.9375,1.5,0.0,0.8125,0.59375,1.03125,31.931249618530273,25.03125,1.0625,1.625,0.96875,0.96875,0.0,3,3 1
4010,637.4598999023438,632.8226318359375,530.6658935546875,274.65625,2.625,0.0,3.78125,3.78125,1.46875,0.0,0.6875,0.625,1.0,28.049999237060547,41.40625,1.0,1.625,0.96875,0.96875,0.0,3,3 4
4011,694.4363403320312,691.0214233398438,581.9381103515625,295.5249938964844,2.71875,0.0,4.1875,4.1875,1.625,0.0,0.78125,0.75,1.03125,29.831249237060547,36.0,1.09375,1.71875,1.15625,1.15625,0.0,3,3 4
4012,667.9815063476562,663.1434326171875,556.4806518554688,290.40625,2.6875,0.0,4.0625,4.0625,1.625,0.0,0.75,0.6875,1.0,27.875,36.3125,1.0,1.6875,0.6875,0.6875,0.0,3,3 4
4013,647.0677490234375,643.1214599609375,542.2434692382812,265.875,2.59375,0.0,3.84375,3.84375,1.53125,0.0,0.6875,0.59375,1.03125,29.287500381469727,38.78125,1.0,1.59375,1.15625,1.15625,0.0,3,3 4
4014,614.9915161132812,610.9340209960938,512.9876708984375,261.79376220703125,2.5625,0.0,3.59375,3.59375,1.46875,0.0,0.59375,0.5,1.03125,26.981250762939453,39.84375,1.0,1.5625,1.15625,1.15625,0.0,3,3 2
4015,675.814208984375,671.7552490234375,566.4981079101562,275.45001220703125,2.6875,0.0,3.84375,3.84375,1.53125,0.0,0.71875,0.5625,1.03125,29.081249237060547,41.53125,1.0,1.6875,0.96875,0.96875,0.0,3,3 2
4016,599.4920043945312,596.2764282226562,499.82183837890625,249.9875030517578,2.53125,0.0,3.71875,3.71875,1.46875,0.0,0.65625,0.5625,1.03125,26.487499237060547,41.78125,1.0,1.53125,0.78125,0.78125,0.0,3,3 2
4017,642.9528198242188,636.0682983398438,536.0006713867188,269.70001220703125,2.5625,0.0,3.9375,3.9375,1.5625,0.0,0.8125,0.625,0.9375,28.931249618530273,32.75,1.0,1.5625,0.65625,0.65625,0.0,3,3 1
4018,646.4234008789062,642.1437377929688,541.29638671875,264.42498779296875,2.59375,0.0,3.90625,3.90625,1.46875,0.0,0.8125,0.5625,1.0625,28.131250381469727,32.28125,1.0,1.59375,1.0625,1.0625,0.0,3,3 4
4019,775.68310546875,769.142578125,651.2433471679688,287.2124938964844,2.90625,0.0,4.40625,4.40625,1.6875,0.0625,0.84375,0.71875,1.09375,32.506248474121094,34.65625,1.0,1.90625,0.8125,0.8125,0.0,3,3 2
4020,841.7259521484375,837.3419189453125,708.4913330078125,306.59375,3.125,0.0,4.53125,4.53125,1.8125,0.0,0.8125,0.78125,1.125,34.14374923706055,35.15625,1.0,2.125,1.0625,1.0625,0.0,3,3 4
4021,916.0420532226562,913.4767456054688,776.48828125,320.17498779296875,3.25,0.0,4.9375,4.9375,1.78125,0.0,1.03125,0.875,1.25,37.38750076293945,33.9375,1.0,2.25,0.875,0.875,0.0,3,3 4
4022,870.8062744140625,866.4244995117188,735.1231079101562,314.6499938964844,3.125,0.0,4.9375,4.9375,1.84375,0.03125,1.0,0.9375,1.125,36.493751525878906,32.53125,1.0,2.125,1.21875,1.21875,0.0,3,3 2
4023,785.7930908203125,784.8544921875,664.6904907226562,297.9312438964844,2.9375,0.0,4.4375,4.4375,1.6875,0.0,0.875,0.75,1.125,34.125,34.875,1.0,1.9375,1.09375,1.09375,0.0,3,3 4
4024,856.2560424804688,853.4373168945312,724.8049926757812,306.9750061035156,3.09375,0.0,4.71875,4.71875,1.71875,0.0,1.0,0.84375,1.15625,35.95000076293945,29.90625,1.0,2.09375,1.21875,1.21875,0.0,3,3 4
4025,735.25439453125,731.1854858398438,619.5538940429688,283.2749938964844,2.78125,0.0,4.25,4.25,1.5625,0.0,0.875,0.71875,1.09375,31.418750762939453,34.5,1.03125,1.78125,1.25,1.25,0.0,3,3 2
4026,829.8435668945312,824.3826904296875,700.6475830078125,309.20001220703125,3.0,0.0,4.46875,4.46875,1.6875,0.0,0.90625,0.71875,1.15625,35.556251525878906,33.8125,1.0,2.0,1.40625,1.40625,0.0,3,3 4
4027,789.6698608398438,787.8466186523438,666.5983276367188,307.5625,2.9375,0.0,4.625,4.625,1.84375,0.0,0.90625,0.84375,1.03125,33.306251525878906,34.15625,1.0,1.9375,1.84375,1.84375,0.0,3,3 4
4028,776.8810424804688,773.3980712890625,655.9943237304688,291.3500061035156,2.875,0.0,4.5,4.5,1.75,0.0,0.90625,0.78125,1.0625,33.8125,33.96875,1.0,1.875,1.40625,1.40625,0.0,3,3 0
4029,769.3528442382812,765.296875,647.6658935546875,289.16876220703125,2.90625,0.0,4.28125,4.28125,1.625,0.0,0.875,0.75,1.03125,33.25,38.0625,1.0,1.90625,1.625,1.625,0.0,3,3 2
4030,853.91455078125,850.400390625,722.6890869140625,298.6000061035156,3.09375,0.0,4.59375,4.59375,1.71875,0.0,0.90625,0.84375,1.125,35.9375,32.96875,1.0,2.09375,1.625,1.625,0.0,3,3 4
4031,880.56298828125,876.1702880859375,746.4849853515625,309.98126220703125,3.09375,0.0,4.84375,4.84375,1.78125,0.0,1.0625,0.875,1.125,38.1875,27.1875,1.0,2.09375,2.21875,2.21875,0.0,3,3 4
4032,884.6353759765625,880.78759765625,749.9139404296875,290.6312561035156,3.15625,0.0,4.8125,4.8125,1.84375,0.0,0.9375,0.875,1.15625,36.275001525878906,36.71875,1.0,2.15625,1.9375,1.9375,0.0,3,3 2
4033,853.500732421875,851.5567626953125,725.5977783203125,295.90625,3.0625,0.0,4.53125,4.53125,1.6875,0.0,0.90625,0.75,1.1875,35.631248474121094,33.0625,1.0,2.0625,2.1875,2.1875,0.0,3,3 2
4034,893.87158203125,889.4705200195312,757.78369140625,309.4437561035156,3.15625,0.0,4.75,4.75,1.8125,0.0,0.90625,0.84375,1.1875,36.95624923706055,32.71875,1.0,2.15625,2.28125,2.28125,0.0,3,3 4
4035,855.684326171875,853.59765625,724.8219604492188,298.33123779296875,3.09375,0.0,4.90625,4.90625,1.875,0.03125,0.96875,0.9375,1.09375,34.98125076293945,30.875,1.0,2.09375,2.0,2.0,0.0,3,3 2
4036,776.8793334960938,774.1779174804688,657.2659301757812,274.8999938964844,2.90625,0.0,4.3125,4.3125,1.65625,0.0,0.9375,0.65625,1.0625,32.525001525878906,32.28125,1.0,1.90625,1.4375,1.4375,0.0,3,3 4
4037,769.6406860351562,765.8084716796875,648.7872924804688,291.78125,2.875,0.0,4.4375,4.4375,1.75,0.0,0.8125,0.78125,1.09375,32.95624923706055,34.125,1.0,1.875,1.6875,1.6875,0.0,3,3 4
4038,828.7721557617188,826.1470947265625,700.9874267578125,294.07501220703125,3.03125,0.0,4.71875,4.71875,1.84375,0.0,0.90625,0.84375,1.125,34.82500076293945,37.875,1.0,2.03125,1.375,1.375,0.0,3,3 2
4039,780.4068603515625,777.5272216796875,659.8659057617188,280.51873779296875,2.90625,0.0,4.40625,4.40625,1.6875,0.0,0.84375,0.75,1.125,33.04375076293945,34.09375,1.0,1.90625,1.625,1.625,0.0,3,3 1
4040,951.4014282226562,950.705078125,810.403076171875,309.0,3.34375,0.0,4.9375,4.9375,1.96875,0.09375,0.875,0.78125,1.21875,37.025001525878906,36.25,1.0,2.34375,1.875,1.875,0.0,0,0 1
4041,874.3202514648438,870.68505859375,740.9805908203125,297.41876220703125,3.125,0.0,4.78125,4.78125,1.75,0.0,1.0,0.8125,1.21875,35.881248474121094,31.84375,1.0,2.125,1.8125,1.8125,0.0,3,3 0
4042,748.4789428710938,746.1546020507812,631.8142700195312,274.3374938964844,2.84375,0.0,4.40625,4.40625,1.75,0.0,0.8125,0.8125,1.03125,30.893749237060547,31.21875,1.0,1.84375,2.1875,2.1875,0.0,3,3 4
4043,1015.8828735351562,1013.75732421875,865.0914916992188,329.1187438964844,3.5,0.0,4.9375,4.9375,1.875,0.03125,0.875,0.90625,1.25,41.443748474121094,32.1875,1.0,2.5,2.15625,2.15625,0.0,3,3 2
4044,898.1953735351562,896.080078125,763.6173095703125,321.0249938964844,3.15625,0.0,4.75,4.75,1.84375,0.03125,0.875,0.84375,1.15625,38.04999923706055,31.375,1.0,2.15625,2.625,2.625,0.0,3,3 4
4045,874.46533203125,871.7936401367188,740.7861328125,315.35626220703125,3.15625,0.0,4.5625,4.5625,1.78125,0.0,0.84375,0.84375,1.09375,35.70624923706055,29.6875,1.0,2.15625,3.15625,3.15625,0.0,2,2 3
4046,882.974853515625,882.0252075195312,751.3120727539062,293.14373779296875,3.15625,0.0,4.75,4.75,1.84375,0.0,0.90625,0.78125,1.21875,36.07500076293945,31.40625,1.0,2.15625,2.6875,2.6875,0.0,3,3 0
4047,813.4074096679688,812.2151489257812,691.2468872070312,284.03125,2.96875,0.0,4.4375,4.4375,1.6875,0.03125,0.78125,0.84375,1.09375,35.162498474121094,24.5625,1.0,1.96875,3.46875,3.46875,0.0,3,3 0
4048,842.8439331054688,840.2947998046875,713.9910888671875,313.20623779296875,3.0625,0.0,4.40625,4.40625,1.90625,0.0,0.625,0.8125,1.0625,35.51874923706055,31.03125,1.28125,2.0625,3.9375,3.9375,0.0,3,3 0
4049,870.7890014648438,867.5078125,737.5809326171875,312.76873779296875,3.125,0.0,4.625,4.625,1.8125,0.0,0.84375,0.875,1.09375,36.32500076293945,35.03125,1.0,2.125,4.09375,4.09375,0.0,3,3 4
4050,872.3005981445312,868.1614990234375,736.9124755859375,314.9437561035156,3.15625,0.0,4.59375,4.59375,1.75,0.0,0.875,0.84375,1.125,36.46875,30.625,1.0,2.15625,2.75,2.75,0.0,3,3 4
4051,770.4790649414062,767.9510498046875,650.18798828125,302.28125,2.90625,0.0,4.1875,4.1875,1.625,0.0,0.6875,0.78125,1.09375,32.42499923706055,31.5625,1.0,1.90625,3.46875,3.46875,0.0,3,3 4
4052,877.16064453125,872.0382080078125,743.1922607421875,326.6625061035156,3.09375,0.0,4.4375,4.4375,1.6875,0.03125,0.6875,0.90625,1.125,37.91875076293945,27.4375,1.0,2.09375,2.9375,2.9375,0.0,3,3 4
4053,707.2872314453125,704.6973876953125,595.1199951171875,293.9937438964844,2.71875,0.0,4.25,4.25,1.625,0.0,0.71875,0.875,1.03125,31.612499237060547,33.75,1.0,1.71875,3.5,3.5,0.0,3,3 4
4054,718.775146484375,716.0771484375,606.1027221679688,273.57501220703125,2.78125,0.0,3.96875,3.96875,1.5,0.0,0.65625,0.71875,1.09375,31.15625,32.46875,1.0,1.78125,2.8125,2.8125,0.0,3,3 4
4055,783.55126953125,780.7409057617188,662.1771850585938,292.1812438964844,2.9375,0.0,4.15625,4.15625,1.625,0.0,0.65625,0.78125,1.09375,33.08124923706055,37.625,1.0,1.9375,3.34375,3.34375,0.0,2,2 3
4056,803.9717407226562,801.200927734375,680.6444702148438,300.04376220703125,2.9375,0.0,4.40625,4.40625,1.625,0.0,0.78125,0.84375,1.15625,36.412498474121094,27.28125,1.0,1.9375,3.75,3.75,0.0,3,3 2
4057,782.1185913085938,779.6947021484375,659.5421752929688,308.4624938964844,2.9375,0.0,4.34375,4.34375,1.71875,0.0,0.625,0.90625,1.09375,33.21875,32.4375,1.0,1.9375,4.15625,4.15625,0.0,3,3 0
4058,749.806640625,747.7730712890625,632.99560546875,296.35626220703125,2.84375,0.0,4.125,4.125,1.65625,0.0,0.65625,0.75,1.0625,33.45624923706055,32.78125,1.0,1.84375,3.78125,3.78125,0.0,3,3 4
4059,839.7498779296875,836.0107421875,710.6179809570312,314.8187561035156,3.03125,0.0,4.5,4.5,1.65625,0.0,0.84375,0.875,1.125,35.21875,31.78125,1.0,2.03125,4.5,4.5,0.0,3,3 0
4060,778.4100341796875,775.9376831054688,658.7847900390625,298.70001220703125,2.875,0.0,4.3125,4.3125,1.6875,0.0,0.84375,0.71875,1.0625,34.54375076293945,28.875,1.0,1.875,3.875,3.875,0.0,3,3 2
4061,856.1112670898438,853.1456298828125,725.4743041992188,303.42498779296875,3.0625,0.0,4.8125,4.8125,1.75,0.0625,0.9375,0.9375,1.125,36.806251525878906,28.9375,1.0,2.0625,4.84375,4.84375,0.0,3,3 4
4062,862.6248168945312,859.64599609375,730.518798828125,329.1625061035156,3.0625,0.0,4.875,4.875,1.875,0.03125,0.9375,0.9375,1.09375,36.35625076293945,25.75,1.0,2.0625,4.28125,4.28125,0.0,2,2 3
4063,891.8170166015625,887.990234375,756.9589233398438,317.3062438964844,3.15625,0.0,4.4375,4.4375,1.6875,0.03125,0.71875,0.78125,1.21875,38.07500076293945,33.90625,1.0,2.15625,4.5,4.5,0.0,3,3 2
4064,784.506591796875,781.6979370117188,662.787109375,316.0687561035156,2.875,0.0,4.5,4.5,1.6875,0.0,0.8125,0.9375,1.0625,35.318748474121094,29.375,1.0,1.875,4.46875,4.46875,0.0,3,3 2
4065,809.1494140625,806.1905517578125,682.6287231445312,318.0625,2.96875,0.0,4.6875,4.6875,1.8125,0.0,0.8125,0.96875,1.09375,34.5625,31.15625,1.0,1.96875,4.625,4.625,0.0,3,3 4
4066,896.22998046875,894.9118041992188,761.0179443359375,318.4624938964844,3.1875,0.0,4.84375,4.84375,1.8125,0.03125,0.90625,0.9375,1.15625,37.337501525878906,27.96875,1.0,2.1875,4.8125,4.8125,0.0,2,2 3
4067,795.2515869140625,793.482421875,674.1863403320312,291.4624938964844,2.90625,0.0,4.625,4.625,1.6875,0.0,0.9375,0.84375,1.15625,34.224998474121094,25.375,1.0,1.90625,4.34375,4.34375,0.0,3,3 2
4068,927.194091796875,925.5607299804688,787.3919677734375,338.6499938964844,3.25,0.0,4.9375,4.9375,1.875,0.0,0.9375,1.0,1.125,38.8125,32.9375,1.0,2.25,4.40625,4.40625,0.0,3,3 4
4069,832.6612548828125,831.1803588867188,706.2630615234375,301.875,3.0,0.0,4.84375,4.84375,1.75,0.03125,1.0,0.9375,1.125,35.82500076293945,27.125,1.0,2.0,3.84375,3.84375,0.0,4,4 3
4070,910.453369140625,906.8834228515625,772.58984375,310.76251220703125,3.1875,0.0,4.96875,4.96875,1.78125,0.0,1.03125,1.0,1.15625,38.91875076293945,20.71875,1.0,2.1875,3.90625,3.90625,0.0,3,3 0
4071,862.7860107421875,860.9622802734375,730.9646606445312,317.63751220703125,3.09375,0.0,4.9375,4.9375,1.875,0.03125,0.9375,0.96875,1.125,35.712501525878906,30.0625,1.0,2.09375,3.96875,3.96875,0.0,0,0 3
4072,1030.14013671875,1026.6458740234375,877.76220703125,346.85626220703125,3.4375,0.0,5.40625,5.40625,1.96875,0.0,1.125,0.96875,1.34375,41.89374923706055,25.21875,1.0,2.4375,3.9375,3.9375,0.0,3,3 0
4073,935.1766357421875,932.5446166992188,796.1510009765625,316.6312561035156,3.21875,0.0,5.0625,5.0625,1.8125,0.0625,1.125,0.96875,1.09375,39.58124923706055,23.96875,1.0,2.21875,3.4375,3.4375,0.0,3,3 0
4074,954.1341552734375,951.0177612304688,813.4359741210938,319.1625061035156,3.21875,0.0,5.21875,5.21875,1.9375,0.03125,1.03125,1.0,1.21875,42.006248474121094,24.34375,1.0,2.21875,4.34375,4.34375,0.0,3,3 2
4075,954.4360961914062,951.6364135742188,810.2374877929688,332.33123779296875,3.3125,0.0,5.15625,5.15625,1.9375,0.03125,0.96875,1.0,1.21875,39.068748474121094,28.59375,1.0,2.3125,4.46875,4.46875,0.0,3,3 4
4076,916.3079223632812,914.53955078125,779.0079345703125,333.4750061035156,3.1875,0.0,5.0,5.0,1.875,0.09375,0.96875,0.90625,1.15625,38.79375076293945,32.34375,1.0,2.1875,5.1875,5.1875,0.0,3,3 2
4077,896.7901611328125,893.1550903320312,759.3271484375,316.2875061035156,3.1875,0.0,4.84375,4.84375,1.71875,0.0,1.03125,0.9375,1.15625,37.57500076293945,32.5625,1.0,2.1875,3.6875,3.6875,0.0,3,3 4
4078,970.6363525390625,968.3304443359375,824.30517578125,351.9937438964844,3.34375,0.0,5.15625,5.15625,1.875,0.0,1.0625,0.96875,1.25,40.90625,32.8125,1.0,2.34375,5.5,5.5,0.0,3,3 4
4079,873.0515747070312,870.3298950195312,738.78759765625,334.2562561035156,3.09375,0.0,5.0625,5.0625,1.9375,0.03125,1.0,0.96875,1.125,36.900001525878906,33.9375,1.0,2.09375,4.4375,4.4375,0.0,3,3 4
4080,903.5218505859375,901.5119018554688,765.6077270507812,332.3374938964844,3.1875,0.0,5.1875,5.1875,1.9375,0.0625,1.0625,1.0,1.125,37.01250076293945,30.46875,1.0,2.1875,5.84375,5.84375,0.0,3,3 4
4081,879.3339233398438,877.5338134765625,745.5660400390625,320.09375,3.125,0.0,5.0625,5.0625,1.875,0.0,1.0625,0.96875,1.15625,35.90625,29.40625,1.0,2.125,4.65625,4.65625,0.0,3,3 2
4082,874.1351318359375,872.6754150390625,740.466552734375,320.6499938964844,3.15625,0.0,4.75,4.75,1.84375,0.0,0.90625,0.90625,1.09375,36.743751525878906,37.34375,1.0,2.15625,4.78125,4.78125,0.0,3,3 0
4083,829.1908569335938,825.8177490234375,701.6748657226562,307.51251220703125,3.0,0.0,4.59375,4.59375,1.625,0.0,0.96875,0.875,1.125,35.51250076293945,32.15625,1.0,2.0,4.0,4.0,0.0,3,3 2
4084,767.0732421875,764.09814453125,645.6537475585938,318.38751220703125,2.84375,0.0,4.78125,4.78125,1.8125,0.0,1.0,0.96875,1.0,33.125,31.71875,1.0,1.84375,4.46875,4.46875,0.0,3,3 2
4085,828.6031494140625,824.666015625,700.2742309570312,327.8374938964844,2.96875,0.0,4.75,4.75,1.71875,0.0,1.0,0.90625,1.125,35.068748474121094,30.46875,1.0,1.96875,3.84375,3.84375,0.0,3,3 2
4086,817.5270385742188,815.4942626953125,690.6043701171875,318.0375061035156,3.0,0.0,4.65625,4.65625,1.78125,0.0,0.90625,0.8125,1.15625,35.349998474121094,35.28125,1.0,2.0,5.125,5.125,0.0,3,3 4
4087,867.3013916015625,865.6842651367188,734.6824951171875,337.76873779296875,3.09375,0.0,4.90625,4.90625,1.8125,0.03125,1.0,0.875,1.1875,36.39374923706055,29.90625,1.0,2.09375,4.1875,4.1875,0.0,3,3 4
4088,900.1806030273438,897.6168212890625,762.9141845703125,329.7250061035156,3.1875,0.0,4.90625,4.90625,1.84375,0.03125,0.96875,0.875,1.1875,37.3125,31.59375,1.0,2.1875,3.21875,3.21875,0.0,3,3 0
4089,871.10791015625,868.3009033203125,735.5848388671875,319.73126220703125,3.15625,0.0,4.90625,4.90625,1.875,0.0,0.96875,0.9375,1.125,36.34375,35.09375,1.0,2.15625,4.15625,4.15625,0.0,3,3 2
4090,811.19580078125,809.1287841796875,686.3054809570312,322.7437438964844,2.9375,0.0,4.71875,4.71875,1.84375,0.0,0.9375,0.875,1.0625,35.756248474121094,29.5625,1.0,1.9375,4.96875,4.96875,0.0,2,2 3
4091,898.0703125,895.9476318359375,760.7607421875,346.45623779296875,3.15625,0.0,5.09375,5.09375,1.90625,0.0,1.0625,0.96875,1.15625,38.48125076293945,28.4375,1.0,2.15625,6.125,6.125,0.0,3,3 2
4092,789.0006103515625,785.92578125,664.5103759765625,313.3187561035156,2.9375,0.0,4.5625,4.5625,1.78125,0.03125,0.875,0.875,1.0,34.025001525878906,28.40625,1.0,1.9375,4.6875,4.6875,0.0,3,3 4
4093,848.9600830078125,846.6162109375,716.05419921875,335.23126220703125,3.09375,0.0,4.84375,4.84375,1.8125,0.0,1.0,0.9375,1.09375,36.04375076293945,33.28125,1.0,2.09375,5.375,5.375,0.0,3,3 2
4094,794.2789306640625,790.4327392578125,667.1370849609375,308.1499938964844,3.0,0.0,4.5,4.5,1.78125,0.0,0.8125,0.8125,1.09375,32.712501525878906,41.6875,1.0,2.0,4.0,4.0,0.0,3,3 4
4095,849.42333984375,847.966796875,718.3933715820312,327.82501220703125,3.09375,0.0,4.6875,4.6875,1.78125,0.0,0.9375,0.875,1.09375,36.08124923706055,36.9375,1.0,2.09375,3.8125,3.8125,0.0,3,3 2
4096,846.1928100585938,845.306640625,717.1116943359375,315.91876220703125,3.0625,0.0,4.84375,4.84375,1.75,0.0,1.0,0.90625,1.1875,35.54999923706055,29.53125,1.0,2.0625,3.8125,3.8125,0.0,3,3 4
4097,873.2855224609375,870.5867309570312,739.1631469726562,333.1000061035156,3.09375,0.0,5.03125,5.03125,1.90625,0.0,1.0,1.0,1.125,37.256248474121094,31.5625,1.0,2.09375,3.28125,3.28125,0.0,3,3 2
4098,728.35986328125,724.2369384765625,612.2193603515625,285.51873779296875,2.78125,0.0,4.34375,4.34375,1.59375,0.03125,0.875,0.78125,1.0625,30.856250762939453,35.65625,1.0,1.78125,3.65625,3.65625,0.0,3,3 0
4099,874.3228149414062,870.92333984375,741.7198486328125,312.15625,3.0625,0.0,5.03125,5.03125,1.84375,0.03125,1.0625,0.90625,1.1875,38.03125,25.21875,1.0,2.0625,3.25,3.25,0.0,3,3 0
4100,901.2534790039062,896.5018310546875,759.9800415039062,326.9125061035156,3.21875,0.0,5.0625,5.0625,1.875,0.0,1.0625,0.96875,1.15625,37.4375,36.65625,1.0,2.21875,3.3125,3.3125,0.0,3,3 4
4101,736.9127197265625,734.4711303710938,619.1796264648438,293.61248779296875,2.84375,0.0,4.375,4.375,1.6875,0.0,0.8125,0.8125,1.0625,31.518749237060547,37.5,1.0,1.84375,2.9375,2.9375,0.0,3,3 2
4102,863.643798828125,862.0354614257812,731.8775024414062,323.14373779296875,3.09375,0.0,4.875,4.875,1.84375,0.0,1.0,0.90625,1.125,36.462501525878906,37.0625,1.0,2.09375,3.125,3.125,0.0,2,2 3
4103,788.7662353515625,785.0538940429688,664.3292846679688,311.6875,2.9375,0.0,4.40625,4.40625,1.75,0.0,0.71875,0.8125,1.125,34.11249923706055,36.46875,1.0,1.9375,4.0,4.0,0.0,3,3 4
4104,842.958740234375,840.37255859375,711.5267333984375,329.4750061035156,3.0625,0.0,4.84375,4.84375,1.78125,0.0,1.0,0.9375,1.125,35.400001525878906,34.78125,1.0,2.0625,3.5625,3.5625,0.0,3,3 2
4105,867.4074096679688,862.7892456054688,731.2164916992188,345.54376220703125,3.09375,0.0,4.90625,4.90625,1.8125,0.03125,1.0,0.9375,1.125,37.40625,32.8125,1.0,2.09375,3.8125,3.8125,0.0,3,3 0
4106,678.1029052734375,676.2799682617188,569.5313720703125,298.8812561035156,2.65625,0.0,4.15625,4.15625,1.59375,0.0,0.84375,0.75,0.96875,31.206249237060547,31.1875,1.75,1.65625,2.71875,2.71875,0.0,3,3 2
4107,727.7802734375,724.4427490234375,609.3091430664062,301.33123779296875,2.84375,0.0,4.25,4.25,1.6875,0.0,0.75,0.78125,1.03125,31.274999618530273,41.03125,1.0,1.84375,2.53125,2.53125,0.0,3,3 4
4108,817.6730346679688,813.7739868164062,688.1238403320312,334.88751220703125,3.0,0.0,4.625,4.625,1.75,0.0,0.9375,0.875,1.0625,35.587501525878906,34.84375,1.0,2.0,2.78125,2.78125,0.0,3,3 4
4109,811.4906005859375,808.6384887695312,683.6203002929688,330.8812561035156,2.96875,0.0,4.90625,4.90625,1.875,0.03125,1.0,0.90625,1.09375,34.23125076293945,34.71875,1.65625,1.96875,2.3125,2.3125,0.0,3,3 2
4110,783.9088745117188,781.6727294921875,660.2653198242188,319.08123779296875,2.9375,0.0,4.5,4.5,1.78125,0.0,0.8125,0.78125,1.125,33.76874923706055,37.34375,1.0,1.9375,2.5,2.5,0.0,2,2 3
4111,746.6802368164062,743.1800537109375,625.2666015625,313.67498779296875,2.875,0.0,4.46875,4.46875,1.78125,0.0,0.78125,0.84375,1.0625,31.137500762939453,34.34375,1.0,1.875,2.34375,2.34375,0.0,3,3 2
4112,729.1019897460938,724.7578735351562,611.0811767578125,311.3187561035156,2.78125,0.0,4.375,4.375,1.65625,0.0,0.84375,0.8125,1.0625,32.212501525878906,35.0625,1.0,1.78125,2.09375,2.09375,0.0,3,3 2
4113,715.5087280273438,712.0154418945312,599.3905029296875,315.85626220703125,2.75,0.0,4.40625,4.40625,1.71875,0.0,0.875,0.8125,1.0,31.706249237060547,33.75,1.0,1.75,2.21875,2.21875,0.0,3,3 2
4114,766.4571533203125,761.9199829101562,642.2742919921875,329.5625,2.875,0.0,4.625,4.625,1.71875,0.0,0.9375,0.875,1.09375,32.875,32.90625,1.6875,1.875,1.75,1.75,0.0,3,3 4
4115,788.5136108398438,785.3137817382812,661.0526123046875,329.92498779296875,2.96875,0.0,4.78125,4.78125,1.8125,0.0,0.96875,0.9375,1.0625,33.068748474121094,37.96875,1.0,1.96875,2.0,2.0,0.0,2,2 3
4116,765.5055541992188,762.3088989257812,642.7196044921875,320.3999938964844,2.90625,0.0,4.46875,4.46875,1.71875,0.0,0.84375,0.8125,1.09375,31.287500381469727,34.0625,1.65625,1.90625,2.125,2.125,0.0,2,2 3
4117,749.5704956054688,744.9342041015625,627.2195434570312,328.7875061035156,2.84375,0.0,4.5625,4.5625,1.65625,0.0,0.9375,0.875,1.09375,31.043750762939453,35.96875,1.625,1.84375,1.4375,1.4375,0.0,3,3 2
4118,768.5557861328125,765.345947265625,644.0057373046875,335.1312561035156,2.90625,0.0,4.65625,4.65625,1.8125,0.0,0.96875,0.84375,1.03125,32.756248474121094,39.125,1.0,1.90625,1.40625,1.40625,0.0,3,3 2
4119,731.24755859375,728.0173950195312,613.6270751953125,316.51251220703125,2.78125,0.0,4.5,4.5,1.6875,0.0,0.90625,0.875,1.03125,31.956249237060547,33.0625,1.0,1.78125,1.65625,1.65625,0.0,3,3 2
4120,761.225341796875,758.9738159179688,639.90869140625,326.8062438964844,2.875,0.0,4.5,4.5,1.71875,0.0,0.84375,0.84375,1.09375,33.193748474121094,37.96875,1.0,1.875,2.46875,2.46875,0.0,3,3 2
4121,768.9241333007812,764.3528442382812,646.2034301757812,308.1312561035156,2.875,0.0,4.5,4.5,1.6875,0.0,0.84375,0.8125,1.15625,33.29375076293945,34.8125,1.0,1.875,2.0,2.0,0.0,3,3 4
4122,818.793212890625,816.0564575195312,689.5750732421875,321.09375,3.03125,0.0,4.71875,4.71875,1.78125,0.0,0.9375,0.875,1.125,34.662498474121094,34.25,1.0,2.03125,1.53125,1.53125,0.0,3,3 2
4123,818.760986328125,816.9733276367188,691.7879028320312,325.29998779296875,3.0,0.0,4.65625,4.65625,1.75,0.0,0.90625,0.875,1.125,34.974998474121094,33.375,1.0,2.0,1.9375,1.9375,0.0,2,2 4
4124,820.2754516601562,818.6514892578125,691.7853393554688,321.8500061035156,3.03125,0.0,4.8125,4.8125,1.875,0.0,0.9375,0.90625,1.09375,34.506248474121094,36.0625,1.0,2.03125,1.96875,1.96875,0.0,1,1 3
4125,744.360595703125,742.4173583984375,627.6575927734375,300.4937438964844,2.8125,0.0,4.4375,4.4375,1.6875,0.0,0.875,0.8125,1.0625,32.556251525878906,29.5,1.84375,1.8125,1.90625,1.90625,0.0,3,3 2
4126,792.0050048828125,787.7572021484375,665.8134765625,313.7250061035156,2.9375,0.0,4.6875,4.6875,1.78125,0.0,0.90625,0.875,1.125,34.068748474121094,33.3125,1.0,1.9375,2.0625,2.0625,0.0,3,3 4
4127,745.8444213867188,742.4366455078125,626.474609375,307.6812438964844,2.84375,0.0,4.3125,4.3125,1.59375,0.0,0.84375,0.71875,1.15625,32.724998474121094,32.3125,1.0,1.84375,2.25,2.25,0.0,3,3 4
4128,801.7227783203125,798.3308715820312,675.529541015625,316.36248779296875,2.96875,0.0,4.53125,4.53125,1.75,0.0,0.84375,0.78125,1.15625,34.28125,34.4375,1.0,1.96875,2.5625,2.5625,0.0,3,3 2
4129,903.7210083007812,902.6559448242188,766.1710205078125,332.73126220703125,3.21875,0.0,4.9375,4.9375,1.875,0.03125,0.96875,0.875,1.1875,38.39374923706055,35.5,1.0,2.21875,3.46875,3.46875,0.0,2,2 3
4130,904.078857421875,902.3858642578125,766.2553100585938,343.3999938964844,3.1875,0.0,5.0625,5.0625,1.875,0.03125,1.0,0.90625,1.25,37.974998474121094,32.4375,1.0,2.1875,3.09375,3.09375,0.0,3,3 4
4131,838.0321044921875,837.2443237304688,709.37060546875,313.75,3.0625,0.0,4.8125,4.8125,1.8125,0.0,0.9375,0.90625,1.15625,35.0625,32.5625,1.65625,2.0625,3.1875,3.1875,0.0,3,3 2
4132,911.6580200195312,908.9635620117188,772.2354736328125,334.16876220703125,3.21875,0.0,5.03125,5.03125,1.84375,0.03125,1.0,0.90625,1.25,37.26250076293945,30.84375,1.0,2.21875,3.875,3.875,0.0,3,3 4
4133,1013.2655029296875,1012.3489379882812,862.8072509765625,340.04998779296875,3.46875,0.0,5.34375,5.34375,1.96875,0.03125,1.03125,0.9375,1.375,41.537498474121094,29.625,1.0,2.46875,3.28125,3.28125,0.0,4,4 3
4134,820.2535400390625,817.8867797851562,691.4580688476562,309.4312438964844,3.03125,0.0,4.84375,4.84375,1.90625,0.0,0.96875,0.90625,1.0625,34.83124923706055,32.59375,1.0,2.03125,3.6875,3.6875,0.0,3,3 0
4135,820.2313232421875,816.4365844726562,690.7620849609375,304.54998779296875,3.03125,0.0,4.71875,4.71875,1.8125,0.0,0.9375,0.84375,1.125,34.775001525878906,34.0625,1.0,2.03125,3.125,3.125,0.0,3,3 1
4136,828.566650390625,824.7586059570312,699.2869873046875,315.64373779296875,3.0,0.0,4.78125,4.78125,1.875,0.0,0.9375,0.875,1.09375,36.46875,35.46875,1.0,2.0,2.78125,2.78125,0.0,3,3 2
4137,890.636474609375,887.4959716796875,754.4901733398438,320.89373779296875,3.15625,0.0,4.90625,4.90625,1.875,0.03125,0.90625,0.875,1.21875,37.631248474121094,36.25,1.0,2.15625,3.1875,3.1875,0.0,3,3 2
4138,937.5634155273438,936.9489135742188,797.4609985351562,312.4437561035156,3.3125,0.0,4.9375,4.9375,1.96875,0.03125,0.90625,0.90625,1.125,38.837501525878906,35.3125,1.0,2.3125,2.40625,2.40625,0.0,0,0 3
4139,834.98291015625,831.7697143554688,704.7649536132812,316.16876220703125,3.0625,0.0,4.5625,4.5625,1.84375,0.0,0.84375,0.8125,1.0625,35.118751525878906,35.84375,1.0,2.0625,3.25,3.25,0.0,3,3 2
4140,817.0525512695312,815.0603637695312,689.7733154296875,308.91876220703125,3.03125,0.0,4.5625,4.5625,1.78125,0.0,0.84375,0.84375,1.09375,34.881248474121094,39.625,1.0,2.03125,3.71875,3.71875,0.0,3,3 4
4141,879.6969604492188,878.3258056640625,746.10791015625,328.63751220703125,3.125,0.0,4.9375,4.9375,1.9375,0.03125,0.9375,0.9375,1.09375,37.70000076293945,30.21875,1.0,2.125,3.15625,3.15625,0.0,3,3 4
4142,907.7965087890625,905.6105346679688,769.8037109375,325.0687561035156,3.21875,0.0,4.875,4.875,1.90625,0.0,0.96875,0.84375,1.15625,38.14374923706055,35.5625,1.0,2.21875,3.21875,3.21875,0.0,3,3 2
4143,1028.27587890625,1026.729736328125,874.974609375,357.48126220703125,3.5,0.0,5.34375,5.34375,1.96875,0.03125,1.09375,0.96875,1.28125,41.70000076293945,33.625,1.0,2.5,4.03125,4.03125,0.0,3,3 0
4144,971.3998413085938,968.2384643554688,824.92822265625,336.2250061035156,3.34375,0.0,5.21875,5.21875,2.0,0.03125,1.0625,0.96875,1.15625,39.92499923706055,35.3125,1.0,2.34375,4.46875,4.46875,0.0,3,3 2
4145,996.7269287109375,995.171875,849.0159912109375,343.6625061035156,3.40625,0.0,5.09375,5.09375,1.9375,0.0,1.03125,0.90625,1.21875,41.86249923706055,34.9375,1.0,2.40625,3.625,3.625,0.0,3,3 4
4146,829.5361328125,828.35986328125,701.5382080078125,306.96875,3.0625,0.0,4.59375,4.59375,1.8125,0.0,0.84375,0.875,1.0625,35.962501525878906,35.5625,1.0,2.0625,3.53125,3.53125,0.0,3,3 2
4147,836.174560546875,834.123046875,706.6717529296875,314.4437561035156,3.0625,0.0,4.71875,4.71875,1.875,0.0,0.8125,0.90625,1.125,34.60625076293945,33.40625,1.0,2.0625,3.65625,3.65625,0.0,1,1 3
4148,915.0872802734375,913.0169067382812,775.6861572265625,331.9125061035156,3.25,0.0,4.8125,4.8125,1.84375,0.0,0.84375,0.90625,1.21875,38.806251525878906,35.8125,1.0,2.25,4.3125,4.3125,0.0,3,3 2
4149,864.5090942382812,861.9283447265625,730.98876953125,310.86248779296875,3.125,0.0,4.875,4.875,1.875,0.03125,0.9375,0.9375,1.09375,36.92499923706055,33.8125,1.0,2.125,4.78125,4.78125,0.0,3,3 4
4150,873.8334350585938,871.5189208984375,740.3028564453125,326.7749938964844,3.125,0.0,4.71875,4.71875,1.8125,0.0,0.90625,0.84375,1.15625,37.51250076293945,31.96875,1.0,2.125,4.75,4.75,0.0,2,2 3
4151,890.5186767578125,888.7742919921875,755.1398315429688,331.53125,3.15625,0.0,4.90625,4.90625,1.9375,0.0,0.9375,0.90625,1.125,38.16875076293945,33.09375,1.0,2.15625,2.96875,2.96875,0.0,3,3 2
4152,907.056396484375,904.5177612304688,769.5501098632812,312.4937438964844,3.21875,0.0,4.875,4.875,1.84375,0.0,0.90625,0.84375,1.28125,36.974998474121094,35.6875,1.0,2.21875,2.59375,2.59375,0.0,3,3 2
4153,922.534423828125,921.5751953125,785.33447265625,319.5249938964844,3.25,0.0,4.71875,4.71875,1.75,0.0,0.875,0.8125,1.28125,38.275001525878906,34.375,1.0,2.25,3.1875,3.1875,0.0,3,3 0
4154,927.9821166992188,923.89599609375,785.7528686523438,325.3062438964844,3.28125,0.0,4.8125,4.8125,1.8125,0.0625,0.8125,0.8125,1.3125,37.86249923706055,35.8125,1.0,2.28125,2.75,2.75,0.0,3,3 4
4155,924.2395629882812,922.6881103515625,784.14990234375,319.11248779296875,3.28125,0.0,4.96875,4.96875,1.90625,0.0,0.96875,0.875,1.21875,38.306251525878906,35.28125,1.0,2.28125,2.59375,2.59375,0.0,2,2 3
4156,1009.4908447265625,1005.0222778320312,857.7960815429688,354.2124938964844,3.40625,0.0,5.25,5.25,1.90625,0.0,1.0,0.90625,1.4375,41.40625,30.5,1.0,2.40625,2.875,2.875,0.0,3,3 1
4157,1009.2616577148438,1006.2310791015625,857.5187377929688,346.01251220703125,3.4375,0.0,5.4375,5.4375,2.0625,0.03125,1.0625,0.9375,1.34375,40.48125076293945,27.8125,1.75,2.4375,3.25,3.25,0.0,2,2 3
4158,1032.2117919921875,1030.4150390625,878.6475830078125,342.875,3.53125,0.0,5.21875,5.21875,2.0,0.0,0.96875,0.96875,1.28125,41.3125,33.6875,1.0,2.53125,3.4375,3.4375,0.0,2,2 3
4159,944.0515747070312,942.7208251953125,804.520263671875,315.9437561035156,3.28125,0.0,4.875,4.875,1.90625,0.0,0.90625,0.9375,1.125,39.39374923706055,32.90625,1.0,2.28125,2.9375,2.9375,0.0,0,0 2
4160,998.7364501953125,997.4225463867188,850.4783935546875,351.6312561035156,3.40625,0.0,5.21875,5.21875,2.0,0.0,1.0,0.9375,1.28125,41.25,31.15625,1.0,2.40625,2.28125,2.28125,0.0,2,2 4
4161,900.2401123046875,897.3402099609375,760.8511962890625,340.73748779296875,3.21875,0.0,4.875,4.875,1.875,0.0,0.9375,0.90625,1.15625,37.58124923706055,31.5625,1.0,2.21875,2.625,2.625,0.0,3,3 4
4162,954.0476684570312,951.6544189453125,810.99658203125,348.26873779296875,3.28125,0.0,5.03125,5.03125,1.96875,0.0,0.9375,0.875,1.25,40.59375,30.9375,1.0625,2.28125,3.0,3.0,0.0,3,3 0
4163,868.3916625976562,867.0242919921875,737.0887451171875,324.08123779296875,3.09375,0.0,4.78125,4.78125,1.8125,0.03125,0.875,0.875,1.1875,37.04999923706055,28.6875,1.53125,2.09375,2.46875,2.46875,0.0,2,2 4
4164,928.2699584960938,926.1600341796875,787.5481567382812,334.7749938964844,3.28125,0.0,4.78125,4.78125,1.875,0.0,0.875,0.8125,1.21875,38.53125,32.96875,1.0,2.28125,2.90625,2.90625,0.0,4,4 2
4165,840.0687866210938,834.7453002929688,708.1392822265625,316.71875,3.03125,0.0,4.78125,4.78125,1.78125,0.0,1.0,0.90625,1.09375,35.181251525878906,31.375,1.0,2.03125,2.28125,2.28125,0.0,3,3 2
4166,700.3851928710938,698.8502807617188,589.5980224609375,274.0375061035156,2.78125,0.0,3.84375,3.84375,1.5625,0.0,0.59375,0.59375,1.09375,29.793750762939453,38.15625,1.0,1.78125,2.84375,2.84375,0.0,3,3 2
4167,718.1976928710938,712.83056640625,601.9717407226562,287.2562561035156,2.78125,0.0,4.0,4.0,1.65625,0.0,0.625,0.625,1.09375,31.575000762939453,39.96875,1.25,1.78125,2.15625,2.15625,0.0,3,3 1
4168,721.9149169921875,719.4676513671875,605.2639770507812,305.6499938964844,2.8125,0.0,4.3125,4.3125,1.75,0.0,0.71875,0.84375,1.0,30.8125,37.0625,1.25,1.8125,1.8125,1.8125,0.0,3,3 4
4169,695.6648559570312,692.9166870117188,583.3659057617188,286.73126220703125,2.75,0.0,4.09375,4.09375,1.625,0.0,0.6875,0.75,1.03125,29.662500381469727,35.25,1.0,1.75,2.09375,2.09375,0.0,3,3 4
4170,742.879150390625,740.0367431640625,625.190185546875,299.7124938964844,2.84375,0.0,4.1875,4.1875,1.71875,0.03125,0.59375,0.75,1.09375,31.518749237060547,38.34375,1.0,1.84375,2.40625,2.40625,0.0,3,3 4
4171,851.6483764648438,849.0130615234375,721.8768310546875,309.61248779296875,3.0625,0.0,4.625,4.625,1.78125,0.0,0.875,0.75,1.21875,36.28125,30.21875,1.4375,2.0625,2.09375,2.09375,0.0,3,3 1
4172,870.8544311523438,866.3825073242188,735.1250610351562,320.04376220703125,3.15625,0.0,4.53125,4.53125,1.875,0.0,0.75,0.78125,1.125,36.48749923706055,34.1875,1.0,2.15625,2.40625,2.40625,0.0,3,3 2
4173,784.454833984375,780.4837646484375,662.3592529296875,296.1625061035156,2.90625,0.0,4.25,4.25,1.65625,0.0,0.78125,0.71875,1.09375,34.743751525878906,34.5625,1.0,1.90625,2.15625,2.15625,0.0,3,3 4
4174,845.2621459960938,841.9225463867188,713.4331665039062,315.0874938964844,3.09375,0.0,4.5625,4.5625,1.84375,0.03125,0.75,0.8125,1.125,36.375,32.34375,1.0,2.09375,2.78125,2.78125,0.0,3,3 2
4175,837.443115234375,834.2327880859375,708.7127075195312,309.53125,3.03125,0.0,4.53125,4.53125,1.71875,0.0,0.9375,0.78125,1.09375,36.70000076293945,28.40625,1.0,2.03125,2.40625,2.40625,0.0,3,3 4
4176,777.9236450195312,775.3568725585938,656.2533569335938,294.375,2.9375,0.0,4.25,4.25,1.65625,0.0,0.65625,0.75,1.1875,33.38750076293945,33.84375,1.0,1.9375,2.4375,2.4375,0.0,2,2 3
4177,763.8057861328125,759.39599609375,641.771484375,296.2250061035156,2.90625,0.0,4.1875,4.1875,1.6875,0.0,0.75,0.6875,1.0625,33.337501525878906,33.46875,1.0,1.90625,2.03125,2.03125,0.0,3,3 4
4178,840.9172973632812,838.4765625,712.2849731445312,307.42498779296875,3.0625,0.0,4.5,4.5,1.78125,0.0,0.8125,0.71875,1.1875,34.41875076293945,39.6875,1.0,2.0625,2.5,2.5,0.0,3,3 4
4179,841.3827514648438,839.8817138671875,712.5235595703125,299.53125,3.09375,0.0,4.53125,4.53125,1.78125,0.0,0.84375,0.78125,1.125,35.10625076293945,34.9375,1.0,2.09375,1.9375,1.9375,0.0,3,3 4
4180,913.0491943359375,909.15576171875,770.638671875,329.8500061035156,3.28125,0.0,4.9375,4.9375,1.9375,0.0625,0.84375,0.875,1.21875,35.900001525878906,36.71875,1.0,2.28125,2.28125,2.28125,0.0,3,3 2
4181,711.8648071289062,709.9462890625,600.6182861328125,276.3374938964844,2.75,0.0,4.09375,4.09375,1.53125,0.0,0.71875,0.6875,1.15625,31.3125,32.53125,1.75,1.75,2.21875,2.21875,0.0,2,2 3
4182,715.9671020507812,711.3991088867188,601.6229248046875,274.625,2.75,0.0,4.21875,4.21875,1.65625,0.0,0.75,0.75,1.0625,31.5,35.375,1.0,1.75,2.75,2.75,0.0,3,3 0
4183,860.61279296875,857.8943481445312,729.0306396484375,298.29998779296875,3.125,0.0,4.59375,4.59375,1.78125,0.03125,0.84375,0.75,1.1875,35.131248474121094,34.8125,1.0,2.125,3.4375,3.4375,0.0,2,2 3
4184,847.2174072265625,844.2840576171875,716.409912109375,308.5249938964844,3.09375,0.0,4.53125,4.53125,1.75,0.0,0.875,0.71875,1.1875,35.474998474121094,28.90625,1.0,2.09375,2.96875,2.96875,0.0,3,3 4
4185,813.2642822265625,811.1431884765625,687.3720703125,305.5249938964844,3.0,0.0,4.5625,4.5625,1.75,0.0,0.84375,0.84375,1.125,34.693748474121094,36.4375,1.0,2.0,2.5,2.5,0.0,3,3 4
4186,780.969482421875,779.918212890625,660.7033081054688,281.625,2.9375,0.0,4.4375,4.4375,1.75,0.0,0.84375,0.75,1.09375,33.381248474121094,32.09375,1.0,1.9375,2.28125,2.28125,0.0,3,3 4
4187,726.6221923828125,721.4481201171875,610.7134399414062,284.7749938964844,2.78125,0.0,3.96875,3.96875,1.53125,0.0,0.6875,0.59375,1.15625,32.26874923706055,32.5625,1.0,1.78125,2.21875,2.21875,0.0,3,3 4
4188,782.0391845703125,778.1011962890625,659.2501220703125,301.0562438964844,2.90625,0.0,4.375,4.375,1.71875,0.0,0.84375,0.75,1.0625,34.64374923706055,28.375,1.0,1.90625,3.03125,3.03125,0.0,3,3 4
4189,870.6555786132812,868.2945556640625,738.1837158203125,315.95001220703125,3.125,0.0,4.625,4.625,1.75,0.0,0.875,0.75,1.25,36.462501525878906,32.53125,1.0,2.125,2.8125,2.8125,0.0,3,3 0
4190,893.2258911132812,892.046875,758.2747192382812,334.53125,3.15625,0.0,4.9375,4.9375,1.84375,0.0625,0.96875,0.8125,1.25,37.40625,26.375,1.0,2.15625,2.9375,2.9375,0.0,3,3 0
4191,812.4279174804688,809.365966796875,685.70654296875,302.14373779296875,3.0,0.0,4.5625,4.5625,1.71875,0.0,0.875,0.84375,1.125,35.01250076293945,29.96875,1.0,2.0,2.96875,2.96875,0.0,4,4 3
4192,889.2099609375,886.2789916992188,752.6325073242188,313.08123779296875,3.1875,0.0,4.90625,4.90625,1.875,0.0,0.9375,0.90625,1.1875,36.068748474121094,33.0625,1.21875,2.1875,3.03125,3.03125,0.0,3,3 2
4193,828.5003051757812,826.5364990234375,700.9724731445312,316.6000061035156,3.03125,0.0,4.5,4.5,1.75,0.0,0.84375,0.75,1.15625,35.67499923706055,26.9375,1.0,2.03125,3.46875,3.46875,0.0,4,4 3
4194,767.62060546875,765.9153442382812,648.42822265625,302.76873779296875,2.875,0.0,4.375,4.375,1.6875,0.0,0.84375,0.75,1.09375,33.881248474121094,30.96875,1.0,1.875,4.1875,4.1875,0.0,3,3 4
4195,812.4429931640625,810.7913208007812,687.9207763671875,307.96875,3.0,0.0,4.25,4.25,1.5625,0.0,0.8125,0.71875,1.15625,35.95624923706055,31.09375,1.0,2.0,4.1875,4.1875,0.0,3,3 2
4196,673.2374267578125,672.3214111328125,566.0980224609375,280.5625,2.6875,0.0,4.03125,4.03125,1.5,0.0,0.8125,0.59375,1.125,28.862499237060547,33.5,1.0,1.6875,3.75,3.75,0.0,4,4 0
4197,841.2771606445312,837.8775634765625,710.6214599609375,309.4937438964844,3.09375,0.0,4.375,4.375,1.6875,0.0,0.84375,0.71875,1.125,35.243751525878906,35.125,1.53125,2.09375,3.46875,3.46875,0.0,3,3 4
4198,800.860595703125,799.3208618164062,675.7547607421875,307.9750061035156,3.0,0.0,4.53125,4.53125,1.78125,0.0,0.84375,0.8125,1.09375,33.568748474121094,34.375,1.0,2.0,3.40625,3.40625,0.0,4,4 3
4199,858.2979736328125,856.3712768554688,726.8699340820312,330.01251220703125,3.09375,0.0,4.625,4.625,1.71875,0.0,0.875,0.78125,1.25,36.462501525878906,32.15625,1.0,2.09375,4.34375,4.34375,0.0,3,3 0
4200,831.7047119140625,829.1585083007812,703.1368408203125,320.9125061035156,3.03125,0.0,4.5625,4.5625,1.8125,0.0,0.84375,0.8125,1.09375,35.631248474121094,37.09375,1.0,2.03125,3.84375,3.84375,0.0,3,3 2
4201,758.2667236328125,755.2830200195312,641.0840454101562,291.64373779296875,2.8125,0.0,4.375,4.375,1.625,0.0,0.8125,0.78125,1.15625,33.287498474121094,31.5625,1.75,1.8125,3.21875,3.21875,0.0,3,3 4
4202,897.92138671875,897.2283325195312,763.1828002929688,331.70001220703125,3.1875,0.0,4.6875,4.6875,1.75,0.0,0.84375,0.78125,1.3125,37.974998474121094,31.25,1.0,2.1875,3.5625,3.5625,0.0,3,3 4
4203,868.488525390625,867.62451171875,736.85205078125,324.61248779296875,3.125,0.0,4.65625,4.65625,1.8125,0.0,0.84375,0.8125,1.1875,37.037498474121094,33.40625,1.6875,2.125,3.59375,3.59375,0.0,2,2 0
4204,897.7930908203125,894.7428588867188,762.1232299804688,338.28125,3.125,0.0,4.8125,4.8125,1.75,0.0,0.9375,0.84375,1.28125,40.03125,24.75,1.0,2.125,3.03125,3.03125,0.0,3,3 4
4205,883.8482055664062,882.0186767578125,750.2184448242188,324.84375,3.15625,0.0,4.5625,4.5625,1.75,0.0,0.78125,0.78125,1.25,37.474998474121094,34.84375,1.0,2.15625,3.625,3.625,0.0,4,4 3
4206,778.5204467773438,775.2872924804688,658.7454223632812,298.23748779296875,2.875,0.0,4.15625,4.15625,1.53125,0.0,0.78125,0.6875,1.15625,34.75,28.03125,2.4375,1.875,3.34375,3.34375,0.0,4,4 3
4207,951.8309326171875,949.24609375,807.9488525390625,347.66876220703125,3.3125,0.0,4.875,4.875,1.75,0.0,0.9375,0.8125,1.375,40.493751525878906,30.78125,1.0,2.3125,4.4375,4.4375,0.0,3,3 2
4208,906.586669921875,905.2922973632812,769.5791015625,335.6312561035156,3.21875,0.0,4.6875,4.6875,1.71875,0.0,0.875,0.75,1.34375,38.85625076293945,27.0625,1.0,2.21875,5.6875,5.6875,0.0,3,3 2
4209,930.1522216796875,928.0403442382812,791.0684814453125,329.84375,3.25,0.0,4.75,4.75,1.8125,0.0,0.8125,0.8125,1.3125,38.775001525878906,25.34375,1.65625,2.25,5.34375,5.34375,0.0,3,3 2
4210,965.8988647460938,963.7265625,823.2410888671875,338.92498779296875,3.28125,0.0,5.03125,5.03125,1.75,0.03125,1.03125,0.78125,1.4375,42.23125076293945,31.0625,1.0,2.28125,5.71875,5.71875,0.0,3,3 2
4211,877.4321899414062,875.2490234375,745.1683349609375,321.9375,3.09375,0.0,4.84375,4.84375,1.75,0.0,0.96875,0.8125,1.3125,37.0625,31.78125,1.5,2.09375,5.5,5.5,0.0,3,3 2
4212,942.7736206054688,941.3175048828125,800.6503295898438,335.6000061035156,3.3125,0.0,4.9375,4.9375,1.875,0.03125,0.875,0.875,1.28125,38.95624923706055,32.1875,1.0,2.3125,4.90625,4.90625,0.0,4,4 0
4213,806.8247680664062,805.197021484375,683.9387817382812,314.39373779296875,2.9375,0.0,4.40625,4.40625,1.625,0.0,0.875,0.71875,1.1875,36.32500076293945,24.5,1.75,1.9375,5.40625,5.40625,0.0,3,3 4
4214,785.6122436523438,782.4761962890625,662.9239501953125,306.82501220703125,2.9375,0.0,4.125,4.125,1.625,0.0,0.71875,0.65625,1.125,35.20000076293945,24.0625,1.0,1.9375,4.90625,4.90625,0.0,3,3 4
4215,857.8511962890625,853.5921020507812,724.0430908203125,323.09375,3.125,0.0,4.375,4.375,1.75,0.0,0.78125,0.6875,1.15625,36.912498474121094,35.75,1.0,2.125,4.25,4.25,0.0,3,3 4
4216,866.0458984375,863.9990234375,732.230712890625,338.1875,3.15625,0.0,4.4375,4.4375,1.59375,0.0,0.875,0.71875,1.25,36.368751525878906,30.9375,1.0,2.15625,4.5,4.5,0.0,2,2 3
4217,908.3521728515625,906.9564208984375,770.8250732421875,350.8125,3.21875,0.0,4.65625,4.65625,1.6875,0.0,0.9375,0.71875,1.3125,37.65625,33.96875,1.0,2.21875,3.71875,3.71875,0.0,3,3 4
4218,788.0272216796875,783.4508056640625,665.0305786132812,328.9375,2.875,0.0,4.21875,4.21875,1.5,0.0,0.9375,0.59375,1.1875,35.26874923706055,28.5625,1.0,1.875,4.09375,4.09375,0.0,3,3 2
4219,842.94384765625,841.6038208007812,715.0161743164062,324.71875,3.0625,0.0,4.3125,4.3125,1.59375,0.03125,0.875,0.625,1.1875,35.98125076293945,31.40625,1.0,2.0625,2.96875,2.96875,0.0,4,4 3
4220,847.1929931640625,844.6961669921875,719.5569458007812,336.8500061035156,2.96875,0.0,4.75,4.75,1.65625,0.0,1.03125,0.78125,1.28125,36.71875,22.90625,1.6875,1.96875,3.1875,3.1875,0.0,3,3 4
4221,931.7713012695312,928.6067504882812,791.1112060546875,359.3500061035156,3.21875,0.0,4.75,4.75,1.75,0.0,0.96875,0.75,1.28125,40.78125,25.53125,1.0,2.21875,3.65625,3.65625,0.0,3,3 4
4222,983.3471069335938,981.4578247070312,838.29931640625,379.26251220703125,3.28125,0.0,5.125,5.125,1.8125,0.03125,1.125,0.8125,1.34375,43.79375076293945,23.375,1.0,2.28125,2.875,2.875,0.0,3,3 2
4223,937.8162841796875,934.1013793945312,796.1346435546875,347.11248779296875,3.25,0.0,4.75,4.75,1.6875,0.0,1.0,0.6875,1.375,39.506248474121094,26.25,1.0,2.25,3.84375,3.84375,0.0,3,3 0
4224,809.5521240234375,808.6168212890625,686.6307983398438,317.46875,2.96875,0.0,4.28125,4.28125,1.59375,0.0,0.84375,0.625,1.21875,35.0,34.71875,1.0,1.96875,3.15625,3.15625,0.0,4,4 3
4225,898.1204223632812,897.4519653320312,763.6966552734375,346.875,3.15625,0.0,4.75,4.75,1.6875,0.0,0.96875,0.75,1.34375,38.04999923706055,26.5,1.0,2.15625,4.4375,4.4375,0.0,1,1 4
4226,931.1030883789062,928.5426025390625,789.3860473632812,364.1937561035156,3.25,0.0,4.84375,4.84375,1.78125,0.0,1.0,0.75,1.3125,39.287498474121094,28.0625,1.0,2.25,4.40625,4.40625,0.0,2,2 3
4227,920.2070922851562,917.5018310546875,780.0055541992188,343.6000061035156,3.25,0.0,4.71875,4.71875,1.71875,0.03125,1.03125,0.6875,1.25,38.5625,26.8125,1.0,2.25,3.5625,3.5625,0.0,3,3 1
4228,829.2901611328125,827.1832275390625,701.807861328125,324.7875061035156,3.03125,0.0,4.34375,4.34375,1.6875,0.0,0.8125,0.625,1.21875,35.82500076293945,33.875,1.0,2.03125,3.625,3.625,0.0,4,4 3
4229,600.3005981445312,597.691162109375,503.7159729003906,274.03125,2.46875,0.0,3.375,3.375,1.3125,0.0,0.59375,0.40625,1.0625,28.256250381469727,30.25,1.75,1.46875,3.34375,3.34375,0.0,4,4 3
4230,805.1714477539062,801.187744140625,677.445556640625,323.32501220703125,3.0,0.0,4.34375,4.34375,1.6875,0.0,0.8125,0.65625,1.1875,34.45000076293945,33.34375,1.0,2.0,4.1875,4.1875,0.0,3,3 4
4231,752.0874633789062,749.7144775390625,633.8736572265625,314.8999938964844,2.84375,0.0,4.15625,4.15625,1.5625,0.0,0.84375,0.625,1.125,33.51874923706055,34.1875,1.0,1.84375,4.0,4.0,0.0,3,3 2
4232,833.9503784179688,832.650390625,707.9710693359375,320.65625,3.0,0.0,4.5,4.5,1.59375,0.03125,0.90625,0.6875,1.28125,36.92499923706055,28.46875,1.0,2.0,3.15625,3.15625,0.0,3,3 4
4233,822.2703247070312,820.3389892578125,696.0811767578125,327.0874938964844,3.0,0.0,4.34375,4.34375,1.625,0.0,0.875,0.65625,1.1875,36.26874923706055,36.0625,1.0,2.0,3.6875,3.6875,0.0,3,3 4
4234,746.975341796875,741.867919921875,627.9927978515625,316.875,2.8125,0.0,4.03125,4.03125,1.5,0.0,0.8125,0.5625,1.15625,32.118751525878906,31.1875,1.0,1.8125,3.5625,3.5625,0.0,3,3 4
4235,790.5855712890625,786.0238647460938,664.9747314453125,332.9312438964844,2.9375,0.0,4.21875,4.21875,1.625,0.0,0.75,0.71875,1.125,34.181251525878906,31.09375,1.0,1.9375,3.28125,3.28125,0.0,3,3 1
4236,809.6954956054688,806.4030151367188,681.3656005859375,329.89373779296875,3.03125,0.0,4.25,4.25,1.65625,0.03125,0.71875,0.6875,1.15625,34.61249923706055,35.40625,1.0,2.03125,3.125,3.125,0.0,3,3 4
4237,649.9423217773438,647.0562133789062,544.0726318359375,302.34375,2.625,0.0,3.59375,3.59375,1.46875,0.0,0.5625,0.53125,1.03125,29.118749618530273,33.25,1.0,1.625,2.0625,2.0625,0.0,3,3 1
4238,791.1087646484375,789.5817260742188,668.1641845703125,343.6937561035156,2.90625,0.0,4.4375,4.4375,1.65625,0.0,0.875,0.75,1.15625,35.66875076293945,27.625,1.0,1.90625,2.5,2.5,0.0,3,3 2
4239,889.1283569335938,883.4693603515625,749.2050170898438,365.5,3.15625,0.0,4.6875,4.6875,1.71875,0.03125,0.96875,0.71875,1.25,37.09375,30.15625,1.0,2.15625,2.25,2.25,0.0,3,3 2
4240,820.416259765625,816.8836059570312,690.9732055664062,348.96875,3.0,0.0,4.5,4.5,1.71875,0.0,0.875,0.8125,1.09375,35.900001525878906,27.0,1.0,2.0,1.71875,1.71875,0.0,3,3 2
4241,966.2298583984375,962.8230590820312,819.9500732421875,369.13751220703125,3.3125,0.0,5.0,5.0,1.90625,0.0,1.03125,0.84375,1.21875,40.506248474121094,30.34375,1.625,2.3125,2.59375,2.59375,0.0,3,3 4
4242,677.1832275390625,674.8695678710938,566.9301147460938,301.04998779296875,2.71875,0.0,3.8125,3.8125,1.53125,0.0,0.59375,0.53125,1.15625,30.274999618530273,32.65625,1.0,1.71875,2.625,2.625,0.0,3,3 2
4243,934.8349609375,931.2399291992188,789.6138305664062,372.0249938964844,3.28125,0.0,5.0,5.0,1.875,0.0,0.96875,0.90625,1.25,40.068748474121094,30.1875,1.0,2.28125,3.71875,3.71875,0.0,3,3 4
4244,797.7075805664062,794.853759765625,673.5768432617188,328.1187438964844,2.9375,0.0,4.3125,4.3125,1.65625,0.0,0.8125,0.625,1.21875,34.70000076293945,32.625,1.0,1.9375,2.78125,2.78125,0.0,3,3 0
4245,772.9398193359375,769.9591674804688,652.314208984375,333.28125,2.84375,0.0,4.34375,4.34375,1.625,0.0,0.78125,0.75,1.1875,34.26874923706055,28.59375,1.65625,1.84375,2.71875,2.71875,0.0,3,3 2
4246,825.9080200195312,821.3385009765625,695.9812622070312,338.375,3.0,0.0,4.53125,4.53125,1.75,0.0625,0.8125,0.71875,1.1875,35.07500076293945,35.46875,2.3125,2.0,2.65625,2.65625,0.0,3,3 2
4247,912.5272827148438,909.9661254882812,774.7908935546875,371.0,3.15625,0.0,4.71875,4.71875,1.75,0.0,0.9375,0.65625,1.375,39.931251525878906,27.1875,1.40625,2.15625,2.9375,2.9375,0.0,4,4 3
4248,718.91064453125,715.1688232421875,603.9835205078125,314.6312561035156,2.75,0.0,4.0625,4.0625,1.5625,0.0,0.78125,0.59375,1.125,31.6875,36.0,1.0,1.75,2.9375,2.9375,0.0,3,3 4
4249,761.6824951171875,759.4030151367188,642.986328125,309.42498779296875,2.875,0.0,4.0,4.0,1.53125,0.0,0.71875,0.59375,1.15625,34.41875076293945,38.90625,1.0,1.875,2.375,2.375,0.0,3,3 2
4250,771.2708129882812,768.0445556640625,648.9884033203125,324.76873779296875,2.90625,0.0,4.1875,4.1875,1.625,0.0,0.78125,0.65625,1.125,33.36249923706055,35.875,1.0,1.90625,3.71875,3.71875,0.0,3,3 2
4251,769.6832275390625,768.2218017578125,650.9310302734375,314.85626220703125,2.875,0.0,4.1875,4.1875,1.625,0.0,0.71875,0.65625,1.1875,33.599998474121094,34.96875,1.0,1.875,3.78125,3.78125,0.0,2,2 3
4252,869.8218383789062,868.1849365234375,737.7136840820312,347.92498779296875,3.09375,0.0,4.625,4.625,1.71875,0.0,1.03125,0.75,1.125,36.875,32.1875,1.0,2.09375,4.0,4.0,0.0,2,2 3
4253,932.361083984375,928.4830932617188,790.1724853515625,365.64373779296875,3.21875,0.0,4.96875,4.96875,1.78125,0.0,1.03125,0.875,1.28125,38.70000076293945,30.96875,1.0,2.21875,3.96875,3.96875,0.0,3,3 2
4254,895.6486206054688,893.3400268554688,758.7030029296875,366.1312561035156,3.15625,0.0,4.71875,4.71875,1.78125,0.0,1.0,0.75,1.1875,38.29375076293945,24.53125,1.0,2.15625,3.96875,3.96875,0.0,3,3 4
4255,856.8076171875,852.7769775390625,724.6788330078125,336.07501220703125,3.03125,0.0,4.78125,4.78125,1.78125,0.0,1.03125,0.84375,1.125,38.09375,27.125,1.0,2.03125,3.4375,3.4375,0.0,3,3 4
4256,849.6035766601562,846.6446533203125,719.3947143554688,339.2437438964844,3.03125,0.0,4.5625,4.5625,1.65625,0.0,0.96875,0.78125,1.15625,37.36249923706055,27.8125,1.0,2.03125,3.34375,3.34375,0.0,3,3 2
4257,878.1297607421875,875.6995239257812,743.7220458984375,339.6187438964844,3.125,0.0,4.71875,4.71875,1.6875,0.0,1.0,0.8125,1.21875,38.17499923706055,26.75,1.0,2.125,3.28125,3.28125,0.0,3,3 0
4258,897.394287109375,896.6246337890625,762.2540893554688,334.64373779296875,3.1875,0.0,4.71875,4.71875,1.6875,0.0,0.96875,0.84375,1.21875,38.26874923706055,28.59375,1.0,2.1875,2.59375,2.59375,0.0,4,4 2
4259,917.8135375976562,915.5408935546875,778.4667358398438,340.26251220703125,3.21875,0.0,4.9375,4.9375,1.875,0.0,0.96875,0.875,1.21875,39.57500076293945,27.3125,1.0,2.21875,2.40625,2.40625,0.0,3,3 4
4260,934.7523193359375,933.2130737304688,794.5150146484375,336.7875061035156,3.25,0.0,5.03125,5.03125,1.84375,0.0,1.03125,0.90625,1.25,40.1875,22.78125,1.0,2.25,2.6875,2.6875,0.0,3,3 2
4261,1001.3929443359375,996.5823364257812,849.3562622070312,356.32501220703125,3.40625,0.0,5.21875,5.21875,1.90625,0.03125,1.03125,0.9375,1.3125,41.51250076293945,25.53125,1.0,2.40625,3.5,3.5,0.0,3,3 2
4262,1045.404052734375,1044.1561279296875,892.16748046875,333.04998779296875,3.5625,0.0,5.09375,5.09375,1.8125,0.0,1.03125,0.8125,1.4375,40.756248474121094,34.375,1.0,2.5625,2.625,2.625,0.0,2,2 1
4263,949.7656860351562,947.5269775390625,807.1041259765625,335.6875,3.28125,0.0,5.125,5.125,1.84375,0.0,1.0625,0.9375,1.28125,40.70000076293945,24.875,1.0,2.28125,2.4375,2.4375,0.0,2,2 3
4264,987.8082275390625,983.6237182617188,839.73583984375,337.23126220703125,3.375,0.0,4.96875,4.96875,1.8125,0.0,0.96875,0.84375,1.34375,41.118751525878906,29.40625,1.0,2.375,3.3125,3.3125,0.0,3,3 2
4265,1062.321044921875,1060.8138427734375,906.7625122070312,345.2875061035156,3.5625,0.0,5.28125,5.28125,1.90625,0.0,1.03125,0.9375,1.40625,44.650001525878906,20.84375,1.6875,2.5625,3.0625,3.0625,0.0,4,4 3
4266,1092.331298828125,1091.17236328125,933.4849853515625,350.98126220703125,3.625,0.0,5.46875,5.46875,1.96875,0.03125,1.1875,0.875,1.40625,44.51874923706055,24.625,1.0,2.625,2.53125,2.53125,0.0,3,3 4
4267,1068.91552734375,1065.17626953125,913.1969604492188,339.70623779296875,3.53125,0.0,5.25,5.25,1.875,0.0625,1.0,0.84375,1.46875,42.67499923706055,24.59375,1.0,2.53125,2.0625,2.0625,0.0,3,3 4
4268,1075.3138427734375,1073.9888916015625,919.0709228515625,354.33123779296875,3.5625,0.0,5.375,5.375,1.9375,0.0,1.09375,0.9375,1.40625,44.868751525878906,26.4375,1.0,2.5625,2.34375,2.34375,0.0,3,3 1
4269,955.9111328125,954.2203979492188,814.7899780273438,326.58123779296875,3.28125,0.0,5.0,5.0,1.8125,0.03125,0.96875,0.90625,1.28125,40.493751525878906,24.40625,1.0,2.28125,2.71875,2.71875,0.0,3,3 0
4270,1040.59814453125,1037.8489990234375,886.5374145507812,357.16876220703125,3.5,0.0,5.25,5.25,2.0,0.0625,1.0,0.84375,1.34375,41.40625,27.1875,1.0,2.5,2.96875,2.96875,0.0,2,2 4
4271,982.0313110351562,978.1194458007812,832.7374877929688,337.1187438964844,3.40625,0.0,5.0625,5.0625,1.9375,0.0,0.96875,0.90625,1.25,40.07500076293945,31.46875,1.0,2.40625,2.78125,2.78125,0.0,3,3 4
4272,1058.5965576171875,1055.0018310546875,901.5221557617188,348.8187561035156,3.53125,0.0,5.4375,5.4375,1.96875,0.03125,1.0625,0.9375,1.4375,44.3125,23.6875,1.0,2.53125,3.65625,3.65625,0.0,3,3 1
4273,941.2183837890625,937.962890625,799.5289306640625,332.35626220703125,3.25,0.0,5.0625,5.0625,1.875,0.03125,1.0625,0.84375,1.25,39.256248474121094,28.96875,1.0,2.25,2.96875,2.96875,0.0,3,3 2
4274,958.6469116210938,953.9913330078125,814.1025390625,329.9624938964844,3.28125,0.0,5.03125,5.03125,1.75,0.0,1.0,0.84375,1.4375,41.40625,21.40625,1.0,2.28125,2.4375,2.4375,0.0,3,3 4
4275,1029.6407470703125,1026.911865234375,877.5543212890625,352.125,3.4375,0.0,5.4375,5.4375,2.0,0.09375,1.125,0.90625,1.3125,42.368751525878906,22.65625,1.0,2.4375,2.9375,2.9375,0.0,4,4 2
4276,1063.47900390625,1062.6746826171875,908.3474731445312,341.3187561035156,3.5625,0.0,5.46875,5.46875,1.96875,0.09375,1.125,0.9375,1.34375,43.118751525878906,27.125,1.0,2.5625,2.78125,2.78125,0.0,3,3 4
4277,1106.7982177734375,1105.53564453125,944.7467651367188,346.33123779296875,3.71875,0.0,5.34375,5.34375,1.96875,0.03125,1.0,0.90625,1.4375,43.943748474121094,25.3125,1.0,2.71875,2.84375,2.84375,0.0,2,2 0
4278,1119.0904541015625,1118.057861328125,955.900390625,351.67498779296875,3.71875,0.0,5.625,5.625,2.09375,0.0,1.15625,0.96875,1.40625,43.8125,27.90625,1.0,2.71875,3.28125,3.28125,0.0,3,3 2
4279,1228.3380126953125,1226.0418701171875,1051.8978271484375,377.625,3.9375,0.0,5.8125,5.8125,2.15625,0.0625,1.15625,1.0,1.4375,47.98749923706055,34.84375,1.0,2.9375,2.59375,2.59375,0.0,4,4 3
4280,1025.22314453125,1022.3968505859375,874.0277099609375,333.01873779296875,3.46875,0.0,5.125,5.125,1.84375,0.0,1.0625,0.875,1.34375,41.837501525878906,26.71875,1.0,2.46875,2.21875,2.21875,0.0,3,3 4
4281,973.6864013671875,971.9259643554688,828.0755004882812,333.2562561035156,3.375,0.0,5.0625,5.0625,1.875,0.0,1.0625,0.90625,1.21875,39.931251525878906,31.71875,1.0,2.375,2.375,2.375,0.0,3,3 4
4282,1044.8101806640625,1042.533203125,890.8953857421875,354.08123779296875,3.5,0.0,5.3125,5.3125,1.90625,0.03125,1.09375,0.9375,1.34375,42.6875,28.0625,1.0,2.5,2.875,2.875,0.0,4,4 2
4283,1051.9984130859375,1049.499267578125,896.6783447265625,364.34375,3.5,0.0,5.46875,5.46875,2.0,0.03125,1.125,1.0,1.3125,42.9375,27.25,1.0,2.5,2.84375,2.84375,0.0,4,4 3
4284,944.1790771484375,942.5418090820312,803.7911987304688,326.0625,3.28125,0.0,4.9375,4.9375,1.8125,0.0,0.96875,0.875,1.28125,38.25,27.8125,1.0,2.28125,2.03125,2.03125,0.0,2,2 4
4285,1065.14697265625,1061.81396484375,907.5472412109375,348.8687438964844,3.5625,0.0,5.34375,5.34375,1.9375,0.0,1.09375,0.9375,1.375,43.462501525878906,25.65625,1.0,2.5625,2.40625,2.40625,0.0,4,4 0
4286,1024.6507568359375,1021.9807739257812,875.4923095703125,341.8500061035156,3.40625,0.0,5.15625,5.15625,1.96875,0.03125,0.9375,0.875,1.34375,42.82500076293945,26.1875,1.09375,2.40625,2.84375,2.84375,0.0,0,0 4
4287,1050.3507080078125,1048.6724853515625,896.1311645507812,339.88751220703125,3.53125,0.0,5.40625,5.40625,2.03125,0.0,1.0625,0.96875,1.34375,42.275001525878906,28.21875,1.0,2.53125,2.3125,2.3125,0.0,3,3 4
4288,1114.9708251953125,1113.63232421875,954.0621948242188,341.3374938964844,3.6875,0.0,5.40625,5.40625,1.9375,0.0,1.09375,0.96875,1.40625,44.462501525878906,30.28125,1.0,2.6875,2.25,2.25,0.0,2,2 3
4289,1024.6021728515625,1021.9200439453125,872.6851806640625,331.9437561035156,3.5,0.0,5.03125,5.03125,1.90625,0.0,0.9375,0.875,1.3125,41.73749923706055,27.53125,1.0,2.5,2.5,2.5,0.0,0,0 3
4290,1106.4178466796875,1105.111083984375,946.6739501953125,344.59375,3.65625,0.0,5.375,5.375,2.03125,0.0,1.0625,0.9375,1.34375,45.25,23.1875,1.0,2.65625,2.65625,2.65625,0.0,3,3 1
4291,1094.0826416015625,1092.850341796875,934.3565673828125,345.79376220703125,3.65625,0.0,5.40625,5.40625,2.0,0.03125,1.0625,0.90625,1.40625,44.537498474121094,22.71875,1.0,2.65625,2.75,2.75,0.0,1,1 4
4292,1119.31591796875,1116.4892578125,954.6376953125,351.0062561035156,3.71875,0.0,5.5625,5.5625,2.0,0.03125,1.09375,0.9375,1.5,43.6875,26.25,1.0,2.71875,2.65625,2.65625,0.0,4,4 3
4293,1006.7510986328125,1002.1452026367188,855.4689331054688,318.0625,3.4375,0.0,5.28125,5.28125,1.90625,0.0,1.125,0.875,1.375,40.40625,18.78125,1.0,2.4375,2.5,2.5,0.0,3,3 4
4294,1045.79248046875,1043.45703125,891.2228393554688,358.375,3.5,0.0,5.375,5.375,1.9375,0.0,1.125,0.9375,1.375,43.41875076293945,27.09375,1.0,2.5,3.0625,3.0625,0.0,3,3 4
4295,991.4171752929688,990.3333740234375,844.3699951171875,353.0625,3.375,0.0,5.3125,5.3125,2.0625,0.0,1.0625,0.9375,1.25,40.61249923706055,29.65625,1.0,2.375,3.0625,3.0625,0.0,2,2 4
4296,982.0164794921875,980.7452392578125,837.9274291992188,351.09375,3.3125,0.0,5.21875,5.21875,1.875,0.0625,1.125,0.90625,1.25,40.349998474121094,25.5,1.0,2.3125,3.53125,3.53125,0.0,3,3 2
4297,964.4390258789062,963.1324462890625,820.3289794921875,331.26873779296875,3.34375,0.0,5.15625,5.15625,1.90625,0.03125,1.0625,0.9375,1.21875,39.875,30.40625,1.0,2.34375,2.625,2.625,0.0,3,3 4
4298,843.7811279296875,842.5466918945312,716.0628662109375,308.17498779296875,3.03125,0.0,4.8125,4.8125,1.84375,0.0,0.96875,0.90625,1.09375,36.181251525878906,31.34375,1.0,2.03125,2.25,2.25,0.0,4,4 3
4299,855.4080200195312,854.4948120117188,725.747314453125,309.88751220703125,3.09375,0.0,4.71875,4.71875,1.875,0.0,0.84375,0.84375,1.15625,35.78125,27.875,1.0,2.09375,2.25,2.25,0.0,3,3 0
4300,884.8901977539062,884.1614990234375,752.9375610351562,313.2875061035156,3.125,0.0,4.875,4.875,1.84375,0.0,0.9375,0.90625,1.1875,37.83124923706055,27.0625,1.0,2.125,2.3125,2.3125,0.0,3,3 4
4301,1042.7193603515625,1041.3349609375,888.4710083007812,351.04376220703125,3.53125,0.0,5.375,5.375,2.0625,0.03125,1.03125,0.9375,1.3125,41.662498474121094,26.34375,1.0,2.53125,1.75,1.75,0.0,4,4 3
4302,1037.850341796875,1036.7156982421875,885.4503784179688,348.8125,3.5,0.0,5.34375,5.34375,2.03125,0.0625,1.09375,0.875,1.28125,41.38750076293945,34.78125,1.0,2.5,1.9375,1.9375,0.0,1,1 4
4303,897.9448852539062,896.97119140625,761.7698364257812,329.70001220703125,3.1875,0.0,5.0625,5.0625,1.90625,0.03125,1.03125,0.90625,1.1875,36.618751525878906,30.375,1.0,2.1875,1.84375,1.84375,0.0,3,3 4
4304,893.4360961914062,891.7830200195312,758.3357543945312,323.28125,3.15625,0.0,5.0,5.0,1.90625,0.0,0.9375,0.9375,1.21875,37.337501525878906,29.75,1.0,2.15625,1.90625,1.90625,0.0,3,3 4
4305,851.9161376953125,848.9728393554688,722.4900512695312,291.85626220703125,3.0625,0.0,4.71875,4.71875,1.78125,0.0,1.0,0.90625,1.03125,35.5,34.21875,1.53125,2.0625,2.46875,2.46875,0.0,3,3 4
4306,821.06884765625,817.7920532226562,694.10205078125,318.375,2.96875,0.0,4.6875,4.6875,1.84375,0.0,0.90625,0.875,1.0625,35.1875,32.53125,1.0,1.96875,2.40625,2.40625,0.0,3,3 4
4307,802.6181030273438,800.1318359375,676.6807250976562,325.33123779296875,2.96875,0.0,4.5625,4.5625,1.8125,0.0,0.84375,0.8125,1.09375,34.70624923706055,36.53125,1.0,1.96875,2.53125,2.53125,0.0,2,2 4
4308,825.9578857421875,823.5067138671875,698.79150390625,304.6625061035156,3.03125,0.0,4.53125,4.53125,1.65625,0.0,0.9375,0.75,1.1875,33.58124923706055,34.4375,1.0,2.03125,2.59375,2.59375,0.0,3,3 4
4309,805.5142211914062,804.0113525390625,680.9940185546875,302.2437438964844,3.0,0.0,4.5,4.5,1.78125,0.0,0.78125,0.8125,1.125,32.806251525878906,37.0,1.0,2.0,3.125,3.125,0.0,3,3 2
4310,744.3815307617188,742.8450317382812,628.4945068359375,292.39373779296875,2.8125,0.0,4.46875,4.46875,1.75,0.0,0.78125,0.875,1.0625,31.837499618530273,32.5,1.0,1.8125,2.46875,2.46875,0.0,3,3 4
4311,763.013916015625,760.5256958007812,643.1893310546875,300.67498779296875,2.875,0.0,4.40625,4.40625,1.6875,0.0,0.84375,0.78125,1.09375,32.931251525878906,32.375,1.0,1.875,1.90625,1.90625,0.0,3,3 2
4312,761.6693115234375,759.37255859375,643.8885498046875,298.3187561035156,2.84375,0.0,4.34375,4.34375,1.625,0.0,0.875,0.75,1.09375,31.975000381469727,30.15625,1.0,1.84375,1.9375,1.9375,0.0,4,4 3
4313,757.052978515625,753.6307373046875,636.65966796875,285.58123779296875,2.90625,0.0,4.25,4.25,1.6875,0.0,0.71875,0.75,1.09375,31.274999618530273,41.9375,1.0,1.90625,2.09375,2.09375,0.0,4,4 3
4314,800.296630859375,799.1407470703125,675.9312744140625,320.9437561035156,2.96875,0.0,4.59375,4.59375,1.84375,0.0,0.84375,0.84375,1.0625,33.88750076293945,32.15625,1.0,1.96875,1.5625,1.5625,0.0,3,3 2
4315,826.9867553710938,825.560546875,699.8915405273438,297.89373779296875,3.0625,0.0,4.5,4.5,1.75,0.0,0.84375,0.78125,1.125,34.162498474121094,36.0625,1.0,2.0625,1.65625,1.65625,0.0,3,3 0
4316,781.94970703125,780.9625854492188,660.6082153320312,302.3374938964844,2.9375,0.0,4.53125,4.53125,1.78125,0.03125,0.84375,0.78125,1.09375,31.875,39.46875,1.0,1.9375,1.375,1.375,0.0,2,2 4
4317,660.9291381835938,659.0970458984375,557.1126098632812,271.84375,2.625,0.0,3.71875,3.71875,1.4375,0.0,0.59375,0.59375,1.09375,29.262500762939453,33.25,1.84375,1.625,1.375,1.375,0.0,2,2 4
4318,820.2660522460938,818.9267578125,696.7386474609375,307.6187438964844,2.96875,0.0,4.40625,4.40625,1.625,0.0,0.875,0.78125,1.125,36.08124923706055,31.59375,1.21875,1.96875,2.0,2.0,0.0,0,0 4
4319,811.544921875,808.4006958007812,685.5765380859375,312.40625,2.96875,0.0,4.59375,4.59375,1.75,0.0,0.90625,0.875,1.0625,34.118751525878906,30.6875,1.0,1.96875,1.375,1.375,0.0,3,3 4
4320,776.6666870117188,775.312744140625,656.6857299804688,303.9750061035156,2.90625,0.0,4.375,4.375,1.625,0.0,0.84375,0.78125,1.125,32.587501525878906,28.90625,1.6875,1.90625,1.53125,1.53125,0.0,3,3 4
4321,961.62841796875,959.7745971679688,817.7550659179688,338.625,3.34375,0.0,4.9375,4.9375,1.84375,0.0,0.9375,0.875,1.28125,38.337501525878906,33.8125,1.0,2.34375,1.90625,1.90625,0.0,4,4 3
4322,832.4148559570312,831.8347778320312,705.3978271484375,317.9437561035156,3.0625,0.0,4.375,4.375,1.6875,0.0,0.71875,0.78125,1.1875,35.63750076293945,31.3125,1.0,2.0625,2.34375,2.34375,0.0,2,2 4
4323,839.759765625,836.6505126953125,709.7387084960938,319.01873779296875,3.0625,0.0,4.46875,4.46875,1.65625,0.03125,0.8125,0.84375,1.125,35.89374923706055,33.71875,1.0,2.0625,2.4375,2.4375,0.0,3,3 4
4324,776.742919921875,774.5056762695312,655.1181640625,306.54376220703125,2.9375,0.0,4.125,4.125,1.625,0.0,0.65625,0.8125,1.03125,34.36249923706055,36.65625,1.0,1.9375,2.875,2.875,0.0,4,4 3
4325,783.1875610351562,781.34912109375,662.8158569335938,290.63751220703125,2.90625,0.0,4.5,4.5,1.625,0.0,0.90625,0.875,1.09375,32.993751525878906,31.03125,1.0,1.90625,2.0625,2.0625,0.0,1,1 4
4326,859.3883666992188,857.3483276367188,728.7555541992188,313.1000061035156,3.09375,0.0,4.65625,4.65625,1.75,0.0,0.84375,0.875,1.1875,35.41875076293945,34.6875,1.0,2.09375,2.125,2.125,0.0,4,4 3
4327,882.9622802734375,881.28125,749.3807373046875,336.61248779296875,3.125,0.0,4.78125,4.78125,1.6875,0.0625,0.96875,0.875,1.1875,37.193748474121094,28.6875,1.6875,2.125,2.90625,2.90625,0.0,3,3 2
4328,955.7108154296875,953.5654296875,813.6925659179688,342.51873779296875,3.28125,0.0,4.96875,4.96875,1.8125,0.0,1.0,0.875,1.28125,39.21875,33.8125,1.0,2.28125,3.125,3.125,0.0,3,3 2
4329,886.7144775390625,883.3121337890625,749.6685180664062,328.54376220703125,3.1875,0.0,4.6875,4.6875,1.8125,0.0,0.875,0.90625,1.09375,36.618751525878906,31.0625,1.0,2.1875,2.875,2.875,0.0,2,2 3
4330,851.4063110351562,848.53759765625,721.7447509765625,317.67498779296875,3.0625,0.0,4.46875,4.46875,1.65625,0.0,0.90625,0.75,1.15625,35.60625076293945,30.78125,1.0,2.0625,2.9375,2.9375,0.0,4,4 3
4331,894.3865356445312,891.9747924804688,759.1378173828125,333.6812438964844,3.15625,0.0,4.78125,4.78125,1.78125,0.0,1.0,0.84375,1.15625,35.91875076293945,33.5625,1.0,2.15625,3.78125,3.78125,0.0,4,4 3
4332,912.5098266601562,910.42138671875,774.7853393554688,342.1937561035156,3.21875,0.0,4.625,4.625,1.78125,0.03125,0.78125,0.8125,1.21875,37.993751525878906,30.75,1.0,2.21875,3.40625,3.40625,0.0,4,4 3
4333,867.7229614257812,865.3927612304688,737.2740478515625,313.6312561035156,3.0625,0.0,4.8125,4.8125,1.78125,0.0,1.03125,0.90625,1.09375,36.45624923706055,25.15625,1.0,2.0625,2.9375,2.9375,0.0,4,4 2
4334,974.6605224609375,972.4080810546875,829.6671752929688,341.34375,3.34375,0.0,5.03125,5.03125,1.84375,0.0,1.0,0.9375,1.25,39.506248474121094,31.0,1.0,2.34375,3.5625,3.5625,0.0,3,3 4
4335,814.669921875,813.1051025390625,690.0286865234375,306.40625,3.0,0.0,4.375,4.375,1.6875,0.0,0.78125,0.8125,1.09375,34.756248474121094,27.03125,1.0,2.0,2.625,2.625,0.0,4,4 3
4336,963.773193359375,959.7469482421875,819.3787841796875,341.73126220703125,3.28125,0.0,5.0625,5.0625,1.8125,0.0625,0.96875,0.90625,1.3125,40.10625076293945,27.96875,1.0,2.28125,2.9375,2.9375,0.0,3,3 1
4337,1036.3096923828125,1033.52587890625,882.56787109375,360.0562438964844,3.5,0.0,5.09375,5.09375,1.875,0.0,0.9375,0.9375,1.34375,42.11249923706055,27.5625,1.0,2.5,3.9375,3.9375,0.0,3,3 2
4338,1115.8446044921875,1113.227294921875,951.49169921875,388.20623779296875,3.6875,0.0,5.34375,5.34375,2.0625,0.0,0.90625,1.0,1.375,44.86249923706055,27.15625,1.0,2.6875,4.78125,4.78125,0.0,3,3 4
4339,868.0994873046875,863.8513793945312,733.2394409179688,336.33123779296875,3.125,0.0,4.5,4.5,1.75,0.0,0.78125,0.8125,1.15625,36.36249923706055,29.59375,1.0,2.125,2.71875,2.71875,0.0,3,3 2
4340,914.4915161132812,913.0450439453125,778.1181640625,330.42498779296875,3.21875,0.0,4.53125,4.53125,1.71875,0.0,0.78125,0.84375,1.1875,39.40625,31.28125,1.0,2.21875,3.65625,3.65625,0.0,3,3 4
4341,1091.376708984375,1089.4771728515625,930.513671875,375.96875,3.65625,0.0,5.1875,5.1875,1.90625,0.03125,0.9375,0.9375,1.375,43.625,30.5,1.0,2.65625,4.46875,4.46875,0.0,3,3 1
4342,873.8095703125,873.4954833984375,742.6495361328125,331.78125,3.125,0.0,4.59375,4.59375,1.71875,0.0,0.875,0.78125,1.21875,36.84375,31.40625,1.09375,2.125,4.46875,4.46875,0.0,4,4 3
4343,940.8719482421875,939.0178833007812,800.1741333007812,336.89373779296875,3.28125,0.0,4.75,4.75,1.71875,0.0,0.90625,0.84375,1.28125,39.92499923706055,27.21875,1.0,2.28125,3.40625,3.40625,0.0,3,3 0
4344,978.2354736328125,977.1346435546875,832.5306396484375,350.42498779296875,3.375,0.0,5.0,5.0,1.96875,0.0,0.90625,1.0,1.125,40.73749923706055,29.34375,1.0,2.375,3.90625,3.90625,0.0,3,3 4
4345,873.3929443359375,870.9200439453125,741.0460205078125,315.91876220703125,3.125,0.0,4.59375,4.59375,1.6875,0.03125,0.8125,0.84375,1.21875,35.849998474121094,26.875,1.0,2.125,3.53125,3.53125,0.0,3,3 4
4346,919.420166015625,917.3504028320312,779.1694946289062,338.29376220703125,3.28125,0.0,4.65625,4.65625,1.78125,0.0,0.84375,0.8125,1.21875,37.9375,28.25,1.0,2.28125,3.21875,3.21875,0.0,4,4 3
4347,927.302001953125,926.1768798828125,787.3370971679688,339.3812561035156,3.28125,0.0,4.71875,4.71875,1.875,0.0,0.84375,0.875,1.125,39.90625,30.25,1.0,2.28125,3.4375,3.4375,0.0,2,2 4
4348,992.1097412109375,990.6555786132812,845.6087036132812,350.4624938964844,3.40625,0.0,4.8125,4.8125,1.875,0.0625,0.75,0.84375,1.28125,40.0625,31.46875,1.6875,2.40625,3.4375,3.4375,0.0,3,3 4
4349,1131.31884765625,1130.0269775390625,966.5690307617188,368.08123779296875,3.75,0.0,5.375,5.375,1.96875,0.0,1.03125,0.96875,1.40625,44.743751525878906,31.4375,1.8125,2.75,3.3125,3.3125,0.0,3,3 0
4350,931.7507934570312,929.0447998046875,789.5127563476562,345.70623779296875,3.28125,0.0,4.8125,4.8125,1.875,0.0,0.875,0.9375,1.125,39.912498474121094,34.09375,1.0,2.28125,2.53125,2.53125,0.0,3,3 4
4351,1023.9652709960938,1019.6463623046875,869.97021484375,356.2749938964844,3.46875,0.0,5.15625,5.15625,1.90625,0.0,1.0625,0.9375,1.25,41.943748474121094,27.9375,1.0,2.46875,3.03125,3.03125,0.0,3,3 2
4352,1112.13916015625,1110.367919921875,949.8394775390625,390.13751220703125,3.65625,0.0,5.3125,5.3125,1.9375,0.0,1.03125,0.90625,1.4375,45.60625076293945,26.5625,1.0,2.65625,2.65625,2.65625,0.0,0,0 3
4353,960.20068359375,959.1507568359375,818.6158447265625,350.84375,3.3125,0.0,4.65625,4.65625,1.84375,0.0,0.78125,0.875,1.15625,40.23749923706055,33.59375,1.53125,2.3125,3.1875,3.1875,0.0,4,4 2
4354,1011.0931396484375,1009.2589721679688,859.6417236328125,343.95623779296875,3.5,0.0,5.03125,5.03125,1.90625,0.0,1.0,0.9375,1.1875,40.525001525878906,33.5,1.0,2.5,2.1875,2.1875,0.0,4,4 3
4355,1103.731201171875,1100.591796875,940.4501953125,373.4437561035156,3.6875,0.0,5.15625,5.15625,1.96875,0.0,0.9375,0.96875,1.28125,44.275001525878906,36.25,1.0,2.6875,3.09375,3.09375,0.0,3,3 4
4356,927.64453125,923.3126831054688,785.0814208984375,339.6187438964844,3.28125,0.0,4.625,4.625,1.71875,0.0,0.78125,1.0,1.125,38.54375076293945,31.03125,1.0,2.28125,2.0,2.0,0.0,3,3 2
4357,900.9013671875,899.1535034179688,763.9654541015625,321.25,3.21875,0.0,4.8125,4.8125,1.78125,0.0,0.90625,0.9375,1.1875,37.15625,33.28125,1.0,2.21875,1.90625,1.90625,0.0,1,1 3
4358,1027.1663818359375,1026.0601806640625,877.0654296875,352.17498779296875,3.46875,0.0,5.03125,5.03125,1.96875,0.0,0.90625,1.0,1.15625,42.07500076293945,29.8125,1.0,2.46875,2.0625,2.0625,0.0,2,2 3
4359,1065.4681396484375,1061.426025390625,907.5006713867188,352.5,3.59375,0.0,4.9375,4.9375,1.90625,0.0,0.9375,0.875,1.21875,42.29375076293945,33.34375,1.0,2.59375,1.96875,1.96875,0.0,4,4 3
4360,1009.9039916992188,1007.5071411132812,859.59814453125,354.5687561035156,3.4375,0.0,5.0625,5.0625,1.96875,0.0,0.84375,0.96875,1.28125,41.974998474121094,28.46875,1.0,2.4375,2.5625,2.5625,0.0,3,3 0
