generation,best_fitness,mean_fitness,mean_reward,mean_survival,mean_floor_reached,mean_bosses_defeated,mean_chests_opened,mean_powerups_picked,mean_damage_powerups,mean_range_powerups,mean_speed_powerups,mean_diagonal_powerups,mean_vitality_powerups,mean_damage,mean_gate_distance,mean_best_gate_distance,mean_gate_tile_visits,mean_use_gate_attempts,mean_invalid_use_gate_attempts,success_rate,champion_id,elite_ids
0,-31.72625160217285,-33.36375427246094,-37.2025032043457,62.375,1.0,0.0,0.0,0.0,0.0,0.0,0.0,0.0,0.0,4.0,44.53125,53.125,0.0,26.15625,26.15625,0.0,4,4 0
1,-22.3565673828125,-23.99694061279297,-27.850067138671875,61.20000076293945,1.0,0.0,0.0,0.0,0.0,0.0,0.0,0.0,0.0,4.40625,46.28125,52.3125,0.0,24.5,24.5,0.0,4,4 2
2,-19.48906707763672,-19.858566284179688,-24.386377334594727,71.9937515258789,1.0,0.0,0.0,0.0,0.0,0.0,0.0,0.0,0.0,5.15625,43.78125,51.78125,0.0,22.78125,22.78125,0.0,4,4 3
3,-20.363441467285156,-21.044816970825195,-25.208253860473633,66.0562515258789,1.0,0.0,0.0,0.0,0.0,0.0,0.0,0.0,0.0,4.78125,43.59375,51.59375,0.0,17.1875,17.1875,0.0,4,4 2
4,-5.725316524505615,-8.409440040588379,-13.120691299438477,72.51249694824219,1.0,0.0,0.0,0.0,0.0,0.0,0.0,0.0,0.0,6.03125,47.0625,51.34375,0.0,16.0625,16.0625,0.0,4,4 2
5,4.799055576324463,2.7859339714050293,-2.0568783283233643,75.59375,1.0,0.0,0.0,0.0,0.0,0.0,0.0,0.0,0.0,5.90625,52.0625,50.875,0.0,15.25,15.25,0.0,4,4 0
6,1.532183051109314,0.38855916261672974,-4.262690544128418,72.6624984741211,1.0,0.0,0.0,0.0,0.0,0.0,0.0,0.0,0.0,5.65625,51.09375,51.40625,0.0,13.9375,13.9375,0.0,4,4 3
7,5.611244201660156,3.46612548828125,-1.390124797821045,76.6500015258789,1.0,0.0,0.0,0.0,0.0,0.0,0.0,0.0,0.0,5.6875,51.75,51.0625,0.0,12.875,12.875,0.0,4,4 3
8,7.236876487731934,5.6476263999938965,0.6510637998580933,75.3812484741211,1.0,0.0,0.03125,0.03125,0.0,0.0,0.0,0.0,0.03125,6.125,52.625,51.28125,0.0,14.96875,14.96875,0.0,2,2 4
9,5.552809238433838,4.421811103820801,-0.9003762006759644,83.60624694824219,1.0,0.0,0.0,0.0,0.0,0.0,0.0,0.0,0.0,6.34375,52.875,51.125,0.0,14.84375,14.84375,0.0,4,4 2
10,7.530631065368652,7.082499027252197,1.6246869564056396,83.03125,1.0,0.0,0.03125,0.03125,0.0,0.0,0.0,0.0,0.03125,6.5625,52.5625,50.5,0.0,16.0,16.0,0.0,4,4 2
11,-0.6909445524215698,-1.5614475011825562,-7.42144775390625,95.0374984741211,1.0,0.0,0.0,0.0,0.0,0.0,0.0,0.0,0.0,6.15625,47.125,48.75,0.0,17.625,17.625,0.0,3,3 2
12,7.430325984954834,5.479200839996338,0.3598257899284363,79.0999984741211,1.0,0.0,0.0,0.0,0.0,0.0,0.0,0.0,0.0,6.46875,48.15625,48.53125,0.0,12.5,12.5,0.0,4,4 3
13,13.249402046203613,12.000398635864258,6.01258659362793,92.70625305175781,1.0,0.0,0.0625,0.0625,0.0,0.0,0.0,0.0,0.0625,6.125,49.78125,48.1875,0.0,12.0,12.0,0.0,4,4 2
14,10.096564292907715,8.704939842224121,3.050877094268799,88.66874694824219,1.0,0.0,0.0,0.0,0.0,0.0,0.0,0.0,0.0,6.78125,51.34375,49.34375,0.0,12.0625,12.0625,0.0,2,2 4
15,12.817845344543457,12.287968635559082,6.166406154632568,92.3187484741211,1.0,0.0,0.09375,0.09375,0.0,0.0,0.0,0.0,0.09375,6.28125,47.4375,47.1875,0.0,10.09375,10.09375,0.0,1,1 3
16,0.37718766927719116,-2.3921899795532227,-7.275627136230469,75.28125,1.0,0.0,0.0,0.0,0.0,0.0,0.0,0.0,0.0,6.21875,48.40625,51.59375,0.0,7.5625,7.5625,0.0,3,3 4
17,7.559678077697754,6.516306400299072,1.348494529724121,80.51875305175781,1.0,0.0,0.0,0.0,0.0,0.0,0.0,0.0,0.0,6.34375,53.65625,51.6875,0.0,9.0625,9.0625,0.0,4,4 3
18,6.823116779327393,6.070740699768066,1.001678705215454,77.7562484741211,1.0,0.0,0.0,0.0,0.0,0.0,0.0,0.0,0.0,6.5625,54.53125,52.875,0.0,6.5625,6.5625,0.0,4,4 1
19,8.40188217163086,7.474257469177246,2.453944444656372,77.6812515258789,1.0,0.0,0.0,0.0,0.0,0.0,0.0,0.0,0.0,6.3125,54.0625,52.0,0.0,5.28125,5.28125,0.0,2,2 1
20,10.06874942779541,9.287877082824707,3.9885025024414062,79.86250305175781,1.0,0.0,0.03125,0.03125,0.0,0.0,0.0,0.0,0.03125,6.5625,54.0625,52.0625,0.0,4.90625,4.90625,0.0,2,2 3
21,10.568123817443848,9.564873695373535,4.322998523712158,78.7125015258789,1.0,0.0,0.03125,0.03125,0.0,0.0,0.0,0.0,0.03125,6.5625,53.9375,52.0625,0.0,4.53125,4.53125,0.0,2,2 3
22,14.060633659362793,12.348886489868164,6.553261756896973,89.7874984741211,1.0,0.0,0.03125,0.03125,0.0,0.0,0.0,0.0,0.03125,6.5625,51.03125,49.125,0.0,5.78125,5.78125,0.0,4,4 2
23,12.80250072479248,11.217878341674805,5.5788164138793945,87.58125305175781,1.0,0.0,0.0,0.0,0.0,0.0,0.0,0.0,0.0,7.0,52.53125,50.875,0.0,6.78125,6.78125,0.0,4,4 2
24,12.665315628051758,11.592820167541504,6.172194480895996,84.0,1.0,0.0,0.0,0.0,0.0,0.0,0.0,0.0,0.0,6.78125,53.25,51.34375,0.0,7.0625,7.0625,0.0,1,1 4
25,12.667508125305176,11.253007888793945,5.853320598602295,81.8687515258789,1.0,0.0,0.03125,0.03125,0.0,0.0,0.0,0.0,0.03125,6.5625,53.375,51.3125,0.0,7.46875,7.46875,0.0,1,1 0
26,12.540627479553223,11.57750129699707,6.555001258850098,75.25,1.0,0.0,0.0,0.0,0.0,0.0,0.0,0.0,0.0,7.0,54.34375,52.75,0.0,9.28125,9.28125,0.0,1,1 3
27,12.119067192077637,11.3983154296875,6.338940143585205,76.7750015258789,1.0,0.0,0.0,0.0,0.0,0.0,0.0,0.0,0.0,6.78125,54.09375,52.46875,0.0,6.15625,6.15625,0.0,3,3 4
28,18.036911010742188,17.326160430908203,10.744597434997559,103.9312515258789,1.0,0.0,0.03125,0.03125,0.0,0.0,0.0,0.0,0.03125,7.0,48.34375,46.875,0.0,5.84375,5.84375,0.0,2,2 4
29,11.548748970031738,11.121122360229492,5.880185127258301,79.6187515258789,1.0,0.0,0.0,0.0,0.0,0.0,0.0,0.0,0.0,7.0,54.6875,52.75,0.0,4.25,4.25,0.0,2,2 1
30,13.401887893676758,12.446138381958008,6.923011779785156,84.3375015258789,1.0,0.0,0.03125,0.03125,0.0,0.0,0.0,0.0,0.03125,6.5625,52.46875,50.6875,0.0,4.8125,4.8125,0.0,3,3 4
31,14.700642585754395,13.877771377563477,8.416208267211914,85.60624694824219,1.0,0.0,0.0,0.0,0.0,0.0,0.0,0.0,0.0,6.5625,51.9375,50.09375,0.0,3.84375,3.84375,0.0,1,1 3
32,31.22760009765625,30.50022315979004,21.608657836914062,140.13125610351562,1.0,0.0,0.15625,0.15625,0.0,0.0,0.0,0.0,0.15625,7.0,40.1875,38.71875,0.0,7.03125,7.03125,0.0,3,3 1
33,25.954469680786133,25.514087677001953,17.103464126586914,135.5124969482422,1.0,0.0,0.09375,0.09375,0.0,0.0,0.0,0.0,0.09375,7.0,42.59375,40.40625,0.0,6.34375,6.34375,0.0,4,4 1
34,13.060626983642578,12.559754371643066,7.269129276275635,80.61250305175781,1.0,0.0,0.0,0.0,0.0,0.0,0.0,0.0,0.0,7.0,53.9375,52.15625,0.0,3.34375,3.34375,0.0,2,2 1
35,14.02188491821289,12.838383674621582,7.3199462890625,85.16874694824219,1.0,0.0,0.0,0.0,0.0,0.0,0.0,0.0,0.0,7.0,53.40625,51.46875,0.0,3.34375,3.34375,0.0,1,1 0
36,12.879058837890625,11.828435897827148,6.646873474121094,79.21875,1.0,0.0,0.0,0.0,0.0,0.0,0.0,0.0,0.0,6.78125,53.8125,51.9375,0.0,3.46875,3.46875,0.0,1,1 3
37,10.87375259399414,10.162501335144043,5.5984392166137695,67.65625,1.0,0.0,0.0,0.0,0.0,0.0,0.0,0.0,0.0,6.5625,55.3125,53.75,0.0,3.03125,3.03125,0.0,3,3 2
38,12.974692344665527,12.308691024780273,7.035879611968994,78.54374694824219,1.0,0.0,0.03125,0.03125,0.0,0.0,0.0,0.0,0.03125,6.78125,54.25,52.28125,0.0,3.875,3.875,0.0,1,1 3
39,12.121872901916504,11.916997909545898,7.170748233795166,69.7249984741211,1.0,0.0,0.0,0.0,0.0,0.0,0.0,0.0,0.0,7.0,55.5,53.8125,0.0,3.1875,3.1875,0.0,1,1 4
40,8.19249439239502,7.284491539001465,2.7904295921325684,66.2562484741211,1.0,0.0,0.0,0.0,0.0,0.0,0.0,0.0,0.0,6.5625,55.96875,54.1875,0.0,3.4375,3.4375,0.0,1,1 3
41,9.795307159423828,9.252057075500488,4.480181694030762,71.0250015258789,1.0,0.0,0.0,0.0,0.0,0.0,0.0,0.0,0.0,6.78125,55.84375,54.15625,0.0,3.0625,3.0625,0.0,3,3 2
42,12.499689102172852,11.23156452178955,6.385939121246338,72.5,1.0,0.0,0.0,0.0,0.0,0.0,0.0,0.0,0.0,6.78125,54.90625,53.15625,0.0,2.46875,2.46875,0.0,3,3 0
43,10.32499885559082,8.796622276306152,3.756622791290283,77.17500305175781,1.0,0.0,0.0,0.0,0.0,0.0,0.0,0.0,0.0,6.5625,54.46875,52.96875,0.0,2.25,2.25,0.0,1,1 3
44,9.872495651245117,9.263371467590332,4.4783711433410645,72.07499694824219,1.0,0.0,0.0,0.0,0.0,0.0,0.0,0.0,0.0,6.5625,55.09375,53.5625,0.0,2.09375,2.09375,0.0,3,3 1
45,12.460938453674316,11.27556324005127,5.741812705993652,86.26249694824219,1.0,0.0,0.0,0.0,0.0,0.0,0.0,0.0,0.0,6.78125,53.5,51.84375,0.0,3.34375,3.34375,0.0,3,3 1
46,7.184369087219238,6.431619167327881,2.1156821250915527,64.26875305175781,1.0,0.0,0.0,0.0,0.0,0.0,0.0,0.0,0.0,6.125,55.28125,54.125,0.0,2.4375,2.4375,0.0,3,3 1
47,14.15438175201416,12.711255073547363,7.510630130767822,78.8125,1.0,0.0,0.0,0.0,0.0,0.0,0.0,0.0,0.0,7.0,53.6875,52.15625,0.0,3.6875,3.6875,0.0,1,1 3
48,13.288132667541504,12.871383666992188,6.692320823669434,95.8812484741211,1.0,0.0,0.03125,0.03125,0.0,0.0,0.0,0.0,0.03125,7.0,52.34375,50.4375,0.0,5.1875,5.1875,0.0,4,4 1
49,11.536568641662598,9.845439910888672,3.3245022296905518,106.0062484741211,1.0,0.0,0.0,0.0,0.0,0.0,0.0,0.0,0.0,6.78125,51.34375,49.65625,0.0,6.75,6.75,0.0,1,1 0
50,24.768207550048828,23.92633628845215,15.969461441040039,126.4375,1.0,0.0,0.09375,0.09375,0.0,0.0,0.0,0.0,0.09375,7.0,43.96875,42.59375,0.0,7.65625,7.65625,0.0,3,3 2
51,33.27138137817383,31.964746475219727,22.849435806274414,144.6062469482422,1.0,0.0,0.15625,0.15625,0.0,0.0,0.0,0.0,0.15625,7.0,38.90625,38.125,0.0,7.875,7.875,0.0,3,3 0
52,40.17074203491211,37.48748016357422,27.362167358398438,144.80624389648438,1.0,0.0,0.40625,0.40625,0.0,0.0,0.0,0.0,0.40625,7.0,39.46875,38.25,0.0,13.71875,13.71875,0.0,1,1 4
53,37.43574523925781,37.00499725341797,27.039058685302734,146.61874389648438,1.0,0.0,0.34375,0.34375,0.0,0.0,0.0,0.0,0.34375,7.0,38.15625,37.25,0.0,13.625,13.625,0.0,3,3 0
54,27.706043243408203,27.006296157836914,18.70848274230957,131.5437469482422,1.0,0.0,0.125,0.125,0.0,0.0,0.0,0.0,0.125,6.78125,42.03125,40.75,0.0,8.8125,8.8125,0.0,1,1 3
55,30.362585067749023,29.42795753479004,20.544206619262695,124.05000305175781,1.0,0.0,0.375,0.375,0.0,0.0,0.0,0.0,0.375,6.5625,44.15625,43.1875,0.0,9.1875,9.1875,0.0,1,1 0
56,40.58260726928711,38.96673583984375,28.565174102783203,142.8312530517578,1.0,0.0,0.5,0.5,0.0,0.0,0.0,0.0,0.5,7.0,40.59375,39.6875,0.0,10.09375,10.09375,0.0,3,3 1
57,30.15694236755371,28.563568115234375,19.809505462646484,118.95625305175781,1.0,0.0,0.40625,0.40625,0.0,0.0,0.0,0.0,0.40625,6.5625,45.28125,44.40625,0.0,6.75,6.75,0.0,1,1 3
58,21.979394912719727,20.057147979736328,13.241833686828613,98.60624694824219,1.0,0.0,0.15625,0.15625,0.0,0.0,0.0,0.0,0.15625,7.0,50.1875,49.0625,0.0,6.90625,6.90625,0.0,1,1 3
59,34.216941833496094,31.955318450927734,22.738439559936523,126.63749694824219,1.0,0.0,0.40625,0.40625,0.0,0.0,0.0,0.0,0.40625,7.0,43.625,42.5625,0.0,8.71875,8.71875,0.0,1,1 3
60,22.392536163330078,20.656030654907227,13.437280654907227,104.17500305175781,1.0,0.0,0.1875,0.1875,0.0,0.0,0.0,0.0,0.1875,7.0,49.15625,47.90625,0.0,8.65625,8.65625,0.0,1,1 3
61,24.5819149017334,24.081287384033203,16.158790588378906,113.25,1.0,0.0,0.25,0.25,0.0,0.0,0.0,0.0,0.25,7.0,47.40625,46.40625,0.0,6.96875,6.96875,0.0,1,1 3
62,11.730938911437988,10.83493709564209,5.371499538421631,82.35624694824219,1.0,0.0,0.03125,0.03125,0.0,0.0,0.0,0.0,0.03125,6.78125,53.4375,52.21875,0.0,4.625,4.625,0.0,1,1 3
63,14.92062759399414,12.816125869750977,6.493938446044922,93.7437515258789,1.0,0.0,0.09375,0.09375,0.0,0.0,0.0,0.0,0.09375,7.0,52.125,51.0625,0.0,11.375,11.375,0.0,0,0 3
64,12.206244468688965,11.3336181640625,5.419867515563965,87.1500015258789,1.0,0.0,0.09375,0.09375,0.0,0.0,0.0,0.0,0.09375,6.5625,52.5,51.4375,0.0,5.625,5.625,0.0,3,3 1
65,12.142495155334473,10.746618270874023,4.16068172454834,99.01875305175781,1.0,0.0,0.09375,0.09375,0.0,0.0,0.0,0.0,0.09375,7.0,52.78125,51.40625,0.0,6.34375,6.34375,0.0,1,1 3
66,13.050009727478027,12.092506408691406,5.328444004058838,101.65625,1.0,0.0,0.125,0.125,0.0,0.0,0.0,0.0,0.125,6.5625,50.90625,50.0,0.0,7.78125,7.78125,0.0,1,1 3
67,12.890308380126953,10.124185562133789,4.5313720703125,82.4437484741211,1.0,0.0,0.0625,0.0625,0.0,0.0,0.0,0.0,0.0625,6.78125,53.5,52.53125,0.0,3.3125,3.3125,0.0,1,1 3
68,13.105624198913574,10.656746864318848,4.498621940612793,92.9625015258789,1.0,0.0,0.0625,0.0625,0.0,0.0,0.0,0.0,0.0625,7.0,52.09375,51.1875,0.0,9.8125,9.8125,0.0,1,1 3
69,8.134984016418457,5.9764862060546875,1.299298882484436,67.41874694824219,1.0,0.0,0.03125,0.03125,0.0,0.0,0.0,0.0,0.03125,6.5625,55.28125,54.4375,0.0,8.21875,8.21875,0.0,1,1 3
70,11.719993591308594,9.30811595916748,4.349678993225098,71.46875,1.0,0.0,0.03125,0.03125,0.0,0.0,0.0,0.0,0.03125,7.0,55.0625,53.65625,0.0,11.25,11.25,0.0,3,3 4
71,5.9262309074401855,3.9793567657470703,-0.45501822233200073,65.0625,1.0,0.0,0.0,0.0,0.0,0.0,0.0,0.0,0.0,6.5625,56.25,55.125,0.0,10.4375,10.4375,0.0,3,3 1
72,11.454687118530273,9.250057220458984,4.280056953430176,69.98750305175781,1.0,0.0,0.0625,0.0625,0.0,0.0,0.0,0.0,0.0625,6.78125,55.125,53.71875,0.0,10.53125,10.53125,0.0,3,3 1
73,10.628737449645996,8.029361724853516,3.2365493774414062,68.15625,1.0,0.0,0.03125,0.03125,0.0,0.0,0.0,0.0,0.03125,7.0,55.65625,54.53125,0.0,8.75,8.75,0.0,3,3 1
74,11.51186466217041,8.665613174438477,4.1103010177612305,65.90625,1.0,0.0,0.0,0.0,0.0,0.0,0.0,0.0,0.0,7.0,56.28125,54.4375,0.0,6.03125,6.03125,0.0,3,3 1
75,15.103753089904785,13.222500801086426,7.665626525878906,78.4375,1.0,0.0,0.09375,0.09375,0.0,0.0,0.0,0.0,0.09375,7.0,54.0,52.03125,0.0,7.3125,7.3125,0.0,3,3 1
76,17.544076919555664,15.83032512664795,9.534700393676758,91.5,1.0,0.0,0.125,0.125,0.0,0.0,0.0,0.0,0.125,6.78125,51.1875,49.40625,0.0,9.8125,9.8125,0.0,1,1 3
77,22.114389419555664,18.547513961791992,11.693763732910156,94.375,1.0,0.0,0.21875,0.21875,0.0,0.0,0.0,0.0,0.21875,7.0,51.03125,49.3125,0.0,10.125,10.125,0.0,1,1 2
78,44.92571258544922,43.20708465576172,33.454586029052734,119.8499984741211,1.0,0.0,0.625,0.625,0.0,0.0,0.0,0.0,0.625,7.0,41.59375,39.78125,0.0,18.25,18.25,0.0,1,1 3
79,31.201908111572266,30.15553855895996,22.484914779663086,95.7125015258789,1.0,0.0,0.40625,0.40625,0.0,0.0,0.0,0.0,0.40625,7.0,47.5,45.75,0.0,9.4375,9.4375,0.0,1,1 3
80,34.89193344116211,33.44443130493164,24.754743576049805,108.59375,1.0,0.0,0.5,0.5,0.0,0.0,0.0,0.0,0.5,7.0,46.53125,44.0625,0.0,12.8125,12.8125,0.0,1,1 3
81,14.685626029968262,12.426252365112305,6.780940055847168,79.28125,1.0,0.0,0.125,0.125,0.0,0.0,0.0,0.0,0.125,6.5625,52.78125,51.40625,0.0,8.34375,8.34375,0.0,1,1 3
82,28.086915969848633,26.63741683959961,18.590229034423828,110.7437515258789,1.0,0.0,0.3125,0.3125,0.0,0.0,0.0,0.0,0.3125,7.0,46.71875,45.40625,0.0,7.75,7.75,0.0,1,1 3
83,25.75753402709961,24.242534637451172,17.479408264160156,90.0625,1.0,0.0,0.25,0.25,0.0,0.0,0.0,0.0,0.25,7.0,49.15625,47.53125,0.0,6.0,6.0,0.0,1,1 3
84,43.19634246826172,41.97271728515625,31.94677734375,130.31875610351562,1.0,0.0,0.5625,0.5625,0.0,0.0,0.0,0.0,0.5625,7.0,40.65625,39.65625,0.0,11.9375,11.9375,0.0,3,3 1
85,49.00449752807617,47.82424545288086,37.388309478759766,136.0187530517578,1.0,0.0,0.59375,0.59375,0.0,0.0,0.0,0.0,0.59375,7.0,38.03125,36.65625,0.0,11.5625,11.5625,0.0,1,1 3
86,57.54542922973633,54.99431228637695,44.33586883544922,126.2562484741211,1.0,0.0,0.78125,0.78125,0.0,0.0,0.0,0.0,0.78125,6.78125,37.125,35.71875,0.0,13.0625,13.0625,0.0,3,3 4
87,60.61013412475586,59.92613983154297,48.376136779785156,140.8000030517578,1.0,0.0,0.8125,0.8125,0.0,0.0,0.0,0.0,0.8125,7.0,33.9375,32.6875,0.0,14.5625,14.5625,0.0,3,3 4
88,55.73451232910156,54.12126541137695,42.73969650268555,142.43124389648438,1.0,0.0,0.75,0.75,0.0,0.0,0.0,0.0,0.75,7.0,35.78125,34.5,0.0,17.5625,17.5625,0.0,3,3 1
89,61.10575485229492,59.54712677001953,47.63212966918945,140.60000610351562,1.0,0.0,0.90625,0.90625,0.0,0.0,0.0,0.0,0.90625,7.0,34.4375,32.8125,0.0,26.96875,26.96875,0.0,2,2 1
90,52.35262680053711,50.55149841308594,40.21930694580078,131.44375610351562,1.0,0.0,0.625,0.625,0.0,0.0,0.0,0.0,0.625,7.0,36.25,34.75,0.0,15.90625,15.90625,0.0,1,1 3
91,58.811370849609375,57.40624237060547,46.49967956542969,127.9312515258789,1.0,0.0,0.8125,0.8125,0.0,0.0,0.0,0.0,0.8125,7.0,36.9375,34.875,0.0,11.9375,11.9375,0.0,2,2 1
92,39.340702056884766,38.62057876586914,29.81870460510254,113.3375015258789,1.0,0.0,0.46875,0.46875,0.0,0.0,0.0,0.0,0.46875,7.0,43.34375,41.34375,0.0,6.9375,6.9375,0.0,3,3 1
93,60.9319953918457,58.93511962890625,47.94074630737305,129.6875,1.0,0.0,0.8125,0.8125,0.0,0.0,0.0,0.0,0.8125,7.0,35.9375,34.78125,0.0,8.8125,8.8125,0.0,3,3 2
94,51.57575225830078,49.85499954223633,38.514068603515625,146.61874389648438,1.0,0.0,0.6875,0.6875,0.0,0.0,0.0,0.0,0.6875,7.0,36.21875,34.75,0.0,10.53125,10.53125,0.0,3,3 2
95,48.34044647216797,47.56806564331055,36.787757873535156,138.69375610351562,1.0,0.0,0.65625,0.65625,0.0,0.0,0.0,0.0,0.65625,6.78125,38.0625,36.65625,0.0,7.71875,7.71875,0.0,2,2 1
96,47.61449432373047,46.27749252319336,35.39592742919922,137.43124389648438,1.0,0.0,0.6875,0.6875,0.0,0.0,0.0,0.0,0.6875,7.0,39.90625,38.40625,0.0,8.1875,8.1875,0.0,2,2 3
97,50.79572296142578,49.6890983581543,39.247222900390625,128.6374969482422,1.0,0.0,0.6875,0.6875,0.0,0.0,0.0,0.0,0.6875,7.0,39.9375,37.8125,0.0,5.78125,5.78125,0.0,1,1 3
98,41.22447967529297,39.829856872558594,29.942352294921875,135.0500030517578,1.0,0.0,0.46875,0.46875,0.0,0.0,0.0,0.0,0.46875,7.0,41.3125,39.90625,0.0,5.28125,5.28125,0.0,1,1 2
99,37.9594612121582,36.85009002685547,27.88071632385254,121.6875,1.0,0.0,0.40625,0.40625,0.0,0.0,0.0,0.0,0.40625,7.0,43.40625,42.03125,0.0,3.75,3.75,0.0,1,1 2
100,46.98073196411133,45.84385299682617,34.85886001586914,139.5,1.0,0.0,0.6875,0.6875,0.0,0.0,0.0,0.0,0.6875,7.0,40.09375,38.9375,0.0,5.96875,5.96875,0.0,1,1 3
101,58.353233337402344,56.658363342285156,45.918365478515625,127.0999984741211,1.0,0.0,0.78125,0.78125,0.0,0.0,0.0,0.0,0.78125,7.0,37.90625,35.9375,0.0,3.4375,3.4375,0.0,3,3 1
102,55.6082649230957,53.90264129638672,41.5520133972168,156.8125,1.0,0.0,0.8125,0.8125,0.0,0.0,0.0,0.0,0.8125,7.0,37.0625,35.53125,0.0,5.96875,5.96875,0.0,1,1 3
103,57.93012237548828,57.81337356567383,46.56087112426758,134.85000610351562,1.0,0.0,0.8125,0.8125,0.0,0.0,0.0,0.0,0.8125,7.0,36.53125,34.875,0.0,6.5625,6.5625,0.0,0,0 4
104,58.270137786865234,57.057640075683594,45.05388641357422,152.375,1.0,0.0,0.78125,0.78125,0.0,0.0,0.0,0.0,0.78125,7.0,34.84375,33.78125,0.0,4.46875,4.46875,0.0,3,3 1
105,54.20949172973633,52.94324493408203,41.881683349609375,138.53125,1.0,0.0,0.71875,0.71875,0.0,0.0,0.0,0.0,0.71875,7.0,38.125,36.0625,0.0,3.0625,3.0625,0.0,1,1 3
106,59.382301330566406,57.689308166503906,46.230865478515625,137.25625610351562,1.0,0.0,0.84375,0.84375,0.0,0.0,0.0,0.0,0.84375,6.78125,35.625,34.4375,0.0,4.84375,4.84375,0.0,1,1 3
107,47.679168701171875,46.14979934692383,35.10260772705078,144.03125,1.0,0.0,0.65625,0.65625,0.0,0.0,0.0,0.0,0.65625,6.78125,39.5625,37.53125,0.0,3.40625,3.40625,0.0,1,1 3
108,59.6513786315918,56.93750762939453,45.56219482421875,142.30624389648438,1.0,0.0,0.75,0.75,0.0,0.0,0.0,0.0,0.75,7.0,35.3125,33.875,0.0,2.8125,2.8125,0.0,1,1 3
109,66.10762786865234,65.1396255493164,53.305877685546875,136.47500610351562,1.0,0.0,0.9375,0.9375,0.0,0.0,0.0,0.0,0.9375,7.0,33.71875,32.6875,0.0,3.8125,3.8125,0.0,3,3 1
110,56.28448486328125,55.429107666015625,44.762229919433594,128.1374969482422,1.0,0.0,0.75,0.75,0.0,0.0,0.0,0.0,0.75,7.0,36.625,35.5625,0.0,5.09375,5.09375,0.0,1,1 2
111,60.543235778808594,59.03410720825195,48.495361328125,123.07499694824219,1.0,0.0,0.78125,0.78125,0.0,0.0,0.0,0.0,0.78125,7.0,35.125,33.875,0.0,5.28125,5.28125,0.0,1,1 3
112,64.96763610839844,64.70263671875,53.008262634277344,136.1875,1.0,0.0,0.90625,0.90625,0.0,0.0,0.0,0.0,0.90625,7.0,33.59375,32.53125,0.0,9.21875,9.21875,0.0,3,3 4
113,62.27202224731445,61.55414962768555,49.02790451049805,152.8249969482422,1.0,0.0,0.90625,0.90625,0.0,0.0,0.0,0.0,0.90625,7.0,34.5,33.1875,0.0,11.875,11.875,0.0,2,2 1
114,62.7226448059082,61.19514846801758,48.7382698059082,151.4375,1.0,0.0,0.90625,0.90625,0.0,0.0,0.0,0.0,0.90625,7.0,35.5625,33.15625,0.0,9.84375,9.84375,0.0,3,3 1
115,60.86764144897461,59.78114700317383,47.96864700317383,146.0500030517578,1.0,0.0,0.8125,0.8125,0.0,0.0,0.0,0.0,0.8125,7.0,35.09375,33.65625,0.0,8.15625,8.15625,0.0,3,3 1
116,61.8682746887207,61.21964645385742,49.12339782714844,149.22500610351562,1.0,0.0,0.84375,0.84375,0.0,0.0,0.0,0.0,0.84375,7.0,34.1875,32.59375,0.0,8.4375,8.4375,0.0,1,1 3
117,65.45765686035156,64.47428131103516,51.56959915161133,157.8937530517578,1.0,0.0,0.9375,0.9375,0.0,0.0,0.0,0.0,0.9375,7.0,34.4375,32.53125,0.0,8.625,8.625,0.0,2,2 3
118,66.70825958251953,64.89012908935547,53.18013381958008,134.0,1.0,0.0,0.9375,0.9375,0.0,0.0,0.0,0.0,0.9375,7.0,36.25,33.71875,0.0,3.96875,3.96875,0.0,2,2 3
119,67.99513244628906,65.208251953125,53.54669189453125,130.53125,1.0,0.0,0.96875,0.96875,0.0,0.0,0.0,0.0,0.96875,7.0,36.65625,34.71875,0.0,4.8125,4.8125,0.0,3,3 2
120,57.81763458251953,56.7601318359375,45.3126335144043,136.25,1.0,0.0,0.84375,0.84375,0.0,0.0,0.0,0.0,0.84375,7.0,38.0625,36.5,0.0,5.46875,5.46875,0.0,2,2 3
121,53.41073989868164,52.41211700439453,41.365867614746094,135.72500610351562,1.0,0.0,0.75,0.75,0.0,0.0,0.0,0.0,0.75,7.0,40.1875,37.84375,0.0,4.78125,4.78125,0.0,1,1 2
122,60.537635803222656,59.53825759887695,47.58294677734375,146.40625,1.0,0.0,0.84375,0.84375,0.0,0.0,0.0,0.0,0.84375,7.0,36.65625,34.625,0.0,4.125,4.125,0.0,1,1 3
123,50.010108947753906,48.809486389160156,37.67105484008789,148.46875,1.0,0.0,0.625,0.625,0.0,0.0,0.0,0.0,0.625,6.75,37.59375,35.09375,0.0,4.6875,4.6875,0.0,3,3 0
124,57.66699981689453,57.329505920410156,45.66168975830078,143.15625,1.0,0.0,0.8125,0.8125,0.0,0.0,0.0,0.0,0.8125,7.0,35.96875,34.59375,0.0,2.40625,2.40625,0.0,2,2 3
125,55.369510650634766,54.3386344909668,42.49176025390625,146.7375030517578,1.0,0.0,0.8125,0.8125,0.0,0.0,0.0,0.0,0.8125,7.0,38.8125,36.84375,0.0,3.40625,3.40625,0.0,2,2 1
126,50.163238525390625,48.79411315917969,38.16786193847656,139.8249969482422,1.0,0.0,0.59375,0.59375,0.0,0.0,0.0,0.0,0.59375,7.0,38.9375,36.375,0.0,3.0625,3.0625,0.0,3,3 1
127,57.36731719970703,56.308570861816406,44.37857437133789,158.0625,1.0,0.0,0.6875,0.6875,0.0,0.0,0.0,0.0,0.6875,7.09375,36.0,32.375,0.0,2.03125,2.03125,0.0,3,3 1
128,57.34419250488281,55.8834342956543,43.777809143066406,158.39999389648438,1.0,0.0,0.71875,0.71875,0.0,0.0,0.0,0.0,0.71875,7.28125,36.9375,31.09375,0.0,8.21875,8.21875,0.0,1,1 2
129,67.02796936035156,65.50797271728516,52.54828643798828,173.65625,1.0,0.0,0.75,0.75,0.0,0.0,0.0,0.0,0.75,7.09375,29.0625,24.53125,0.0,12.125,12.125,0.0,1,1 4
130,55.931392669677734,53.63213348388672,41.351829528808594,180.88125610351562,1.0,0.0,0.46875,0.46875,0.0,0.0,0.0,0.0,0.46875,7.5625,33.3125,27.25,0.0,6.84375,6.84375,0.0,1,1 2
131,40.303524017333984,39.30501937866211,28.840961456298828,154.4187469482422,1.0,0.0,0.375,0.375,0.0,0.0,0.0,0.0,0.375,6.90625,39.84375,34.125,0.0,3.5,3.5,0.0,1,1 3
132,47.9388542175293,46.26360321044922,36.06641387939453,146.0187530517578,1.0,0.0,0.40625,0.40625,0.0,0.0,0.0,0.0,0.40625,7.0625,41.125,32.25,0.0,2.375,2.375,0.0,1,1 3
133,62.8795051574707,62.46950149536133,50.20512771606445,163.0625,1.0,0.0,0.6875,0.6875,0.0,0.0,0.0,0.0,0.6875,7.5625,35.84375,27.78125,0.0,3.34375,3.34375,0.0,0,0 3
134,81.37548065185547,79.91510009765625,64.37447357177734,205.0749969482422,1.0,0.0,0.96875,0.96875,0.03125,0.0,0.0,0.0,0.9375,7.84375,29.46875,18.5625,0.0,6.8125,6.8125,0.0,4,4 0
135,42.07291030883789,41.335289001464844,30.78497886657715,150.24374389648438,1.0,0.0,0.4375,0.4375,0.0,0.0,0.0,0.0,0.4375,7.15625,40.0,36.15625,0.0,4.1875,4.1875,0.0,3,3 2
136,34.51040267944336,33.66952896118164,24.619842529296875,129.0812530517578,1.0,0.0,0.34375,0.34375,0.0,0.0,0.0,0.0,0.34375,6.78125,42.375,41.25,0.0,4.5625,4.5625,0.0,2,2 1
137,39.96854019165039,39.43454360961914,30.149227142333984,135.3937530517578,1.0,0.0,0.3125,0.3125,0.0,0.0,0.0,0.0,0.3125,7.03125,42.40625,37.15625,0.0,3.8125,3.8125,0.0,1,1 2
138,49.99448776245117,48.590858459472656,37.70711135864258,149.97500610351562,1.0,0.0,0.53125,0.53125,0.0,0.0,0.0,0.0,0.53125,7.0,41.84375,33.78125,0.0,3.78125,3.78125,0.0,2,2 1
139,23.216285705566406,21.9252872467041,14.470911979675293,116.38749694824219,1.0,0.0,0.09375,0.09375,0.0,0.0,0.0,0.0,0.09375,7.0,49.15625,44.78125,0.0,2.15625,2.15625,0.0,1,1 2
140,35.9254264831543,34.82555389404297,24.945865631103516,156.13125610351562,1.0,0.0,0.21875,0.21875,0.03125,0.0,0.0,0.0,0.1875,6.65625,45.1875,34.3125,0.0,2.8125,2.8125,0.0,3,3 1
141,24.076629638671875,23.104755401611328,15.998194694519043,112.71875,1.0,0.0,0.0625,0.0625,0.03125,0.0,0.0,0.0,0.03125,6.78125,46.6875,43.46875,0.0,1.21875,1.21875,0.0,1,1 3
142,24.811626434326172,22.854373931884766,15.858126640319824,113.01249694824219,1.0,0.0,0.03125,0.03125,0.03125,0.0,0.0,0.0,0.0,6.78125,45.9375,43.3125,0.0,0.875,0.875,0.0,3,3 1
143,18.1097354888916,17.278610229492188,10.132047653198242,114.1937484741211,1.0,0.0,0.0625,0.0625,0.0,0.0,0.0,0.0,0.0625,6.59375,47.90625,45.78125,0.0,1.75,1.75,0.0,1,1 3
144,16.205652236938477,14.352526664733887,8.079089164733887,101.84375,1.0,0.0,0.0,0.0,0.0,0.0,0.0,0.0,0.0,6.5625,49.25,47.96875,0.0,1.28125,1.28125,0.0,3,3 2
145,25.265989303588867,23.908864974975586,16.213863372802734,121.98750305175781,1.0,0.0,0.09375,0.09375,0.03125,0.0,0.0,0.0,0.0625,6.78125,45.0625,42.28125,0.0,2.28125,2.28125,0.0,3,3 1
146,33.36225891113281,32.28400802612305,24.69807243347168,109.8062515258789,1.0,0.0,0.21875,0.21875,0.0,0.0,0.0,0.0,0.21875,6.78125,43.71875,41.5,0.0,2.46875,2.46875,0.0,3,3 1
147,66.57391357421875,65.58728790283203,52.30847930908203,185.55624389648438,1.0,0.0,0.6875,0.6875,0.0625,0.0,0.0,0.0,0.625,6.949999809265137,30.46875,23.34375,0.0,7.1875,7.1875,0.0,1,1 0
148,56.095733642578125,53.3917350769043,42.89642333984375,134.7062530517578,1.0,0.0,0.625,0.625,0.0,0.0,0.0,0.0,0.625,7.0,37.25,34.96875,0.0,4.0625,4.0625,0.0,3,3 4
149,58.74384307861328,58.03484344482422,47.03453063964844,147.0812530517578,1.0,0.0,0.59375,0.59375,0.0,0.0,0.0,0.0,0.59375,7.0625,39.40625,28.5625,0.0,5.90625,5.90625,0.0,0,0 1
150,51.60449981689453,50.87274932861328,39.29993438720703,151.25625610351562,1.0,0.0,0.6875,0.6875,0.0,0.0,0.0,0.0,0.6875,7.0,37.53125,34.78125,0.0,8.78125,8.78125,0.0,4,4 2
151,46.923858642578125,45.939109802246094,35.48160934448242,141.4499969482422,1.0,0.0,0.53125,0.53125,0.0,0.0,0.0,0.0,0.53125,7.0,38.375,36.71875,0.0,3.9375,3.9375,0.0,3,3 1
152,48.321983337402344,46.69723129272461,35.70879364013672,146.1687469482422,1.0,0.0,0.59375,0.59375,0.0,0.0,0.0,0.0,0.59375,7.25,39.84375,36.90625,0.0,4.125,4.125,0.0,3,3 1
153,50.365726470947266,47.678855895996094,36.575103759765625,146.875,1.0,0.0,0.625,0.625,0.0,0.0,0.0,0.0,0.625,7.0,38.28125,36.1875,0.0,4.84375,4.84375,0.0,3,3 4
154,53.17448806762695,51.04661178588867,40.58598709106445,139.0124969482422,1.0,0.0,0.5625,0.5625,0.0,0.0,0.0,0.0,0.5625,7.0,38.625,34.40625,0.0,3.46875,3.46875,0.0,3,3 1
155,58.68668746948242,57.03818893432617,44.635372161865234,158.6687469482422,1.0,0.0,0.78125,0.78125,0.0,0.0,0.0,0.0,0.78125,7.46875,36.59375,33.125,0.0,5.5625,5.5625,0.0,3,3 1
156,51.95479965209961,49.126426696777344,38.830177307128906,133.1125030517578,1.0,0.0,0.59375,0.59375,0.0,0.0,0.0,0.0,0.59375,7.03125,41.75,37.1875,0.0,2.84375,2.84375,0.0,3,3 1
157,76.23358917236328,75.36708068847656,61.16834259033203,187.9875030517578,1.0,0.0,0.875,0.875,0.0,0.0,0.0,0.0,0.875,7.21875,33.46875,21.15625,0.0,4.3125,4.3125,0.0,2,2 4
158,31.532880783081055,29.351757049560547,20.835819244384766,122.5062484741211,1.0,0.0,0.28125,0.28125,0.0,0.0,0.0,0.0,0.28125,7.03125,46.6875,43.625,0.0,2.53125,2.53125,0.0,3,3 1
159,32.8725700378418,30.563446044921875,21.841880798339844,126.73124694824219,1.0,0.0,0.28125,0.28125,0.0,0.0,0.0,0.0,0.28125,7.0,44.03125,43.15625,0.0,1.09375,1.09375,0.0,3,3 4
160,35.4444580078125,33.32258605957031,24.546958923339844,122.8125,1.0,0.0,0.34375,0.34375,0.0,0.0,0.0,0.0,0.34375,7.0,45.625,42.96875,0.0,2.03125,2.03125,0.0,3,3 1
161,36.89664077758789,35.448516845703125,25.826330184936523,133.03125,1.0,0.0,0.4375,0.4375,0.0,0.0,0.0,0.0,0.4375,6.78125,42.0625,41.0625,0.0,2.71875,2.71875,0.0,3,3 1
162,45.12699508666992,44.239990234375,32.396240234375,166.89999389648438,1.0,0.0,0.5625,0.5625,0.0,0.0,0.0,0.0,0.5625,6.9375,38.5625,34.3125,0.0,8.46875,8.46875,0.0,4,4 1
163,55.87919235229492,54.288818359375,42.280696868896484,160.0749969482422,1.0,0.0,0.6875,0.6875,0.0,0.0,0.0,0.0,0.6875,6.96875,38.6875,32.625,0.0,3.59375,3.59375,0.0,3,3 2
164,58.55916976928711,58.1122932434082,46.176979064941406,161.34375,1.0,0.0,0.65625,0.65625,0.0,0.0,0.0,0.0,0.65625,6.90625,36.96875,28.5,0.0,4.4375,4.4375,0.0,1,1 4
165,41.74603271484375,41.12915802001953,30.45603370666504,149.75,1.0,0.0,0.46875,0.46875,0.03125,0.0,0.0,0.0,0.4375,7.28125,42.375,37.53125,0.0,4.9375,4.9375,0.0,3,3 4
166,31.189132690429688,29.81325912475586,21.0513858795166,126.05000305175781,1.0,0.0,0.3125,0.3125,0.0,0.0,0.0,0.0,0.3125,6.71875,44.84375,42.59375,0.0,3.09375,3.09375,0.0,3,3 1
167,58.42888641357422,58.0416374206543,45.46601104736328,171.7624969482422,1.0,0.0,0.6875,0.6875,0.0,0.0,0.0,0.0,0.6875,6.875,35.875,28.59375,0.0,5.09375,5.09375,0.0,1,1 0
168,55.584835052490234,54.30034255981445,41.83502960205078,171.49374389648438,1.0,0.0,0.65625,0.65625,0.0,0.0,0.0,0.0,0.65625,7.03125,33.09375,31.5625,0.0,8.40625,8.40625,0.0,3,3 1
169,55.964542388916016,55.71678924560547,41.42460250854492,198.1437530517578,1.0,0.0,0.78125,0.78125,0.03125,0.0,0.0,0.0,0.75,7.0,34.65625,28.625,0.0,10.34375,10.34375,0.0,1,1 2
170,60.11201477050781,58.57027053833008,45.511207580566406,179.63125610351562,1.0,0.0,0.6875,0.6875,0.0,0.0,0.0,0.0,0.6875,7.375,33.03125,28.8125,0.0,7.78125,7.78125,0.0,3,3 1
171,56.67354965209961,55.949554443359375,44.204872131347656,152.0812530517578,1.0,0.0,0.71875,0.71875,0.0,0.0,0.0,0.0,0.71875,7.03125,36.40625,32.25,0.0,6.09375,6.09375,0.0,3,3 0
172,61.8204345703125,61.15705490112305,49.24736785888672,148.5812530517578,1.0,0.0,0.78125,0.78125,0.0,0.0,0.0,0.0,0.78125,7.53125,33.59375,30.28125,0.0,4.4375,4.4375,0.0,0,0 1
173,60.48512649536133,58.83100509643555,46.8428840637207,153.8874969482422,1.0,0.0,0.75,0.75,0.0,0.0,0.0,0.0,0.75,7.1875,35.96875,32.0,0.0,4.8125,4.8125,0.0,3,3 0
174,63.66327667236328,62.8218994140625,49.58440399169922,173.64999389648438,1.0,0.0,0.8125,0.8125,0.0,0.0,0.0,0.0,0.8125,7.25,33.5625,28.03125,0.0,6.78125,6.78125,0.0,4,4 1
175,60.16201400756836,58.41514205932617,45.37702178955078,178.0625,1.0,0.0,0.71875,0.71875,0.03125,0.0,0.0,0.0,0.6875,7.0,30.5,28.78125,0.0,3.75,3.75,0.0,3,3 1
176,45.54573440551758,45.05236053466797,34.71798324584961,148.9875030517578,1.0,0.0,0.40625,0.40625,0.0,0.0,0.0,0.0,0.40625,7.0,38.71875,34.3125,0.0,2.90625,2.90625,0.0,1,1 3
177,58.15732955932617,55.92732620239258,44.08857345581055,161.6875,1.0,0.0,0.625,0.625,0.0,0.0,0.0,0.0,0.625,6.96875,37.96875,30.1875,0.0,5.125,5.125,0.0,3,3 0
178,60.465145111083984,60.177513122558594,47.573143005371094,173.71249389648438,1.0,0.0,0.65625,0.65625,0.0,0.0,0.0,0.0,0.65625,7.1875,38.84375,27.0,0.0,5.875,5.875,0.0,0,0 4
179,57.917354583740234,57.19910430908203,43.7409782409668,192.02499389648438,1.0,0.0,0.65625,0.65625,0.03125,0.0,0.0,0.0,0.625,6.84375,40.59375,25.34375,0.0,6.375,6.375,0.0,1,1 0
180,54.712650299072266,53.992271423339844,41.86664581298828,174.1374969482422,1.0,0.0,0.53125,0.53125,0.03125,0.0,0.0,0.0,0.5,7.1875,31.5,28.125,0.0,7.6875,7.6875,0.0,4,4 1
181,20.664085388183594,18.556209564208984,11.71152400970459,102.48124694824219,1.0,0.0,0.125,0.125,0.0,0.0,0.0,0.0,0.125,6.78125,50.25,47.65625,0.0,2.65625,2.65625,0.0,3,3 1
182,13.886880874633789,12.344133377075195,6.607257843017578,86.11250305175781,1.0,0.0,0.0625,0.0625,0.0,0.0,0.0,0.0,0.0625,6.5625,52.75,50.875,0.0,1.75,1.75,0.0,3,3 1
183,15.564397811889648,13.723149299621582,7.819085597991943,88.53125,1.0,0.0,0.09375,0.09375,0.0,0.0,0.0,0.0,0.09375,6.125,51.34375,49.5,0.0,2.25,2.25,0.0,3,3 4
184,17.02876853942871,14.894396781921387,9.156895637512207,86.125,1.0,0.0,0.0625,0.0625,0.0,0.0,0.0,0.0,0.0625,6.5625,52.53125,50.1875,0.0,1.65625,1.65625,0.0,3,3 1
185,48.10541534423828,47.541419982910156,36.632667541503906,150.1125030517578,1.0,0.0,0.5625,0.5625,0.0,0.0,0.0,0.0,0.5625,6.40625,37.1875,31.90625,0.0,4.125,4.125,0.0,3,3 1
186,21.005962371826172,19.667715072631836,12.574590682983398,104.0250015258789,1.0,0.0,0.1875,0.1875,0.0,0.0,0.0,0.0,0.1875,6.34375,48.375,46.53125,0.0,3.71875,3.71875,0.0,3,3 1
187,22.006593704223633,21.29847526550293,14.0347261428833,109.9375,1.0,0.0,0.15625,0.15625,0.0,0.0,0.0,0.0,0.15625,6.34375,46.0625,43.96875,0.0,5.5625,5.5625,0.0,3,3 1
188,35.73411560058594,34.085365295410156,25.266613006591797,128.5625,1.0,0.0,0.28125,0.28125,0.0,0.0,0.0,0.0,0.28125,7.03125,44.625,38.5625,0.0,6.4375,6.4375,0.0,1,1 0
189,15.786880493164062,14.234382629394531,8.600945472717285,84.96875,1.0,0.0,0.03125,0.03125,0.0,0.0,0.0,0.0,0.03125,7.0,52.5,51.1875,0.0,2.46875,2.46875,0.0,3,3 1
190,32.465057373046875,31.193561553955078,23.033245086669922,114.83125305175781,1.0,0.0,0.28125,0.28125,0.0,0.0,0.0,0.0,0.28125,7.1875,45.78125,43.28125,0.0,4.125,4.125,0.0,3,3 1
191,73.8126449584961,72.53889465332031,58.49733352661133,190.40625,1.0,0.0,0.8125,0.8125,0.0,0.0,0.0,0.0,0.8125,7.0625,29.4375,19.5625,0.0,6.9375,6.9375,0.0,4,4 0
192,51.64919662475586,50.65332794189453,38.854888916015625,172.7062530517578,1.0,0.0,0.46875,0.46875,0.0625,0.0,0.0,0.0,0.40625,7.15625,35.15625,30.28125,0.0,5.9375,5.9375,0.0,3,3 0
193,44.9654426574707,44.669700622558594,33.511260986328125,164.68124389648438,1.0,0.0,0.40625,0.40625,0.0,0.0,0.0,0.0,0.40625,7.21875,36.40625,33.15625,0.0,6.0625,6.0625,0.0,3,3 0
194,69.77236938476562,68.86474609375,53.227867126464844,216.52499389648438,1.0,0.0,0.875,0.875,0.0,0.0,0.0,0.0,0.875,7.28125,27.25,21.28125,0.0,5.75,5.75,0.0,1,1 4
195,63.75172424316406,62.849220275878906,48.704219818115234,194.1875,1.0,0.0,0.78125,0.78125,0.0,0.0,0.0,0.0,0.78125,7.28125,28.53125,25.0,0.0,10.65625,10.65625,0.0,0,0 3
196,79.14266967773438,77.3672866821289,62.109474182128906,203.8562469482422,1.0,0.0,0.90625,0.90625,0.0,0.0,0.0,0.0,0.90625,8.0,30.625,19.1875,0.0,9.78125,9.78125,0.0,0,0 4
197,74.98014831542969,73.93827819824219,59.9889030456543,188.8125,1.0,0.0,0.78125,0.78125,0.0,0.0,0.0,0.0,0.78125,7.6875,32.0,21.34375,0.0,9.15625,9.15625,0.0,1,1 4
198,36.09259033203125,34.33110046386719,24.220787048339844,151.0812530517578,1.0,0.0,0.34375,0.34375,0.0,0.0,0.0,0.0,0.34375,6.5625,39.25,38.375,0.0,4.09375,4.09375,0.0,3,3 1
199,19.797861099243164,19.294235229492188,12.792048454284668,103.1312484741211,1.0,0.0,0.03125,0.03125,0.0,0.0,0.0,0.0,0.03125,6.78125,47.53125,45.6875,0.0,2.125,2.125,0.0,1,1 3
200,35.57351303100586,34.27576446533203,25.6948299407959,129.7062530517578,1.0,0.0,0.21875,0.21875,0.0,0.0,0.0,0.0,0.21875,6.78125,39.78125,38.46875,0.0,2.40625,2.40625,0.0,3,3 1
201,54.77981948852539,53.068824768066406,40.96507263183594,175.3874969482422,1.0,0.0,0.53125,0.53125,0.0,0.0,0.0,0.0,0.53125,6.71875,31.5,27.875,0.0,5.03125,5.03125,0.0,3,3 0
202,55.72637939453125,54.347633361816406,42.767005920410156,162.5625,1.0,0.0,0.53125,0.53125,0.0,0.0,0.0,0.0,0.53125,7.375,33.34375,30.5625,0.0,4.1875,4.1875,0.0,3,3 1
203,49.87322998046875,47.756980895996094,37.739166259765625,135.15625,1.0,0.0,0.5,0.5,0.0,0.0,0.0,0.0,0.5,7.0,40.25,35.84375,0.0,3.03125,3.03125,0.0,3,3 1
204,69.09797668457031,67.88746643066406,53.89934158325195,190.60000610351562,1.0,0.0,0.78125,0.78125,0.03125,0.0,0.0,0.0,0.75,7.40625,35.625,22.84375,0.0,4.40625,4.40625,0.0,0,0 4
205,25.840362548828125,23.752986907958984,17.041425704956055,97.3187484741211,1.0,0.0,0.15625,0.15625,0.0,0.0,0.0,0.0,0.15625,6.78125,48.34375,46.53125,0.0,1.90625,1.90625,0.0,3,3 1
206,27.688480377197266,24.779109954833984,17.986608505249023,93.9375,1.0,0.0,0.21875,0.21875,0.0,0.0,0.0,0.0,0.21875,6.78125,48.71875,47.3125,0.0,2.3125,2.3125,0.0,3,3 1
207,16.570011138916016,14.131891250610352,8.660016059875488,80.8125,1.0,0.0,0.0625,0.0625,0.0,0.0,0.0,0.0,0.0625,6.5625,52.3125,51.125,0.0,1.96875,1.96875,0.0,3,3 1
208,33.91288375854492,30.905385971069336,22.031635284423828,125.5625,1.0,0.0,0.34375,0.34375,0.0,0.0,0.0,0.0,0.34375,6.78125,44.15625,42.78125,0.0,2.71875,2.71875,0.0,3,3 1
209,38.54509353637695,36.42084503173828,25.79022216796875,157.41250610351562,1.0,0.0,0.375,0.375,0.0,0.0,0.0,0.0,0.375,7.0,39.46875,38.28125,0.0,5.4375,5.4375,0.0,3,3 1
210,49.17292785644531,45.581058502197266,35.31511688232422,135.90625,1.0,0.0,0.5625,0.5625,0.0,0.0,0.0,0.0,0.5625,6.78125,38.84375,37.78125,0.0,4.625,4.625,0.0,3,3 0
211,61.706077575683594,59.3657112121582,46.893211364746094,164.1374969482422,1.0,0.0,0.75,0.75,0.0,0.0,0.0,0.0,0.75,7.03125,34.28125,31.03125,0.0,5.71875,5.71875,0.0,3,3 0
212,56.05168914794922,53.899436950683594,42.37787628173828,148.2937469482422,1.0,0.0,0.71875,0.71875,0.0,0.0,0.0,0.0,0.71875,6.84375,36.5625,33.84375,0.0,4.8125,4.8125,0.0,3,3 0
213,55.85887145996094,53.463623046875,42.05056381225586,151.75625610351562,1.0,0.0,0.625,0.625,0.03125,0.0,0.0,0.0,0.59375,7.362500190734863,38.125,33.3125,0.0,7.09375,7.09375,0.0,3,3 0
214,67.22295379638672,65.48458099365234,52.33832931518555,171.4875030517578,1.0,0.0,0.8125,0.8125,0.03125,0.0,0.0,0.0,0.78125,7.34375,30.75,26.6875,0.0,6.25,6.25,0.0,3,3 4
215,75.83951568603516,72.91877746582031,58.87908172607422,179.24374389648438,1.0,0.0,0.9375,0.9375,0.09375,0.0,0.0,0.0,0.84375,7.375,27.6875,25.625,0.0,7.4375,7.4375,0.0,3,3 1
216,80.29732513427734,78.24919128417969,64.11982727050781,176.375,1.0,0.0,1.0,1.0,0.125,0.0,0.0,0.0,0.875,7.28125,29.125,21.4375,0.0,9.59375,9.59375,0.0,1,1 0
217,82.60829162597656,81.46328735351562,66.41109466552734,196.09375,1.0,0.0,0.96875,0.96875,0.0,0.0,0.0,0.0,0.96875,7.625,32.03125,18.59375,0.0,8.8125,8.8125,0.0,0,0 4
218,34.61882781982422,32.05345916748047,22.919395446777344,127.48124694824219,1.0,0.0,0.375,0.375,0.03125,0.0,0.0,0.0,0.34375,7.0,43.34375,42.6875,0.0,6.625,6.625,0.0,3,3 1
219,35.432273864746094,34.79239273071289,25.419893264770508,130.53750610351562,1.0,0.0,0.40625,0.40625,0.0,0.0,0.0,0.0,0.40625,6.78125,40.9375,40.0625,0.0,9.59375,9.59375,0.0,1,1 4
220,35.9132194519043,35.2307243347168,24.433849334716797,152.3125,1.0,0.0,0.5,0.5,0.0,0.0,0.0,0.0,0.5,6.5625,39.375,38.40625,0.0,8.34375,8.34375,0.0,3,3 1
221,47.87544631958008,46.63744354248047,34.9527587890625,162.25625610351562,1.0,0.0,0.5625,0.5625,0.0,0.0,0.0,0.0,0.5625,7.34375,37.84375,34.46875,0.0,12.125,12.125,0.0,1,1 3
222,43.232582092285156,41.13246154785156,31.28120994567871,136.14999389648438,1.0,0.0,0.4375,0.4375,0.0,0.0,0.0,0.0,0.4375,7.1875,40.75,37.21875,0.0,8.53125,8.53125,0.0,3,3 1
223,74.43325805664062,72.8206558227539,58.698158264160156,175.89999389648438,1.0,0.0,1.0,1.0,0.0,0.0,0.0,0.0,1.0,7.375,35.375,26.125,0.0,5.71875,5.71875,0.0,3,3 0
224,76.1863784790039,74.31925964355469,61.029266357421875,165.1750030517578,1.0,0.0,0.90625,0.90625,0.0,0.0,0.0,0.0,0.90625,7.8125,32.125,26.84375,0.0,3.03125,3.03125,0.0,3,3 1
225,84.27483367919922,83.89158630371094,69.76190185546875,176.43124389648438,1.0,0.0,0.9375,0.9375,0.0,0.0,0.0,0.0,0.9375,8.65625,28.78125,22.53125,0.0,2.375,2.375,0.0,4,4 2
226,79.6188735961914,77.63951110839844,64.07357025146484,165.46875,1.0,0.0,0.96875,0.96875,0.0,0.0,0.0,0.0,0.96875,7.875,30.28125,23.0,0.0,2.8125,2.8125,0.0,3,3 1
227,95.51012420654297,93.8997573852539,79.28787994384766,180.5124969482422,1.0,0.0,1.0,1.0,0.0,0.0,0.0,0.0,1.0,8.8125,24.34375,17.34375,0.0,3.09375,3.09375,0.0,3,3 1
228,95.57042694091797,95.09532165527344,80.70625305175781,176.61874389648438,1.0,0.0,1.0,1.0,0.0,0.0,0.0,0.0,1.0,8.65625,26.09375,16.6875,0.0,2.84375,2.84375,0.0,3,3 1
229,101.05203247070312,100.24314880371094,84.26971435546875,205.49374389648438,1.0,0.0,1.0,1.0,0.0,0.0,0.0,0.0,1.0,9.4375,21.1875,12.75,0.0,3.90625,3.90625,0.0,1,1 4
230,127.20955657958984,125.68392181396484,102.61485290527344,230.65625,1.125,0.0,1.0625,1.0625,0.0625,0.0,0.0,0.0,1.0,11.3125,20.53125,7.875,0.125,3.1875,3.1875,0.0,4,4 1
231,86.69889831542969,84.88740539550781,69.0342788696289,181.3625030517578,1.03125,0.0,0.96875,0.96875,0.0,0.0,0.0,0.0,0.96875,8.875,26.84375,24.21875,0.03125,2.5625,2.5625,0.0,3,3 4
232,74.92514038085938,72.9016342163086,60.04132843017578,159.9812469482422,1.0,0.0,0.875,0.875,0.0,0.0,0.0,0.0,0.875,7.5625,30.0,26.84375,0.0,2.78125,2.78125,0.0,3,3 4
233,68.69983673095703,67.38770294189453,53.9936408996582,179.6437530517578,1.0,0.0,0.75,0.75,0.0,0.0,0.0,0.0,0.75,7.84375,36.15625,25.125,0.0,1.71875,1.71875,0.0,0,0 4
234,69.91513061523438,69.21612548828125,56.57456588745117,164.7062530517578,1.0,0.0,0.75,0.75,0.0,0.0,0.0,0.0,0.75,7.8125,36.53125,25.65625,0.0,2.75,2.75,0.0,0,0 4
235,70.99608612060547,68.92496490478516,55.43184280395508,174.10000610351562,1.0,0.0,0.875,0.875,0.0,0.0,0.0,0.0,0.875,7.15625,32.84375,26.1875,0.0,3.5,3.5,0.0,3,3 0
236,80.51485443115234,79.69347381591797,64.69972229003906,196.21249389648438,1.0,0.0,0.90625,0.90625,0.0,0.0,0.0,0.0,0.90625,8.65625,30.875,21.0,0.0,2.84375,2.84375,0.0,0,0 4
237,83.07544708251953,82.40606689453125,68.70793914794922,174.375,1.0,0.0,0.875,0.875,0.0,0.0,0.0,0.0,0.875,8.21875,34.0625,19.75,0.0,3.59375,3.59375,0.0,2,2 4
238,69.19608306884766,67.64332580566406,53.90302276611328,185.8937530517578,1.0,0.0,0.75,0.75,0.0,0.0,0.0,0.0,0.75,8.03125,31.0625,25.625,0.0,4.5,4.5,0.0,3,3 0
239,68.7192153930664,67.78309631347656,54.04528045654297,174.69375610351562,1.0,0.0,0.90625,0.90625,0.0,0.0,0.0,0.0,0.90625,7.65625,31.28125,28.9375,0.0,3.78125,3.78125,0.0,3,3 0
240,66.12203979492188,63.233787536621094,48.80223083496094,193.68124389648438,1.0,0.0,0.84375,0.84375,0.0,0.0,0.0,0.0,0.84375,7.625,30.78125,27.8125,0.0,5.125,5.125,0.0,3,3 4
241,47.317623138427734,46.01737594604492,35.037689208984375,150.5187530517578,1.0,0.0,0.5625,0.5625,0.0,0.0,0.0,0.0,0.5625,6.6875,37.6875,35.3125,0.0,3.5625,3.5625,0.0,3,3 4
242,60.530494689941406,59.854248046875,44.989566802978516,202.90625,1.0,0.0,0.84375,0.84375,0.0,0.0,0.0,0.0,0.84375,7.46875,31.21875,26.75,0.0,4.6875,4.6875,0.0,3,3 1
243,52.2529411315918,51.102569580078125,39.18006896972656,159.2624969482422,1.0,0.0,0.6875,0.6875,0.0,0.0,0.0,0.0,0.6875,6.71875,37.0,33.9375,0.0,3.21875,3.21875,0.0,2,2 3
244,63.57046890258789,59.799468994140625,47.479469299316406,163.1374969482422,1.0,0.0,0.71875,0.71875,0.0,0.0,0.0,0.0,0.71875,7.15625,32.625,30.84375,0.0,3.9375,3.9375,0.0,3,3 1
245,65.02983093261719,62.23283767700195,49.36471176147461,162.27499389648438,1.0,0.0,0.875,0.875,0.0,0.0,0.0,0.0,0.875,6.96875,33.625,31.1875,0.0,3.1875,3.1875,0.0,3,3 1
246,74.5592041015625,70.678955078125,57.89957809448242,156.4250030517578,1.0,0.0,0.90625,0.90625,0.0,0.0,0.0,0.0,0.90625,7.40625,31.78125,28.96875,0.0,4.65625,4.65625,0.0,3,3 0
247,92.46670532226562,89.7607192993164,75.09321594238281,182.8874969482422,1.0,0.0,0.96875,0.96875,0.0,0.0,0.0,0.0,0.96875,9.15625,26.5625,20.53125,0.0,6.96875,6.96875,0.0,3,3 4
248,119.79889678955078,118.87713623046875,98.94338989257812,201.47500610351562,1.09375,0.0,0.96875,0.96875,0.0,0.0,0.0,0.0,0.96875,11.375,19.03125,11.21875,0.09375,8.46875,8.46875,0.0,0,0 1
249,104.99639892578125,103.83927154541016,87.4489517211914,184.2062530517578,1.03125,0.0,1.0,1.0,0.0,0.0,0.0,0.0,1.0,10.375,24.15625,17.40625,0.03125,7.875,7.875,0.0,1,1 0
250,104.3129653930664,102.402587890625,83.94071960449219,199.9499969482422,1.0625,0.0,1.0,1.0,0.0,0.0,0.0,0.0,1.0,10.21875,24.15625,17.34375,0.0625,7.03125,7.03125,0.0,3,3 4
251,87.37419891357422,85.10569763183594,70.03851318359375,169.6062469482422,1.03125,0.0,0.9375,0.9375,0.0,0.0,0.0,0.0,0.9375,8.46875,30.875,25.5625,0.03125,3.9375,3.9375,0.0,3,3 1
252,80.4292221069336,77.60272216796875,62.87022018432617,193.2375030517578,1.0,0.0,0.90625,0.90625,0.0,0.0,0.0,0.0,0.90625,8.03125,25.46875,22.09375,0.0,6.46875,6.46875,0.0,3,3 4
253,86.58513641357422,85.61663818359375,70.4222640991211,176.1374969482422,1.03125,0.0,0.875,0.875,0.0,0.0,0.0,0.0,0.875,8.75,29.28125,23.46875,0.03125,4.65625,4.65625,0.0,3,3 1
254,113.30171966552734,112.02347564697266,93.7744140625,221.74374389648438,1.03125,0.0,0.96875,0.96875,0.0,0.0,0.0,0.0,0.96875,10.96875,13.15625,11.03125,0.03125,8.78125,8.78125,0.0,3,3 1
255,118.25889587402344,117.28204345703125,96.49234771728516,216.09375,1.09375,0.0,1.0,1.0,0.0,0.0,0.0,0.0,1.0,11.375,18.5625,12.84375,0.09375,8.375,8.375,0.0,1,1 2
256,136.8473663330078,135.70599365234375,114.25599670410156,223.08749389648438,1.09375,0.0,1.03125,1.03125,0.0,0.0,0.03125,0.0,1.0,12.40625,15.40625,8.65625,0.09375,5.46875,5.46875,0.0,1,1 0
257,110.88514709472656,110.30377197265625,92.95127868652344,200.27499389648438,1.03125,0.0,1.03125,1.03125,0.03125,0.0,0.0,0.0,1.0,10.5625,18.09375,12.84375,0.03125,4.78125,4.78125,0.0,0,0 4
258,144.79110717773438,143.3219757080078,119.3097915649414,224.1062469482422,1.15625,0.0,1.0,1.0,0.0,0.0,0.0,0.0,1.0,12.46875,15.8125,7.09375,0.15625,6.6875,6.6875,0.0,4,4 3
259,129.19110107421875,127.93084716796875,104.50897216796875,217.0500030517578,1.15625,0.0,0.96875,0.96875,0.0,0.0,0.0,0.0,0.96875,11.84375,20.5625,12.65625,0.15625,4.96875,4.96875,0.0,3,3 1
260,107.07890319824219,106.21702575683594,86.77702331542969,200.875,1.09375,0.0,0.90625,0.90625,0.0,0.0,0.0,0.0,0.90625,10.1875,28.15625,16.375,0.09375,3.5625,3.5625,0.0,0,0 3
261,116.68424224853516,116.06086730957031,93.71585845947266,232.8625030517578,1.125,0.0,0.875,0.875,0.0,0.0,0.0,0.0,0.875,10.84375,27.78125,14.59375,0.125,3.4375,3.4375,0.0,4,4 2
262,100.32766723632812,99.05354309082031,79.3494873046875,215.2312469482422,1.09375,0.0,0.8125,0.8125,0.0,0.0,0.0,0.0,0.8125,9.75,30.75,18.5625,0.09375,3.34375,3.34375,0.0,1,1 3
263,71.92138671875,70.21712493896484,57.39556884765625,169.00625610351562,1.0,0.0,0.71875,0.71875,0.0,0.0,0.0,0.0,0.71875,8.3125,37.4375,26.59375,0.0,2.875,2.875,0.0,3,3 4
264,43.11539840698242,41.632774353027344,31.405269622802734,141.96249389648438,1.0,0.0,0.46875,0.46875,0.0,0.0,0.0,0.0,0.46875,6.96875,38.78125,37.8125,0.0,3.53125,3.53125,0.0,3,3 1
265,66.10013580322266,65.44388580322266,51.97951126098633,178.1875,1.0,0.0,0.8125,0.8125,0.0,0.0,0.0,0.0,0.8125,7.25,28.96875,27.125,0.0,4.78125,4.78125,0.0,1,1 3
266,72.46575927734375,71.51164245605469,57.02288055419922,171.3249969482422,1.03125,0.0,0.78125,0.78125,0.0,0.0,0.0,0.0,0.78125,8.25,35.375,28.96875,0.03125,3.78125,3.78125,0.0,1,1 3
267,89.65454864501953,88.15805053710938,69.90211486816406,209.5187530517578,1.0625,0.0,0.90625,0.90625,0.0,0.0,0.0,0.0,0.90625,8.5,25.0625,20.53125,0.0625,7.59375,7.59375,0.0,1,1 0
268,129.0314483642578,127.38407135009766,103.68257141113281,246.52499389648438,1.125,0.0,1.03125,1.03125,0.03125,0.0,0.0,0.0,1.0,11.112500190734863,22.25,9.90625,0.125,15.9375,15.9375,0.0,0,0 3
269,137.76358032226562,137.02621459960938,111.92684173583984,223.22500610351562,1.1875,0.0,0.96875,0.96875,0.03125,0.0,0.0,0.0,0.9375,12.15625,24.78125,12.21875,0.1875,6.71875,6.71875,0.0,3,3 4
270,102.9910888671875,102.10208129882812,84.45396423339844,198.6750030517578,1.0625,0.0,0.8125,0.8125,0.0,0.0,0.0,0.0,0.8125,10.21875,30.875,16.59375,0.0625,4.40625,4.40625,0.0,1,1 0
271,60.057621002197266,58.99824905395508,46.35199737548828,156.5,1.03125,0.0,0.53125,0.53125,0.0,0.0,0.0,0.0,0.53125,7.6875,36.5,31.96875,0.03125,2.4375,2.4375,0.0,1,1 2
272,59.42168426513672,57.5295524597168,45.51518249511719,148.3000030517578,1.03125,0.0,0.46875,0.46875,0.0,0.0,0.0,0.0,0.46875,7.84375,38.84375,33.96875,0.03125,1.46875,1.46875,0.0,3,3 4
273,95.03294372558594,94.56982421875,77.80101013183594,178.0437469482422,1.0625,0.0,0.90625,0.90625,0.0625,0.0,0.0,0.0,0.84375,8.981249809265137,29.09375,21.0,0.0625,4.4375,4.4375,0.0,3,3 2
274,166.09397888183594,164.04721069335938,133.35577392578125,244.2937469482422,1.28125,0.0,1.0625,1.0625,0.0625,0.0,0.0,0.0,1.0,13.412500381469727,22.90625,9.03125,0.28125,8.8125,8.8125,0.0,1,1 4
275,112.44420623779297,111.37957763671875,91.85926818847656,197.1437530517578,1.09375,0.0,0.96875,0.96875,0.0,0.0,0.0,0.0,0.96875,10.28125,20.8125,14.84375,0.09375,6.9375,6.9375,0.0,2,2 4
276,166.33270263671875,164.59718322753906,134.29843139648438,242.97500610351562,1.28125,0.0,0.9375,0.9375,0.0,0.0,0.0,0.0,0.9375,14.375,26.34375,10.03125,0.28125,7.1875,7.1875,0.0,4,4 0
277,104.5060806274414,103.67958068847656,84.71559143066406,197.66250610351562,1.09375,0.0,0.8125,0.8125,0.03125,0.0,0.0,0.0,0.78125,10.518750190734863,31.5625,19.90625,0.09375,4.5625,4.5625,0.0,3,3 2
278,108.2439193725586,107.3046646118164,87.71465301513672,204.10000610351562,1.09375,0.0,0.90625,0.90625,0.0,0.0,0.0,0.0,0.90625,10.125,32.875,17.3125,0.09375,4.1875,4.1875,0.0,2,2 1
279,35.8456916809082,35.54869079589844,26.730880737304688,127.3062515258789,1.0,0.0,0.28125,0.28125,0.0,0.0,0.0,0.0,0.28125,7.375,47.59375,40.75,0.0,0.78125,0.78125,0.0,3,3 1
280,43.271629333496094,42.350379943847656,31.92787742614746,131.9375,1.03125,0.0,0.25,0.25,0.0,0.0,0.0,0.0,0.25,8.40625,49.6875,40.84375,0.03125,0.84375,0.84375,0.0,1,1 3
281,67.2788314819336,66.49270629882812,52.22301483154297,160.69375610351562,1.0625,0.0,0.53125,0.53125,0.0,0.0,0.0,0.0,0.53125,8.25,47.6875,30.59375,0.0625,1.46875,1.46875,0.0,1,1 3
282,26.41315460205078,24.536277770996094,16.914716720581055,115.65625,1.0,0.0,0.125,0.125,0.0,0.0,0.0,0.0,0.125,7.4375,48.28125,45.59375,0.0,0.53125,0.53125,0.0,1,1 2
283,17.674072265625,16.31669807434082,9.912010192871094,96.6312484741211,1.0,0.0,0.09375,0.09375,0.0,0.0,0.0,0.0,0.09375,6.65625,53.5,49.0625,0.0,0.5,0.5,0.0,1,1 3
284,10.8256196975708,8.210744857788086,2.806368827819824,83.5374984741211,1.0,0.0,0.03125,0.03125,0.0,0.0,0.0,0.0,0.03125,6.125,53.15625,52.0,0.0,0.5,0.5,0.0,1,1 3
285,21.135662078857422,20.219783782958984,13.254472732543945,106.83125305175781,1.0,0.0,0.09375,0.09375,0.0,0.0,0.0,0.0,0.09375,6.9375,53.625,46.78125,0.0,0.875,0.875,0.0,1,1 3
286,22.15470314025879,19.684329986572266,13.159953117370605,91.07499694824219,1.0,0.0,0.1875,0.1875,0.0,0.0,0.0,0.0,0.1875,6.78125,50.4375,49.34375,0.0,0.625,0.625,0.0,1,1 3
287,63.529151916503906,62.1910285949707,46.892906188964844,162.375,1.09375,0.0,0.46875,0.46875,0.0,0.0,0.0,0.0,0.46875,7.59375,44.6875,31.78125,0.09375,2.03125,2.03125,0.0,1,1 3
288,51.461021423339844,50.430145263671875,38.44951629638672,143.3000030517578,1.03125,0.0,0.53125,0.53125,0.0,0.0,0.0,0.0,0.53125,7.65625,42.0,37.03125,0.03125,1.8125,1.8125,0.0,1,1 3
289,54.90665054321289,54.29390335083008,41.84796905517578,160.3312530517578,1.03125,0.0,0.4375,0.4375,0.0,0.0,0.0,0.0,0.4375,7.59375,44.96875,32.03125,0.03125,2.75,2.75,0.0,1,1 2
290,98.58482360839844,97.15058898925781,75.82526397705078,201.19375610351562,1.15625,0.0,0.71875,0.71875,0.0,0.0,0.0,0.0,0.71875,10.15625,34.875,21.65625,0.15625,6.1875,6.1875,0.0,1,1 0
291,117.54109191894531,116.25445556640625,94.13819885253906,197.0124969482422,1.15625,0.0,0.96875,0.96875,0.0,0.0,0.0,0.0,0.96875,10.15625,27.6875,15.4375,0.15625,4.84375,4.84375,0.0,4,4 0
292,75.57793426513672,75.1425552368164,60.6806755065918,159.4499969482422,1.0625,0.0,0.5625,0.5625,0.0,0.0,0.0,0.0,0.5625,8.96875,37.5625,27.59375,0.0625,2.0625,2.0625,0.0,4,4 2
293,82.10980987548828,80.55006408691406,64.87287902832031,176.4812469482422,1.0625,0.0,0.65625,0.65625,0.0,0.0,0.0,0.0,0.65625,8.90625,39.03125,23.09375,0.0625,3.4375,3.4375,0.0,1,1 0
294,125.06172943115234,124.4636001586914,100.18327331542969,221.34375,1.1875,0.0,0.84375,0.84375,0.0,0.0,0.0,0.0,0.84375,10.90625,30.0625,13.96875,0.1875,5.53125,5.53125,0.0,1,1 3
295,113.78202056884766,113.19465637207031,90.91683959960938,210.38125610351562,1.15625,0.0,0.8125,0.8125,0.0,0.0,0.0,0.0,0.8125,10.8125,31.53125,17.3125,0.15625,5.6875,5.6875,0.0,1,1 0
296,124.47138977050781,123.90901184082031,98.55056762695312,194.56875610351562,1.25,0.0,0.84375,0.84375,0.0,0.0,0.0,0.0,0.84375,9.75,40.1875,18.21875,0.25,6.71875,6.71875,0.0,0,0 1
297,65.30510711669922,65.09585571289062,52.322418212890625,160.19375610351562,1.03125,0.0,0.5,0.5,0.0,0.0,0.0,0.0,0.5,8.0625,38.40625,28.21875,0.03125,3.1875,3.1875,0.0,3,3 1
298,37.779109954833984,36.78635787963867,27.658233642578125,112.80000305175781,1.03125,0.0,0.25,0.25,0.0,0.0,0.0,0.0,0.25,6.53125,52.40625,39.875,0.03125,3.1875,3.1875,0.0,4,4 0
299,51.35257339477539,50.53544998168945,39.69482421875,136.7375030517578,1.03125,0.0,0.34375,0.34375,0.0,0.0,0.0,0.0,0.34375,7.3125,49.3125,33.4375,0.03125,4.03125,4.03125,0.0,3,3 1
300,46.69602584838867,46.14664840698242,34.70696258544922,150.65625,1.03125,0.0,0.3125,0.3125,0.0,0.0,0.0,0.0,0.3125,7.46875,48.71875,33.90625,0.03125,6.59375,6.59375,0.0,0,0 4
301,51.591331481933594,51.045074462890625,39.14914321899414,147.84375,1.03125,0.0,0.46875,0.46875,0.0,0.0,0.0,0.0,0.46875,7.3125,50.40625,31.8125,0.03125,8.0,8.0,0.0,3,3 0
302,78.06979370117188,77.16629791259766,60.530662536621094,180.0749969482422,1.09375,0.0,0.53125,0.53125,0.0,0.0,0.0,0.0,0.53125,8.71875,46.9375,23.90625,0.09375,7.46875,7.46875,0.0,3,3 4
303,76.6876220703125,74.99699401855469,60.43292236328125,180.78125,1.03125,0.0,0.6875,0.6875,0.0,0.0,0.0,0.0,0.6875,8.125,38.40625,22.09375,0.03125,6.6875,6.6875,0.0,1,1 3
304,59.56196212768555,59.13483810424805,46.450462341308594,146.2375030517578,1.0625,0.0,0.34375,0.34375,0.0,0.0,0.0,0.0,0.34375,7.625,46.15625,31.3125,0.0625,2.78125,2.78125,0.0,3,3 2
305,50.52164840698242,49.819400787353516,39.208457946777344,151.2312469482422,1.0,0.0,0.4375,0.4375,0.0,0.0,0.0,0.0,0.4375,7.21875,43.8125,30.5,0.0,1.90625,1.90625,0.0,0,0 3
306,35.25413513183594,34.800254821777344,26.220569610595703,127.1812515258789,1.0,0.0,0.25,0.25,0.0,0.0,0.0,0.0,0.25,6.78125,43.5625,38.09375,0.0,2.3125,2.3125,0.0,1,1 2
307,45.23540115356445,44.56527328491211,34.21059036254883,147.93124389648438,1.0,0.0,0.40625,0.40625,0.0,0.0,0.0,0.0,0.40625,7.40625,45.53125,34.375,0.0,1.96875,1.96875,0.0,4,4 1
308,44.92227554321289,44.2177734375,33.42496109008789,153.49374389648438,1.0,0.0,0.46875,0.46875,0.0,0.0,0.0,0.0,0.46875,6.90625,42.78125,32.75,0.0,1.96875,1.96875,0.0,4,4 2
309,45.57320785522461,45.225582122802734,34.84370803833008,148.33749389648438,1.0,0.0,0.4375,0.4375,0.0,0.0,0.0,0.0,0.4375,6.75,43.875,32.40625,0.0,1.84375,1.84375,0.0,1,1 2
310,31.22504425048828,31.016674041748047,23.04854965209961,118.48750305175781,1.0,0.0,0.1875,0.1875,0.0,0.0,0.0,0.0,0.1875,7.1875,48.875,41.1875,0.0,0.75,0.75,0.0,1,1 2
311,28.60190200805664,28.00803565979004,20.218347549438477,112.6187515258789,1.0,0.0,0.25,0.25,0.0,0.0,0.0,0.0,0.25,6.4375,45.875,42.3125,0.0,0.625,0.625,0.0,1,1 3
312,16.70939826965332,15.536523818969727,9.405898094177246,96.26249694824219,1.0,0.0,0.03125,0.03125,0.0,0.0,0.0,0.0,0.03125,6.625,52.78125,47.9375,0.0,0.375,0.375,0.0,3,3 1
313,43.74849319458008,43.26036834716797,32.81818389892578,130.90625,1.03125,0.0,0.34375,0.34375,0.0,0.0,0.0,0.0,0.34375,6.71875,47.21875,36.71875,0.03125,0.6875,0.6875,0.0,3,3 2
314,14.028450012207031,13.223199844360352,8.054760932922363,78.95625305175781,1.0,0.0,0.0,0.0,0.0,0.0,0.0,0.0,0.0,6.78125,52.96875,51.90625,0.0,0.375,0.375,0.0,1,1 4
315,31.88504981994629,31.173171997070312,23.08598518371582,116.09375,1.0,0.0,0.25,0.25,0.0,0.0,0.0,0.0,0.25,7.125,47.375,41.75,0.0,0.4375,0.4375,0.0,1,1 4
316,44.494144439697266,43.88914108276367,34.13101577758789,146.0,1.0,0.0,0.28125,0.28125,0.0,0.0,0.0,0.0,0.28125,7.40625,50.46875,32.625,0.0,0.96875,0.96875,0.0,0,0 2
317,30.175357818603516,28.532983779907227,21.266109466552734,106.5999984741211,1.0,0.0,0.1875,0.1875,0.0,0.0,0.0,0.0,0.1875,6.59375,46.75,42.96875,0.0,0.53125,0.53125,0.0,1,1 2
318,32.38067626953125,31.94179916381836,23.474925994873047,124.5875015258789,1.0,0.0,0.25,0.25,0.0,0.0,0.0,0.0,0.25,6.875,47.65625,40.09375,0.0,2.4375,2.4375,0.0,3,3 0
319,62.95446014404297,61.975830078125,49.86739730834961,153.69375610351562,1.03125,0.0,0.4375,0.4375,0.0,0.0,0.0,0.0,0.4375,7.5625,43.25,26.0,0.03125,3.15625,3.15625,0.0,1,1 2
320,74.60728454589844,72.95152282714844,59.54090118408203,160.77499389648438,1.03125,0.0,0.65625,0.65625,0.0,0.0,0.0,0.0,0.65625,7.96875,45.71875,20.875,0.03125,3.9375,3.9375,0.0,4,4 0
321,67.32604217529297,66.0977783203125,53.66278076171875,154.21249389648438,1.03125,0.0,0.5,0.5,0.0,0.0,0.0,0.0,0.5,7.84375,44.1875,24.1875,0.03125,3.9375,3.9375,0.0,2,2 3
322,47.912261962890625,46.8797607421875,37.722259521484375,128.0625,1.0,0.0,0.375,0.375,0.0,0.0,0.0,0.0,0.375,6.96875,48.875,33.375,0.0,4.40625,4.40625,0.0,3,3 1
323,47.87195587158203,47.3712043762207,37.372764587402344,143.61874389648438,1.0,0.0,0.40625,0.40625,0.0,0.0,0.0,0.0,0.40625,6.625,47.125,29.75,0.0,5.0,5.0,0.0,0,0 3
324,62.99884033203125,61.72895431518555,50.29520797729492,157.35000610351562,1.0,0.0,0.5625,0.5625,0.0,0.0,0.0,0.0,0.5625,7.3125,40.0,24.3125,0.0,6.53125,6.53125,0.0,4,4 0
325,56.69133377075195,54.2161979675293,44.49932098388672,130.96249389648438,1.0,0.0,0.46875,0.46875,0.0,0.0,0.0,0.0,0.46875,7.1875,48.90625,29.375,0.0,3.375,3.375,0.0,0,0 2
326,45.98133850097656,44.998329162597656,34.381141662597656,157.81875610351562,1.0,0.0,0.375,0.375,0.0,0.0,0.0,0.0,0.375,6.8125,44.9375,30.09375,0.0,6.53125,6.53125,0.0,2,2 3
327,53.39727783203125,51.75226593017578,39.770389556884766,148.75,1.03125,0.0,0.5,0.5,0.0,0.0,0.0,0.0,0.5,6.84375,45.8125,31.15625,0.03125,9.6875,9.6875,0.0,3,3 4
328,50.271968841552734,49.37571334838867,37.4707145690918,149.625,1.03125,0.0,0.4375,0.4375,0.03125,0.0,0.0,0.0,0.40625,7.5625,41.6875,33.15625,0.03125,7.625,7.625,0.0,2,2 3
329,66.88574981689453,64.71437072753906,51.6518669128418,180.14999389648438,1.0,0.0,0.6875,0.6875,0.0,0.0,0.0,0.0,0.6875,7.25,35.875,22.6875,0.0,8.65625,8.65625,0.0,2,2 3
330,62.55196762084961,61.315093994140625,49.31071472167969,143.1875,1.03125,0.0,0.5625,0.5625,0.0,0.0,0.0,0.0,0.5625,7.125,42.96875,27.6875,0.03125,5.34375,5.34375,0.0,4,4 0
331,52.07355499267578,50.66154861450195,39.82685852050781,150.93124389648438,1.0,0.0,0.5,0.5,0.0,0.0,0.0,0.0,0.5,7.15625,37.15625,28.375,0.0,8.34375,8.34375,0.0,2,2 3
332,64.85448455810547,62.67847442626953,49.861907958984375,156.4812469482422,1.03125,0.0,0.59375,0.59375,0.0,0.0,0.0,0.0,0.59375,7.25,36.84375,25.78125,0.03125,3.96875,3.96875,0.0,4,4 3
333,52.42319869995117,50.97306823730469,41.261817932128906,136.27499389648438,1.0,0.0,0.4375,0.4375,0.0,0.0,0.0,0.0,0.4375,6.375,43.78125,29.15625,0.0,2.28125,2.28125,0.0,3,3 2
334,62.819793701171875,62.04303741455078,50.265220642089844,160.69375610351562,1.0,0.0,0.625,0.625,0.0,0.0,0.0,0.0,0.625,6.90625,38.375,24.1875,0.0,2.96875,2.96875,0.0,0,0 1
335,56.54261016845703,56.06885528564453,42.93666458129883,170.96875,1.03125,0.0,0.5,0.5,0.0,0.0,0.0,0.0,0.5,7.0625,40.96875,26.6875,0.03125,3.9375,3.9375,0.0,2,2 4
336,84.81420135498047,84.17619323730469,67.5402603149414,190.38125610351562,1.0625,0.0,0.78125,0.78125,0.0,0.0,0.0,0.0,0.78125,7.59375,34.09375,18.375,0.0625,3.84375,3.84375,0.0,0,0 4
337,80.33263397216797,78.4413833618164,62.7295036315918,199.4375,1.03125,0.0,0.71875,0.71875,0.0,0.0,0.0,0.0,0.71875,8.625,35.5625,18.625,0.03125,3.3125,3.3125,0.0,3,3 1
338,72.0838623046875,70.64959716796875,57.68241500854492,175.06875610351562,1.0,0.0,0.71875,0.71875,0.0,0.0,0.0,0.0,0.71875,7.4375,36.03125,21.09375,0.0,2.15625,2.15625,0.0,3,3 4
339,55.652259826660156,55.417503356933594,41.615257263183594,156.83749389648438,1.0625,0.0,0.5,0.5,0.03125,0.0,0.0,0.0,0.46875,7.418749809265137,47.1875,33.5625,0.0625,2.5625,2.5625,0.0,4,4 0
340,63.73697280883789,63.32622146606445,51.14934539794922,164.71249389648438,1.0,0.0,0.65625,0.65625,0.0,0.0,0.0,0.0,0.65625,7.3125,41.6875,24.75,0.0,2.53125,2.53125,0.0,2,2 3
341,61.38135528564453,60.21210479736328,46.44303894042969,178.25625610351562,1.03125,0.0,0.5625,0.5625,0.0,0.0,0.0,0.0,0.5625,7.1875,42.1875,26.71875,0.03125,2.625,2.625,0.0,3,3 2
342,17.563148498535156,15.391645431518555,8.559771537780762,106.86250305175781,1.0,0.0,0.09375,0.09375,0.0,0.0,0.0,0.0,0.09375,6.1875,50.3125,46.09375,0.0,2.34375,2.34375,0.0,1,1 4
343,16.243764877319336,14.404017448425293,8.485265731811523,91.32499694824219,1.0,0.0,0.0625,0.0625,0.0,0.0,0.0,0.0,0.0625,6.125,52.15625,47.46875,0.0,1.5625,1.5625,0.0,1,1 4
344,30.611907958984375,30.382287979125977,22.430099487304688,122.01875305175781,1.0,0.0,0.15625,0.15625,0.0,0.0,0.0,0.0,0.15625,6.8125,48.78125,39.78125,0.0,1.3125,1.3125,0.0,1,1 3
345,26.499404907226562,25.859905242919922,17.31553077697754,130.21249389648438,1.0,0.0,0.21875,0.21875,0.0,0.0,0.0,0.0,0.21875,6.4375,50.75,39.0625,0.0,0.4375,0.4375,0.0,1,1 4
346,15.460640907287598,14.631265640258789,8.698453903198242,87.03125,1.0,0.0,0.15625,0.15625,0.0,0.0,0.0,0.0,0.15625,5.3125,52.625,46.59375,0.0,0.21875,0.21875,0.0,3,3 4
347,33.867549896240234,33.12105178833008,24.523235321044922,128.0812530517578,1.0,0.0,0.28125,0.28125,0.0,0.0,0.0,0.0,0.28125,5.9375,49.28125,36.28125,0.0,0.59375,0.59375,0.0,1,1 4
348,56.10445785522461,55.349578857421875,44.63082504272461,143.97500610351562,1.0,0.0,0.53125,0.53125,0.0,0.0,0.0,0.0,0.53125,7.75,42.75,30.84375,0.0,1.15625,1.15625,0.0,3,3 2
349,49.069427490234375,48.47955322265625,37.92142868041992,124.9124984741211,1.03125,0.0,0.46875,0.46875,0.0,0.0,0.0,0.0,0.46875,6.25,49.875,33.5,0.03125,0.90625,0.90625,0.0,4,4 2
350,44.27912139892578,43.20549392700195,33.9670524597168,126.2562484741211,1.0,0.0,0.4375,0.4375,0.0,0.0,0.0,0.0,0.4375,6.53125,50.5625,34.9375,0.0,1.375,1.375,0.0,2,2 0
351,60.628196716308594,59.524566650390625,48.70519256591797,140.03750610351562,1.0,0.0,0.65625,0.65625,0.0,0.0,0.0,0.0,0.65625,6.625,49.96875,27.125,0.0,1.03125,1.03125,0.0,3,3 4
352,39.618492126464844,38.60061264038086,28.72467613220215,136.7312469482422,1.0,0.0,0.46875,0.46875,0.0,0.0,0.0,0.0,0.46875,6.46875,46.71875,35.1875,0.0,2.5625,2.5625,0.0,2,2 4
353,42.85820388793945,42.420833587646484,32.8814582824707,136.03750610351562,1.0,0.0,0.375,0.375,0.0,0.0,0.0,0.0,0.375,6.875,45.15625,35.46875,0.0,2.09375,2.09375,0.0,1,1 3
354,53.07291030883789,52.680030822753906,41.264408111572266,138.3249969482422,1.03125,0.0,0.5,0.5,0.0,0.0,0.0,0.0,0.5,6.59375,43.375,32.125,0.03125,4.125,4.125,0.0,0,0 1
355,61.78293228149414,60.36317825317383,48.52192687988281,159.0124969482422,1.0,0.0,0.65625,0.65625,0.0,0.0,0.0,0.0,0.65625,7.03125,44.46875,26.21875,0.0,4.21875,4.21875,0.0,0,0 2
356,75.46324157714844,74.0486068725586,61.069854736328125,171.4250030517578,1.0,0.0,0.78125,0.78125,0.0,0.0,0.0,0.0,0.78125,7.125,41.15625,18.5,0.0,3.78125,3.78125,0.0,2,2 3
357,75.48446655273438,73.7664566040039,61.026771545410156,168.69375610351562,1.0,0.0,0.75,0.75,0.0,0.0,0.0,0.0,0.75,7.25,42.4375,18.78125,0.0,3.5625,3.5625,0.0,2,2 0
358,50.224124908447266,48.30736541748047,38.31268310546875,137.75625610351562,1.0,0.0,0.46875,0.46875,0.0,0.0,0.0,0.0,0.46875,6.84375,46.46875,30.65625,0.0,3.09375,3.09375,0.0,2,2 0
359,74.461669921875,73.08940887451172,58.20659637451172,183.1687469482422,1.03125,0.0,0.75,0.75,0.0,0.0,0.0,0.0,0.75,7.84375,37.0,19.21875,0.03125,2.75,2.75,0.0,2,2 4
360,69.45227813720703,67.78302764892578,55.69646072387695,160.06875610351562,1.0,0.0,0.6875,0.6875,0.0,0.0,0.0,0.0,0.6875,7.40625,41.53125,22.59375,0.0,2.75,2.75,0.0,0,0 4
361,60.32694625854492,59.657188415527344,48.7465705871582,139.3874969482422,1.0,0.0,0.65625,0.65625,0.0,0.0,0.0,0.0,0.65625,7.3125,43.5625,28.6875,0.0,3.25,3.25,0.0,4,4 0
362,89.80168914794922,88.73542785644531,73.60198974609375,172.28125,1.03125,0.0,0.9375,0.9375,0.0,0.0,0.0,0.0,0.9375,8.09375,38.0625,18.65625,0.03125,3.8125,3.8125,0.0,2,2 0
363,72.68917083740234,71.99528503417969,59.16591262817383,165.14999389648438,1.0,0.0,0.8125,0.8125,0.0,0.0,0.0,0.0,0.8125,7.34375,44.28125,21.84375,0.0,2.6875,2.6875,0.0,0,0 3
364,63.14821243286133,62.718467712402344,50.778785705566406,146.5437469482422,1.0,0.0,0.84375,0.84375,0.0,0.0,0.0,0.0,0.84375,6.875,41.125,26.8125,0.0,2.65625,2.65625,0.0,1,1 3
365,75.08290100097656,73.76014709472656,61.870460510253906,150.2062530517578,1.0,0.0,0.78125,0.78125,0.0,0.0,0.0,0.0,0.78125,6.96875,42.21875,19.84375,0.0,2.09375,2.09375,0.0,0,0 2
366,86.18760681152344,84.735595703125,71.39910125732422,170.4499969482422,1.0,0.0,0.875,0.875,0.03125,0.0,0.0,0.0,0.84375,7.300000190734863,38.90625,14.28125,0.0,1.8125,1.8125,0.0,2,2 4
367,82.15448760986328,81.35247802734375,68.00404357910156,176.11874389648438,1.0,0.0,0.78125,0.78125,0.0,0.0,0.0,0.0,0.78125,7.875,42.1875,16.25,0.0,1.28125,1.28125,0.0,2,2 0
368,71.83541870117188,71.43854522705078,58.27979278564453,172.1875,1.0,0.0,0.8125,0.8125,0.0,0.0,0.0,0.0,0.8125,7.21875,43.5625,22.46875,0.0,1.6875,1.6875,0.0,3,3 4
369,56.86789321899414,55.94239044189453,44.922706604003906,150.75625610351562,1.0,0.0,0.5625,0.5625,0.0,0.0,0.0,0.0,0.5625,6.84375,44.21875,28.53125,0.0,1.78125,1.78125,0.0,3,3 0
370,48.476646423339844,48.13939666748047,37.97002029418945,142.8249969482422,1.0,0.0,0.46875,0.46875,0.0,0.0,0.0,0.0,0.46875,6.40625,48.25,28.75,0.0,1.75,1.75,0.0,0,0 2
371,30.711305618286133,30.067052841186523,21.800804138183594,123.7249984741211,1.0,0.0,0.25,0.25,0.0,0.0,0.0,0.0,0.25,6.0,52.8125,36.71875,0.0,0.90625,0.90625,0.0,0,0 3
372,6.032492637634277,5.676117420196533,0.6214303970336914,79.4937515258789,1.0,0.0,0.0,0.0,0.0,0.0,0.0,0.0,0.0,6.0,54.6875,52.4375,0.0,0.5,0.5,0.0,2,2 1
373,-3.297511577606201,-4.20626163482666,-8.103137016296387,62.1875,1.0,0.0,0.0,0.0,0.0,0.0,0.0,0.0,0.0,4.375,55.5625,54.5,0.0,0.3125,0.3125,0.0,3,3 4
374,8.983746528625488,8.178125381469727,2.968750476837158,80.3125,1.0,0.0,0.03125,0.03125,0.0,0.0,0.0,0.0,0.03125,5.9375,55.3125,51.125,0.0,0.59375,0.59375,0.0,1,1 0
375,33.69160842895508,33.123355865478516,25.460229873657227,110.6500015258789,1.0,0.0,0.25,0.25,0.0,0.0,0.0,0.0,0.25,6.28125,53.0,39.0625,0.0,1.40625,1.40625,0.0,4,4 3
376,34.16693115234375,33.54667663574219,24.999177932739258,123.67500305175781,1.0,0.0,0.3125,0.3125,0.0,0.0,0.0,0.0,0.3125,6.1875,48.09375,36.15625,0.0,1.375,1.375,0.0,4,4 3
377,30.2006778717041,29.500675201416016,21.689739227294922,115.96875,1.0,0.0,0.25,0.25,0.0,0.0,0.0,0.0,0.25,5.625,51.625,38.125,0.0,1.3125,1.3125,0.0,0,0 3
378,51.10912322998047,50.53724670410156,39.97693634033203,132.59375,1.03125,0.0,0.34375,0.34375,0.0,0.0,0.0,0.0,0.34375,6.90625,52.90625,31.0,0.03125,2.71875,2.71875,0.0,0,0 3
379,38.28662872314453,37.967002868652344,28.73606300354004,132.7062530517578,1.0,0.0,0.34375,0.34375,0.0,0.0,0.0,0.0,0.34375,6.78125,49.9375,36.1875,0.0,1.625,1.625,0.0,4,4 0
380,42.82383346557617,42.5117073059082,32.333892822265625,144.7062530517578,1.0,0.0,0.4375,0.4375,0.0,0.0,0.0,0.0,0.4375,6.625,45.9375,34.0,0.0,1.84375,1.84375,0.0,4,4 0
381,37.05820083618164,36.76581954956055,27.88519859313965,129.66250610351562,1.0,0.0,0.3125,0.3125,0.0,0.0,0.0,0.0,0.3125,6.375,52.4375,35.4375,0.0,2.0,2.0,0.0,4,4 0
382,26.19784927368164,23.392852783203125,15.710662841796875,107.40625,1.0,0.0,0.28125,0.28125,0.0,0.0,0.0,0.0,0.28125,6.59375,48.1875,45.65625,0.0,2.8125,2.8125,0.0,1,1 3
383,20.215974807739258,18.620349884033203,11.370973587036133,109.875,1.0,0.0,0.15625,0.15625,0.0,0.0,0.0,0.0,0.15625,6.28125,48.3125,45.125,0.0,2.28125,2.28125,0.0,1,1 2
384,46.71727752685547,45.41915512084961,34.06697082519531,157.40625,1.0,0.0,0.5625,0.5625,0.0,0.0,0.0,0.0,0.5625,6.84375,45.4375,33.71875,0.0,4.3125,4.3125,0.0,1,1 4
385,45.8116455078125,45.156150817871094,34.707401275634766,146.16250610351562,1.0,0.0,0.46875,0.46875,0.0,0.0,0.0,0.0,0.46875,7.03125,45.8125,34.5625,0.0,3.0,3.0,0.0,1,1 2
386,46.546939849853516,46.00194549560547,34.52288818359375,146.53125,1.03125,0.0,0.40625,0.40625,0.0,0.0,0.0,0.0,0.40625,6.75,45.875,33.625,0.03125,2.75,2.75,0.0,1,1 3
387,36.258182525634766,33.652183532714844,25.750619888305664,113.73124694824219,1.0,0.0,0.25,0.25,0.0,0.0,0.0,0.0,0.25,6.75,48.96875,40.375,0.0,1.96875,1.96875,0.0,1,1 3
388,36.668190002441406,34.993568420410156,27.12763023376465,116.89375305175781,1.0,0.0,0.1875,0.1875,0.0,0.0,0.0,0.0,0.1875,7.0625,46.625,37.84375,0.0,2.4375,2.4375,0.0,1,1 3
389,55.05165100097656,54.66965866088867,43.433101654052734,158.74374389648438,1.0,0.0,0.5,0.5,0.0,0.0,0.0,0.0,0.5,7.21875,46.59375,27.59375,0.0,3.875,3.875,0.0,1,1 4
390,49.61539840698242,49.03789520263672,38.432586669921875,155.21875,1.0,0.0,0.375,0.375,0.0,0.0,0.0,0.0,0.375,7.46875,47.375,29.6875,0.0,4.03125,4.03125,0.0,3,3 0
391,52.95820617675781,52.24406814575195,42.59906768798828,130.4499969482422,1.0,0.0,0.4375,0.4375,0.0,0.0,0.0,0.0,0.4375,7.625,51.09375,31.4375,0.0,4.5,4.5,0.0,4,4 2
392,68.8513412475586,68.11308288574219,56.096832275390625,161.77499389648438,1.0,0.0,0.59375,0.59375,0.0,0.0,0.0,0.0,0.59375,8.625,42.375,24.625,0.0,6.1875,6.1875,0.0,2,2 1
393,69.44071197509766,68.04158782958984,55.734397888183594,142.9187469482422,1.03125,0.0,0.59375,0.59375,0.0,0.0,0.0,0.0,0.59375,8.1875,46.65625,28.34375,0.03125,3.65625,3.65625,0.0,3,3 0
394,27.58161735534668,27.082366943359375,18.723304748535156,123.4437484741211,1.0,0.0,0.25,0.25,0.0,0.0,0.0,0.0,0.25,6.59375,48.28125,41.65625,0.0,2.28125,2.28125,0.0,3,3 4
395,53.91634750366211,52.994476318359375,40.950416564941406,156.03125,1.03125,0.0,0.40625,0.40625,0.0,0.0,0.0,0.0,0.40625,7.25,45.34375,30.28125,0.03125,2.84375,2.84375,0.0,1,1 4
396,54.05352783203125,53.47527313232422,42.521522521972656,148.08749389648438,1.0,0.0,0.5625,0.5625,0.0,0.0,0.0,0.0,0.5625,7.21875,44.34375,30.5,0.0,2.625,2.625,0.0,0,0 2
397,54.272891998291016,53.8939094543457,42.93734359741211,153.3937530517578,1.0,0.0,0.46875,0.46875,0.0,0.0,0.0,0.0,0.46875,7.84375,46.28125,29.8125,0.0,2.28125,2.28125,0.0,1,1 3
398,102.06513977050781,100.71512603759766,80.02793884277344,186.46875,1.15625,0.0,0.78125,0.78125,0.0,0.0,0.0,0.0,0.78125,9.3125,41.46875,21.0625,0.15625,2.125,2.125,0.0,2,2 0
399,88.086669921875,87.32841491699219,71.18309783935547,180.61874389648438,1.0625,0.0,0.71875,0.71875,0.0,0.0,0.0,0.0,0.71875,8.96875,39.3125,18.0625,0.0625,3.0,3.0,0.0,2,2 0
400,83.2863540649414,82.20435333251953,67.71965789794922,163.61874389648438,1.0625,0.0,0.5625,0.5625,0.0,0.0,0.0,0.0,0.5625,7.9375,46.59375,18.875,0.0625,2.65625,2.65625,0.0,3,3 0
401,75.8976058959961,75.11322784423828,62.60478591918945,170.46875,1.0,0.0,0.625,0.625,0.0,0.0,0.0,0.0,0.625,8.25,39.28125,19.21875,0.0,1.09375,1.09375,0.0,4,4 3
402,76.1107177734375,75.17208099365234,63.01451873779297,165.4562530517578,1.0,0.0,0.59375,0.59375,0.03125,0.0,0.0,0.0,0.5625,8.387499809265137,45.28125,19.59375,0.0,1.46875,1.46875,0.0,2,2 4
403,79.79351806640625,79.47389221191406,64.97701263427734,162.1750030517578,1.0625,0.0,0.5625,0.5625,0.0,0.0,0.0,0.0,0.5625,8.40625,46.8125,22.21875,0.0625,1.15625,1.15625,0.0,0,0 3
404,61.91382598876953,61.19731903076172,50.29325485229492,128.4562530517578,1.03125,0.0,0.46875,0.46875,0.0,0.0,0.0,0.0,0.46875,7.1875,48.8125,28.5625,0.03125,2.0,2.0,0.0,4,4 2
405,46.280364990234375,45.17323684692383,35.906986236572266,108.98750305175781,1.03125,0.0,0.3125,0.3125,0.0,0.0,0.0,0.0,0.3125,6.96875,51.5,37.4375,0.03125,1.15625,1.15625,0.0,2,2 0
406,47.095706939697266,46.54920196533203,37.002952575683594,134.8000030517578,1.0,0.0,0.40625,0.40625,0.0,0.0,0.0,0.0,0.40625,6.5625,49.96875,31.625,0.0,1.0,1.0,0.0,2,2 3
407,32.92787551879883,32.115989685058594,24.076618194580078,117.5,1.0,0.0,0.25,0.25,0.03125,0.0,0.0,0.0,0.21875,6.46875,50.1875,38.8125,0.0,1.65625,1.65625,0.0,0,0 2
408,72.51480865478516,71.81092834472656,58.6959228515625,176.33749389648438,1.0,0.0,0.71875,0.71875,0.0,0.0,0.0,0.0,0.71875,7.90625,45.03125,21.375,0.0,2.3125,2.3125,0.0,0,0 3
409,57.357913970947266,56.655784606933594,45.015785217285156,147.8625030517578,1.03125,0.0,0.375,0.375,0.0,0.0,0.0,0.0,0.375,7.96875,43.75,30.96875,0.03125,2.53125,2.53125,0.0,0,0 1
410,76.89448547363281,76.03972625732422,62.2694206237793,170.6062469482422,1.03125,0.0,0.59375,0.59375,0.0,0.0,0.0,0.0,0.59375,8.625,49.4375,21.53125,0.03125,3.625,3.625,0.0,2,2 3
411,41.331939697265625,40.30306625366211,32.13369369506836,114.0875015258789,1.0,0.0,0.3125,0.3125,0.0,0.0,0.0,0.0,0.3125,6.75,43.25,37.4375,0.0,2.90625,2.90625,0.0,1,1 3
412,63.26259231567383,62.216712951660156,51.013587951660156,155.4875030517578,1.0,0.0,0.5,0.5,0.0,0.0,0.0,0.0,0.5,7.9375,42.6875,25.625,0.0,4.5625,4.5625,0.0,0,0 4
413,98.05107879638672,96.7583236694336,76.67646789550781,202.3000030517578,1.125,0.0,0.78125,0.78125,0.0,0.0,0.0,0.0,0.78125,8.84375,34.1875,21.375,0.125,5.1875,5.1875,0.0,1,1 3
414,87.12324523925781,85.73825073242188,68.45137786865234,190.0625,1.09375,0.0,0.53125,0.53125,0.0,0.0,0.0,0.0,0.53125,9.5625,36.75,21.96875,0.09375,4.5,4.5,0.0,1,1 2
415,103.97858428955078,103.47007751464844,83.34695434570312,183.0749969482422,1.15625,0.0,0.625,0.625,0.0,0.0,0.0,0.0,0.625,10.59375,36.78125,22.125,0.15625,5.625,5.625,0.0,0,0 3
416,130.95297241210938,129.88607788085938,102.7879638671875,209.625,1.28125,0.0,0.71875,0.71875,0.0,0.0,0.0,0.0,0.71875,10.71875,32.59375,12.15625,0.28125,8.59375,8.59375,0.0,4,4 0
417,141.15231323242188,140.44143676757812,113.002685546875,191.1125030517578,1.3125,0.0,0.6875,0.6875,0.0,0.0,0.0,0.0,0.6875,11.15625,31.375,11.28125,0.3125,7.96875,7.96875,0.0,4,4 2
418,117.38294219970703,115.9921875,95.69436645507812,175.86874389648438,1.15625,0.0,0.78125,0.78125,0.0,0.0,0.0,0.0,0.78125,10.09375,36.65625,14.28125,0.15625,6.75,6.75,0.0,0,0 2
419,137.30484008789062,136.51333618164062,109.57176208496094,196.5187530517578,1.28125,0.0,0.8125,0.8125,0.0,0.0,0.0,0.0,0.8125,11.40625,27.78125,11.375,0.28125,9.21875,9.21875,0.0,2,2 3
420,116.71607971191406,115.21307373046875,92.45838928222656,178.63125610351562,1.21875,0.0,0.71875,0.71875,0.0,0.0,0.0,0.0,0.71875,9.78125,38.65625,16.8125,0.21875,7.875,7.875,0.0,2,2 0
421,102.05888366699219,100.5989990234375,81.74430847167969,177.69375610351562,1.125,0.0,0.71875,0.71875,0.0,0.0,0.0,0.0,0.71875,10.25,32.0625,19.03125,0.125,10.25,10.25,0.0,2,2 0
422,131.00013732910156,128.51712036132812,103.58616638183594,174.94375610351562,1.25,0.0,0.90625,0.90625,0.0,0.0,0.0,0.0,0.90625,11.4375,32.03125,16.875,0.25,9.0,9.0,0.0,2,2 0
423,122.41984558105469,121.1018295288086,99.31401824951172,182.19375610351562,1.1875,0.0,0.6875,0.6875,0.0,0.0,0.0,0.0,0.6875,11.40625,25.71875,12.4375,0.1875,13.96875,13.96875,0.0,0,0 2
424,110.53887939453125,107.510986328125,89.26692199707031,157.9812469482422,1.125,0.0,0.8125,0.8125,0.0,0.0,0.0,0.0,0.8125,10.25,35.8125,20.03125,0.125,11.28125,11.28125,0.0,2,2 0
425,93.02263641357422,90.46923828125,74.86454772949219,160.1437530517578,1.0625,0.0,0.84375,0.84375,0.0,0.0,0.0,0.0,0.84375,8.875,30.75,19.28125,0.0625,16.5,16.5,0.0,2,2 0
426,73.77011108398438,72.44535827636719,60.075355529785156,136.4499969482422,1.03125,0.0,0.6875,0.6875,0.0,0.0,0.0,0.0,0.6875,8.25,34.78125,27.96875,0.03125,9.28125,9.28125,0.0,4,4 0
427,84.23733520507812,82.15120697021484,65.83964538574219,168.94375610351562,1.0625,0.0,0.90625,0.90625,0.0,0.0,0.0,0.0,0.90625,8.96875,29.125,24.96875,0.0625,17.5625,17.5625,0.0,2,2 0
428,83.7082748413086,82.87914276123047,66.59757995605469,168.1062469482422,1.09375,0.0,0.59375,0.59375,0.0,0.0,0.0,0.0,0.59375,8.6875,34.71875,24.34375,0.09375,8.78125,8.78125,0.0,3,3 0
429,49.30573272705078,47.916481018066406,38.58710861206055,126.1624984741211,1.0,0.0,0.4375,0.4375,0.0,0.0,0.0,0.0,0.4375,7.0625,40.09375,35.1875,0.0,3.84375,3.84375,0.0,1,1 3
430,109.63638305664062,108.14013671875,86.0389404296875,172.7687530517578,1.21875,0.0,0.625,0.625,0.0625,0.0,0.0,0.0,0.5625,9.862500190734863,38.40625,23.46875,0.21875,11.71875,11.71875,0.0,1,1 0
431,105.58483123779297,104.814453125,85.07289123535156,179.2937469482422,1.15625,0.0,0.59375,0.59375,0.0,0.0,0.0,0.0,0.59375,10.21875,38.53125,20.09375,0.15625,6.75,6.75,0.0,2,2 0
432,108.34202575683594,106.9536361694336,85.2073974609375,182.6750030517578,1.21875,0.0,0.40625,0.40625,0.0,0.0,0.0,0.0,0.40625,10.0,47.53125,20.65625,0.21875,8.3125,8.3125,0.0,2,2 0
433,33.66353225708008,33.189781188964844,25.9412841796875,113.26249694824219,1.0,0.0,0.0625,0.0625,0.03125,0.0,0.0,0.0,0.03125,7.418749809265137,48.8125,39.0,0.0,3.75,3.75,0.0,3,3 1
434,35.21352005004883,34.90364456176758,27.458642959594727,114.0374984741211,1.0,0.0,0.125,0.125,0.0,0.0,0.0,0.0,0.125,6.90625,48.0625,38.03125,0.0,2.96875,2.96875,0.0,4,4 3
435,55.24478530883789,54.09465789794922,42.3846549987793,132.33749389648438,1.0625,0.0,0.25,0.25,0.03125,0.0,0.0,0.0,0.21875,8.15625,44.65625,34.71875,0.0625,3.34375,3.34375,0.0,4,4 3
436,54.50514602661133,53.93464279174805,42.8635139465332,158.5124969482422,1.03125,0.0,0.09375,0.09375,0.03125,0.0,0.0,0.0,0.0625,8.100000381469727,37.71875,25.875,0.03125,5.28125,5.28125,0.0,4,4 3
437,27.201616287231445,26.16936683654785,18.85936737060547,92.13749694824219,1.03125,0.0,0.03125,0.03125,0.0,0.0,0.0,0.0,0.03125,7.03125,47.53125,45.78125,0.03125,3.65625,3.65625,0.0,4,4 1
438,80.1313705444336,79.19599151611328,63.74161911010742,163.5124969482422,1.125,0.0,0.09375,0.09375,0.03125,0.0,0.0,0.0,0.0625,9.1875,39.65625,21.03125,0.125,7.34375,7.34375,0.0,1,1 0
439,73.96418762207031,72.8994369506836,57.35881423950195,151.9499969482422,1.125,0.0,0.25,0.25,0.03125,0.0,0.0,0.0,0.21875,9.40625,33.0625,27.65625,0.125,8.46875,8.46875,0.0,4,4 0
440,50.006038665771484,48.4987907409668,36.46441650390625,147.6999969482422,1.0625,0.0,0.125,0.125,0.0,0.0,0.0,0.0,0.125,8.46875,46.65625,35.8125,0.0625,9.65625,9.65625,0.0,1,1 2
441,50.801963806152344,48.78234100341797,38.28646469116211,133.78750610351562,1.03125,0.0,0.25,0.25,0.03125,0.0,0.0,0.0,0.21875,8.300000190734863,43.90625,37.46875,0.03125,8.96875,8.96875,0.0,1,1 0
442,51.716373443603516,51.31987380981445,38.831748962402344,163.1125030517578,1.03125,0.0,0.40625,0.40625,0.0625,0.0,0.0,0.0,0.34375,7.75,42.5625,32.96875,0.03125,11.9375,11.9375,0.0,2,2 4
443,69.12295532226562,68.94194030761719,53.96294403076172,176.1875,1.0625,0.0,0.5,0.5,0.03125,0.0,0.0,0.0,0.46875,8.581250190734863,40.96875,26.9375,0.0625,10.8125,10.8125,0.0,2,2 1
444,75.00013732910156,73.49401092529297,58.005882263183594,166.78750610351562,1.09375,0.0,0.40625,0.40625,0.0,0.0,0.0,0.0,0.40625,8.8125,40.21875,27.25,0.09375,11.0625,11.0625,0.0,2,2 0
445,48.827293395996094,48.132423400878906,37.54679870605469,141.10000610351562,1.03125,0.0,0.1875,0.1875,0.0,0.0,0.0,0.0,0.1875,8.15625,41.625,35.0625,0.03125,6.375,6.375,0.0,1,1 3
446,59.46603775024414,58.4101676940918,46.02154541015625,137.14999389648438,1.0625,0.0,0.34375,0.34375,0.09375,0.0,0.0,0.0,0.25,8.506250381469727,42.125,36.0625,0.0625,8.5625,8.5625,0.0,1,1 0
447,68.30013275146484,67.29862976074219,53.50456619262695,171.2062530517578,1.0625,0.0,0.25,0.25,0.0,0.0,0.0,0.0,0.25,8.9375,35.6875,24.53125,0.0625,10.84375,10.84375,0.0,2,2 4
448,24.708507537841797,23.73263168334961,16.439817428588867,116.01875305175781,1.0,0.0,0.03125,0.03125,0.0,0.0,0.0,0.0,0.03125,7.59375,48.96875,44.625,0.0,4.21875,4.21875,0.0,1,1 4
449,29.007566452026367,28.131946563720703,20.44382095336914,117.1875,1.0,0.0,0.15625,0.15625,0.03125,0.0,0.0,0.0,0.125,6.6875,46.75,41.53125,0.0,5.375,5.375,0.0,1,1 4
450,46.14479446411133,44.798667907714844,33.548980712890625,145.50625610351562,1.03125,0.0,0.3125,0.3125,0.0,0.0,0.0,0.0,0.3125,7.84375,42.375,37.59375,0.03125,7.8125,7.8125,0.0,4,4 0
451,44.12106704711914,43.34843826293945,33.07781219482422,144.64999389648438,1.0,0.0,0.4375,0.4375,0.0,0.0,0.0,0.0,0.4375,7.15625,40.5625,36.65625,0.0,5.6875,5.6875,0.0,4,4 3
452,66.86982727050781,66.490966796875,52.1319580078125,181.3874969482422,1.03125,0.0,0.625,0.625,0.03125,0.0,0.0,0.0,0.59375,8.206250190734863,35.59375,28.875,0.03125,7.53125,7.53125,0.0,3,3 2
453,53.680755615234375,53.459510803222656,40.970130920410156,153.8125,1.03125,0.0,0.53125,0.53125,0.0,0.0,0.0,0.0,0.53125,7.5625,39.40625,33.40625,0.03125,5.875,5.875,0.0,1,1 0
454,77.43891906738281,75.96928405761719,59.1102180480957,196.3312530517578,1.0625,0.0,0.75,0.75,0.0,0.0,0.0,0.0,0.75,7.875,36.21875,22.875,0.0625,12.90625,12.90625,0.0,0,0 3
455,56.435123443603516,54.829383850097656,43.441566467285156,151.43124389648438,1.0,0.0,0.625,0.625,0.0,0.0,0.0,0.0,0.625,7.3125,35.125,33.40625,0.0,5.375,5.375,0.0,3,3 4
456,75.24047088623047,74.49996185302734,58.7718391418457,176.10000610351562,1.0625,0.0,0.71875,0.71875,0.0,0.0,0.0,0.0,0.71875,7.90625,34.03125,26.375,0.0625,10.375,10.375,0.0,0,0 2
457,76.40267944335938,74.28143310546875,58.64861297607422,200.78125,1.03125,0.0,0.71875,0.71875,0.0,0.0,0.0,0.0,0.71875,7.8125,30.53125,20.09375,0.03125,9.15625,9.15625,0.0,3,3 0
458,76.28016662597656,75.388916015625,58.38547897338867,193.09375,1.0625,0.0,0.8125,0.8125,0.0,0.0,0.0,0.0,0.8125,8.1875,32.09375,25.6875,0.0625,9.78125,9.78125,0.0,4,4 3
459,74.66548156738281,73.45185089111328,57.73466873168945,194.63125610351562,1.03125,0.0,0.8125,0.8125,0.0,0.0,0.0,0.0,0.8125,7.90625,30.96875,24.21875,0.03125,10.4375,10.4375,0.0,3,3 0
460,74.63707733154297,73.720947265625,56.969696044921875,212.47500610351562,1.03125,0.0,0.84375,0.84375,0.0,0.0,0.0,0.0,0.84375,8.0,28.8125,21.46875,0.03125,12.375,12.375,0.0,0,0 3
461,110.32078552246094,108.86131286621094,86.94974517822266,227.93124389648438,1.125,0.0,0.84375,0.84375,0.0,0.0,0.0,0.0,0.84375,10.5,23.1875,14.0,0.125,17.65625,17.65625,0.0,3,3 0
462,99.35203552246094,98.52591705322266,80.06184387207031,208.25625610351562,1.0625,0.0,0.9375,0.9375,0.0,0.0,0.0,0.0,0.9375,9.3125,27.0625,16.46875,0.0625,9.75,9.75,0.0,3,3 2
463,110.28642272949219,109.51141357421875,86.64204406738281,224.4375,1.15625,0.0,0.84375,0.84375,0.0,0.0,0.0,0.0,0.84375,9.5,30.78125,14.75,0.15625,10.59375,10.59375,0.0,4,4 0
464,114.72577667236328,113.4010238647461,91.35902404785156,201.47500610351562,1.15625,0.0,0.875,0.875,0.0625,0.0,0.0,0.0,0.8125,10.587499618530273,31.1875,15.53125,0.15625,7.1875,7.1875,0.0,0,0 4
465,120.0779800415039,118.84671783447266,95.39796447753906,206.0625,1.1875,0.0,0.84375,0.84375,0.03125,0.0,0.0,0.0,0.8125,10.53125,31.0,15.3125,0.1875,7.90625,7.90625,0.0,0,0 4
466,128.5089111328125,128.1254119873047,103.87547302246094,216.34375,1.1875,0.0,0.90625,0.90625,0.03125,0.0,0.0,0.0,0.875,10.737500190734863,29.5,12.8125,0.1875,7.5625,7.5625,0.0,3,3 4
467,135.24986267089844,134.28773498535156,108.17491149902344,224.0187530517578,1.21875,0.0,0.9375,0.9375,0.03125,0.0,0.0,0.0,0.90625,10.96875,32.40625,11.3125,0.21875,11.28125,11.28125,0.0,2,2 1
468,126.60955047607422,125.508544921875,98.9722900390625,217.6999969482422,1.25,0.0,0.8125,0.8125,0.0,0.0,0.0,0.0,0.8125,10.5625,38.78125,14.40625,0.25,9.09375,9.09375,0.0,0,0 3
469,75.1913833618164,73.84176635742188,59.651763916015625,169.4250030517578,1.03125,0.0,0.75,0.75,0.0,0.0,0.0,0.0,0.75,7.8125,37.15625,25.625,0.03125,4.75,4.75,0.0,3,3 4
470,74.42076110839844,73.38026428222656,59.0833854675293,186.91250610351562,1.0,0.0,0.875,0.875,0.0,0.0,0.0,0.0,0.875,8.0625,32.75,24.65625,0.0,4.875,4.875,0.0,3,3 1
471,42.420719146728516,41.8455924987793,31.617778778076172,148.68124389648438,1.0,0.0,0.375,0.375,0.0,0.0,0.0,0.0,0.375,7.1875,44.71875,35.21875,0.0,2.90625,2.90625,0.0,1,1 3
472,38.109745025634766,37.28837203979492,27.90618324279785,135.05624389648438,1.0,0.0,0.34375,0.34375,0.0,0.0,0.0,0.0,0.34375,6.96875,44.15625,37.71875,0.0,1.0,1.0,0.0,3,3 1
473,60.9225959777832,60.55059814453125,46.83684539794922,160.02499389648438,1.0625,0.0,0.40625,0.40625,0.0,0.0,0.0,0.0,0.40625,8.125,43.71875,30.625,0.0625,1.90625,1.90625,0.0,4,4 0
474,31.514436721801758,29.813812255859375,22.074748992919922,116.15625,1.0,0.0,0.1875,0.1875,0.0,0.0,0.0,0.0,0.1875,6.5625,45.0625,40.90625,0.0,1.09375,1.09375,0.0,3,3 4
475,34.53347396850586,33.19147491455078,23.853351593017578,138.27499389648438,1.0,0.0,0.28125,0.28125,0.0,0.0,0.0,0.0,0.28125,7.21875,48.8125,38.84375,0.0,0.8125,0.8125,0.0,3,3 1
476,68.82823181152344,68.104736328125,52.730987548828125,190.9499969482422,1.0625,0.0,0.4375,0.4375,0.0,0.0,0.0,0.0,0.4375,8.0625,44.6875,23.03125,0.0625,1.75,1.75,0.0,1,1 0
477,50.98318862915039,50.65494155883789,39.13056564331055,144.71249389648438,1.03125,0.0,0.4375,0.4375,0.0,0.0,0.0,0.0,0.4375,6.8125,47.0625,31.53125,0.03125,1.5625,1.5625,0.0,3,3 4
478,73.00883483886719,72.55645751953125,58.2518310546875,162.33749389648438,1.0625,0.0,0.53125,0.53125,0.03125,0.0,0.0,0.0,0.5,7.987500190734863,43.59375,24.4375,0.0625,1.59375,1.59375,0.0,4,4 0
479,74.85262298583984,74.16249084472656,61.003746032714844,179.14999389648438,1.0,0.0,0.6875,0.6875,0.0,0.0,0.0,0.0,0.6875,8.0625,34.84375,20.46875,0.0,1.53125,1.53125,0.0,2,2 1
480,67.0341567993164,66.34590911865234,52.08903884887695,176.77499389648438,1.03125,0.0,0.6875,0.6875,0.0,0.0,0.0,0.0,0.6875,7.53125,44.375,25.21875,0.03125,1.90625,1.90625,0.0,3,3 2
481,62.112911224365234,61.749656677246094,48.06809616088867,177.99374389648438,1.03125,0.0,0.53125,0.53125,0.0,0.0,0.0,0.0,0.53125,7.46875,46.15625,26.03125,0.03125,1.78125,1.78125,0.0,2,2 3
482,46.99628829956055,45.26079177856445,33.71453857421875,125.9749984741211,1.0625,0.0,0.3125,0.3125,0.0,0.0,0.0,0.0,0.3125,7.625,52.25,39.90625,0.0625,1.0625,1.0625,0.0,3,3 4
483,48.124752044677734,47.271385192871094,36.459815979003906,137.6437530517578,1.03125,0.0,0.3125,0.3125,0.0,0.0,0.0,0.0,0.3125,7.59375,49.375,35.6875,0.03125,1.6875,1.6875,0.0,1,1 3
484,39.01910400390625,38.70048141479492,29.55954360961914,132.75625610351562,1.0,0.0,0.28125,0.28125,0.0,0.0,0.0,0.0,0.28125,7.65625,52.375,36.8125,0.0,1.25,1.25,0.0,3,3 4
485,19.11063003540039,17.07387924194336,11.288254737854004,82.7874984741211,1.0,0.0,0.09375,0.09375,0.0,0.0,0.0,0.0,0.09375,7.0625,53.84375,50.71875,0.0,0.5,0.5,0.0,3,3 1
486,13.357183456420898,10.993433952331543,5.539996147155762,82.15625,1.0,0.0,0.03125,0.03125,0.0,0.0,0.0,0.0,0.03125,6.78125,52.9375,52.09375,0.0,0.5625,0.5625,0.0,3,3 1
487,35.10786056518555,33.5467414855957,24.78517723083496,126.0687484741211,1.0,0.0,0.28125,0.28125,0.0,0.0,0.0,0.0,0.28125,7.40625,48.65625,40.78125,0.0,0.8125,0.8125,0.0,3,3 4
488,45.7413330078125,44.59745407104492,33.36495590209961,140.02499389648438,1.03125,0.0,0.40625,0.40625,0.0,0.0,0.0,0.0,0.40625,7.1875,45.125,37.8125,0.03125,1.34375,1.34375,0.0,1,1 4
489,81.07416534423828,79.2631607055664,64.18534851074219,167.4187469482422,1.0625,0.0,0.65625,0.65625,0.0,0.0,0.0,0.0,0.65625,8.09375,39.5,22.4375,0.0625,1.71875,1.71875,0.0,3,3 1
490,51.45633316040039,50.519081115722656,40.083770751953125,143.9812469482422,1.0,0.0,0.46875,0.46875,0.0,0.0,0.0,0.0,0.46875,7.5625,42.8125,33.25,0.0,0.96875,0.96875,0.0,3,3 1
491,52.79853820800781,51.34678268432617,40.189598083496094,147.38125610351562,1.0,0.0,0.625,0.625,0.0,0.0,0.0,0.0,0.625,7.15625,40.5,34.53125,0.0,1.59375,1.59375,0.0,3,3 1
492,73.17044830322266,72.13481903076172,58.04326248168945,184.96875,1.0,0.0,0.84375,0.84375,0.0,0.0,0.0,0.0,0.84375,8.15625,35.40625,23.34375,0.0,2.71875,2.71875,0.0,3,3 4
493,72.55513763427734,71.93202209472656,59.27701950073242,155.875,1.0,0.0,0.875,0.875,0.0,0.0,0.0,0.0,0.875,7.5625,32.1875,26.84375,0.0,2.5,2.5,0.0,1,1 3
494,85.35264587402344,84.82452392578125,69.11764526367188,179.3125,1.03125,0.0,1.0,1.0,0.0,0.0,0.0,0.0,1.0,7.9375,30.75,20.46875,0.03125,3.96875,3.96875,0.0,4,4 1
495,79.72169494628906,78.83969116210938,65.32312774658203,170.74374389648438,1.0,0.0,0.875,0.875,0.0,0.0,0.0,0.0,0.875,8.21875,33.1875,22.1875,0.0,3.03125,3.03125,0.0,3,3 2
496,91.91734313964844,91.27896881103516,74.13896179199219,188.2375030517578,1.0625,0.0,0.875,0.875,0.0,0.0,0.0,0.0,0.875,8.90625,31.0,19.8125,0.0625,3.53125,3.53125,0.0,3,3 4
497,103.62139129638672,103.379638671875,83.14964294433594,190.85000610351562,1.125,0.0,0.9375,0.9375,0.0,0.0,0.0,0.0,0.9375,9.375,28.59375,17.0625,0.125,2.3125,2.3125,0.0,4,4 0
498,93.46234130859375,92.24520111083984,73.88614654541016,191.1437530517578,1.09375,0.0,0.8125,0.8125,0.0,0.0,0.0,0.0,0.8125,8.96875,36.53125,19.21875,0.09375,2.28125,2.28125,0.0,2,2 4
499,91.48139190673828,90.91376495361328,74.30376434326172,206.02499389648438,1.03125,0.0,0.875,0.875,0.0,0.0,0.0,0.0,0.875,8.3125,33.3125,14.5625,0.03125,2.53125,2.53125,0.0,3,3 2
500,70.80323791503906,70.19085693359375,56.28429412841797,173.75625610351562,1.03125,0.0,0.625,0.625,0.0,0.0,0.0,0.0,0.625,7.8125,45.4375,24.375,0.03125,1.78125,1.78125,0.0,4,4 2
501,61.604156494140625,59.74965286254883,48.36589813232422,159.21249389648438,1.0,0.0,0.5,0.5,0.0,0.0,0.0,0.0,0.5,7.90625,41.78125,26.46875,0.0,1.84375,1.84375,0.0,1,1 3
502,35.55974578857422,34.94099807739258,26.618804931640625,119.53125,1.0,0.0,0.28125,0.28125,0.0,0.0,0.0,0.0,0.28125,6.78125,48.5,39.21875,0.0,0.78125,0.78125,0.0,3,3 1
503,66.09290313720703,65.150146484375,53.8135871887207,154.3937530517578,1.0,0.0,0.5625,0.5625,0.0,0.0,0.0,0.0,0.5625,7.59375,47.15625,24.09375,0.0,1.65625,1.65625,0.0,3,3 2
504,45.720699310302734,44.21819305419922,34.40507125854492,139.9375,1.0,0.0,0.375,0.375,0.0,0.0,0.0,0.0,0.375,7.3125,48.59375,33.75,0.0,2.46875,2.46875,0.0,1,1 3
505,32.4691162109375,31.60886573791504,23.846364974975586,116.73750305175781,1.0,0.0,0.1875,0.1875,0.0,0.0,0.0,0.0,0.1875,6.53125,52.25,37.4375,0.0,2.25,2.25,0.0,1,1 0
506,63.02819061279297,61.33994674682617,48.57713317871094,138.05624389648438,1.0625,0.0,0.4375,0.4375,0.0,0.0,0.0,0.0,0.4375,8.25,41.03125,30.78125,0.0625,3.53125,3.53125,0.0,1,1 0
507,92.6682357788086,91.39436340332031,74.09841918945312,177.24374389648438,1.09375,0.0,0.75,0.75,0.0,0.0,0.0,0.0,0.75,8.3125,40.78125,18.46875,0.09375,5.125,5.125,0.0,1,1 4
508,69.86322784423828,68.8074722290039,56.044532775878906,158.5187530517578,1.03125,0.0,0.53125,0.53125,0.0625,0.0,0.0,0.0,0.46875,7.775000095367432,40.40625,21.875,0.03125,4.625,4.625,0.0,4,4 2
509,57.57634353637695,56.93396759033203,46.00602722167969,158.96875,1.0,0.0,0.40625,0.40625,0.0625,0.0,0.0,0.0,0.34375,7.525000095367432,39.59375,25.0,0.0,3.53125,3.53125,0.0,2,2 3
510,48.7910041809082,48.367252349853516,37.98944091796875,130.09375,1.03125,0.0,0.3125,0.3125,0.03125,0.0,0.0,0.0,0.28125,7.28125,46.625,33.5625,0.03125,1.34375,1.34375,0.0,0,0 4
511,47.96943664550781,47.27431106567383,37.98618698120117,134.21249389648438,1.0,0.0,0.3125,0.3125,0.03125,0.0,0.0,0.0,0.28125,7.375,47.75,32.4375,0.0,1.9375,1.9375,0.0,4,4 0
512,33.982582092285156,33.670082092285156,25.251644134521484,126.09375,1.0,0.0,0.25,0.25,0.03125,0.0,0.0,0.0,0.21875,6.1875,45.375,37.09375,0.0,2.6875,2.6875,0.0,4,4 1
513,34.039459228515625,33.44645690917969,24.808330535888672,125.0374984741211,1.0,0.0,0.3125,0.3125,0.0,0.0,0.0,0.0,0.3125,6.3125,50.75,37.96875,0.0,3.09375,3.09375,0.0,4,4 0
514,21.209747314453125,20.926748275756836,13.955810546875,112.2562484741211,1.0,0.0,0.0625,0.0625,0.0,0.0,0.0,0.0,0.0625,6.15625,49.8125,42.625,0.0,1.46875,1.46875,0.0,0,0 1
515,13.082200050354004,12.409950256347656,6.648699760437012,89.88749694824219,1.0,0.0,0.03125,0.03125,0.0,0.0,0.0,0.0,0.03125,6.34375,52.4375,49.3125,0.0,1.09375,1.09375,0.0,1,1 2
516,37.3916130065918,36.616371154785156,27.56830406188965,119.4437484741211,1.03125,0.0,0.125,0.125,0.03125,0.0,0.0,0.0,0.09375,7.018750190734863,47.59375,38.6875,0.03125,2.0,2.0,0.0,1,1 2
517,28.34446144104004,27.72633934020996,19.706026077270508,131.78125,1.0,0.0,0.0625,0.0625,0.0,0.0,0.0,0.0,0.0625,6.5625,42.9375,38.03125,0.0,2.46875,2.46875,0.0,1,1 4
518,41.26509475708008,40.349220275878906,30.406723022460938,145.9250030517578,1.0,0.0,0.34375,0.34375,0.09375,0.0,0.0,0.0,0.25,7.0625,43.71875,36.09375,0.0,2.78125,2.78125,0.0,3,3 4
519,41.4041862487793,41.04105758666992,31.27324867248535,154.59375,1.0,0.0,0.1875,0.1875,0.0625,0.0,0.0,0.0,0.125,7.15625,39.96875,32.34375,0.0,3.0625,3.0625,0.0,2,2 4
520,42.37480926513672,42.138309478759766,31.5494327545166,163.1999969482422,1.0,0.0,0.28125,0.28125,0.0625,0.0,0.0,0.0,0.21875,7.243750095367432,42.28125,32.3125,0.0,1.9375,1.9375,0.0,2,2 0
521,28.862272262573242,27.340274810791016,18.711523056030273,138.83749389648438,1.0,0.0,0.125,0.125,0.09375,0.0,0.0,0.0,0.03125,6.59375,41.6875,38.71875,0.0,1.4375,1.4375,0.0,1,1 2
522,19.790050506591797,19.1229248046875,12.000738143920898,115.39375305175781,1.0,0.0,0.0625,0.0625,0.0,0.0,0.0,0.0,0.0625,6.125,44.40625,43.0625,0.0,1.09375,1.09375,0.0,1,1 2
523,21.470354080200195,20.660728454589844,13.272603034973145,117.42500305175781,1.0,0.0,0.09375,0.09375,0.03125,0.0,0.0,0.0,0.0625,6.34375,44.90625,43.6875,0.0,1.25,1.25,0.0,2,2 3
524,24.09473991394043,23.268991470336914,15.892427444458008,113.1187515258789,1.0,0.0,0.125,0.125,0.0,0.0,0.0,0.0,0.125,6.78125,45.625,44.53125,0.0,1.4375,1.4375,0.0,3,3 0
525,44.6407585144043,43.9633903503418,31.691198348999023,173.31875610351562,1.03125,0.0,0.25,0.25,0.09375,0.0,0.0,0.0,0.15625,7.1875,36.71875,32.40625,0.03125,7.8125,7.8125,0.0,1,1 4
526,47.62697982788086,46.35285568237305,34.66728973388672,162.65625,1.0,0.0,0.5625,0.5625,0.125,0.0,0.0,0.0,0.4375,7.237500190734863,37.28125,35.09375,0.0,5.15625,5.15625,0.0,3,3 4
527,51.236358642578125,49.99260711669922,36.058170318603516,167.5437469482422,1.0625,0.0,0.40625,0.40625,0.125,0.0,0.0,0.0,0.28125,7.262499809265137,36.9375,34.34375,0.0625,4.9375,4.9375,0.0,3,3 4
528,39.65819549560547,37.829322814941406,27.8225040435791,123.73124694824219,1.03125,0.0,0.3125,0.3125,0.0625,0.0,0.0,0.0,0.25,6.987500190734863,44.6875,41.28125,0.03125,3.75,3.75,0.0,3,3 1
529,50.95165252685547,49.44091033935547,37.71278762817383,157.64999389648438,1.0,0.0,0.65625,0.65625,0.15625,0.0,0.0,0.0,0.5,6.78125,35.25,33.625,0.0,4.625,4.625,0.0,3,3 4
530,58.075748443603516,57.314125061035156,44.61855697631836,164.90625,1.0,0.0,0.78125,0.78125,0.21875,0.0,0.0,0.0,0.5625,7.362500190734863,34.375,32.6875,0.0,7.0,7.0,0.0,1,1 2
531,43.314762115478516,42.67565155029297,32.017276763916016,143.125,1.0,0.0,0.5625,0.5625,0.125,0.0,0.0,0.0,0.4375,6.956250190734863,39.53125,37.78125,0.0,5.90625,5.90625,0.0,1,1 4
532,63.78916931152344,62.684295654296875,48.84829330444336,171.3625030517578,1.0,0.0,1.0,1.0,0.34375,0.0,0.0,0.0,0.65625,7.043749809265137,33.25,30.78125,0.0,6.03125,6.03125,0.0,3,3 1
533,101.0160903930664,99.9689712524414,79.5208969116211,211.44375610351562,1.0625,0.0,1.46875,1.46875,0.5625,0.0,0.0,0.0,0.90625,7.643750190734863,24.21875,18.875,0.0625,7.75,7.75,0.0,1,1 2
534,76.85107421875,75.2304458618164,60.43482208251953,174.0,1.0,0.0,1.21875,1.21875,0.5,0.0,0.0,0.0,0.71875,6.78125,27.96875,27.1875,0.0,6.375,6.375,0.0,3,3 1
535,88.46453094482422,86.09678649902344,69.79246520996094,192.75625610351562,1.0,0.0,1.34375,1.34375,0.5625,0.0,0.0,0.0,0.78125,7.175000190734863,26.28125,23.15625,0.0,9.75,9.75,0.0,3,3 2
536,81.9989013671875,80.67090606689453,65.0562744140625,193.96249389648438,1.0,0.0,1.15625,1.15625,0.375,0.0,0.0,0.0,0.78125,7.175000190734863,25.125,23.75,0.0,7.28125,7.28125,0.0,3,3 1
537,91.31422424316406,90.49847412109375,72.5492172241211,199.5625,1.03125,0.0,1.34375,1.34375,0.5625,0.0,0.0,0.0,0.78125,7.131249904632568,27.28125,21.5,0.03125,7.71875,7.71875,0.0,1,1 0
538,84.48297119140625,83.63021087646484,66.38378143310547,193.93124389648438,1.03125,0.0,1.21875,1.21875,0.4375,0.0,0.0,0.0,0.78125,7.568749904632568,30.15625,24.75,0.03125,9.0625,9.0625,0.0,2,2 4
539,57.536067962646484,56.355445861816406,44.23244094848633,149.28750610351562,1.0,0.0,0.84375,0.84375,0.09375,0.0,0.0,0.0,0.75,7.131249904632568,37.21875,34.78125,0.0,3.53125,3.53125,0.0,1,1 3
540,63.96293640136719,62.712181091308594,50.154685974121094,150.83749389648438,1.0,0.0,0.9375,0.9375,0.1875,0.0,0.0,0.0,0.75,7.03125,36.875,32.90625,0.0,4.84375,4.84375,0.0,1,1 4
541,69.71764373779297,69.23489379882812,54.72801971435547,176.9875030517578,1.0,0.0,1.09375,1.09375,0.34375,0.0,0.0,0.0,0.75,7.125,34.71875,29.125,0.0,6.375,6.375,0.0,3,3 1
542,55.13418197631836,53.40842819213867,41.699432373046875,130.3874969482422,1.03125,0.0,0.65625,0.65625,0.0625,0.0,0.0,0.0,0.59375,6.956250190734863,38.6875,37.5,0.03125,3.5625,3.5625,0.0,3,3 4
543,78.63639831542969,76.95902252197266,62.01490020751953,175.2375030517578,1.0,0.0,1.21875,1.21875,0.375,0.0,0.0,0.0,0.84375,7.262499809265137,30.6875,28.0,0.0,4.0,4.0,0.0,3,3 4
544,74.19451141357422,73.03326416015625,58.60663604736328,167.3874969482422,1.0,0.0,1.1875,1.1875,0.34375,0.0,0.0,0.0,0.84375,7.262499809265137,34.875,30.0625,0.0,2.25,2.25,0.0,3,3 1
545,95.00545501708984,93.97371673583984,75.35365295410156,183.8937530517578,1.0625,0.0,1.34375,1.34375,0.375,0.0,0.0,0.0,0.96875,7.918749809265137,30.8125,24.09375,0.0625,3.46875,3.46875,0.0,3,3 2
546,86.28981018066406,85.74644470214844,69.17794799804688,161.9375,1.0625,0.0,1.125,1.125,0.34375,0.0,0.0,0.0,0.78125,7.481249809265137,31.59375,26.71875,0.0625,4.25,4.25,0.0,3,3 0
547,96.59014892578125,93.55928039550781,74.52190399169922,190.21249389648438,1.0625,0.0,1.375,1.375,0.5,0.0,0.0,0.0,0.875,7.787499904632568,24.6875,22.15625,0.0625,8.0625,8.0625,0.0,3,3 0
548,101.64485931396484,100.23835754394531,79.91023254394531,207.4250030517578,1.0625,0.0,1.46875,1.46875,0.53125,0.0,0.0,0.0,0.9375,8.09375,29.0625,19.15625,0.0625,10.375,10.375,0.0,3,3 2
549,79.4063949584961,78.60700988769531,63.3246955871582,164.80624389648438,1.03125,0.0,1.09375,1.09375,0.3125,0.0,0.0,0.0,0.78125,7.525000095367432,29.78125,26.21875,0.03125,9.25,9.25,0.0,0,0 2
550,88.86796569824219,87.95184326171875,70.21345520019531,196.89999389648438,1.03125,0.0,1.3125,1.3125,0.40625,0.0,0.0,0.0,0.90625,7.393750190734863,28.71875,21.53125,0.03125,8.5,8.5,0.0,0,0 4
551,79.5638656616211,78.86137390136719,62.08355712890625,168.78125,1.0625,0.0,1.09375,1.09375,0.375,0.0,0.0,0.0,0.71875,7.4375,33.90625,28.78125,0.0625,6.90625,6.90625,0.0,3,3 1
552,92.57733917236328,91.7559585571289,74.3467788696289,192.4562530517578,1.03125,0.0,1.28125,1.28125,0.4375,0.0,0.0,0.0,0.84375,7.493750095367432,30.09375,20.34375,0.03125,7.0625,7.0625,0.0,1,1 0
553,52.10663986206055,50.93489074707031,39.471763610839844,142.35000610351562,1.0,0.0,0.78125,0.78125,0.21875,0.0,0.0,0.0,0.5625,6.78125,39.9375,35.9375,0.0,4.28125,4.28125,0.0,3,3 1
554,88.84387969970703,87.8686294555664,70.04606628417969,186.90625,1.0625,0.0,1.125,1.125,0.4375,0.0,0.0,0.0,0.6875,7.512499809265137,34.78125,23.15625,0.0625,5.71875,5.71875,0.0,4,4 3
555,71.12542724609375,69.62217712402344,54.339988708496094,174.55624389648438,1.03125,0.0,0.96875,0.96875,0.4375,0.0,0.0,0.0,0.53125,7.59375,40.3125,29.46875,0.03125,3.78125,3.78125,0.0,3,3 4
556,44.574134826660156,43.3280143737793,33.19956970214844,129.75625610351562,1.0,0.0,0.59375,0.59375,0.125,0.0,0.0,0.0,0.46875,7.03125,43.40625,39.8125,0.0,1.96875,1.96875,0.0,3,3 4
557,58.428524017333984,57.78776931762695,44.4595832824707,153.38125610351562,1.03125,0.0,0.75,0.75,0.3125,0.0,0.0,0.0,0.4375,7.481249809265137,39.4375,34.9375,0.03125,3.4375,3.4375,0.0,1,1 4
558,43.652862548828125,41.54048538208008,31.234233856201172,130.78750610351562,1.0,0.0,0.65625,0.65625,0.25,0.0,0.0,0.0,0.40625,6.34375,43.125,39.1875,0.0,1.34375,1.34375,0.0,3,3 2
559,53.73633575439453,53.2989616394043,41.252960205078125,145.4250030517578,1.0,0.0,0.90625,0.90625,0.3125,0.0,0.0,0.0,0.59375,6.387499809265137,41.28125,34.84375,0.0,0.875,0.875,0.0,1,1 3
560,76.41165924072266,75.47640228271484,61.190025329589844,148.8249969482422,1.03125,0.0,1.09375,1.09375,0.46875,0.0,0.0,0.0,0.625,6.431250095367432,42.96875,27.59375,0.03125,1.34375,1.34375,0.0,2,2 4
561,104.1782455444336,103.6311264038086,83.46037292480469,180.0749969482422,1.09375,0.0,1.46875,1.46875,0.59375,0.0,0.0,0.0,0.875,7.525000095367432,35.21875,22.8125,0.09375,2.5625,2.5625,0.0,1,1 3
562,81.61541748046875,81.32768249511719,65.56298828125,169.2062530517578,1.03125,0.0,1.15625,1.15625,0.4375,0.0,0.0,0.0,0.71875,7.59375,40.15625,26.21875,0.03125,1.5,1.5,0.0,3,3 4
563,79.87574768066406,79.26448822021484,63.276123046875,167.3625030517578,1.0625,0.0,0.90625,0.90625,0.40625,0.0,0.0,0.0,0.5,7.612500190734863,40.34375,24.5,0.0625,1.8125,1.8125,0.0,2,2 4
564,89.64885711669922,88.78460693359375,71.81092071533203,169.11874389648438,1.0625,0.0,1.125,1.125,0.46875,0.0,0.0,0.0,0.65625,7.737500190734863,38.6875,24.09375,0.0625,2.90625,2.90625,0.0,0,0 2
565,51.32415008544922,50.83539581298828,39.12102127075195,154.875,1.0,0.0,0.6875,0.6875,0.3125,0.0,0.0,0.0,0.375,6.78125,39.34375,33.53125,0.0,1.875,1.875,0.0,4,4 1
566,53.65757751464844,53.435325622558594,40.9087028503418,130.96249389648438,1.0625,0.0,0.53125,0.53125,0.25,0.0,0.0,0.0,0.28125,6.824999809265137,42.8125,37.375,0.0625,1.53125,1.53125,0.0,4,4 0
567,56.71323776245117,56.00410842895508,43.83629608154297,154.7312469482422,1.0,0.0,0.8125,0.8125,0.40625,0.0,0.0,0.0,0.40625,6.5625,39.90625,32.03125,0.0,1.875,1.875,0.0,1,1 3
568,80.99011993408203,80.20310974121094,64.49261474609375,171.5,1.03125,0.0,1.125,1.125,0.5,0.0,0.0,0.0,0.625,7.349999904632568,34.46875,26.8125,0.03125,2.25,2.25,0.0,1,1 3
569,65.53480529785156,64.8561782836914,51.07542037963867,171.8125,1.0,0.0,0.96875,0.96875,0.4375,0.0,0.0,0.0,0.53125,7.306250095367432,35.21875,29.28125,0.0,3.34375,3.34375,0.0,3,3 4
570,60.52791213989258,59.75053787231445,47.32722091674805,155.2937469482422,1.0,0.0,0.84375,0.84375,0.46875,0.0,0.0,0.0,0.375,7.131249904632568,38.03125,31.75,0.0,2.3125,2.3125,0.0,1,1 4
571,86.35763549804688,85.67850494384766,67.55757141113281,198.9187469482422,1.03125,0.0,1.40625,1.40625,0.6875,0.0,0.0,0.0,0.71875,6.875,27.59375,23.25,0.03125,3.40625,3.40625,0.0,1,1 4
572,47.38350296020508,46.71012878417969,36.13718795776367,131.7312469482422,1.0,0.0,0.6875,0.6875,0.3125,0.0,0.0,0.0,0.375,6.868750095367432,42.90625,37.6875,0.0,1.15625,1.15625,0.0,2,2 1
573,63.7735595703125,63.2730598449707,49.57399368286133,169.56875610351562,1.0,0.0,1.0,1.0,0.5,0.0,0.0,0.0,0.5,6.78125,37.59375,29.71875,0.0,3.34375,3.34375,0.0,0,0 1
574,64.34073638916016,63.53510665893555,51.321983337402344,149.0625,1.0,0.0,0.875,0.875,0.46875,0.0,0.0,0.0,0.40625,7.0,34.875,31.59375,0.0,1.65625,1.65625,0.0,2,2 0
575,77.4310531616211,76.74405670166016,62.69655227661133,162.46249389648438,1.0,0.0,1.15625,1.15625,0.46875,0.0,0.0,0.0,0.6875,7.21875,34.3125,26.8125,0.0,1.6875,1.6875,0.0,2,2 1
576,81.3248062133789,80.22317504882812,63.79054641723633,173.60000610351562,1.03125,0.0,1.28125,1.28125,0.46875,0.0,0.0,0.0,0.8125,7.306250095367432,33.6875,27.5625,0.03125,2.25,2.25,0.0,1,1 3
577,73.9757308959961,72.89573669433594,59.59392166137695,157.7062530517578,1.0,0.0,1.03125,1.03125,0.46875,0.0,0.0,0.0,0.5625,7.175000190734863,33.625,28.3125,0.0,1.5625,1.5625,0.0,3,3 1
578,102.43389129638672,101.68576049804688,83.37899780273438,170.60000610351562,1.0625,0.0,1.4375,1.4375,0.71875,0.0,0.0,0.0,0.71875,7.787499904632568,27.0625,20.875,0.0625,2.4375,2.4375,0.0,1,1 0
579,96.90762329101562,96.27613067626953,78.13275146484375,174.53750610351562,1.0625,0.0,1.375,1.375,0.625,0.0,0.0,0.0,0.75,7.175000190734863,33.8125,23.0,0.0625,1.875,1.875,0.0,3,3 0
580,109.8310775756836,108.91856384277344,92.03044128417969,181.125,1.0,0.0,1.59375,1.59375,0.75,0.0,0.0,0.0,0.84375,8.09375,28.1875,16.71875,0.0,1.78125,1.78125,0.0,2,2 1
581,49.03787612915039,47.10900115966797,36.258567810058594,121.95625305175781,1.03125,0.0,0.53125,0.53125,0.25,0.0,0.0,0.0,0.28125,7.306250095367432,42.71875,39.0,0.03125,1.03125,1.03125,0.0,3,3 1
582,106.6229248046875,105.60916900634766,87.21861267089844,177.1437530517578,1.0625,0.0,1.34375,1.34375,0.625,0.0,0.0,0.0,0.71875,8.518750190734863,36.78125,20.09375,0.0625,2.0,2.0,0.0,2,2 4
583,100.5513687133789,99.98362731933594,81.5679931640625,178.3625030517578,1.0625,0.0,1.375,1.375,0.625,0.0,0.0,0.0,0.75,7.625,32.125,20.375,0.0625,2.625,2.625,0.0,1,1 4
584,52.413185119628906,51.1426887512207,40.045875549316406,128.05624389648438,1.03125,0.0,0.5,0.5,0.21875,0.0,0.0,0.0,0.28125,7.675000190734863,45.46875,38.1875,0.03125,1.125,1.125,0.0,3,3 0
585,82.2591323852539,80.26750946044922,62.854698181152344,147.2937469482422,1.125,0.0,0.84375,0.84375,0.34375,0.0,0.0,0.0,0.5,7.90625,43.09375,31.78125,0.125,1.8125,1.8125,0.0,3,3 1
586,70.33413696289062,68.35000610351562,54.7305793762207,148.30624389648438,1.03125,0.0,0.875,0.875,0.40625,0.0,0.0,0.0,0.46875,7.731249809265137,41.71875,32.53125,0.03125,1.25,1.25,0.0,3,3 0
587,76.94414520263672,74.8908920288086,59.71015167236328,149.6125030517578,1.0625,0.0,0.90625,0.90625,0.40625,0.0,0.0,0.0,0.5,8.056249618530273,38.8125,31.78125,0.0625,2.03125,2.03125,0.0,3,3 1
588,98.00886535644531,97.61285400390625,80.73692321777344,158.0437469482422,1.0625,0.0,1.21875,1.21875,0.5,0.0,0.0,0.0,0.71875,8.1875,37.46875,24.5625,0.0625,1.875,1.875,0.0,4,4 0
589,82.40665435791016,81.3566665649414,64.5932846069336,155.1750030517578,1.09375,0.0,0.875,0.875,0.375,0.0,0.0,0.0,0.5,8.706250190734863,40.15625,31.46875,0.09375,1.71875,1.71875,0.0,3,3 1
590,90.97228240966797,90.33391571044922,72.35753631591797,166.5749969482422,1.09375,0.0,1.03125,1.03125,0.46875,0.0,0.0,0.0,0.5625,8.806249618530273,43.3125,27.75,0.09375,1.1875,1.1875,0.0,3,3 1
591,74.37381744384766,72.79668426513672,56.524559020996094,133.03750610351562,1.125,0.0,0.75,0.75,0.375,0.0,0.0,0.0,0.375,7.612500190734863,49.625,36.28125,0.125,0.5,0.5,0.0,1,1 0
592,98.46573638916016,97.88885498046875,77.98185729980469,167.89999389648438,1.125,0.0,1.1875,1.1875,0.46875,0.0,0.0,0.0,0.71875,8.399999618530273,39.0625,26.96875,0.125,1.03125,1.03125,0.0,4,4 3
593,84.3082046508789,83.80382537841797,66.38246154785156,146.83749389648438,1.125,0.0,0.8125,0.8125,0.3125,0.0,0.0,0.0,0.5,8.774999618530273,41.8125,31.0,0.125,0.6875,0.6875,0.0,1,1 3
594,55.2063102722168,54.709686279296875,43.39350128173828,123.34375,1.03125,0.0,0.625,0.625,0.25,0.0,0.0,0.0,0.375,7.425000190734863,46.59375,38.0,0.03125,0.59375,0.59375,0.0,1,1 3
595,89.85977935791016,88.96790313720703,72.12953186035156,151.6750030517578,1.09375,0.0,0.9375,0.9375,0.40625,0.0,0.0,0.0,0.53125,8.706250190734863,42.625,29.5625,0.09375,0.71875,0.71875,0.0,4,4 3
596,92.54196166992188,91.6017074584961,73.49351501464844,148.34375,1.125,0.0,0.96875,0.96875,0.4375,0.0,0.0,0.0,0.53125,8.699999809265137,45.34375,29.40625,0.125,1.40625,1.40625,0.0,3,3 1
597,145.34042358398438,144.20004272460938,119.4707260131836,177.59375,1.1875,0.0,1.5625,1.5625,0.78125,0.0,0.0,0.0,0.78125,9.581250190734863,37.4375,14.0,0.1875,0.96875,0.96875,0.0,4,4 3
598,182.42263793945312,181.8311309814453,147.10801696777344,195.3625030517578,1.375,0.0,1.75,1.75,0.875,0.0,0.0,0.0,0.875,12.25,29.34375,11.09375,0.375,1.1875,1.1875,0.0,3,3 4
599,197.50860595703125,196.71559143066406,160.8917236328125,183.25,1.40625,0.0,1.78125,1.78125,0.875,0.0,0.0,0.0,0.90625,13.743749618530273,25.9375,9.84375,0.40625,2.34375,2.34375,0.0,2,2 0
600,186.92703247070312,183.76577758789062,148.4071502685547,211.53750610351562,1.375,0.0,1.75,1.75,0.84375,0.0,0.0,0.0,0.90625,11.287500381469727,28.5625,10.625,0.375,2.4375,2.4375,0.0,1,1 3
601,218.518310546875,216.9490509033203,172.3226318359375,224.6687469482422,1.5625,0.0,1.875,1.875,0.9375,0.0,0.0,0.0,0.9375,12.600000381469727,31.09375,7.90625,0.5625,2.625,2.625,0.0,3,3 1
602,217.71453857421875,216.7810516357422,174.07254028320312,213.52499389648438,1.53125,0.0,1.90625,1.90625,0.90625,0.0,0.0,0.0,1.0,11.637499809265137,36.03125,7.0,0.53125,3.125,3.125,0.0,1,1 4
603,176.67701721191406,176.04129028320312,141.3459014892578,186.91250610351562,1.40625,0.0,1.53125,1.53125,0.71875,0.0,0.0,0.0,0.8125,12.012499809265137,29.875,13.15625,0.40625,2.03125,2.03125,0.0,1,1 0
604,194.9539337158203,191.4873046875,154.81137084960938,194.4187469482422,1.4375,0.0,1.59375,1.59375,0.75,0.0,0.0,0.0,0.84375,12.25,36.9375,13.75,0.4375,3.125,3.125,0.0,1,1 4
605,237.93360900878906,235.46286010742188,188.85879516601562,213.61874389648438,1.625,0.0,1.78125,1.78125,0.84375,0.0,0.0,0.0,0.9375,14.15625,34.875,6.90625,0.625,1.4375,1.4375,0.0,4,4 1
606,229.7004852294922,227.9293670654297,183.75936889648438,198.91250610351562,1.59375,0.0,1.6875,1.6875,0.75,0.0,0.0,0.0,0.9375,14.09375,32.25,7.8125,0.59375,1.59375,1.59375,0.0,1,1 4
607,252.210205078125,249.71633911132812,199.90420532226562,221.6374969482422,1.6875,0.0,1.75,1.75,0.875,0.0,0.0,0.0,0.875,15.862500190734863,36.875,7.0,0.6875,3.28125,3.28125,0.0,4,4 1
608,236.9198760986328,234.4980010986328,189.2501983642578,217.96875,1.59375,0.0,1.71875,1.71875,0.8125,0.0,0.03125,0.0,0.875,14.09375,35.125,6.34375,0.59375,5.15625,5.15625,0.0,1,1 3
609,252.4449005126953,251.0913848876953,200.88949584960938,203.9499969482422,1.71875,0.0,1.71875,1.71875,0.875,0.0,0.0,0.0,0.84375,16.34375,30.65625,7.46875,0.71875,3.625,3.625,0.0,4,4 0
610,209.64889526367188,207.63363647460938,169.58819580078125,195.2937469482422,1.46875,0.0,1.53125,1.53125,0.71875,0.0,0.0,0.0,0.8125,13.712499618530273,30.46875,6.65625,0.46875,2.59375,2.59375,0.0,1,1 4
611,244.46359252929688,243.7957305908203,199.42904663085938,193.25625610351562,1.59375,0.0,1.75,1.75,0.875,0.0,0.0,0.0,0.875,15.368749618530273,39.15625,6.90625,0.59375,2.0,2.0,0.0,1,1 4
612,252.64083862304688,248.68807983398438,202.17576599121094,193.1062469482422,1.65625,0.0,1.625,1.625,0.75,0.0,0.0625,0.0,0.8125,15.524999618530273,37.9375,8.09375,0.65625,3.09375,3.09375,0.0,4,4 0
613,301.16082763671875,299.0703125,241.79959106445312,195.75,1.875,0.0,1.875,1.875,0.875,0.0,0.03125,0.0,0.96875,17.962499618530273,36.96875,3.0625,0.875,2.0,2.0,0.0,4,4 1
614,289.2292785644531,287.76666259765625,232.2714385986328,199.03125,1.84375,0.0,1.75,1.75,0.875,0.0,0.03125,0.0,0.84375,17.256250381469727,40.40625,3.875,0.84375,2.40625,2.40625,0.0,2,2 1
615,305.6233825683594,303.3158874511719,247.6168670654297,205.1750030517578,1.8125,0.0,1.96875,1.96875,0.96875,0.0,0.0625,0.0,0.9375,19.112499237060547,33.78125,3.03125,0.8125,4.4375,4.4375,0.0,4,4 1
616,313.23681640625,312.00457763671875,253.69046020507812,208.39999389648438,1.875,0.0,1.9375,1.9375,1.0,0.0,0.03125,0.0,0.90625,18.856250762939453,35.90625,1.15625,0.875,3.375,3.375,0.0,4,4 0
617,284.5730285644531,283.79852294921875,231.3241729736328,198.52499389648438,1.78125,0.0,1.65625,1.65625,0.84375,0.0,0.0625,0.0,0.75,17.28125,42.15625,4.3125,0.78125,2.5625,2.5625,0.0,4,4 0
618,309.1346435546875,308.3218994140625,251.1566925048828,202.49374389648438,1.875,0.0,1.71875,1.71875,0.90625,0.0,0.15625,0.0,0.65625,18.975000381469727,42.4375,4.1875,0.875,2.5,2.5,0.0,0,0 2
619,286.59210205078125,285.41925048828125,231.0357208251953,212.14999389648438,1.8125,0.0,1.59375,1.59375,0.90625,0.0,0.0625,0.0,0.625,18.200000762939453,35.59375,1.59375,0.8125,3.125,3.125,0.0,2,2 1
620,238.76991271972656,237.10653686523438,194.28048706054688,200.2937469482422,1.5625,0.0,1.59375,1.59375,0.6875,0.0,0.125,0.0,0.78125,15.618749618530273,42.125,10.71875,0.5625,2.625,2.625,0.0,4,4 0
621,286.98370361328125,285.97943115234375,231.71774291992188,216.03125,1.78125,0.0,1.84375,1.84375,0.96875,0.0,0.0625,0.0,0.8125,18.181249618530273,41.78125,3.625,0.78125,3.40625,3.40625,0.0,3,3 1
622,185.14796447753906,184.20932006835938,147.1502227783203,176.9250030517578,1.5,0.0,1.25,1.25,0.5625,0.0,0.03125,0.0,0.65625,12.293749809265137,39.96875,18.25,0.5,3.3125,3.3125,0.0,1,1 2
623,174.58889770507812,171.134033203125,137.79058837890625,167.81875610351562,1.4375,0.0,1.03125,1.03125,0.53125,0.0,0.03125,0.0,0.46875,13.625,41.0,22.0,0.4375,1.5,1.5,0.0,1,1 2
624,295.44940185546875,294.3321228027344,241.7310791015625,220.69375610351562,1.75,0.0,1.65625,1.65625,0.84375,0.0,0.125,0.0,0.6875,19.118749618530273,41.40625,4.6875,0.75,2.84375,2.84375,0.0,1,1 0
625,241.08494567871094,239.0461883544922,194.83851623535156,220.13125610351562,1.5625,0.0,1.71875,1.71875,0.84375,0.0,0.125,0.0,0.75,15.006250381469727,37.125,7.96875,0.5625,2.84375,2.84375,0.0,1,1 4
626,262.1474304199219,260.58416748046875,211.242431640625,212.1875,1.6875,0.0,1.71875,1.71875,0.84375,0.0,0.15625,0.0,0.71875,16.568750381469727,36.4375,6.5,0.6875,3.09375,3.09375,0.0,4,4 1
627,276.6371154785156,275.23333740234375,222.8335418701172,208.05624389648438,1.75,0.0,1.875,1.875,0.875,0.0,0.15625,0.0,0.84375,16.649999618530273,34.90625,4.90625,0.75,3.34375,3.34375,0.0,1,1 4
628,267.1583557128906,265.36224365234375,214.4451904296875,206.1062469482422,1.75,0.0,1.5,1.5,0.75,0.0,0.15625,0.0,0.59375,17.287500381469727,39.0625,9.96875,0.75,2.5,2.5,0.0,1,1 0
629,297.0790710449219,295.8415832519531,241.7448272705078,213.72500610351562,1.78125,0.0,1.8125,1.8125,0.84375,0.0,0.1875,0.0,0.78125,18.600000381469727,41.65625,7.34375,0.78125,2.875,2.875,0.0,4,4 2
630,328.3544006347656,326.8724060058594,269.1669006347656,224.1875,1.8125,0.0,2.125,2.125,0.84375,0.0,0.34375,0.0,0.9375,21.506250381469727,37.71875,4.3125,0.8125,3.34375,3.34375,0.0,4,4 0
631,269.223388671875,266.9746398925781,218.1161346435547,208.3249969482422,1.65625,0.0,1.9375,1.9375,0.84375,0.0,0.21875,0.0,0.875,17.387500762939453,30.09375,6.6875,0.65625,3.0625,3.0625,0.0,3,3 4
632,290.4639892578125,288.1192626953125,234.89358520507812,217.61874389648438,1.75,0.0,1.90625,1.90625,0.75,0.0,0.1875,0.0,0.96875,17.887500762939453,37.40625,4.09375,0.75,3.75,3.75,0.0,1,1 2
633,313.2063293457031,311.05633544921875,254.51025390625,230.86874389648438,1.78125,0.0,2.15625,2.15625,0.90625,0.0,0.28125,0.0,0.96875,19.806249618530273,29.71875,4.65625,0.78125,3.5,3.5,0.0,4,4 1
634,302.4328918457031,300.9790954589844,248.66943359375,220.71875,1.6875,0.0,2.28125,2.28125,0.9375,0.0,0.40625,0.0,0.9375,18.1875,34.8125,6.125,0.6875,4.21875,4.21875,0.0,0,0 2
635,282.6869201660156,281.4420166015625,233.5237274169922,227.2937469482422,1.59375,0.0,2.09375,2.09375,0.8125,0.0,0.34375,0.0,0.9375,18.006250381469727,35.34375,6.46875,0.59375,4.28125,4.28125,0.0,4,4 2
636,274.91973876953125,272.72210693359375,223.8155059814453,249.91250610351562,1.625,0.0,1.6875,1.6875,0.6875,0.0,0.34375,0.0,0.65625,18.950000762939453,32.875,9.6875,0.625,4.21875,4.21875,0.0,1,1 0
637,257.42034912109375,256.43206787109375,212.41934204101562,230.8249969482422,1.53125,0.0,1.75,1.75,0.65625,0.0,0.34375,0.0,0.75,17.549999237060547,32.15625,8.4375,0.53125,2.59375,2.59375,0.0,4,4 2
638,199.77493286132812,199.00381469726562,160.7369384765625,226.22500610351562,1.4375,0.0,1.46875,1.46875,0.71875,0.0,0.15625,0.0,0.59375,15.03125,36.0,15.46875,0.4375,2.3125,2.3125,0.0,3,3 2
639,173.4833526611328,171.70584106445312,139.16915893554688,199.99374389648438,1.375,0.0,1.09375,1.09375,0.5,0.0,0.125,0.0,0.46875,13.399999618530273,37.125,19.3125,0.375,2.0625,2.0625,0.0,4,4 1
640,175.5220489501953,174.18154907226562,142.26223754882812,174.80624389648438,1.375,0.0,1.28125,1.28125,0.625,0.0,0.0625,0.0,0.59375,12.800000190734863,39.84375,19.25,0.375,0.90625,0.90625,0.0,4,4 1
641,255.80804443359375,253.6095428466797,205.748291015625,218.7624969482422,1.65625,0.0,1.5625,1.5625,0.78125,0.0,0.09375,0.0,0.6875,17.28125,40.625,8.4375,0.65625,2.15625,2.15625,0.0,4,4 1
642,292.0821533203125,290.5193786621094,235.5995330810547,238.46249389648438,1.75,0.0,2.0625,2.0625,0.96875,0.0,0.09375,0.0,1.0,18.037500381469727,38.59375,3.59375,0.75,1.78125,1.78125,0.0,0,0 4
643,328.8128356933594,326.6268615722656,268.54949951171875,232.63125610351562,1.8125,0.0,2.1875,2.1875,0.9375,0.0,0.25,0.0,1.0,19.837499618530273,39.1875,2.40625,0.8125,1.9375,1.9375,0.0,1,1 4
644,289.9099426269531,288.5692138671875,237.5264892578125,203.1374969482422,1.71875,0.0,1.875,1.875,0.84375,0.0,0.15625,0.0,0.875,17.768749237060547,41.09375,6.09375,0.71875,1.375,1.375,0.0,1,1 0
645,342.9512939453125,341.6191711425781,278.6236877441406,235.83749389648438,1.9375,0.0,2.0625,2.0625,0.875,0.0,0.28125,0.0,0.90625,19.881250381469727,43.25,2.75,0.9375,2.40625,2.40625,0.0,1,1 2
646,309.41436767578125,306.9620056152344,252.4586944580078,230.2937469482422,1.75,0.0,2.0,2.0,0.84375,0.0,0.25,0.0,0.90625,19.381250381469727,35.0,4.28125,0.75,1.875,1.875,0.0,1,1 4
647,298.6365661621094,294.98968505859375,241.1614990234375,228.7937469482422,1.75,0.0,1.875,1.875,0.8125,0.0,0.1875,0.0,0.875,18.825000762939453,44.6875,8.03125,0.75,3.03125,3.03125,0.0,1,1 4
648,327.8312683105469,325.2811584472656,269.2025146484375,224.25,1.78125,0.0,2.0625,2.0625,0.90625,0.0,0.21875,0.0,0.9375,21.131250381469727,38.84375,4.78125,0.78125,2.4375,2.4375,0.0,1,1 4
649,356.87664794921875,354.89202880859375,291.30413818359375,255.8125,1.90625,0.0,2.1875,2.1875,0.90625,0.0,0.34375,0.0,0.9375,22.137500762939453,36.59375,3.4375,0.90625,5.65625,5.65625,0.0,1,1 3
650,354.9216613769531,352.5810546875,288.60467529296875,249.96249389648438,1.9375,0.0,2.09375,2.09375,0.90625,0.0,0.1875,0.0,1.0,20.712499618530273,42.125,2.375,0.9375,5.59375,5.59375,0.0,4,4 1
651,344.5000915527344,341.4269714355469,279.65802001953125,253.13125610351562,1.875,0.0,2.1875,2.1875,0.9375,0.0,0.25,0.0,1.0,20.068750381469727,41.34375,1.625,0.875,4.53125,4.53125,0.0,4,4 3
652,310.63494873046875,309.14508056640625,251.7529754638672,222.0437469482422,1.84375,0.0,1.84375,1.84375,0.84375,0.0,0.03125,0.0,0.96875,19.318750381469727,43.375,3.28125,0.84375,4.75,4.75,0.0,1,1 4
653,300.39373779296875,298.30072021484375,243.8860321044922,233.13125610351562,1.75,0.0,2.03125,2.03125,1.0,0.0,0.0625,0.0,0.96875,17.40625,40.84375,4.4375,0.75,5.0,5.0,0.0,1,1 4
654,343.046630859375,340.71575927734375,277.6363830566406,257.86248779296875,1.90625,0.0,2.15625,2.15625,0.90625,0.0,0.28125,0.0,0.96875,19.4375,38.90625,2.0625,0.90625,5.625,5.625,0.0,4,4 3
655,335.0507507324219,333.09246826171875,271.92218017578125,252.86874389648438,1.875,0.0,2.0625,2.0625,0.90625,0.0,0.1875,0.0,0.96875,19.59375,41.5625,4.59375,0.875,5.5625,5.5625,0.0,4,4 1
656,361.1098327636719,358.79644775390625,294.0234375,263.3999938964844,1.9375,0.0,2.0625,2.0625,0.9375,0.0,0.15625,0.0,0.96875,22.100000381469727,38.53125,2.71875,0.9375,5.96875,5.96875,0.0,1,1 4
657,329.7191467285156,327.7333984375,269.8101501464844,262.17498779296875,1.78125,0.0,2.09375,2.09375,0.875,0.0,0.21875,0.0,1.0,20.149999618530273,35.46875,3.25,0.78125,6.90625,6.90625,0.0,1,1 4
658,407.61578369140625,406.5546875,335.0704345703125,295.63751220703125,2.03125,0.0,2.28125,2.28125,0.90625,0.0,0.375,0.0,1.0,23.693750381469727,34.0,1.21875,1.03125,6.78125,6.78125,0.0,3,3 4
659,372.1998291015625,371.6717224121094,306.20660400390625,260.2124938964844,1.9375,0.0,2.3125,2.3125,0.9375,0.0,0.375,0.0,1.0,21.274999618530273,33.78125,1.0,0.9375,5.125,5.125,0.0,4,4 1
660,358.806640625,358.1096496582031,293.45269775390625,257.9437561035156,1.9375,0.0,2.15625,2.15625,0.90625,0.0,0.28125,0.0,0.96875,20.887500762939453,35.96875,1.15625,0.9375,5.28125,5.28125,0.0,4,4 1
661,385.11773681640625,384.06732177734375,316.4447021484375,285.3500061035156,1.9375,0.0,2.46875,2.46875,1.0,0.0,0.46875,0.0,1.0,22.806249618530273,33.84375,1.65625,0.9375,5.09375,5.09375,0.0,4,4 1
662,339.547607421875,336.9606018066406,275.70947265625,259.125,1.875,0.0,2.0,2.0,0.84375,0.0,0.21875,0.0,0.9375,19.693750381469727,38.40625,4.375,0.875,5.03125,5.03125,0.0,4,4 1
663,367.95794677734375,365.8720703125,299.43707275390625,268.67498779296875,1.96875,0.0,2.125,2.125,0.90625,0.0,0.1875,0.03125,1.0,21.1875,37.8125,2.125,0.96875,5.3125,5.3125,0.0,1,1 3
664,367.6324462890625,366.4336242675781,301.87115478515625,251.2312469482422,1.9375,0.0,2.25,2.25,0.875,0.0,0.375,0.03125,0.96875,20.143749237060547,34.15625,2.65625,0.9375,5.8125,5.8125,0.0,3,3 4
665,341.9403991699219,340.6546630859375,279.27166748046875,277.0,1.84375,0.0,2.125,2.125,0.875,0.0,0.25,0.03125,0.96875,19.975000381469727,29.875,4.6875,0.84375,5.1875,5.1875,0.0,4,4 1
666,370.19830322265625,368.56768798828125,302.77716064453125,277.9125061035156,1.9375,0.0,2.1875,2.1875,0.9375,0.0,0.21875,0.03125,1.0,20.943750381469727,34.28125,1.3125,0.9375,5.09375,5.09375,0.0,4,4 3
667,391.36798095703125,390.0586242675781,320.0234680175781,300.6937561035156,2.0,0.0,2.25,2.25,0.875,0.0,0.375,0.0625,0.9375,22.225000381469727,33.34375,2.59375,1.0,5.1875,5.1875,0.0,3,3 1
668,363.2843322753906,360.7479553222656,296.7107849121094,296.7437438964844,1.875,0.0,2.15625,2.15625,0.84375,0.0,0.28125,0.0625,0.96875,21.25,28.59375,4.28125,0.875,4.40625,4.40625,0.0,4,4 1
669,412.01995849609375,411.218505859375,340.70343017578125,305.53125,1.96875,0.0,2.59375,2.59375,0.875,0.0,0.65625,0.0625,1.0,23.200000762939453,23.21875,1.875,0.96875,5.5625,5.5625,0.0,4,4 1
670,363.8730163574219,362.43426513671875,298.95654296875,295.3187561035156,1.84375,0.0,2.34375,2.34375,0.9375,0.0,0.375,0.03125,1.0,21.662500381469727,28.71875,2.40625,0.84375,4.8125,4.8125,0.0,1,1 4
671,381.9908142089844,380.52069091796875,314.79296875,266.03125,1.9375,0.0,2.25,2.25,0.90625,0.0,0.3125,0.0625,0.96875,22.506250381469727,33.53125,2.625,0.9375,4.125,4.125,0.0,4,4 1
672,382.0945739746094,379.34771728515625,314.8052673339844,287.70623779296875,1.875,0.0,2.375,2.375,0.875,0.0,0.53125,0.03125,0.9375,21.706249237060547,21.625,4.59375,0.875,5.15625,5.15625,0.0,4,4 2
673,398.6520080566406,395.4061279296875,328.17462158203125,283.51873779296875,1.9375,0.0,2.40625,2.40625,0.84375,0.0,0.5,0.0625,1.0,22.53125,25.875,1.5,0.9375,4.84375,4.84375,0.0,4,4 1
674,439.85870361328125,435.9395446777344,363.45458984375,288.20001220703125,2.03125,0.0,2.59375,2.59375,0.9375,0.0,0.6875,0.0,0.96875,24.375,20.46875,2.03125,1.03125,5.9375,5.9375,0.0,4,4 0
675,413.8287048339844,411.21966552734375,342.8731994628906,264.9750061035156,1.96875,0.0,2.5625,2.5625,0.9375,0.0,0.65625,0.0,0.96875,23.112499237060547,21.40625,2.46875,0.96875,4.4375,4.4375,0.0,1,1 0
676,396.0354919433594,394.94769287109375,329.3779602050781,271.375,1.90625,0.0,2.46875,2.46875,0.84375,0.0,0.65625,0.0,0.96875,22.575000762939453,21.15625,3.875,0.90625,4.0,4.0,0.0,0,0 4
677,402.725341796875,400.258544921875,332.9886779785156,264.13751220703125,1.96875,0.0,2.34375,2.34375,0.875,0.0,0.46875,0.03125,0.96875,22.225000381469727,27.84375,3.125,0.96875,4.0625,4.0625,0.0,4,4 0
678,406.80682373046875,405.88079833984375,338.11468505859375,280.36248779296875,1.9375,0.0,2.53125,2.53125,0.90625,0.0,0.65625,0.03125,0.9375,23.600000381469727,20.65625,2.65625,0.9375,3.5625,3.5625,0.0,1,1 4
679,427.5252990722656,425.20013427734375,354.43023681640625,278.23126220703125,2.0,0.0,2.65625,2.65625,0.96875,0.0,0.625,0.09375,0.96875,23.518749237060547,18.875,2.46875,1.0,4.375,4.375,0.0,1,1 0
680,410.8780822753906,407.8143310546875,339.47161865234375,282.3187561035156,1.9375,0.0,2.6875,2.6875,0.96875,0.0,0.6875,0.03125,1.0,22.787500381469727,15.71875,1.25,0.9375,4.71875,4.71875,0.0,4,4 2
681,417.9271545410156,416.81854248046875,348.91546630859375,276.1187438964844,1.9375,0.0,2.625,2.625,0.90625,0.0,0.71875,0.03125,0.96875,23.456249237060547,15.53125,2.84375,0.9375,4.9375,4.9375,0.0,4,4 0
682,441.22772216796875,437.2762756347656,364.5198059082031,282.63751220703125,2.03125,0.0,2.75,2.75,0.9375,0.0,0.8125,0.0,1.0,23.956249237060547,19.0,1.53125,1.03125,6.34375,6.34375,0.0,1,1 0
683,451.9659423828125,449.4126892089844,375.75262451171875,292.6937561035156,2.03125,0.0,2.8125,2.8125,0.90625,0.0,0.84375,0.0625,1.0,24.793750762939453,12.15625,1.0,1.03125,6.90625,6.90625,0.0,4,4 1
684,433.93084716796875,431.45550537109375,358.4981994628906,276.16876220703125,2.0625,0.0,2.5625,2.5625,0.90625,0.0,0.6875,0.0,0.96875,23.743749618530273,20.15625,1.5,1.0625,5.28125,5.28125,0.0,1,1 0
685,453.47625732421875,450.11627197265625,376.2456359863281,300.6875,2.03125,0.0,2.78125,2.78125,0.90625,0.0,0.84375,0.03125,1.0,24.4375,12.46875,1.125,1.03125,9.15625,9.15625,0.0,1,1 0
686,411.355712890625,409.496337890625,340.853759765625,270.66876220703125,1.96875,0.0,2.59375,2.59375,0.90625,0.0,0.6875,0.03125,0.96875,22.481250762939453,21.84375,2.75,0.96875,6.0,6.0,0.0,1,1 2
687,409.751220703125,408.2831115722656,341.25830078125,288.1812438964844,1.90625,0.0,2.59375,2.59375,0.84375,0.0,0.78125,0.0,0.96875,23.212499618530273,13.65625,3.875,0.90625,7.78125,7.78125,0.0,4,4 1
688,414.38616943359375,411.72357177734375,344.2022399902344,295.8812561035156,1.90625,0.0,2.625,2.625,0.8125,0.0,0.8125,0.03125,0.96875,23.137500762939453,15.1875,4.5,0.90625,8.25,8.25,0.0,1,1 4
689,439.9833068847656,437.76153564453125,367.55963134765625,251.72500610351562,2.03125,0.0,2.5,2.5,0.78125,0.0,0.75,0.0,0.96875,23.90625,18.34375,4.15625,1.03125,4.125,4.125,0.0,1,1 0
690,430.9892883300781,428.4554138183594,359.3423767089844,262.875,1.96875,0.0,2.75,2.75,0.90625,0.0,0.875,0.0,0.96875,23.787500381469727,17.34375,2.65625,0.96875,4.84375,4.84375,0.0,1,1 4
691,447.5783996582031,445.415283203125,371.7952575683594,273.5,2.0625,0.0,2.75,2.75,0.96875,0.0,0.71875,0.0625,1.0,24.0,22.8125,1.5625,1.0625,5.28125,5.28125,0.0,4,4 1
692,396.7274475097656,394.20989990234375,328.6324157714844,258.625,1.90625,0.0,2.625,2.625,0.9375,0.0,0.71875,0.0,0.96875,22.6875,24.09375,2.5,0.90625,5.375,5.375,0.0,1,1 2
693,390.5333251953125,388.2698059082031,322.67755126953125,250.71249389648438,1.9375,0.0,2.375,2.375,0.90625,0.0,0.59375,0.0,0.875,23.231250762939453,25.21875,2.5625,0.9375,5.09375,5.09375,0.0,1,1 0
694,426.9691162109375,425.25921630859375,354.1896667480469,250.9812469482422,2.0625,0.0,2.40625,2.40625,0.875,0.0,0.65625,0.0,0.875,23.725000381469727,30.96875,2.40625,1.0625,5.46875,5.46875,0.0,1,1 2
695,411.0479736328125,408.8282165527344,339.9350280761719,268.1187438964844,1.96875,0.0,2.625,2.625,1.0,0.0,0.6875,0.0,0.9375,23.887500762939453,24.03125,1.90625,0.96875,5.1875,5.1875,0.0,1,1 0
696,416.3924560546875,414.2962951660156,345.48370361328125,264.20623779296875,1.96875,0.0,2.6875,2.6875,0.96875,0.0,0.75,0.0,0.96875,23.137500762939453,20.6875,2.0625,0.96875,6.03125,6.03125,0.0,1,1 0
697,396.7089538574219,394.2897033691406,327.38812255859375,270.5687561035156,1.9375,0.0,2.46875,2.46875,0.90625,0.0,0.65625,0.03125,0.875,22.90625,27.09375,3.84375,0.9375,6.96875,6.96875,0.0,4,4 0
698,403.352783203125,400.6183776855469,333.5290832519531,270.76873779296875,1.9375,0.0,2.46875,2.46875,0.90625,0.0,0.59375,0.0,0.96875,23.893749237060547,24.46875,2.65625,0.9375,4.15625,4.15625,0.0,1,1 2
699,421.9308776855469,420.325439453125,347.97857666015625,269.1625061035156,2.0625,0.0,2.5,2.5,1.0,0.0,0.46875,0.03125,1.0,23.6875,33.78125,1.25,1.0625,4.53125,4.53125,0.0,2,2 4
700,396.1954650878906,394.8129577636719,327.5474548339844,261.3500061035156,1.96875,0.0,2.34375,2.34375,0.90625,0.0,0.46875,0.0,0.96875,22.975000381469727,32.875,2.40625,0.96875,5.46875,5.46875,0.0,1,1 4
701,341.4384765625,338.66375732421875,274.7205505371094,254.74374389648438,1.9375,0.0,2.09375,2.09375,0.90625,0.0,0.25,0.0,0.9375,19.200000762939453,33.65625,4.1875,0.9375,7.125,7.125,0.0,3,3 1
702,354.1737976074219,352.19384765625,287.5805969238281,276.3374938964844,1.90625,0.0,2.25,2.25,0.90625,0.0,0.34375,0.0,1.0,20.743749618530273,33.53125,2.0,0.90625,8.375,8.375,0.0,3,3 1
703,302.4022216796875,300.13214111328125,244.17367553710938,260.9937438964844,1.75,0.0,2.0,2.0,0.875,0.0,0.28125,0.03125,0.8125,18.9375,35.625,6.75,0.75,4.875,4.875,0.0,3,3 4
704,318.50909423828125,316.85186767578125,257.7436218261719,251.36874389648438,1.84375,0.0,1.875,1.875,0.78125,0.0,0.21875,0.0,0.875,20.012500762939453,41.40625,6.1875,0.84375,4.84375,4.84375,0.0,4,4 1
705,289.0617980957031,288.27288818359375,232.886474609375,217.90625,1.8125,0.0,1.78125,1.78125,0.75,0.0,0.0625,0.0,0.96875,18.006250381469727,40.03125,5.3125,0.8125,5.34375,5.34375,0.0,4,4 1
706,348.41015625,346.5625,284.180419921875,266.34375,1.875,0.0,2.125,2.125,0.8125,0.0,0.375,0.0,0.9375,21.193750381469727,34.03125,4.0,0.875,5.09375,5.09375,0.0,4,4 1
707,318.9084777832031,317.174072265625,260.4659423828125,230.3125,1.8125,0.0,1.90625,1.90625,0.78125,0.0,0.21875,0.0,0.90625,19.125,40.1875,6.34375,0.8125,4.46875,4.46875,0.0,4,4 1
708,320.8159484863281,319.4470520019531,261.04400634765625,237.6062469482422,1.84375,0.0,1.84375,1.84375,0.78125,0.0,0.125,0.0,0.9375,20.612499237060547,34.3125,2.78125,0.84375,5.53125,5.53125,0.0,2,2 4
709,354.4610900878906,353.14678955078125,292.9884338378906,248.21249389648438,1.84375,0.0,2.09375,2.09375,0.75,0.0,0.4375,0.0,0.90625,21.862499237060547,31.53125,5.0625,0.84375,5.125,5.125,0.0,0,0 4
710,280.31744384765625,279.1897888183594,226.2490692138672,211.8625030517578,1.78125,0.0,1.59375,1.59375,0.71875,0.0,0.0625,0.0,0.8125,17.556249618530273,48.28125,9.40625,0.78125,4.21875,4.21875,0.0,4,4 1
711,339.8157043457031,337.649169921875,274.205810546875,249.97500610351562,1.9375,0.0,2.0,2.0,0.84375,0.0,0.21875,0.0,0.9375,19.831249237060547,41.6875,3.1875,0.9375,4.53125,4.53125,0.0,4,4 3
712,288.8356018066406,288.0203552246094,233.8079071044922,228.13125610351562,1.78125,0.0,1.6875,1.6875,0.6875,0.0,0.15625,0.0,0.84375,18.018749237060547,35.53125,6.65625,0.78125,3.65625,3.65625,0.0,1,1 4
713,330.8353271484375,328.3531799316406,265.8486022949219,235.68124389648438,1.9375,0.0,1.9375,1.9375,0.78125,0.0,0.1875,0.0,0.96875,19.975000381469727,33.21875,1.78125,0.9375,4.65625,4.65625,0.0,4,4 3
714,295.3399353027344,294.7184753417969,240.3317413330078,219.83749389648438,1.78125,0.0,1.84375,1.84375,0.8125,0.0,0.15625,0.0,0.875,17.818750381469727,38.9375,4.9375,0.78125,3.78125,3.78125,0.0,3,3 1
715,347.49346923828125,346.51422119140625,283.5867614746094,227.11874389648438,1.9375,0.0,2.0625,2.0625,0.9375,0.0,0.1875,0.0,0.9375,21.924999237060547,36.375,2.75,0.9375,4.15625,4.15625,0.0,4,4 1
716,354.4064025878906,352.9024963378906,288.8756408691406,274.5249938964844,1.90625,0.0,2.0625,2.0625,0.84375,0.0,0.28125,0.0,0.9375,22.15625,35.40625,3.34375,0.90625,6.28125,6.28125,0.0,4,4 1
717,321.05255126953125,319.6539001464844,262.3674621582031,238.2312469482422,1.8125,0.0,1.9375,1.9375,0.78125,0.0,0.21875,0.0,0.9375,19.443750381469727,37.3125,5.53125,0.8125,5.125,5.125,0.0,4,4 1
718,393.1094665527344,391.23236083984375,318.9061584472656,289.1312561035156,2.0625,0.0,2.25,2.25,0.9375,0.0,0.34375,0.0,0.96875,23.581249237060547,35.96875,1.0,1.0625,6.53125,6.53125,0.0,4,4 1
719,340.1578369140625,337.7776184082031,276.19683837890625,261.57501220703125,1.875,0.0,2.03125,2.03125,0.84375,0.0,0.25,0.0,0.9375,20.149999618530273,36.25,5.5625,0.875,5.375,5.375,0.0,4,4 0
720,351.0753479003906,350.30975341796875,287.0348205566406,253.0187530517578,1.90625,0.0,2.1875,2.1875,0.90625,0.0,0.28125,0.0,1.0,21.174999237060547,32.34375,1.875,0.90625,4.09375,4.09375,0.0,3,3 0
721,352.4332580566406,349.4007568359375,286.4346618652344,273.4937438964844,1.875,0.0,2.21875,2.21875,0.90625,0.0,0.34375,0.0,0.96875,20.368749618530273,31.28125,4.4375,0.875,4.34375,4.34375,0.0,4,4 3
722,380.0677490234375,377.71588134765625,311.61944580078125,299.6312561035156,1.90625,0.0,2.28125,2.28125,0.90625,0.0,0.375,0.0,1.0,21.818750381469727,23.1875,1.71875,0.90625,3.78125,3.78125,0.0,4,4 3
723,410.029296875,407.6395568847656,336.89556884765625,296.0,2.0,0.0,2.4375,2.4375,0.96875,0.0,0.5,0.0,0.96875,23.299999237060547,27.5,1.875,1.0,3.28125,3.28125,0.0,4,4 1
724,400.01416015625,397.70989990234375,328.282958984375,302.14373779296875,1.96875,0.0,2.40625,2.40625,0.90625,0.0,0.5,0.0,1.0,22.262500762939453,26.21875,2.5625,0.96875,3.65625,3.65625,0.0,4,4 2
725,405.37030029296875,402.3301696777344,332.42388916015625,300.3187561035156,1.96875,0.0,2.46875,2.46875,0.90625,0.0,0.59375,0.0,0.96875,24.043750762939453,25.84375,2.1875,0.96875,3.96875,3.96875,0.0,4,4 1
726,360.7716979980469,359.1780700683594,297.26470947265625,264.2124938964844,1.84375,0.0,2.34375,2.34375,0.9375,0.0,0.40625,0.0,1.0,21.612499237060547,27.9375,2.0625,0.84375,3.6875,3.6875,0.0,4,4 1
727,400.11053466796875,398.5037536621094,331.95428466796875,285.5,1.90625,0.0,2.5,2.5,0.875,0.0,0.65625,0.0,0.96875,23.399999618530273,16.5,3.0,0.90625,3.40625,3.40625,0.0,2,2 4
728,367.8644714355469,365.281005859375,302.90374755859375,260.4624938964844,1.875,0.0,2.15625,2.15625,0.78125,0.0,0.4375,0.0,0.9375,22.106250762939453,28.09375,3.875,0.875,4.0625,4.0625,0.0,4,4 2
729,416.7374572753906,415.8909606933594,348.0142517089844,273.29376220703125,1.9375,0.0,2.65625,2.65625,0.90625,0.0,0.71875,0.03125,1.0,23.399999618530273,17.25,2.65625,0.9375,7.09375,7.09375,0.0,1,1 4
730,412.6217956542969,410.093017578125,341.75750732421875,274.3500061035156,1.96875,0.0,2.4375,2.4375,0.90625,0.0,0.59375,0.0,0.9375,23.225000381469727,25.5,2.78125,0.96875,4.0625,4.0625,0.0,4,4 1
731,397.74676513671875,395.477294921875,330.89837646484375,270.48748779296875,1.875,0.0,2.5625,2.5625,0.90625,0.0,0.65625,0.0,1.0,22.524999618530273,17.53125,2.375,0.875,4.84375,4.84375,0.0,4,4 3
732,392.2939453125,389.5862121582031,322.7738342285156,262.3999938964844,1.96875,0.0,2.21875,2.21875,0.90625,0.0,0.34375,0.0,0.96875,22.943750381469727,22.125,2.4375,0.96875,4.40625,4.40625,0.0,4,4 1
733,392.92999267578125,391.23162841796875,324.11651611328125,240.4499969482422,2.0,0.0,2.21875,2.21875,0.84375,0.0,0.40625,0.0,0.96875,23.431249618530273,28.65625,2.34375,1.0,4.78125,4.78125,0.0,4,4 1
734,390.38922119140625,387.95849609375,322.8355712890625,247.78750610351562,1.9375,0.0,2.3125,2.3125,0.84375,0.0,0.5,0.0,0.96875,22.825000762939453,24.6875,2.8125,0.9375,5.21875,5.21875,0.0,4,4 1
735,394.46429443359375,393.4020080566406,325.5216369628906,270.3374938964844,1.96875,0.0,2.375,2.375,0.96875,0.0,0.4375,0.0,0.96875,23.200000762939453,29.15625,2.53125,0.96875,4.65625,4.65625,0.0,4,4 2
736,367.111083984375,366.6401062011719,303.4934387207031,270.4437561035156,1.875,0.0,2.25,2.25,0.8125,0.0,0.46875,0.0,0.96875,21.524999618530273,24.5,4.21875,0.875,4.34375,4.34375,0.0,3,3 2
737,358.00482177734375,356.40228271484375,294.5909118652344,243.96249389648438,1.875,0.0,2.25,2.25,0.84375,0.0,0.4375,0.0,0.96875,21.462499618530273,34.03125,4.09375,0.875,3.28125,3.28125,0.0,4,4 1
738,373.281982421875,371.21478271484375,307.027587890625,265.1875,1.90625,0.0,2.21875,2.21875,0.78125,0.0,0.5625,0.0,0.875,22.168750762939453,29.34375,6.96875,0.90625,3.90625,3.90625,0.0,1,1 4
739,373.839599609375,373.011474609375,310.46612548828125,266.20001220703125,1.84375,0.0,2.46875,2.46875,0.78125,0.0,0.71875,0.03125,0.9375,21.793750762939453,19.6875,6.09375,0.84375,3.90625,3.90625,0.0,2,2 4
740,364.3695373535156,361.6290588378906,301.7505187988281,257.34375,1.78125,0.0,2.59375,2.59375,0.9375,0.0,0.6875,0.0,0.96875,21.243749618530273,15.3125,5.15625,0.78125,4.90625,4.90625,0.0,3,3 1
741,415.3194885253906,413.2323303222656,344.2993469238281,268.2124938964844,1.96875,0.0,2.6875,2.6875,0.96875,0.0,0.71875,0.0,1.0,22.693750381469727,17.875,2.59375,0.96875,5.0625,5.0625,0.0,1,1 2
742,394.7780456542969,394.14727783203125,328.46026611328125,265.29998779296875,1.90625,0.0,2.53125,2.53125,0.875,0.0,0.65625,0.0,1.0,23.524999618530273,20.5,1.3125,0.90625,4.5625,4.5625,0.0,1,1 4
743,391.3732604980469,390.73468017578125,324.46832275390625,266.6875,1.9375,0.0,2.4375,2.4375,0.9375,0.0,0.53125,0.0,0.96875,21.149999618530273,29.03125,4.65625,0.9375,9.09375,9.09375,0.0,2,2 1
744,373.0463562011719,371.3285827636719,307.94427490234375,262.4437561035156,1.875,0.0,2.46875,2.46875,0.875,0.0,0.59375,0.03125,0.96875,20.206249237060547,24.84375,4.9375,0.875,8.9375,8.9375,0.0,1,1 4
745,405.2010803222656,404.24896240234375,336.6790771484375,263.8374938964844,1.96875,0.0,2.34375,2.34375,0.71875,0.0,0.6875,0.0,0.9375,23.975000381469727,29.5,1.5,0.96875,6.9375,6.9375,0.0,1,1 2
746,446.188232421875,445.14141845703125,369.13555908203125,292.5249938964844,2.125,0.0,2.4375,2.4375,0.78125,0.0,0.8125,0.0,0.84375,24.331249237060547,26.9375,3.65625,1.125,4.9375,4.9375,0.0,3,3 4
747,371.7220458984375,369.39251708984375,305.7670593261719,264.08123779296875,1.90625,0.0,2.15625,2.15625,0.75,0.0,0.53125,0.0,0.875,20.743749618530273,28.1875,7.375,0.90625,5.28125,5.28125,0.0,4,4 1
748,427.0876159667969,423.15972900390625,353.06121826171875,254.58749389648438,2.03125,0.0,2.46875,2.46875,0.84375,0.0,0.625,0.0,1.0,23.231250762939453,24.15625,2.65625,1.03125,4.21875,4.21875,0.0,4,4 2
749,423.66748046875,421.0447692871094,350.359375,259.75,2.03125,0.0,2.53125,2.53125,0.9375,0.0,0.59375,0.0,1.0,23.668750762939453,22.8125,2.1875,1.03125,3.65625,3.65625,0.0,4,4 1
750,415.50628662109375,412.3470153808594,343.1886291503906,248.14999389648438,2.03125,0.0,2.3125,2.3125,0.875,0.0,0.4375,0.0,1.0,23.268749237060547,32.8125,2.375,1.03125,3.1875,3.1875,0.0,4,4 1
751,455.3617248535156,454.01123046875,378.6381530761719,292.01873779296875,2.09375,0.0,2.625,2.625,0.90625,0.0,0.71875,0.0,1.0,24.081249237060547,22.65625,3.03125,1.09375,4.53125,4.53125,0.0,4,4 3
752,518.4226684570312,514.3394165039062,426.4365234375,296.75,2.375,0.0,2.71875,2.71875,1.0,0.0,0.71875,0.0,1.0,24.668750762939453,31.0625,1.875,1.375,5.84375,5.84375,0.0,4,4 2
753,503.4967041015625,500.701171875,418.2275390625,288.6187438964844,2.25,0.0,2.71875,2.71875,0.96875,0.0,0.75,0.0,1.0,25.931249618530273,23.5,2.15625,1.25,5.9375,5.9375,0.0,4,4 1
754,513.243896484375,511.41717529296875,428.00445556640625,262.45001220703125,2.3125,0.0,2.59375,2.59375,1.03125,0.0,0.5625,0.0,1.0,26.612499237060547,29.46875,2.03125,1.3125,4.9375,4.9375,0.0,1,1 4
755,603.9280395507812,601.2454223632812,502.2372131347656,285.625,2.625,0.0,2.875,2.875,1.03125,0.0,0.78125,0.0625,1.0,27.649999618530273,37.21875,1.0,1.625,5.40625,5.40625,0.0,1,1 0
756,577.8538208007812,575.6032104492188,480.7268981933594,289.5062561035156,2.53125,0.0,2.78125,2.78125,1.03125,0.0,0.71875,0.03125,1.0,27.575000762939453,36.09375,2.03125,1.53125,6.1875,6.1875,0.0,1,1 2
757,566.9283447265625,566.1280517578125,473.9126892089844,287.75,2.46875,0.0,2.8125,2.8125,1.0,0.0,0.8125,0.0,1.0,27.168750762939453,26.59375,1.75,1.46875,6.0,6.0,0.0,4,4 2
758,550.5083618164062,548.6068115234375,458.8894958496094,253.05624389648438,2.46875,0.0,2.65625,2.65625,1.0625,0.0,0.59375,0.0,1.0,26.399999618530273,30.5,2.15625,1.46875,6.21875,6.21875,0.0,0,0 4
759,665.516357421875,663.3110961914062,553.10888671875,333.3187561035156,2.8125,0.0,3.0,3.0,1.1875,0.0,0.78125,0.03125,1.0,30.0625,36.71875,1.0,1.8125,13.125,13.125,0.0,4,4 1
760,651.8599243164062,648.9337158203125,542.873046875,288.33123779296875,2.78125,0.0,2.9375,2.9375,1.15625,0.0,0.78125,0.0,1.0,28.231250762939453,38.46875,1.125,1.78125,10.9375,10.9375,0.0,0,0 1
761,654.4102783203125,652.5713500976562,546.4571533203125,284.5874938964844,2.78125,0.0,2.9375,2.9375,1.1875,0.0,0.75,0.0,1.0,29.568750381469727,36.21875,1.0,1.78125,10.40625,10.40625,0.0,0,0 1
762,625.9637451171875,624.1346435546875,520.5623779296875,269.3125,2.75,0.0,2.9375,2.9375,1.15625,0.0,0.71875,0.0625,1.0,26.981250762939453,36.875,1.0,1.75,10.0625,10.0625,0.0,2,2 4
763,628.9541625976562,626.998046875,524.8814086914062,290.0249938964844,2.6875,0.0,2.90625,2.90625,1.0625,0.0,0.875,0.0,0.96875,28.418750762939453,35.8125,1.75,1.6875,9.34375,9.34375,0.0,2,2 0
764,610.2447509765625,608.55322265625,509.0538024902344,296.0562438964844,2.625,0.0,2.875,2.875,1.125,0.0,0.71875,0.03125,1.0,27.481250762939453,37.8125,1.5625,1.625,8.46875,8.46875,0.0,2,2 4
765,630.0633544921875,628.2755737304688,524.5767822265625,332.9312438964844,2.6875,0.0,2.75,2.75,1.0625,0.0,0.65625,0.03125,1.0,28.762500762939453,33.4375,1.8125,1.6875,8.03125,8.03125,0.0,3,3 2
766,520.3590698242188,519.5340576171875,433.25848388671875,295.79376220703125,2.34375,0.0,2.625,2.625,1.0625,0.0,0.5625,0.0,1.0,25.268749237060547,33.15625,3.3125,1.34375,5.25,5.25,0.0,2,2 1
767,551.8580322265625,550.8394775390625,458.566650390625,295.2562561035156,2.5,0.0,2.46875,2.46875,0.96875,0.0,0.5,0.0,1.0,25.75,39.9375,4.28125,1.5,6.875,6.875,0.0,2,2 3
768,498.03350830078125,494.3948669433594,412.6268005371094,272.16876220703125,2.28125,0.0,2.53125,2.53125,1.0,0.0,0.53125,0.0,1.0,23.456249237060547,35.0625,5.0625,1.28125,6.21875,6.21875,0.0,4,4 1
769,541.90185546875,540.0040283203125,449.02154541015625,295.5625,2.46875,0.0,2.5,2.5,1.0625,0.0,0.4375,0.0,1.0,25.09375,39.28125,4.21875,1.46875,4.75,4.75,0.0,4,4 2
770,545.8097534179688,543.8021240234375,453.07489013671875,307.6312561035156,2.4375,0.0,2.59375,2.59375,1.125,0.0,0.46875,0.0,1.0,25.53125,35.3125,3.34375,1.4375,5.4375,5.4375,0.0,1,1 2
771,609.559814453125,606.9349365234375,507.74725341796875,295.4312438964844,2.625,0.0,2.78125,2.78125,1.0625,0.0,0.71875,0.0,1.0,28.006250381469727,32.5,2.53125,1.625,6.65625,6.65625,0.0,4,4 1
772,612.8632202148438,612.4251098632812,510.8453063964844,315.5562438964844,2.65625,0.0,2.84375,2.84375,1.0625,0.0,0.75,0.03125,1.0,27.024999618530273,37.71875,1.25,1.65625,6.4375,6.4375,0.0,2,2 0
773,525.6824340820312,522.4703979492188,436.78656005859375,264.9125061035156,2.375,0.0,2.59375,2.59375,1.0625,0.0,0.53125,0.0,1.0,23.962499618530273,34.8125,3.90625,1.375,5.09375,5.09375,0.0,4,4 1
774,577.02294921875,574.7337036132812,479.35980224609375,292.5249938964844,2.5625,0.0,2.625,2.625,1.03125,0.0,0.625,0.0,0.96875,25.681249618530273,38.25,4.0625,1.5625,5.875,5.875,0.0,4,4 2
775,557.8041381835938,556.2335205078125,465.2466735839844,294.2562561035156,2.46875,0.0,2.46875,2.46875,1.03125,0.0,0.53125,0.0,0.90625,26.174999237060547,34.90625,3.71875,1.46875,6.4375,6.4375,0.0,2,2 4
776,549.126708984375,548.3767700195312,458.17987060546875,293.98748779296875,2.4375,0.0,2.59375,2.59375,1.0,0.0,0.65625,0.0,0.9375,26.375,37.125,2.1875,1.4375,8.65625,8.65625,0.0,0,0 2
777,610.30419921875,609.1415405273438,509.3656311035156,312.89373779296875,2.625,0.0,2.71875,2.71875,0.96875,0.0,0.78125,0.0,0.96875,27.8125,36.75,3.75,1.625,8.0,8.0,0.0,4,4 3
778,575.3219604492188,574.8101806640625,481.10687255859375,308.4437561035156,2.5,0.0,2.59375,2.59375,1.0625,0.0,0.71875,0.0,0.8125,27.256250381469727,32.59375,3.4375,1.5,6.78125,6.78125,0.0,4,4 2
779,634.4613647460938,632.0240478515625,528.7525024414062,319.6812438964844,2.6875,0.0,2.78125,2.78125,1.25,0.0,0.5625,0.0,0.96875,29.375,36.34375,1.21875,1.6875,6.09375,6.09375,0.0,2,2 1
780,553.4464111328125,550.90380859375,460.42376708984375,289.86248779296875,2.46875,0.0,2.40625,2.40625,1.21875,0.0,0.28125,0.0,0.90625,25.96875,38.40625,6.9375,1.46875,4.53125,4.53125,0.0,2,2 4
781,546.380859375,543.7442626953125,455.58221435546875,272.8187561035156,2.4375,0.0,2.34375,2.34375,0.96875,0.0,0.46875,0.0,0.90625,26.506250381469727,35.8125,2.875,1.4375,4.28125,4.28125,0.0,4,4 2
782,671.7818603515625,669.0670166015625,557.0639038085938,335.39373779296875,2.875,0.0,2.78125,2.78125,1.28125,0.0,0.5,0.03125,0.96875,29.768749237060547,41.9375,1.84375,1.875,5.5625,5.5625,0.0,4,4 1
783,599.4061279296875,596.8380737304688,499.7193298339844,293.29376220703125,2.59375,0.0,2.65625,2.65625,1.0,0.0,0.6875,0.03125,0.9375,27.174999237060547,36.78125,1.9375,1.59375,3.5,3.5,0.0,4,4 1
784,638.7180786132812,636.4838256835938,533.7005615234375,292.71875,2.71875,0.0,2.6875,2.6875,1.21875,0.0,0.65625,0.0,0.8125,28.943750381469727,35.6875,2.03125,1.71875,3.875,3.875,0.0,4,4 1
785,627.1260375976562,625.2489013671875,524.2268676757812,291.73748779296875,2.6875,0.0,2.59375,2.59375,1.125,0.0,0.6875,0.0,0.78125,28.806249618530273,34.25,2.125,1.6875,4.03125,4.03125,0.0,1,1 0
786,617.944091796875,615.5167236328125,516.1116943359375,272.71875,2.65625,0.0,2.75,2.75,1.21875,0.0,0.65625,0.0,0.875,28.924999237060547,37.0625,1.25,1.65625,3.125,3.125,0.0,0,0 1
787,591.2262573242188,589.3682250976562,495.413330078125,266.7749938964844,2.53125,0.0,2.84375,2.84375,1.125,0.0,0.75,0.0,0.96875,27.381250381469727,34.15625,2.75,1.53125,3.53125,3.53125,0.0,4,4 0
788,610.8143310546875,608.4474487304688,510.11712646484375,267.95623779296875,2.65625,0.0,2.59375,2.59375,1.03125,0.0,0.625,0.0,0.9375,27.75,39.28125,3.03125,1.65625,4.65625,4.65625,0.0,4,4 1
789,635.5020141601562,634.4265747070312,532.9476318359375,279.9125061035156,2.6875,0.0,2.8125,2.8125,1.28125,0.0,0.625,0.0,0.90625,29.768749237060547,35.03125,1.25,1.6875,3.78125,3.78125,0.0,2,2 4
790,552.6642456054688,551.2098388671875,461.9810485839844,252.02499389648438,2.46875,0.0,2.5625,2.5625,1.09375,0.0,0.53125,0.0,0.9375,26.056249618530273,37.53125,5.625,1.46875,4.0625,4.0625,0.0,0,0 3
791,404.278076171875,403.0068054199219,336.3748779296875,236.40625,2.0,0.0,2.28125,2.28125,0.78125,0.0,0.5,0.0,1.0,20.481250762939453,36.46875,10.5625,1.0,2.78125,2.78125,0.0,1,1 4
792,430.5724792480469,428.0179138183594,358.36712646484375,245.41250610351562,2.0625,0.0,2.21875,2.21875,0.75,0.0,0.53125,0.03125,0.90625,21.556249618530273,33.3125,11.03125,1.0625,2.90625,2.90625,0.0,4,4 1
793,526.23046875,524.2908935546875,438.45751953125,272.5,2.375,0.0,2.5,2.5,0.9375,0.0,0.75,0.0,0.8125,24.768749237060547,32.15625,6.25,1.375,4.65625,4.65625,0.0,4,4 1
794,493.70391845703125,492.4571838378906,411.0701599121094,270.67498779296875,2.28125,0.0,2.4375,2.4375,1.0,0.0,0.53125,0.0,0.90625,23.837499618530273,36.90625,6.125,1.28125,5.1875,5.1875,0.0,4,4 1
795,466.40264892578125,464.7330627441406,386.3003234863281,288.7250061035156,2.21875,0.0,2.1875,2.1875,0.84375,0.0,0.625,0.0,0.71875,22.549999237060547,35.40625,8.8125,1.21875,5.34375,5.34375,0.0,4,4 2
796,555.9783935546875,554.3356323242188,461.7789001464844,315.6312561035156,2.46875,0.0,2.59375,2.59375,1.03125,0.0,0.8125,0.03125,0.71875,26.181249618530273,36.125,5.96875,1.46875,5.25,5.25,0.0,2,2 4
797,396.49786376953125,394.8858642578125,328.7763671875,258.9624938964844,1.96875,0.0,2.21875,2.21875,0.71875,0.0,0.59375,0.0,0.90625,19.993749618530273,29.15625,11.5,0.96875,3.375,3.375,0.0,2,2 3
798,404.77374267578125,402.586181640625,336.8672790527344,254.5749969482422,1.96875,0.0,2.15625,2.15625,0.8125,0.0,0.5625,0.0,0.78125,20.431249618530273,28.21875,9.8125,0.96875,4.28125,4.28125,0.0,4,4 1
799,347.8809509277344,345.17596435546875,288.9125671386719,241.7624969482422,1.78125,0.0,2.03125,2.03125,0.78125,0.0,0.46875,0.0,0.78125,17.987499237060547,26.0,11.90625,0.78125,4.84375,4.84375,0.0,3,3 2
800,463.4657287597656,460.99755859375,385.6747131347656,266.5625,2.1875,0.0,2.0,2.0,0.8125,0.0,0.59375,0.0,0.59375,22.887500762939453,30.84375,8.84375,1.1875,4.15625,4.15625,0.0,4,4 2
801,390.91290283203125,390.00653076171875,326.7332763671875,230.1875,1.96875,0.0,1.875,1.875,0.6875,0.0,0.5,0.0,0.6875,19.868749618530273,31.03125,12.0625,0.96875,6.28125,6.28125,0.0,3,3 2
802,493.0440368652344,490.799560546875,411.30059814453125,279.70623779296875,2.25,0.0,2.15625,2.15625,0.90625,0.0,0.6875,0.0,0.5625,24.381250381469727,28.0625,8.0625,1.25,7.3125,7.3125,0.0,4,4 0
803,456.49072265625,455.82373046875,381.3380432128906,261.3812561035156,2.15625,0.0,2.21875,2.21875,0.875,0.0,0.59375,0.0,0.75,22.106250762939453,30.21875,7.6875,1.15625,6.21875,6.21875,0.0,4,4 3
804,539.7833862304688,538.1303100585938,450.52777099609375,290.82501220703125,2.40625,0.0,2.34375,2.34375,0.90625,0.0,0.65625,0.0,0.78125,25.6875,35.5625,5.15625,1.40625,6.28125,6.28125,0.0,4,4 1
805,507.0372314453125,505.7909240722656,423.2679748535156,273.4437561035156,2.34375,0.0,1.96875,1.96875,1.0625,0.0,0.5,0.0,0.40625,25.212499618530273,34.40625,4.40625,1.34375,5.0,5.0,0.0,2,2 4
806,448.29034423828125,447.412353515625,372.6824645996094,259.2749938964844,2.1875,0.0,1.9375,1.9375,0.9375,0.0,0.53125,0.0,0.46875,23.006250381469727,33.0625,6.8125,1.1875,3.75,3.75,0.0,2,2 3
807,575.035888671875,573.87451171875,478.09002685546875,313.6499938964844,2.5625,0.0,2.375,2.375,1.03125,0.0,0.75,0.03125,0.5625,27.649999618530273,38.125,2.78125,1.5625,3.96875,3.96875,0.0,2,2 0
808,470.8447570800781,469.94891357421875,392.4283447265625,272.1187438964844,2.25,0.0,1.78125,1.78125,0.90625,0.0,0.53125,0.0,0.34375,23.831249237060547,31.15625,5.71875,1.25,3.125,3.125,0.0,4,4 2
809,525.7778930664062,523.4932861328125,437.20672607421875,277.04998779296875,2.40625,0.0,2.1875,2.1875,1.15625,0.0,0.625,0.0,0.40625,25.674999237060547,36.3125,4.625,1.40625,4.0625,4.0625,0.0,4,4 1
810,501.1855773925781,500.4814453125,418.58221435546875,272.3500061035156,2.3125,0.0,2.21875,2.21875,1.125,0.0,0.59375,0.0,0.5,23.787500381469727,33.28125,5.78125,1.3125,4.5,4.5,0.0,4,4 3
811,606.5848999023438,605.2408447265625,506.699951171875,294.5562438964844,2.65625,0.0,2.28125,2.28125,1.1875,0.0,0.75,0.0,0.34375,28.475000381469727,37.5,2.5625,1.65625,3.96875,3.96875,0.0,4,4 0
812,618.1200561523438,617.5516357421875,517.6370849609375,302.8999938964844,2.6875,0.0,2.15625,2.15625,1.125,0.0,0.8125,0.0,0.21875,29.274999618530273,37.65625,1.96875,1.6875,2.40625,2.40625,0.0,4,4 0
813,554.2503051757812,552.5924072265625,459.94085693359375,283.4624938964844,2.5625,0.0,2.03125,2.03125,1.0625,0.0,0.6875,0.0,0.28125,26.268749237060547,38.5625,3.03125,1.5625,2.28125,2.28125,0.0,3,3 0
814,575.7420654296875,574.1331787109375,480.0050354003906,287.41876220703125,2.5625,0.0,2.25,2.25,1.15625,0.0,0.75,0.0,0.34375,28.512500762939453,29.9375,1.0,1.5625,1.65625,1.65625,0.0,2,2 4
815,594.9893188476562,592.4208984375,495.64581298828125,268.92498779296875,2.65625,0.0,2.1875,2.1875,1.09375,0.0,0.75,0.0,0.34375,27.868749618530273,39.25,2.40625,1.65625,1.5,1.5,0.0,0,0 1
816,528.5228881835938,525.507568359375,440.1459045410156,234.2937469482422,2.40625,0.0,2.53125,2.53125,1.1875,0.0,0.65625,0.0625,0.625,24.774999618530273,29.6875,4.0625,1.40625,1.0625,1.0625,0.0,4,4 0
817,584.6055908203125,581.3668212890625,487.9496154785156,241.0437469482422,2.59375,0.0,2.375,2.375,1.09375,0.0,0.78125,0.0,0.5,27.375,34.0625,2.15625,1.59375,0.96875,0.96875,0.0,4,4 1
818,547.1929321289062,545.2470703125,457.229736328125,247.43124389648438,2.46875,0.0,2.34375,2.34375,1.125,0.0,0.65625,0.03125,0.53125,25.462499618530273,31.25,3.46875,1.46875,1.4375,1.4375,0.0,4,4 0
819,531.398193359375,529.5987548828125,441.9852600097656,258.96875,2.46875,0.0,2.15625,2.15625,1.0625,0.0,0.75,0.0,0.34375,24.181249618530273,35.09375,3.96875,1.46875,0.96875,0.96875,0.0,1,1 4
820,464.10772705078125,463.0613708496094,389.8125,227.75,2.15625,0.0,2.3125,2.3125,1.1875,0.0,0.53125,0.0,0.59375,22.493749618530273,33.625,7.78125,1.15625,1.53125,1.53125,0.0,2,2 4
821,599.6189575195312,598.3673095703125,501.0741271972656,272.8187561035156,2.65625,0.0,2.3125,2.3125,1.03125,0.0,0.8125,0.0,0.46875,26.887500762939453,36.21875,3.71875,1.65625,1.4375,1.4375,0.0,4,4 0
822,514.7098388671875,510.6944274902344,427.49322509765625,263.01873779296875,2.34375,0.0,2.3125,2.3125,1.125,0.0,0.625,0.0,0.5625,24.237499237060547,35.5625,5.84375,1.34375,1.75,1.75,0.0,4,4 1
823,568.2586669921875,566.41455078125,475.6111755371094,257.58123779296875,2.5,0.0,2.5625,2.5625,1.1875,0.0,0.8125,0.0,0.5625,25.96875,33.875,3.96875,1.5,1.40625,1.40625,0.0,0,0 1
824,571.285888671875,569.7205810546875,475.56109619140625,263.51873779296875,2.59375,0.0,2.375,2.375,1.1875,0.0,0.78125,0.0,0.40625,25.256250381469727,39.5,4.28125,1.59375,1.40625,1.40625,0.0,2,2 1
825,611.1155395507812,609.8937377929688,511.25579833984375,277.17498779296875,2.65625,0.0,2.53125,2.53125,1.3125,0.0,0.84375,0.0,0.375,28.287500381469727,35.71875,3.28125,1.65625,1.53125,1.53125,0.0,1,1 0
826,665.0567626953125,663.4447631835938,557.1107177734375,278.1625061035156,2.8125,0.0,2.75,2.75,1.21875,0.0,0.96875,0.0,0.5625,29.450000762939453,39.21875,1.53125,1.8125,1.3125,1.3125,0.0,1,1 2
827,495.5436706542969,493.87554931640625,412.61407470703125,270.96875,2.3125,0.0,2.0625,2.0625,1.125,0.0,0.75,0.0,0.1875,24.100000381469727,33.15625,4.84375,1.3125,0.875,0.875,0.0,4,4 1
828,665.2821655273438,662.6400146484375,554.8756713867188,300.0,2.84375,0.0,2.5,2.5,1.34375,0.0,0.875,0.0,0.28125,29.59375,41.65625,1.84375,1.84375,0.75,0.75,0.0,4,4 1
829,528.6053466796875,527.7794189453125,440.43682861328125,272.34375,2.4375,0.0,2.25,2.25,1.15625,0.0,0.71875,0.0,0.375,24.168750762939453,39.3125,6.90625,1.4375,1.46875,1.46875,0.0,0,0 2
830,565.0164184570312,562.9085693359375,470.10308837890625,279.51251220703125,2.5625,0.0,2.15625,2.15625,1.125,0.0,0.84375,0.0,0.1875,25.443750381469727,37.125,3.3125,1.5625,1.25,1.25,0.0,2,2 1
831,587.6378784179688,585.844482421875,487.6893005371094,303.6625061035156,2.65625,0.0,2.125,2.125,1.09375,0.0,0.8125,0.0,0.21875,27.274999618530273,41.34375,3.3125,1.65625,1.78125,1.78125,0.0,2,2 1
832,487.7608947753906,486.99371337890625,406.0740966796875,264.75,2.34375,0.0,1.75,1.75,0.875,0.0,0.71875,0.0,0.15625,23.581249237060547,35.53125,8.0625,1.34375,1.9375,1.9375,0.0,3,3 2
833,443.1521301269531,442.2245178222656,367.2618103027344,260.58123779296875,2.21875,0.0,1.71875,1.71875,0.90625,0.0,0.65625,0.0,0.15625,21.506250381469727,38.375,9.25,1.21875,2.09375,2.09375,0.0,1,1 4
834,532.9951782226562,532.1341552734375,444.4613342285156,272.5687561035156,2.46875,0.0,1.9375,1.9375,1.0625,0.0,0.75,0.0,0.125,25.59375,39.0625,5.09375,1.46875,1.03125,1.03125,0.0,3,3 2
835,591.5878295898438,591.000244140625,494.1210021972656,296.51251220703125,2.625,0.0,2.21875,2.21875,1.15625,0.0,0.84375,0.0,0.21875,27.381250381469727,35.75,3.375,1.625,0.96875,0.96875,0.0,3,3 4
836,544.5945434570312,543.6317749023438,454.09930419921875,280.7875061035156,2.5,0.0,1.96875,1.96875,0.9375,0.0,0.8125,0.0,0.21875,25.65625,36.9375,4.875,1.5,1.40625,1.40625,0.0,3,3 4
837,562.355712890625,560.98583984375,466.773681640625,303.40625,2.59375,0.0,1.8125,1.8125,1.0625,0.0,0.71875,0.0,0.03125,26.96875,37.84375,3.0,1.59375,1.21875,1.21875,0.0,4,4 1
838,482.7588806152344,481.21331787109375,401.5748291015625,269.4125061035156,2.3125,0.0,1.65625,1.65625,0.875,0.0,0.625,0.0,0.15625,24.543750762939453,35.78125,7.25,1.3125,1.5,1.5,0.0,4,4 2
839,408.2259826660156,406.7256164550781,338.3112487792969,254.97500610351562,2.09375,0.0,1.46875,1.46875,0.875,0.0,0.46875,0.0,0.125,21.40625,32.96875,8.09375,1.09375,1.21875,1.21875,0.0,3,3 2
840,488.7436218261719,488.0423278808594,406.5096740722656,274.3999938964844,2.34375,0.0,1.75,1.75,0.8125,0.0,0.53125,0.0,0.40625,24.306249618530273,38.09375,6.71875,1.34375,1.84375,1.84375,0.0,3,3 2
841,589.0457763671875,586.4992065429688,490.0171813964844,281.7437438964844,2.625,0.0,2.3125,2.3125,1.09375,0.0,0.75,0.0,0.46875,27.193750381469727,41.375,4.15625,1.625,2.21875,2.21875,0.0,4,4 2
842,556.525146484375,555.4041748046875,465.61590576171875,267.3125,2.46875,0.0,2.5,2.5,1.125,0.0,0.78125,0.0,0.59375,26.306249618530273,34.65625,3.96875,1.46875,1.65625,1.65625,0.0,2,2 1
843,525.216064453125,523.4308471679688,435.9999084472656,287.26873779296875,2.4375,0.0,2.03125,2.03125,1.125,0.0,0.53125,0.0,0.375,25.375,40.4375,4.03125,1.4375,1.3125,1.3125,0.0,2,2 4
844,456.8392333984375,455.78643798828125,378.6789245605469,264.9125061035156,2.25,0.0,1.8125,1.8125,0.96875,0.0,0.5625,0.0,0.28125,22.84375,37.75,6.625,1.25,1.375,1.375,0.0,3,3 2
845,504.17559814453125,501.5360412597656,417.23394775390625,276.5,2.40625,0.0,1.78125,1.78125,1.0,0.0,0.5625,0.0,0.21875,23.831249237060547,40.9375,8.40625,1.40625,0.875,0.875,0.0,4,4 2
846,502.71429443359375,499.6273498535156,413.9002990722656,275.70623779296875,2.4375,0.0,1.84375,1.84375,1.0625,0.0,0.5625,0.0,0.21875,23.287500381469727,44.8125,5.84375,1.4375,1.125,1.125,0.0,3,3 2
847,526.14990234375,524.4541625976562,435.8057556152344,286.5625,2.46875,0.0,2.0,2.0,0.9375,0.0,0.5625,0.0,0.5,25.737499237060547,45.46875,4.09375,1.46875,1.1875,1.1875,0.0,3,3 2
848,496.80743408203125,495.3287658691406,409.66351318359375,268.86248779296875,2.4375,0.0,1.90625,1.90625,0.96875,0.0,0.59375,0.0,0.34375,23.456249237060547,41.71875,4.28125,1.4375,1.0625,1.0625,0.0,4,4 3
849,490.6214294433594,488.3760681152344,404.0001220703125,290.5562438964844,2.375,0.0,1.9375,1.9375,1.0625,0.0,0.5625,0.0,0.3125,24.15625,42.03125,4.375,1.375,0.875,0.875,0.0,3,3 2
850,539.8090209960938,537.2413330078125,443.6094665527344,308.73126220703125,2.53125,0.0,2.3125,2.3125,1.125,0.0,0.625,0.0,0.5625,25.737499237060547,44.96875,2.4375,1.53125,2.125,2.125,0.0,3,3 4
851,542.875732421875,540.9593505859375,447.93817138671875,313.7124938964844,2.5,0.0,2.4375,2.4375,1.125,0.0,0.59375,0.0,0.71875,25.475000381469727,43.125,2.625,1.5,1.53125,1.53125,0.0,2,2 3
852,382.10638427734375,380.6538391113281,313.98455810546875,246.55624389648438,2.03125,0.0,1.84375,1.84375,0.9375,0.0,0.28125,0.0,0.625,20.299999237060547,40.65625,5.625,1.03125,1.875,1.875,0.0,2,2 3
853,509.53216552734375,505.54180908203125,417.3447265625,290.58123779296875,2.4375,0.0,2.25,2.25,0.96875,0.0,0.46875,0.0,0.8125,23.850000381469727,45.59375,3.125,1.4375,2.40625,2.40625,0.0,3,3 2
854,514.6175537109375,513.1766357421875,424.7411193847656,284.45001220703125,2.4375,0.0,2.375,2.375,1.0625,0.0,0.5625,0.0,0.75,24.100000381469727,46.40625,1.5625,1.4375,3.09375,3.09375,0.0,2,2 3
855,522.3927001953125,521.7337036132812,433.7596130371094,289.35626220703125,2.40625,0.0,2.5,2.5,1.09375,0.0,0.59375,0.0,0.8125,24.6875,38.46875,4.59375,1.40625,3.1875,3.1875,0.0,4,4 2
856,446.6496887207031,445.47320556640625,370.5394592285156,266.17498779296875,2.15625,0.0,2.28125,2.28125,1.0625,0.0,0.46875,0.0,0.75,21.875,38.4375,6.4375,1.15625,2.4375,2.4375,0.0,4,4 2
857,595.645751953125,594.6724853515625,495.5526428222656,314.42498779296875,2.59375,0.0,2.84375,2.84375,1.1875,0.0,0.71875,0.0,0.9375,28.256250381469727,42.125,1.78125,1.59375,4.5625,4.5625,0.0,4,4 0
858,532.4906616210938,530.453125,443.30816650390625,268.7749938964844,2.375,0.0,2.90625,2.90625,1.34375,0.0,0.625,0.0,0.9375,24.0625,38.03125,3.5625,1.375,5.3125,5.3125,0.0,4,4 1
859,522.9874267578125,522.1241455078125,435.4464416503906,268.64373779296875,2.375,0.0,2.75,2.75,1.21875,0.0,0.59375,0.0,0.9375,24.975000381469727,33.71875,3.28125,1.375,5.4375,5.4375,0.0,3,3 0
860,608.4098510742188,604.6510620117188,504.434326171875,316.7875061035156,2.59375,0.0,3.125,3.125,1.46875,0.0,0.71875,0.0,0.9375,27.443750381469727,38.34375,3.25,1.59375,5.09375,5.09375,0.0,3,3 4
861,593.2012939453125,591.47802734375,492.7179260253906,326.20001220703125,2.5625,0.0,3.0,3.0,1.34375,0.0,0.75,0.0,0.90625,26.806249618530273,34.9375,1.9375,1.5625,5.65625,5.65625,0.0,4,4 3
862,473.7778015136719,470.954345703125,390.416015625,287.15625,2.25,0.0,2.375,2.375,1.15625,0.0,0.4375,0.0,0.78125,23.225000381469727,39.21875,3.6875,1.25,4.375,4.375,0.0,3,3 0
863,448.91510009765625,446.4029846191406,368.99755859375,274.08123779296875,2.21875,0.0,2.09375,2.09375,1.0,0.0,0.375,0.0,0.71875,22.993749618530273,42.5625,5.53125,1.21875,3.78125,3.78125,0.0,3,3 4
864,455.8854064941406,454.67462158203125,374.59283447265625,289.76251220703125,2.25,0.0,2.1875,2.1875,1.09375,0.0,0.28125,0.0,0.8125,24.131250381469727,44.8125,3.09375,1.25,5.96875,5.96875,0.0,3,3 4
865,505.3746032714844,503.946533203125,416.9303283691406,313.8687438964844,2.34375,0.0,2.625,2.625,1.09375,0.0,0.59375,0.0,0.9375,24.362499237060547,38.78125,3.46875,1.34375,5.5625,5.5625,0.0,2,2 3
866,519.2229614257812,517.2561645507812,429.07318115234375,288.5375061035156,2.40625,0.0,2.53125,2.53125,1.125,0.0,0.53125,0.0,0.875,25.381250381469727,43.84375,3.15625,1.40625,4.875,4.875,0.0,4,4 3
867,553.438720703125,547.730712890625,455.19256591796875,322.04998779296875,2.4375,0.0,2.84375,2.84375,1.25,0.0,0.6875,0.0,0.90625,26.03125,39.625,2.90625,1.4375,4.53125,4.53125,0.0,3,3 2
868,578.9380493164062,577.7678833007812,480.818115234375,321.875,2.53125,0.0,2.90625,2.90625,1.40625,0.0,0.6875,0.0,0.8125,27.325000762939453,38.59375,2.0,1.53125,3.9375,3.9375,0.0,2,2 3
869,583.559814453125,581.8513793945312,484.75006103515625,342.0562438964844,2.5,0.0,3.03125,3.03125,1.3125,0.0,0.84375,0.0,0.875,27.075000762939453,32.59375,3.28125,1.5,6.28125,6.28125,0.0,3,3 4
870,559.688232421875,557.3859252929688,462.5020446777344,327.7749938964844,2.5,0.0,2.65625,2.65625,1.21875,0.0,0.65625,0.0,0.78125,27.056249618530273,40.125,3.40625,1.5,5.0,5.0,0.0,3,3 4
871,526.6836547851562,526.09326171875,437.1903381347656,301.61248779296875,2.40625,0.0,2.5,2.5,1.125,0.0,0.5625,0.0,0.8125,26.443750381469727,42.0625,4.09375,1.40625,4.6875,4.6875,0.0,2,2 3
872,602.02392578125,600.22021484375,498.3998107910156,340.45001220703125,2.625,0.0,2.875,2.875,1.28125,0.0,0.65625,0.0,0.9375,28.043750762939453,41.25,2.0,1.625,5.40625,5.40625,0.0,4,4 2
873,569.5408325195312,566.4256591796875,469.9583435058594,338.39373779296875,2.53125,0.0,2.625,2.625,1.125,0.0,0.65625,0.0,0.84375,26.306249618530273,39.15625,3.09375,1.53125,7.71875,7.71875,0.0,3,3 4
874,456.03179931640625,453.34063720703125,375.2723693847656,278.82501220703125,2.21875,0.0,2.1875,2.1875,1.0625,0.0,0.34375,0.0,0.78125,23.274999618530273,41.65625,3.46875,1.21875,5.1875,5.1875,0.0,3,3 0
875,578.183349609375,577.3443603515625,480.6512145996094,316.59375,2.5625,0.0,2.625,2.625,1.25,0.0,0.59375,0.0,0.78125,26.325000762939453,39.46875,3.15625,1.5625,3.3125,3.3125,0.0,4,4 2
876,596.079345703125,594.5289306640625,494.3731384277344,310.1499938964844,2.625,0.0,2.875,2.875,1.46875,0.0,0.65625,0.0,0.75,27.212499618530273,39.96875,1.15625,1.625,2.375,2.375,0.0,4,4 3
877,608.290771484375,606.7562255859375,505.7509765625,318.6937561035156,2.625,0.0,2.96875,2.96875,1.40625,0.0,0.78125,0.0,0.78125,27.475000381469727,37.84375,1.25,1.625,3.40625,3.40625,0.0,3,3 4
878,608.0892333984375,605.6265258789062,503.3789978027344,326.1000061035156,2.65625,0.0,2.8125,2.8125,1.25,0.0,0.78125,0.0,0.78125,28.5,42.125,1.0,1.65625,2.25,2.25,0.0,3,3 4
879,536.9893188476562,535.6077880859375,445.9814453125,289.3999938964844,2.4375,0.0,2.53125,2.53125,1.1875,0.0,0.59375,0.0,0.75,25.868749618530273,42.34375,3.28125,1.4375,2.4375,2.4375,0.0,3,3 4
880,525.7432861328125,523.6552734375,436.9825134277344,268.23126220703125,2.375,0.0,2.71875,2.71875,1.21875,0.0,0.59375,0.0,0.90625,25.756250381469727,39.5625,2.25,1.375,2.75,2.75,0.0,3,3 0
881,490.9796142578125,488.8399353027344,407.77044677734375,265.61248779296875,2.28125,0.0,2.375,2.375,1.21875,0.0,0.40625,0.0,0.75,24.868749618530273,40.4375,2.59375,1.28125,2.5,2.5,0.0,3,3 1
882,493.13543701171875,491.8019104003906,409.04681396484375,284.7250061035156,2.28125,0.0,2.625,2.625,1.15625,0.0,0.53125,0.0,0.9375,23.368749618530273,40.3125,4.4375,1.28125,4.34375,4.34375,0.0,4,4 3
883,667.7371826171875,665.2923583984375,554.7904663085938,338.04998779296875,2.8125,0.0,3.03125,3.03125,1.21875,0.0,0.84375,0.0,0.96875,29.71875,43.75,1.875,1.8125,4.6875,4.6875,0.0,3,3 2
884,574.7703247070312,572.1243286132812,476.49444580078125,313.91876220703125,2.53125,0.0,2.75,2.75,1.1875,0.0,0.71875,0.0,0.84375,25.674999237060547,37.96875,3.28125,1.53125,4.28125,4.28125,0.0,3,3 0
885,589.3279418945312,587.85400390625,487.6552734375,331.2124938964844,2.625,0.0,2.625,2.625,1.28125,0.0,0.65625,0.0,0.6875,27.15625,42.84375,3.40625,1.625,2.625,2.625,0.0,4,4 3
886,582.6383056640625,579.65771484375,482.48828125,301.35626220703125,2.59375,0.0,2.59375,2.59375,1.125,0.0,0.75,0.0,0.71875,26.606250762939453,42.65625,2.875,1.59375,2.4375,2.4375,0.0,3,3 4
887,615.1423950195312,612.4926147460938,510.02923583984375,308.8500061035156,2.6875,0.0,2.78125,2.78125,1.15625,0.0,0.84375,0.0,0.78125,27.893749237060547,44.59375,1.6875,1.6875,3.5625,3.5625,0.0,3,3 2
888,626.6810913085938,624.4597778320312,520.7229614257812,337.4312438964844,2.6875,0.0,2.6875,2.6875,1.34375,0.0,0.8125,0.0,0.53125,29.112499237060547,39.375,1.5,1.6875,2.5,2.5,0.0,3,3 4
889,548.7489013671875,546.3364868164062,451.2322692871094,292.13751220703125,2.59375,0.0,2.28125,2.28125,1.03125,0.0,0.65625,0.0,0.59375,24.637500762939453,49.15625,1.65625,1.59375,1.9375,1.9375,0.0,3,3 4
890,563.17578125,560.69677734375,466.30316162109375,298.67498779296875,2.53125,0.0,2.625,2.625,1.1875,0.0,0.6875,0.0,0.75,25.818750381469727,44.75,4.3125,1.53125,2.84375,2.84375,0.0,3,3 2
891,583.818603515625,581.3499755859375,483.2230529785156,305.1000061035156,2.59375,0.0,2.78125,2.78125,1.21875,0.0,0.78125,0.0,0.78125,26.71875,45.5,2.0625,1.59375,2.15625,2.15625,0.0,3,3 2
892,531.5446166992188,530.2774658203125,441.4895935058594,275.95623779296875,2.4375,0.0,2.5625,2.5625,1.25,0.0,0.625,0.0,0.6875,24.25,43.3125,4.375,1.4375,2.53125,2.53125,0.0,3,3 2
893,621.6199340820312,618.926513671875,514.9637451171875,316.08123779296875,2.71875,0.0,2.71875,2.71875,1.25,0.0,0.78125,0.0,0.6875,28.3125,37.5625,1.75,1.71875,3.0,3.0,0.0,3,3 0
894,583.4691772460938,581.68896484375,487.24066162109375,293.9937438964844,2.5,0.0,3.0,3.0,1.40625,0.0,0.8125,0.0,0.78125,26.381250381469727,34.03125,2.40625,1.5,3.21875,3.21875,0.0,3,3 2
895,513.5642700195312,511.7738342285156,426.67718505859375,284.9125061035156,2.34375,0.0,2.53125,2.53125,1.0625,0.0,0.71875,0.0,0.75,23.825000762939453,37.78125,7.90625,1.34375,3.34375,3.34375,0.0,3,3 2
896,575.686767578125,572.4979248046875,475.6106872558594,314.1000061035156,2.5625,0.0,2.71875,2.71875,1.15625,0.0,0.6875,0.0,0.875,26.012500762939453,44.4375,2.59375,1.5625,4.5,4.5,0.0,3,3 2
897,621.6474609375,618.5284423828125,516.4220581054688,328.8187561035156,2.65625,0.0,2.75,2.75,1.3125,0.0,0.84375,0.0,0.59375,28.350000381469727,37.71875,1.875,1.65625,3.96875,3.96875,0.0,3,3 4
898,557.1531982421875,551.8907470703125,459.96282958984375,294.6937561035156,2.46875,0.0,2.75,2.75,1.3125,0.0,0.65625,0.0,0.78125,25.03125,41.53125,4.75,1.46875,5.46875,5.46875,0.0,3,3 4
899,605.10791015625,601.2726440429688,502.2080993652344,290.9624938964844,2.625,0.0,2.84375,2.84375,1.3125,0.0,0.75,0.0,0.78125,27.174999237060547,41.1875,1.6875,1.625,7.0625,7.0625,0.0,3,3 4
900,599.9754638671875,597.3816528320312,499.593994140625,275.75,2.59375,0.0,3.03125,3.03125,1.40625,0.0,0.6875,0.0,0.9375,27.431249618530273,43.75,1.78125,1.59375,7.875,7.875,0.0,3,3 4
901,667.97119140625,665.2510986328125,557.2159423828125,298.8125,2.78125,0.0,3.28125,3.28125,1.5,0.0,0.90625,0.0,0.875,28.649999618530273,39.625,1.6875,1.78125,9.71875,9.71875,0.0,3,3 4
902,679.1345825195312,676.339599609375,567.4742431640625,283.2749938964844,2.8125,0.0,3.25,3.25,1.40625,0.0,0.9375,0.0,0.90625,30.981250762939453,39.28125,1.0,1.8125,9.625,9.625,0.0,2,2 3
903,702.2021484375,700.0922241210938,588.1559448242188,288.5687561035156,2.875,0.0,3.28125,3.28125,1.5,0.0,0.875,0.0,0.90625,31.293750762939453,39.8125,1.0,1.875,10.65625,10.65625,0.0,3,3 2
904,691.71875,689.4691162109375,580.7160034179688,294.2749938964844,2.8125,0.0,3.0625,3.0625,1.34375,0.0,0.9375,0.0,0.78125,31.46875,37.21875,2.3125,1.8125,9.15625,9.15625,0.0,3,3 4
905,696.2827758789062,693.881103515625,582.0623779296875,296.84375,2.875,0.0,3.1875,3.1875,1.625,0.0,0.90625,0.0,0.65625,30.424999237060547,43.15625,1.53125,1.875,8.6875,8.6875,0.0,3,3 4
906,722.9794311523438,720.118408203125,603.9697265625,308.83123779296875,2.9375,0.0,3.40625,3.40625,1.625,0.0,0.90625,0.0,0.875,31.706249237060547,37.90625,1.0,1.9375,8.59375,8.59375,0.0,3,3 2
907,713.3867797851562,711.2136840820312,597.1913452148438,320.71875,2.875,0.0,3.375,3.375,1.53125,0.0,0.9375,0.0,0.90625,31.868749618530273,35.9375,1.0,1.875,10.1875,10.1875,0.0,3,3 4
908,706.3912963867188,701.8612060546875,588.0223999023438,333.11248779296875,2.84375,0.0,3.5625,3.5625,1.59375,0.0,0.96875,0.03125,0.96875,30.53125,40.5,1.0,1.84375,8.125,8.125,0.0,3,3 2
909,709.6673583984375,704.9532470703125,590.2439575195312,336.29998779296875,2.875,0.0,3.40625,3.40625,1.5625,0.0,0.84375,0.0,1.0,30.662500381469727,39.1875,1.09375,1.875,8.21875,8.21875,0.0,3,3 2
910,739.6743774414062,736.212890625,616.8895874023438,342.5874938964844,2.96875,0.0,3.40625,3.40625,1.53125,0.0,1.0,0.0,0.875,32.67499923706055,40.84375,1.0,1.96875,8.0625,8.0625,0.0,3,3 4
911,706.861328125,702.248046875,588.5247192382812,316.8999938964844,2.875,0.0,3.375,3.375,1.53125,0.0,0.84375,0.0,1.0,31.268749237060547,41.9375,1.0,1.875,8.28125,8.28125,0.0,3,3 0
912,688.819580078125,684.8624267578125,574.0908203125,317.29998779296875,2.8125,0.0,3.3125,3.3125,1.625,0.0,0.6875,0.0,1.0,30.731250762939453,37.0625,1.6875,1.8125,8.25,8.25,0.0,3,3 4
913,646.948974609375,644.9041748046875,540.0505981445312,306.875,2.71875,0.0,3.0,3.0,1.34375,0.0,0.65625,0.0,1.0,29.568750381469727,36.9375,2.5625,1.71875,6.75,6.75,0.0,2,2 3
914,713.321044921875,708.5118408203125,593.1827392578125,345.1625061035156,2.875,0.0,3.40625,3.40625,1.59375,0.0,0.8125,0.03125,0.96875,31.643749237060547,41.5,1.09375,1.875,9.375,9.375,0.0,3,3 4
915,645.3215942382812,642.0411376953125,536.6664428710938,312.54376220703125,2.71875,0.0,3.0625,3.0625,1.40625,0.0,0.71875,0.0,0.9375,29.5,42.0,1.0,1.71875,8.90625,8.90625,0.0,3,3 4
916,695.3526000976562,690.8719482421875,577.89013671875,320.0874938964844,2.875,0.0,3.15625,3.15625,1.46875,0.0,0.8125,0.0,0.875,31.125,39.8125,1.0,1.875,10.75,10.75,0.0,3,3 0
917,663.9446411132812,662.2900390625,555.1217041015625,324.5,2.71875,0.0,3.34375,3.34375,1.46875,0.0,0.875,0.0,1.0,29.893749237060547,36.125,1.46875,1.71875,11.65625,11.65625,0.0,3,3 2
918,624.5966796875,620.2430419921875,519.0220336914062,306.6875,2.625,0.0,3.09375,3.09375,1.375,0.0,0.84375,0.0,0.875,29.231250762939453,40.9375,2.53125,1.625,9.4375,9.4375,0.0,3,3 2
919,695.95263671875,691.1350708007812,578.90966796875,329.11248779296875,2.84375,0.0,3.1875,3.1875,1.4375,0.0,0.875,0.0,0.875,31.012500762939453,39.125,1.21875,1.84375,7.65625,7.65625,0.0,3,3 4
920,637.1578979492188,635.7418212890625,532.821044921875,288.0249938964844,2.6875,0.0,3.09375,3.09375,1.46875,0.0,0.8125,0.0,0.8125,29.274999618530273,39.0,1.6875,1.6875,6.90625,6.90625,0.0,3,3 2
921,678.4134521484375,675.2488403320312,566.3612060546875,305.01251220703125,2.78125,0.0,3.34375,3.34375,1.5,0.0,0.875,0.03125,0.9375,30.274999618530273,40.25,1.0,1.78125,9.03125,9.03125,0.0,3,3 4
922,625.3099365234375,617.8087158203125,517.0178833007812,283.7562561035156,2.625,0.0,3.3125,3.3125,1.5625,0.0,0.84375,0.0,0.90625,28.350000381469727,40.0,1.0,1.625,7.875,7.875,0.0,3,3 4
923,595.9900512695312,592.2843017578125,495.51397705078125,263.42498779296875,2.59375,0.0,2.90625,2.90625,1.40625,0.0,0.71875,0.0,0.78125,27.981250762939453,43.15625,1.0,1.59375,8.28125,8.28125,0.0,3,3 4
924,676.2681274414062,669.4598999023438,559.8464965820312,305.1937561035156,2.8125,0.0,3.1875,3.1875,1.5,0.0,0.90625,0.0,0.78125,30.4375,42.96875,1.0,1.8125,9.15625,9.15625,0.0,3,3 4
925,615.1207885742188,611.2268676757812,511.71942138671875,290.89373779296875,2.59375,0.0,3.21875,3.21875,1.46875,0.0,0.84375,0.0,0.90625,28.612499237060547,37.3125,1.0,1.59375,10.40625,10.40625,0.0,3,3 4
926,699.2041625976562,695.8367919921875,582.3123779296875,328.1000061035156,2.875,0.0,3.21875,3.21875,1.5,0.0,0.78125,0.0,0.9375,30.524999618530273,39.46875,1.71875,1.875,11.3125,11.3125,0.0,3,3 4
927,605.3126831054688,603.03955078125,502.49578857421875,302.82501220703125,2.625,0.0,3.0,3.0,1.4375,0.0,0.65625,0.0,0.90625,28.625,41.125,1.0,1.625,10.1875,10.1875,0.0,3,3 1
928,651.43994140625,649.3492431640625,543.4300537109375,301.4624938964844,2.75,0.0,3.0,3.0,1.46875,0.0,0.71875,0.0,0.8125,29.700000762939453,41.0,1.0,1.75,10.78125,10.78125,0.0,4,4 3
929,592.4827880859375,587.1105346679688,491.36297607421875,288.8687438964844,2.53125,0.0,3.0,3.0,1.40625,0.0,0.6875,0.0,0.90625,27.731250762939453,38.1875,2.125,1.53125,12.28125,12.28125,0.0,3,3 4
930,574.3244018554688,570.2031860351562,474.39447021484375,306.2124938964844,2.53125,0.0,2.84375,2.84375,1.28125,0.0,0.5625,0.0,1.0,26.725000381469727,40.78125,1.34375,1.53125,15.0625,15.0625,0.0,3,3 1
931,523.91357421875,518.7153930664062,431.84307861328125,271.88751220703125,2.375,0.0,2.71875,2.71875,1.21875,0.0,0.5625,0.0,0.9375,25.850000381469727,42.53125,1.1875,1.375,10.78125,10.78125,0.0,3,3 4
932,592.3045043945312,588.81103515625,489.3960876464844,303.08123779296875,2.625,0.0,2.78125,2.78125,1.1875,0.0,0.6875,0.0,0.90625,27.143749237060547,45.59375,1.90625,1.625,13.875,13.875,0.0,3,3 4
933,566.3456420898438,560.725830078125,464.724609375,306.5062561035156,2.53125,0.0,2.875,2.875,1.3125,0.0,0.625,0.0,0.9375,27.018749237060547,45.90625,1.0,1.53125,18.4375,18.4375,0.0,3,3 1
934,579.7193603515625,575.2489013671875,478.2567443847656,312.3062438964844,2.5625,0.0,2.71875,2.71875,1.25,0.0,0.625,0.0,0.84375,27.09375,40.5625,2.34375,1.5625,18.9375,18.9375,0.0,3,3 1
935,579.4180297851562,573.8306884765625,475.92791748046875,308.95001220703125,2.59375,0.0,2.6875,2.6875,1.28125,0.0,0.625,0.0,0.78125,26.487499237060547,41.96875,1.0,1.59375,18.71875,18.71875,0.0,3,3 1
936,508.11181640625,505.192626953125,418.29205322265625,287.33123779296875,2.375,0.0,2.625,2.625,1.25,0.0,0.5625,0.0,0.8125,23.799999237060547,44.09375,5.15625,1.375,16.125,16.125,0.0,3,3 4
937,570.9019775390625,568.2066650390625,472.7030334472656,305.45001220703125,2.53125,0.0,2.78125,2.78125,1.3125,0.0,0.6875,0.0,0.78125,26.631250381469727,37.90625,1.96875,1.53125,19.25,19.25,0.0,3,3 4
938,490.3852844238281,487.24456787109375,404.9467468261719,283.53125,2.28125,0.0,2.5,2.5,1.21875,0.0,0.5625,0.0,0.71875,23.9375,36.875,2.34375,1.28125,25.40625,25.40625,0.0,3,3 1
939,563.4783325195312,560.3935546875,462.8349609375,305.8500061035156,2.59375,0.0,2.65625,2.65625,1.4375,0.0,0.65625,0.0,0.5625,26.131250381469727,44.25,1.0,1.59375,25.65625,25.65625,0.0,3,3 1
940,564.7354125976562,560.6534423828125,464.3854064941406,315.6812438964844,2.5625,0.0,2.53125,2.53125,1.25,0.0,0.75,0.0,0.53125,26.299999237060547,39.9375,1.59375,1.5625,25.28125,25.28125,0.0,3,3 1
941,573.6187744140625,569.701904296875,472.2923889160156,312.1625061035156,2.5625,0.0,2.8125,2.8125,1.375,0.0,0.6875,0.0,0.75,27.368749618530273,40.15625,1.59375,1.5625,26.5625,26.5625,0.0,3,3 1
942,593.9888916015625,589.9962768554688,488.4920959472656,334.98126220703125,2.625,0.0,2.875,2.875,1.28125,0.0,0.84375,0.0,0.75,27.806249618530273,36.03125,2.5,1.625,36.84375,36.84375,0.0,1,1 3
943,685.7634887695312,678.4757690429688,568.3417358398438,307.2250061035156,2.8125,0.0,3.3125,3.3125,1.53125,0.0,0.8125,0.0,0.96875,29.987499237060547,42.46875,1.0625,1.8125,16.6875,16.6875,0.0,3,3 4
944,657.950927734375,655.9921264648438,550.4632568359375,282.08123779296875,2.75,0.0,3.15625,3.15625,1.4375,0.0,0.84375,0.0,0.875,29.443750381469727,38.125,2.03125,1.75,10.0625,10.0625,0.0,4,4 3
945,707.23876953125,705.5094604492188,592.6072387695312,290.9750061035156,2.875,0.0,3.46875,3.46875,1.59375,0.0,0.90625,0.0,0.96875,31.825000762939453,41.28125,2.0,1.875,11.53125,11.53125,0.0,4,4 3
946,701.8475952148438,696.4619750976562,583.4237670898438,323.54376220703125,2.84375,0.0,3.46875,3.46875,1.59375,0.0,0.90625,0.0,0.96875,30.825000762939453,38.5625,1.6875,1.84375,12.6875,12.6875,0.0,3,3 1
947,610.0558471679688,606.66162109375,506.5267028808594,273.1000061035156,2.65625,0.0,3.0,3.0,1.375,0.0,0.75,0.0,0.875,27.318750381469727,43.0,1.15625,1.65625,7.625,7.625,0.0,3,3 4
948,665.9015502929688,663.0213012695312,555.7589111328125,282.32501220703125,2.78125,0.0,3.25,3.25,1.65625,0.0,0.84375,0.0,0.75,29.631250381469727,42.15625,2.03125,1.78125,6.53125,6.53125,0.0,3,3 4
949,663.9873657226562,660.6812744140625,553.9947509765625,298.6812438964844,2.75,0.0,3.21875,3.21875,1.625,0.0,0.84375,0.0,0.75,29.875,39.9375,2.21875,1.75,10.0,10.0,0.0,3,3 4
950,721.0478515625,718.4299926757812,602.6204223632812,314.9624938964844,2.90625,0.0,3.59375,3.59375,1.71875,0.0,0.9375,0.0,0.9375,31.243749618530273,42.3125,1.0,1.90625,10.46875,10.46875,0.0,4,4 3
951,661.7872924804688,658.5730590820312,552.9735717773438,289.92498779296875,2.71875,0.0,3.375,3.375,1.59375,0.0,0.96875,0.0,0.8125,30.087499618530273,32.90625,1.0,1.71875,9.40625,9.40625,0.0,3,3 2
952,669.5299072265625,665.7490234375,557.7741088867188,299.16876220703125,2.78125,0.0,3.1875,3.1875,1.625,0.0,0.875,0.0,0.6875,30.299999237060547,42.6875,2.34375,1.78125,10.5,10.5,0.0,3,3 4
953,634.5718383789062,631.3736572265625,528.2796020507812,297.8374938964844,2.6875,0.0,3.09375,3.09375,1.5625,0.0,0.8125,0.0,0.71875,27.512500762939453,40.96875,3.96875,1.6875,11.71875,11.71875,0.0,3,3 4
954,587.5023193359375,584.3997802734375,487.7079162597656,285.3999938964844,2.5625,0.0,2.96875,2.96875,1.34375,0.0,0.75,0.0,0.875,27.34375,40.59375,2.3125,1.5625,9.21875,9.21875,0.0,3,3 1
955,658.6826171875,655.7955932617188,548.3452758789062,308.1000061035156,2.75,0.0,3.3125,3.3125,1.5625,0.0,0.84375,0.0,0.90625,29.418750762939453,40.0625,1.5,1.75,8.59375,8.59375,0.0,3,3 1
956,680.599853515625,676.1371459960938,564.8112182617188,307.71875,2.84375,0.0,3.28125,3.28125,1.59375,0.0,0.8125,0.0,0.875,29.875,43.625,1.0,1.84375,7.84375,7.84375,0.0,3,3 4
957,693.1258544921875,690.6543579101562,580.4943237304688,280.0562438964844,2.84375,0.0,3.3125,3.3125,1.59375,0.0,0.9375,0.0,0.78125,30.387500762939453,40.0625,2.40625,1.84375,6.0625,6.0625,0.0,3,3 1
958,721.1522827148438,718.3692626953125,602.4376220703125,313.7124938964844,2.90625,0.0,3.625,3.625,1.71875,0.0,0.90625,0.0,1.0,31.575000762939453,39.0,1.0,1.90625,5.46875,5.46875,0.0,3,3 4
959,597.5936279296875,595.9639892578125,497.3113708496094,281.7875061035156,2.59375,0.0,3.1875,3.1875,1.46875,0.0,0.71875,0.0,1.0,27.087499618530273,38.21875,1.0,1.59375,4.03125,4.03125,0.0,3,3 4
960,654.7272338867188,653.6837158203125,548.202880859375,286.03125,2.75,0.0,3.0625,3.0625,1.28125,0.0,0.78125,0.0,1.0,30.162500381469727,41.15625,1.0,1.75,4.6875,4.6875,0.0,4,4 3
961,628.3790283203125,626.79345703125,526.6170654296875,296.39373779296875,2.59375,0.0,3.28125,3.28125,1.40625,0.0,0.875,0.0,1.0,29.412500381469727,30.15625,1.0,1.59375,5.875,5.875,0.0,3,3 1
962,709.0316772460938,704.0300903320312,591.1251831054688,316.21875,2.84375,0.0,3.5,3.5,1.625,0.0,0.84375,0.03125,1.0,31.424999237060547,35.65625,1.0,1.84375,5.4375,5.4375,0.0,3,3 4
963,718.116943359375,714.8511962890625,600.1038818359375,322.4937438964844,2.875,0.0,3.53125,3.53125,1.625,0.0,0.9375,0.0,0.96875,31.931249618530273,37.40625,1.0,1.875,5.5,5.5,0.0,3,3 1
964,691.1731567382812,685.16650390625,574.1622924804688,305.9624938964844,2.8125,0.0,3.5,3.5,1.65625,0.0,0.875,0.0,0.96875,31.006250381469727,39.59375,1.0,1.8125,6.25,6.25,0.0,3,3 2
965,648.0711669921875,643.0778198242188,538.3043212890625,286.08123779296875,2.71875,0.0,3.28125,3.28125,1.5,0.0,0.8125,0.0,0.96875,28.649999618530273,41.0,2.15625,1.71875,5.15625,5.15625,0.0,3,3 4
966,581.6009521484375,578.1319580078125,483.62078857421875,282.9375,2.5,0.0,3.0625,3.0625,1.46875,0.0,0.71875,0.0,0.875,28.412500381469727,30.8125,1.0,1.5,5.0625,5.0625,0.0,3,3 0
967,603.335693359375,601.5867309570312,504.55419921875,271.29998779296875,2.59375,0.0,2.90625,2.90625,1.25,0.0,0.78125,0.0,0.875,27.25,37.625,1.40625,1.59375,6.25,6.25,0.0,4,4 1
968,610.6986083984375,609.3307495117188,512.6639404296875,268.84375,2.5625,0.0,3.125,3.125,1.375,0.0,0.84375,0.0,0.90625,28.331249237060547,30.125,1.4375,1.5625,4.78125,4.78125,0.0,4,4 3
969,675.7631225585938,672.2561645507812,565.1031494140625,304.09375,2.75,0.0,3.25,3.25,1.34375,0.0,0.9375,0.0,0.96875,30.268749237060547,32.71875,1.0,1.75,5.46875,5.46875,0.0,3,3 4
970,668.600341796875,666.5406494140625,557.6883544921875,306.0375061035156,2.78125,0.0,3.34375,3.34375,1.5625,0.0,0.78125,0.0,1.0,29.793750762939453,41.15625,1.0,1.78125,5.84375,5.84375,0.0,3,3 0
971,713.9031982421875,709.4725341796875,593.5203857421875,342.1499938964844,2.875,0.0,3.625,3.625,1.75,0.0,0.9375,0.0,0.9375,31.081249237060547,39.96875,1.0,1.875,6.78125,6.78125,0.0,3,3 4
972,694.4287719726562,690.4010620117188,579.393310546875,309.04998779296875,2.8125,0.0,3.46875,3.46875,1.5625,0.0,0.9375,0.0,0.96875,30.862499237060547,36.96875,1.25,1.8125,6.46875,6.46875,0.0,3,3 4
973,683.7974853515625,680.4190673828125,569.607177734375,315.83123779296875,2.8125,0.0,3.34375,3.34375,1.46875,0.0,0.9375,0.0,0.9375,30.668750762939453,37.4375,1.0,1.8125,8.84375,8.84375,0.0,3,3 2
974,735.3518676757812,733.6116943359375,616.1043701171875,316.1187438964844,2.9375,0.0,3.625,3.625,1.75,0.03125,0.9375,0.0,0.90625,32.368751525878906,36.71875,1.0,1.9375,8.21875,8.21875,0.0,3,3 4
975,652.19091796875,649.536865234375,543.5978393554688,274.32501220703125,2.78125,0.0,3.03125,3.03125,1.375,0.0,0.8125,0.0,0.84375,29.362499237060547,40.4375,1.0,1.78125,8.59375,8.59375,0.0,3,3 4
976,716.6951904296875,712.8209228515625,598.1951904296875,330.4937438964844,2.875,0.0,3.375,3.375,1.5625,0.0,1.0,0.0,0.8125,32.506248474121094,36.03125,1.0,1.875,9.21875,9.21875,0.0,3,3 4
977,695.4249877929688,692.5958251953125,581.8424072265625,308.3999938964844,2.8125,0.0,3.40625,3.40625,1.53125,0.0,0.90625,0.0,0.96875,31.018749237060547,38.40625,1.0,1.8125,10.3125,10.3125,0.0,3,3 4
978,673.378662109375,670.6481323242188,562.7655029296875,304.76873779296875,2.75,0.0,3.40625,3.40625,1.53125,0.0,0.9375,0.0,0.9375,30.662500381469727,37.15625,1.0,1.75,11.46875,11.46875,0.0,3,3 2
979,662.2359008789062,655.7196655273438,551.357421875,301.5,2.6875,0.0,3.21875,3.21875,1.40625,0.0,0.96875,0.0,0.84375,30.762500762939453,36.96875,1.625,1.6875,15.78125,15.78125,0.0,3,3 4
980,683.77587890625,679.8629760742188,572.0071411132812,300.4624938964844,2.78125,0.0,3.09375,3.09375,1.59375,0.0,0.875,0.0,0.625,31.362499237060547,36.59375,1.0,1.78125,14.28125,14.28125,0.0,3,3 4
981,688.33154296875,687.1854248046875,577.7383422851562,290.51873779296875,2.8125,0.0,3.28125,3.28125,1.59375,0.0,0.96875,0.0,0.71875,31.506250381469727,35.8125,1.0,1.8125,11.3125,11.3125,0.0,0,0 3
982,710.4011840820312,709.4722290039062,596.9784545898438,306.7250061035156,2.875,0.0,3.15625,3.15625,1.53125,0.0,0.84375,0.0,0.78125,32.125,36.5,1.0,1.875,10.28125,10.28125,0.0,3,3 4
983,676.0109252929688,671.0615844726562,564.58203125,271.04376220703125,2.78125,0.0,3.125,3.125,1.375,0.0,0.9375,0.0,0.8125,31.193750381469727,29.15625,1.0,1.78125,8.71875,8.71875,0.0,3,3 1
984,687.859619140625,686.4058227539062,578.473876953125,272.1499938964844,2.8125,0.0,3.15625,3.15625,1.375,0.0,0.875,0.0,0.90625,30.96875,37.0,1.0,1.8125,7.875,7.875,0.0,2,2 0
985,702.8801879882812,698.9300537109375,588.036376953125,292.6625061035156,2.84375,0.0,3.28125,3.28125,1.53125,0.0,0.78125,0.0,0.96875,31.65625,38.3125,1.0,1.84375,8.0,8.0,0.0,3,3 4
986,707.56298828125,705.8094482421875,594.5805053710938,277.0375061035156,2.875,0.0,3.21875,3.21875,1.59375,0.0,0.84375,0.0,0.78125,31.956249237060547,35.5625,1.0,1.875,5.625,5.625,0.0,1,1 3
987,694.5973510742188,691.6870727539062,583.4942626953125,282.1937561035156,2.8125,0.0,3.03125,3.03125,1.40625,0.0,0.6875,0.03125,0.90625,32.40625,31.0625,2.125,1.8125,6.6875,6.6875,0.0,4,4 3
988,730.4913940429688,726.7460327148438,612.5867309570312,301.91876220703125,2.90625,0.0,3.28125,3.28125,1.5625,0.0,0.8125,0.0,0.90625,32.64374923706055,37.5625,1.0,1.90625,6.15625,6.15625,0.0,3,3 4
989,702.1119384765625,700.4763793945312,588.5902709960938,292.95001220703125,2.875,0.0,3.1875,3.1875,1.5,0.0,0.75,0.0,0.9375,31.881250381469727,31.21875,1.0,1.875,7.78125,7.78125,0.0,1,1 4
990,641.1189575195312,639.4115600585938,538.9037475585938,223.40625,2.71875,0.0,2.9375,2.9375,1.34375,0.0,0.71875,0.0,0.875,30.0,26.09375,1.0,1.71875,5.03125,5.03125,0.0,4,4 3
991,704.6619873046875,701.9833984375,589.4378051757812,316.4624938964844,2.84375,0.0,3.40625,3.40625,1.53125,0.0,0.875,0.03125,0.96875,31.443750381469727,34.5,1.09375,1.84375,9.03125,9.03125,0.0,3,3 0
992,660.956298828125,660.033447265625,553.0480346679688,268.89373779296875,2.8125,0.0,3.0,3.0,1.25,0.03125,0.75,0.0,0.96875,30.087499618530273,31.875,1.0,1.8125,8.59375,8.59375,0.0,2,2 0
993,638.1766357421875,636.6136474609375,533.8115844726562,263.5,2.71875,0.0,3.0625,3.0625,1.34375,0.0,0.71875,0.0,1.0,28.831249237060547,33.46875,1.0,1.71875,9.71875,9.71875,0.0,3,3 4
994,660.8618774414062,658.40185546875,554.1466674804688,276.48126220703125,2.71875,0.0,3.25,3.25,1.5,0.0,0.75,0.0,1.0,29.131250381469727,37.125,2.28125,1.71875,10.28125,10.28125,0.0,3,3 1
995,626.1572875976562,623.2368774414062,523.0413818359375,248.49374389648438,2.6875,0.0,2.9375,2.9375,1.3125,0.0,0.6875,0.0,0.9375,28.587499618530273,35.125,1.0,1.6875,9.1875,9.1875,0.0,3,3 0
996,642.7030029296875,641.5565185546875,538.0955810546875,254.65625,2.75,0.0,3.0625,3.0625,1.375,0.0,0.75,0.0,0.9375,27.65625,36.65625,2.40625,1.75,8.78125,8.78125,0.0,1,1 4
997,638.4025268554688,635.8292236328125,534.2877807617188,240.64999389648438,2.71875,0.0,3.03125,3.03125,1.3125,0.0,0.78125,0.0,0.9375,28.868749618530273,38.34375,1.0,1.71875,8.125,8.125,0.0,3,3 1
998,580.4751586914062,577.867431640625,483.73773193359375,243.68124389648438,2.5625,0.0,2.875,2.875,1.25,0.0,0.65625,0.0,0.96875,26.78125,36.28125,1.25,1.5625,6.3125,6.3125,0.0,3,3 1
999,696.1087646484375,694.2767333984375,583.0205688476562,268.3062438964844,2.90625,0.0,3.09375,3.09375,1.3125,0.0,0.84375,0.0,0.9375,30.018749237060547,43.25,1.0,1.90625,5.84375,5.84375,0.0,4,4 3
1000,655.5870361328125,652.9912719726562,548.5740966796875,254.22500610351562,2.78125,0.0,2.90625,2.90625,1.3125,0.0,0.6875,0.0,0.90625,29.268749237060547,39.625,1.0,1.78125,8.4375,8.4375,0.0,3,3 4
1001,652.1758422851562,650.2428588867188,544.8319091796875,279.67498779296875,2.75,0.0,3.15625,3.15625,1.375,0.0,0.78125,0.0,1.0,29.456249237060547,36.3125,1.59375,1.75,7.3125,7.3125,0.0,3,3 2
1002,633.6715087890625,630.1839599609375,527.6025390625,264.78125,2.71875,0.0,3.0,3.0,1.4375,0.0,0.75,0.0,0.8125,28.637500762939453,36.65625,2.59375,1.71875,5.875,5.875,0.0,3,3 1
1003,669.7634887695312,665.6663818359375,556.1581420898438,300.7875061035156,2.8125,0.0,3.28125,3.28125,1.375,0.0,0.90625,0.0,1.0,28.993749618530273,36.6875,1.0,1.8125,6.9375,6.9375,0.0,3,3 1
1004,552.4556884765625,551.6046752929688,460.93145751953125,261.0687561035156,2.46875,0.0,2.84375,2.84375,1.21875,0.0,0.71875,0.0,0.90625,25.318750381469727,38.875,2.59375,1.46875,7.34375,7.34375,0.0,4,4 1
1005,720.7053833007812,718.7618408203125,602.237060546875,319.1875,2.9375,0.0,3.40625,3.40625,1.46875,0.0,0.96875,0.0,0.96875,30.918750762939453,43.0,1.59375,1.9375,9.5,9.5,0.0,2,2 3
1006,649.7759399414062,648.0564575195312,542.69384765625,289.76251220703125,2.75,0.0,3.09375,3.09375,1.25,0.0,0.90625,0.0,0.9375,27.774999618530273,37.90625,1.59375,1.75,9.09375,9.09375,0.0,3,3 0
1007,741.1021728515625,740.6259155273438,621.9376220703125,312.3500061035156,3.0,0.0,3.3125,3.3125,1.40625,0.03125,1.0,0.0,0.875,32.337501525878906,39.5,1.0,2.0,8.8125,8.8125,0.0,1,1 0
1008,758.8023071289062,757.0771484375,637.4880981445312,319.46875,3.0,0.0,3.40625,3.40625,1.53125,0.0,1.03125,0.0,0.84375,33.28125,38.21875,1.0,2.0,8.9375,8.9375,0.0,2,2 3
1009,714.73779296875,710.509033203125,594.439453125,338.4312438964844,2.90625,0.0,3.34375,3.34375,1.5,0.03125,0.90625,0.0,0.90625,31.725000381469727,41.46875,1.59375,1.90625,7.40625,7.40625,0.0,3,3 1
1010,684.0685424804688,682.7091064453125,570.6641845703125,305.64373779296875,2.875,0.0,3.1875,3.1875,1.28125,0.0,0.9375,0.0,0.96875,29.237499237060547,43.15625,1.5625,1.875,5.40625,5.40625,0.0,3,3 4
1011,705.8538818359375,702.6676025390625,589.7923583984375,331.2124938964844,2.84375,0.0,3.28125,3.28125,1.34375,0.0,0.96875,0.0,0.96875,31.956249237060547,36.875,1.0,1.84375,8.03125,8.03125,0.0,3,3 2
1012,648.343505859375,646.8427734375,539.9490356445312,319.01873779296875,2.75,0.0,3.03125,3.03125,1.28125,0.0,0.75,0.0,1.0,29.543750762939453,40.78125,1.0,1.75,9.125,9.125,0.0,3,3 2
1013,662.8751220703125,659.9541015625,551.7810668945312,309.2562561035156,2.78125,0.0,3.125,3.125,1.28125,0.0,0.84375,0.0,1.0,29.987499237060547,40.3125,1.0,1.78125,10.28125,10.28125,0.0,3,3 2
1014,675.378173828125,673.05859375,564.5157470703125,317.8812561035156,2.75,0.0,3.40625,3.40625,1.375,0.03125,1.0,0.0,1.0,30.6875,34.875,1.0,1.75,10.53125,10.53125,0.0,2,2 3
1015,700.8600463867188,698.9068603515625,586.6708984375,334.9937438964844,2.8125,0.0,3.375,3.375,1.4375,0.03125,0.90625,0.0,1.0,32.5625,36.15625,1.5625,1.8125,10.78125,10.78125,0.0,3,3 4
1016,640.69775390625,635.7346801757812,533.0413208007812,312.3999938964844,2.625,0.0,3.34375,3.34375,1.375,0.0,0.96875,0.0,1.0,30.268749237060547,35.34375,1.0,1.625,11.40625,11.40625,0.0,3,3 4
1017,688.7649536132812,685.7122802734375,573.4224853515625,327.3374938964844,2.84375,0.0,3.25,3.25,1.34375,0.0,0.90625,0.0,1.0,30.475000381469727,39.3125,1.0,1.84375,12.5625,12.5625,0.0,3,3 2
1018,701.8773803710938,699.1717529296875,586.6734619140625,322.5687561035156,2.84375,0.0,3.3125,3.3125,1.46875,0.0,0.96875,0.0,0.875,31.568750381469727,35.0625,1.5625,1.84375,12.40625,12.40625,0.0,3,3 1
1019,692.0436401367188,688.9338989257812,577.8756713867188,313.95623779296875,2.8125,0.0,3.40625,3.40625,1.53125,0.0,0.9375,0.0,0.9375,31.168750762939453,34.84375,1.0,1.8125,13.4375,13.4375,0.0,3,3 2
1020,700.5774536132812,699.0299072265625,588.5685424804688,323.61248779296875,2.78125,0.0,3.40625,3.40625,1.5625,0.0,0.96875,0.0,0.875,32.462501525878906,33.65625,1.0,1.78125,14.21875,14.21875,0.0,4,4 3
1021,689.388671875,685.9893798828125,576.7914428710938,317.79998779296875,2.78125,0.0,3.1875,3.1875,1.375,0.0,0.9375,0.0,0.875,31.918750762939453,35.71875,1.0,1.78125,12.375,12.375,0.0,3,3 2
1022,698.4896850585938,696.2012939453125,585.2321166992188,319.20623779296875,2.8125,0.0,3.25,3.25,1.46875,0.0,0.9375,0.0,0.84375,32.6875,32.90625,1.0,1.8125,13.875,13.875,0.0,3,3 1
1023,709.9276123046875,706.6092529296875,593.8406982421875,323.0249938964844,2.84375,0.0,3.3125,3.3125,1.46875,0.0,0.9375,0.0,0.90625,32.943748474121094,32.5,1.0,1.84375,13.78125,13.78125,0.0,3,3 4
1024,715.1005249023438,711.7430419921875,598.3142700195312,310.0,2.875,0.0,3.3125,3.3125,1.59375,0.0,0.8125,0.0,0.90625,32.9375,37.4375,1.0,1.875,13.0,13.0,0.0,3,3 4
1025,715.012451171875,713.6163330078125,600.7683715820312,297.26873779296875,2.90625,0.0,3.0,3.0,1.15625,0.0,0.9375,0.0,0.90625,32.900001525878906,40.1875,1.0,1.90625,11.4375,11.4375,0.0,3,3 2
1026,663.4304809570312,661.9512939453125,555.6365966796875,288.54376220703125,2.75,0.0,3.21875,3.21875,1.53125,0.0,0.75,0.0,0.9375,30.625,31.3125,1.0,1.75,11.46875,11.46875,0.0,3,3 0
1027,697.943603515625,696.3089599609375,586.6337890625,279.3062438964844,2.84375,0.0,3.125,3.125,1.46875,0.0,0.875,0.0,0.78125,32.068748474121094,34.875,2.09375,1.84375,11.15625,11.15625,0.0,3,3 1
1028,729.549560546875,727.1619873046875,611.1832275390625,317.23748779296875,2.9375,0.0,3.21875,3.21875,1.5,0.0,0.78125,0.0,0.9375,32.59375,38.625,1.0,1.9375,14.9375,14.9375,0.0,3,3 0
1029,739.4556274414062,735.7449951171875,619.1212158203125,325.70623779296875,2.9375,0.0,3.21875,3.21875,1.46875,0.03125,0.875,0.0,0.84375,33.82500076293945,36.84375,1.0,1.9375,14.71875,14.71875,0.0,3,3 4
1030,703.767822265625,699.2619018554688,586.6077270507812,327.78125,2.84375,0.0,3.28125,3.28125,1.625,0.0,0.71875,0.0,0.9375,31.681249618530273,36.34375,1.125,1.84375,14.78125,14.78125,0.0,3,3 4
1031,665.429931640625,661.8682861328125,555.393310546875,306.38751220703125,2.75,0.0,3.0625,3.0625,1.375,0.0,0.75,0.0,0.9375,30.03125,35.59375,2.3125,1.75,10.25,10.25,0.0,3,3 4
1032,664.7935791015625,663.901611328125,556.3695678710938,302.6499938964844,2.78125,0.0,3.0625,3.0625,1.4375,0.0,0.65625,0.0,0.96875,29.649999618530273,39.375,1.0,1.78125,9.0625,9.0625,0.0,3,3 4
1033,686.0468139648438,684.0340576171875,575.7642822265625,305.7875061035156,2.78125,0.0,3.15625,3.15625,1.34375,0.0,0.8125,0.0,1.0,30.793750762939453,38.65625,1.71875,1.78125,8.25,8.25,0.0,3,3 2
1034,643.7302856445312,642.005859375,538.856689453125,298.29376220703125,2.6875,0.0,3.0,3.0,1.4375,0.0,0.65625,0.0,0.90625,29.774999618530273,34.4375,1.71875,1.6875,8.5625,8.5625,0.0,3,3 2
1035,716.0078125,710.9722900390625,598.7393798828125,327.1875,2.8125,0.0,3.4375,3.4375,1.59375,0.0,0.875,0.0,0.96875,33.32500076293945,35.15625,1.0,1.8125,9.9375,9.9375,0.0,3,3 2
1036,673.8943481445312,672.41162109375,566.7791748046875,299.4624938964844,2.71875,0.0,3.21875,3.21875,1.40625,0.0,0.84375,0.0,0.96875,31.09375,33.15625,1.59375,1.71875,10.09375,10.09375,0.0,3,3 4
1037,684.1658325195312,680.96728515625,573.085205078125,286.9312438964844,2.78125,0.0,3.28125,3.28125,1.4375,0.0,0.875,0.0,0.96875,31.100000381469727,36.15625,1.0,1.78125,11.15625,11.15625,0.0,3,3 4
1038,678.0626220703125,673.556640625,566.9862670898438,311.98126220703125,2.71875,0.0,3.28125,3.28125,1.5625,0.0,0.8125,0.0,0.90625,31.4375,34.0,2.25,1.71875,11.6875,11.6875,0.0,3,3 4
1039,692.204833984375,690.6475830078125,580.7886962890625,309.92498779296875,2.8125,0.0,3.125,3.125,1.4375,0.0,0.78125,0.0,0.90625,31.875,35.90625,1.0,1.8125,11.25,11.25,0.0,3,3 4
1040,649.824951171875,647.439453125,541.7489013671875,301.26251220703125,2.75,0.0,2.9375,2.9375,1.3125,0.0,0.75,0.0,0.875,29.875,42.09375,1.0,1.75,8.6875,8.6875,0.0,3,3 2
1041,586.3817749023438,581.8726196289062,488.036376953125,268.9312438964844,2.53125,0.0,2.75,2.75,1.3125,0.0,0.59375,0.0,0.84375,28.206249237060547,36.5625,1.0,1.53125,7.4375,7.4375,0.0,3,3 2
1042,624.6964111328125,622.6397705078125,521.5303344726562,286.46875,2.65625,0.0,3.03125,3.03125,1.375,0.0,0.71875,0.0,0.9375,28.325000762939453,37.6875,1.5625,1.65625,6.625,6.625,0.0,2,2 3
1043,548.724853515625,544.9296875,455.4129333496094,268.98748779296875,2.4375,0.0,2.75,2.75,1.1875,0.0,0.5,0.0625,1.0,26.068750381469727,38.9375,1.125,1.4375,4.5625,4.5625,0.0,3,3 2
1044,547.5317993164062,544.3458251953125,453.394775390625,291.04376220703125,2.46875,0.0,2.46875,2.46875,1.1875,0.0,0.46875,0.0,0.8125,26.868749618530273,41.96875,2.53125,1.46875,7.1875,7.1875,0.0,3,3 2
1045,528.09228515625,526.2982177734375,437.9645080566406,288.67498779296875,2.40625,0.0,2.5,2.5,1.15625,0.0,0.5625,0.0,0.78125,26.875,40.5625,2.5,1.40625,4.75,4.75,0.0,3,3 4
1046,586.1780395507812,581.332275390625,485.93988037109375,292.7124938964844,2.53125,0.0,2.84375,2.84375,1.34375,0.0,0.5625,0.0,0.9375,28.162500381469727,38.84375,2.1875,1.53125,6.5,6.5,0.0,3,3 4
1047,628.2451171875,626.7868041992188,525.6282958984375,306.95001220703125,2.625,0.0,3.03125,3.03125,1.40625,0.0,0.6875,0.0,0.9375,30.200000762939453,40.375,2.0625,1.625,8.1875,8.1875,0.0,3,3 1
1048,517.746337890625,515.5711669921875,430.69677734375,262.23126220703125,2.34375,0.0,2.6875,2.6875,1.1875,0.0,0.59375,0.0,0.90625,25.418750762939453,38.78125,2.3125,1.34375,6.34375,6.34375,0.0,3,3 2
1049,631.5617065429688,629.99267578125,528.394775390625,312.08123779296875,2.65625,0.0,2.71875,2.71875,1.1875,0.0,0.78125,0.0,0.75,30.868749618530273,37.09375,1.0,1.65625,8.0,8.0,0.0,2,2 3
1050,647.2398681640625,645.2259521484375,541.66259765625,306.21875,2.6875,0.0,3.0,3.0,1.3125,0.0,0.75,0.0,0.9375,29.875,40.15625,1.6875,1.6875,7.1875,7.1875,0.0,2,2 3
1051,709.3115234375,705.1381225585938,593.0201416015625,326.2749938964844,2.84375,0.0,3.09375,3.09375,1.25,0.0,0.90625,0.0,0.9375,33.287498474121094,37.1875,1.0,1.84375,10.15625,10.15625,0.0,3,3 0
1052,682.0067749023438,679.9478759765625,571.7645263671875,305.0562438964844,2.78125,0.0,3.09375,3.09375,1.3125,0.0,0.8125,0.0,0.96875,31.90625,37.75,1.0,1.78125,8.59375,8.59375,0.0,3,3 2
1053,715.6998291015625,714.432373046875,601.1226806640625,313.0687561035156,2.875,0.0,3.25,3.25,1.375,0.0,0.9375,0.0,0.9375,32.8125,33.78125,1.0,1.875,8.59375,8.59375,0.0,3,3 2
1054,709.1121826171875,707.85693359375,597.1323852539062,310.91876220703125,2.8125,0.0,3.25,3.25,1.3125,0.0,0.9375,0.0,1.0,33.631248474121094,33.71875,1.0,1.8125,10.125,10.125,0.0,4,4 3
1055,632.0828247070312,630.8863525390625,531.10693359375,296.25,2.59375,0.0,3.125,3.125,1.375,0.0,0.78125,0.0,0.96875,30.71875,30.09375,2.375,1.59375,13.6875,13.6875,0.0,3,3 1
1056,731.1289672851562,726.035888671875,611.2174682617188,328.3374938964844,2.875,0.0,3.375,3.375,1.4375,0.03125,0.96875,0.03125,0.90625,34.17499923706055,31.5625,1.0,1.875,15.71875,15.71875,0.0,3,3 4
1057,720.4257202148438,716.5911254882812,604.4464111328125,312.375,2.84375,0.0,3.25,3.25,1.34375,0.0,0.9375,0.0,0.96875,33.82500076293945,34.71875,1.0,1.84375,14.5,14.5,0.0,3,3 1
1058,665.4461669921875,663.1151123046875,556.555908203125,300.82501220703125,2.75,0.0,3.09375,3.09375,1.28125,0.03125,0.875,0.0,0.90625,31.350000381469727,36.625,1.0,1.75,13.75,13.75,0.0,4,4 3
1059,696.6197509765625,691.4964599609375,580.577880859375,319.6625061035156,2.8125,0.0,3.21875,3.21875,1.40625,0.0,0.8125,0.0,1.0,32.974998474121094,34.96875,1.0,1.8125,16.1875,16.1875,0.0,3,3 1
1060,589.54736328125,584.9771728515625,492.07891845703125,287.45001220703125,2.46875,0.0,2.90625,2.90625,1.3125,0.0,0.59375,0.0,1.0,28.962499618530273,32.78125,1.96875,1.46875,11.9375,11.9375,0.0,3,3 4
1061,644.4725952148438,641.901611328125,537.83740234375,297.16876220703125,2.71875,0.0,2.90625,2.90625,1.34375,0.0,0.71875,0.0,0.84375,29.962499618530273,37.15625,1.125,1.71875,10.625,10.625,0.0,3,3 1
1062,650.9141845703125,648.8023681640625,544.4006958007812,280.375,2.75,0.0,2.84375,2.84375,1.21875,0.0,0.6875,0.0,0.9375,30.600000381469727,35.21875,1.15625,1.75,12.1875,12.1875,0.0,3,3 4
1063,706.1702270507812,705.4635620117188,593.7957153320312,308.08123779296875,2.84375,0.0,3.25,3.25,1.375,0.0,0.875,0.0,1.0,32.368751525878906,34.8125,1.0,1.84375,13.5625,13.5625,0.0,1,1 2
1064,704.2178344726562,699.9240112304688,587.5960693359375,323.21875,2.84375,0.0,3.21875,3.21875,1.4375,0.0,0.75,0.03125,1.0,32.525001525878906,34.71875,1.625,1.84375,12.9375,12.9375,0.0,3,3 4
1065,703.7503662109375,701.859130859375,589.467529296875,329.58123779296875,2.84375,0.0,3.15625,3.15625,1.34375,0.0,0.8125,0.0,1.0,32.5,36.71875,1.15625,1.84375,10.5,10.5,0.0,3,3 4
1066,691.4774780273438,690.8345947265625,578.5062255859375,340.8999938964844,2.84375,0.0,3.0625,3.0625,1.375,0.0,0.71875,0.0,0.96875,31.087499618530273,38.21875,1.21875,1.84375,10.28125,10.28125,0.0,4,4 3
1067,645.9923706054688,643.794189453125,538.9945068359375,302.6000061035156,2.71875,0.0,3.0,3.0,1.375,0.0,0.625,0.0,1.0,30.456249237060547,42.4375,1.0,1.71875,8.875,8.875,0.0,4,4 2
1068,633.0036010742188,631.1102905273438,526.59423828125,315.84375,2.71875,0.0,2.8125,2.8125,1.25,0.0,0.5625,0.0,1.0,29.368749618530273,40.875,1.0,1.71875,5.8125,5.8125,0.0,3,3 4
1069,683.9967041015625,682.568359375,573.5502319335938,301.78125,2.8125,0.0,3.0625,3.0625,1.3125,0.0,0.8125,0.0,0.9375,30.856250762939453,39.96875,2.96875,1.8125,5.03125,5.03125,0.0,3,3 2
1070,710.8609008789062,709.20751953125,595.2346801757812,324.63751220703125,2.875,0.0,3.34375,3.34375,1.46875,0.0,0.875,0.0,1.0,31.200000762939453,38.4375,1.0,1.875,4.65625,4.65625,0.0,4,4 3
1071,726.3070068359375,724.1022338867188,609.1674194335938,328.23126220703125,2.875,0.0,3.4375,3.4375,1.53125,0.0,0.90625,0.0,1.0,33.462501525878906,36.3125,1.0,1.875,5.96875,5.96875,0.0,4,4 3
1072,724.6831665039062,723.5931396484375,608.6534423828125,338.53125,2.875,0.0,3.3125,3.3125,1.4375,0.0,0.90625,0.0,0.96875,33.40625,36.5,1.0,1.875,6.375,6.375,0.0,3,3 4
1073,672.46435546875,671.5546264648438,563.3170776367188,313.51873779296875,2.78125,0.0,3.09375,3.09375,1.375,0.0,0.71875,0.0,1.0,29.856250762939453,38.21875,1.125,1.78125,5.125,5.125,0.0,2,2 0
1074,596.3140869140625,591.4459838867188,493.96124267578125,309.23748779296875,2.5625,0.0,2.78125,2.78125,1.25,0.0,0.53125,0.0,1.0,29.293750762939453,37.59375,1.0,1.5625,4.4375,4.4375,0.0,3,3 2
1075,643.8287353515625,642.2753295898438,537.6881103515625,323.3374938964844,2.6875,0.0,3.0625,3.0625,1.375,0.0,0.65625,0.0,1.03125,29.418750762939453,38.90625,2.1875,1.6875,5.53125,5.53125,0.0,3,3 4
1076,613.0346069335938,612.5803833007812,512.3561401367188,303.6187438964844,2.625,0.0,2.90625,2.90625,1.34375,0.0,0.5625,0.0,1.0,28.712499618530273,41.15625,1.6875,1.625,5.125,5.125,0.0,4,4 3
1077,603.2396240234375,600.3259887695312,501.78997802734375,305.36248779296875,2.59375,0.0,2.78125,2.78125,1.34375,0.0,0.5,0.0,0.9375,28.918750762939453,39.9375,1.28125,1.59375,5.0,5.0,0.0,3,3 4
1078,567.3088989257812,561.902099609375,468.1061096191406,284.67498779296875,2.53125,0.0,2.625,2.625,1.25,0.0,0.4375,0.0,0.9375,26.387500762939453,41.78125,1.6875,1.53125,3.84375,3.84375,0.0,3,3 2
1079,601.7741088867188,599.1192016601562,499.3833923339844,283.8125,2.65625,0.0,2.75,2.75,1.34375,0.0,0.46875,0.0,0.9375,27.681249618530273,42.84375,1.0,1.65625,3.34375,3.34375,0.0,3,3 0
1080,631.9495239257812,629.5177612304688,525.9511108398438,291.0874938964844,2.71875,0.0,2.90625,2.90625,1.40625,0.0,0.5,0.0,1.0,28.887500762939453,41.21875,1.0,1.71875,3.40625,3.40625,0.0,3,3 0
1081,679.4072265625,677.4969482421875,567.7213134765625,302.85626220703125,2.8125,0.0,3.21875,3.21875,1.53125,0.0,0.75,0.0,0.9375,31.293750762939453,39.6875,1.0,1.8125,3.75,3.75,0.0,4,4 3
1082,611.8389892578125,607.4368896484375,508.23236083984375,292.07501220703125,2.625,0.0,2.84375,2.84375,1.3125,0.0,0.5625,0.0,0.96875,27.643749237060547,41.34375,2.65625,1.625,4.125,4.125,0.0,3,3 2
1083,624.2523803710938,621.4068603515625,520.02587890625,299.42498779296875,2.65625,0.0,2.90625,2.90625,1.46875,0.0,0.53125,0.0,0.90625,29.012500762939453,39.53125,1.0,1.65625,3.3125,3.3125,0.0,3,3 2
1084,580.0660400390625,577.0989379882812,483.90478515625,262.57501220703125,2.53125,0.0,2.6875,2.6875,1.28125,0.0,0.625,0.0,0.78125,27.793750762939453,39.3125,2.375,1.53125,3.125,3.125,0.0,3,3 2
1085,645.9049072265625,642.794921875,538.8488159179688,276.16876220703125,2.75,0.0,2.84375,2.84375,1.34375,0.0,0.75,0.0,0.75,29.237499237060547,37.71875,1.0,1.75,4.78125,4.78125,0.0,2,2 3
1086,673.3440551757812,671.6177978515625,564.1104125976562,302.4312438964844,2.78125,0.0,3.0,3.0,1.21875,0.0,0.875,0.0,0.90625,30.962499618530273,39.71875,1.0,1.78125,5.09375,5.09375,0.0,3,3 2
1087,695.9549560546875,694.1658935546875,581.735107421875,311.92498779296875,2.875,0.0,3.125,3.125,1.3125,0.0,0.96875,0.0,0.84375,31.024999618530273,39.625,1.0,1.875,7.0625,7.0625,0.0,3,3 4
1088,672.6256713867188,668.3758544921875,560.3372802734375,311.2749938964844,2.78125,0.0,3.0625,3.0625,1.375,0.0,0.84375,0.0,0.84375,30.068750381469727,41.21875,3.09375,1.78125,7.5625,7.5625,0.0,3,3 0
1089,646.2269287109375,641.7742919921875,536.0924682617188,313.7562561035156,2.71875,0.0,3.09375,3.09375,1.5625,0.0,0.59375,0.0,0.9375,30.174999237060547,41.59375,1.0,1.71875,7.1875,7.1875,0.0,3,3 4
1090,616.8435668945312,614.0097045898438,513.4551391601562,300.2749938964844,2.625,0.0,3.0,3.0,1.4375,0.0,0.6875,0.0,0.875,29.393749237060547,40.53125,1.0,1.625,6.625,6.625,0.0,3,3 2
1091,704.4164428710938,699.8051147460938,587.18896484375,334.38751220703125,2.84375,0.0,3.15625,3.15625,1.4375,0.0,0.84375,0.0,0.875,32.412498474121094,38.34375,1.0,1.84375,10.15625,10.15625,0.0,3,3 2
1092,611.1911010742188,609.252685546875,509.8728942871094,315.98126220703125,2.59375,0.0,2.8125,2.8125,1.3125,0.0,0.78125,0.0,0.71875,29.962499618530273,36.03125,1.0,1.59375,9.53125,9.53125,0.0,3,3 4
1093,561.0306396484375,557.9832153320312,465.1421813964844,284.26251220703125,2.5,0.0,2.65625,2.65625,1.1875,0.0,0.71875,0.0,0.75,27.793750762939453,42.96875,1.0,1.5,7.96875,7.96875,0.0,3,3 4
1094,630.5393676757812,626.913330078125,524.6536865234375,300.5249938964844,2.6875,0.0,2.75,2.75,1.34375,0.0,0.625,0.0,0.78125,29.768749237060547,43.75,1.0,1.6875,7.5,7.5,0.0,3,3 4
1095,565.0062866210938,560.6885375976562,468.7677307128906,271.78125,2.5,0.0,2.59375,2.59375,1.375,0.0,0.5,0.0,0.71875,27.537500381469727,42.75,1.625,1.5,6.09375,6.09375,0.0,3,3 4
1096,604.6044311523438,601.6021728515625,502.443115234375,295.04376220703125,2.625,0.0,2.71875,2.71875,1.34375,0.0,0.5625,0.0,0.8125,29.34375,45.4375,1.0,1.625,7.46875,7.46875,0.0,3,3 2
1097,567.160888671875,563.8910522460938,471.7838439941406,287.23748779296875,2.46875,0.0,2.71875,2.71875,1.28125,0.0,0.46875,0.0,0.96875,28.793750762939453,41.0625,1.0,1.46875,7.53125,7.53125,0.0,3,3 0
1098,637.3849487304688,632.00927734375,527.9990234375,322.13751220703125,2.6875,0.0,2.90625,2.90625,1.46875,0.0,0.625,0.0,0.8125,30.018749237060547,39.21875,1.0,1.6875,9.28125,9.28125,0.0,3,3 2
1099,659.7495727539062,658.3228759765625,551.1443481445312,317.9125061035156,2.75,0.0,3.09375,3.09375,1.46875,0.0,0.65625,0.0,0.96875,30.043750762939453,41.4375,1.71875,1.75,10.21875,10.21875,0.0,3,3 2
1100,703.6104736328125,701.599853515625,588.6226196289062,329.625,2.84375,0.0,3.34375,3.34375,1.59375,0.0,0.78125,0.0,0.96875,31.575000762939453,38.53125,1.0,1.84375,9.5,9.5,0.0,2,2 3
1101,649.2578125,645.4725341796875,541.4959716796875,308.6937561035156,2.6875,0.0,3.0625,3.0625,1.40625,0.0,0.75,0.0,0.90625,30.09375,38.0,2.21875,1.6875,7.0,7.0,0.0,3,3 2
1102,712.2432861328125,709.6199951171875,596.1985473632812,330.6312561035156,2.84375,0.0,3.40625,3.40625,1.65625,0.0,0.875,0.0,0.875,32.375,37.5,1.0,1.84375,7.8125,7.8125,0.0,3,3 4
1103,739.5460205078125,736.6769409179688,621.6856689453125,327.67498779296875,2.875,0.0,3.4375,3.4375,1.59375,0.0,0.875,0.0,0.96875,33.931251525878906,30.90625,1.0,1.875,7.90625,7.90625,0.0,4,4 2
1104,734.231689453125,730.581298828125,615.5321655273438,320.23748779296875,2.90625,0.0,3.21875,3.21875,1.5625,0.0,0.90625,0.0,0.75,33.88750076293945,38.25,1.0,1.90625,6.9375,6.9375,0.0,3,3 4
1105,704.3463134765625,703.5830078125,592.5604248046875,307.8999938964844,2.84375,0.0,3.09375,3.09375,1.375,0.0,0.875,0.0,0.84375,32.306251525878906,33.46875,1.0,1.84375,6.71875,6.71875,0.0,0,0 4
1106,748.22119140625,744.2606811523438,627.8828125,312.9750061035156,2.9375,0.0,3.28125,3.28125,1.65625,0.0,0.875,0.0,0.75,34.60625076293945,35.84375,1.0,1.9375,5.71875,5.71875,0.0,3,3 2
1107,736.0576171875,734.165771484375,619.2296752929688,311.98748779296875,2.90625,0.0,3.28125,3.28125,1.46875,0.0,0.9375,0.0,0.875,34.162498474121094,36.96875,1.0,1.90625,6.84375,6.84375,0.0,3,3 0
1108,735.800048828125,733.7298583984375,618.7686767578125,317.1499938964844,2.90625,0.0,3.25,3.25,1.46875,0.0,0.96875,0.0,0.8125,33.5625,35.59375,1.0,1.90625,7.5625,7.5625,0.0,3,3 4
1109,748.1061401367188,745.2556762695312,628.8551635742188,316.7124938964844,2.9375,0.0,3.28125,3.28125,1.4375,0.0,1.0,0.0,0.84375,33.693748474121094,34.28125,1.0,1.9375,6.15625,6.15625,0.0,4,4 3
1110,745.8990478515625,744.3721923828125,629.1170043945312,295.1812438964844,2.9375,0.0,3.25,3.25,1.40625,0.0,0.9375,0.0,0.90625,34.006248474121094,34.1875,1.0,1.9375,5.4375,5.4375,0.0,3,3 4
1111,704.8916015625,703.9896240234375,592.7532348632812,290.6875,2.84375,0.0,3.375,3.375,1.5,0.0,0.9375,0.0,0.9375,32.025001525878906,31.125,1.0,1.84375,4.46875,4.46875,0.0,4,4 3
1112,729.0623168945312,725.580810546875,611.3867797851562,291.9125061035156,2.90625,0.0,3.4375,3.4375,1.5,0.0,0.96875,0.0,0.96875,32.14374923706055,38.75,1.0,1.90625,4.625,4.625,0.0,3,3 2
1113,729.4125366210938,726.362548828125,612.3800048828125,291.35626220703125,2.90625,0.0,3.375,3.375,1.40625,0.0,0.96875,0.0,1.0,32.51250076293945,40.09375,1.0,1.90625,4.3125,4.3125,0.0,2,2 3
1114,720.2841796875,717.8172607421875,604.5303955078125,301.8687438964844,2.875,0.0,3.40625,3.40625,1.53125,0.0,0.9375,0.0,0.9375,32.32500076293945,38.3125,1.25,1.875,5.75,5.75,0.0,3,3 4
1115,759.3883666992188,757.0596313476562,638.4622192382812,310.95623779296875,2.96875,0.0,3.5625,3.5625,1.625,0.0,0.96875,0.0,0.96875,33.95624923706055,38.1875,1.0,1.96875,6.8125,6.8125,0.0,3,3 4
1116,718.0032348632812,715.3809204101562,602.9462890625,294.3062438964844,2.875,0.0,3.28125,3.28125,1.4375,0.0,0.9375,0.0,0.90625,32.46875,34.71875,1.0,1.875,8.71875,8.71875,0.0,1,1 3
1117,757.905517578125,755.45703125,637.4312744140625,304.38751220703125,2.96875,0.0,3.5,3.5,1.53125,0.0,1.0,0.0,0.96875,33.993751525878906,35.90625,1.0,1.96875,8.34375,8.34375,0.0,3,3 2
1118,722.6790771484375,719.0376586914062,605.4196166992188,305.8125,2.875,0.0,3.40625,3.40625,1.59375,0.0,0.84375,0.0,0.96875,33.068748474121094,35.0625,1.0,1.875,9.5625,9.5625,0.0,3,3 1
1119,701.5420532226562,699.0431518554688,588.6557006835938,283.0562438964844,2.84375,0.0,3.25,3.25,1.4375,0.0,0.84375,0.0,0.96875,32.20624923706055,38.6875,1.0,1.84375,8.0,8.0,0.0,3,3 4
1120,680.1934204101562,677.4790649414062,570.8363037109375,278.7124938964844,2.75,0.0,3.375,3.375,1.5625,0.0,0.84375,0.0,0.96875,31.706249237060547,36.96875,1.0,1.75,7.59375,7.59375,0.0,3,3 4
1121,718.9917602539062,713.6334228515625,600.1594848632812,294.8062438964844,2.90625,0.0,3.25,3.25,1.40625,0.0,0.8125,0.0,1.03125,31.506250381469727,39.09375,1.0,1.90625,7.125,7.125,0.0,3,3 4
1122,671.5214233398438,668.0279541015625,561.9126586914062,267.51873779296875,2.78125,0.0,3.09375,3.09375,1.3125,0.0,0.75,0.0,1.03125,30.84375,43.03125,1.0,1.78125,5.3125,5.3125,0.0,3,3 4
1123,624.7182006835938,621.5101318359375,520.7517700195312,255.33749389648438,2.6875,0.0,3.0,3.0,1.40625,0.0,0.59375,0.0,1.0,28.424999237060547,39.21875,1.0,1.6875,6.0625,6.0625,0.0,3,3 4
1124,624.3161010742188,621.8296508789062,521.0090942382812,272.3812561035156,2.65625,0.0,3.125,3.125,1.40625,0.0,0.71875,0.0,1.0,28.549999237060547,43.1875,1.0,1.65625,4.3125,4.3125,0.0,3,3 2
1125,560.0951538085938,557.5616455078125,467.10040283203125,258.92498779296875,2.46875,0.0,2.78125,2.78125,1.1875,0.0,0.59375,0.0,1.0,26.125,37.75,1.71875,1.46875,4.3125,4.3125,0.0,3,3 4
1126,575.8565673828125,573.8582153320312,480.0062561035156,258.3187561035156,2.53125,0.0,2.9375,2.9375,1.34375,0.0,0.59375,0.0,1.0,27.075000762939453,42.03125,1.0,1.53125,4.5625,4.5625,0.0,3,3 2
1127,588.2820434570312,585.0009765625,489.04522705078125,278.4750061035156,2.5625,0.0,2.8125,2.8125,1.25,0.0,0.59375,0.0,0.96875,28.649999618530273,39.375,1.0,1.5625,4.84375,4.84375,0.0,3,3 4
1128,591.3978271484375,587.1350708007812,489.366943359375,285.92498779296875,2.59375,0.0,2.875,2.875,1.3125,0.0,0.59375,0.0,0.96875,27.96875,42.3125,1.0,1.59375,5.0625,5.0625,0.0,3,3 1
1129,610.6887817382812,607.3873291015625,507.0638732910156,295.2437438964844,2.625,0.0,3.03125,3.03125,1.40625,0.0,0.625,0.0,1.0,28.8125,43.0625,1.0,1.625,4.9375,4.9375,0.0,3,3 4
1130,550.5223388671875,544.0787963867188,452.5235290527344,282.5874938964844,2.46875,0.0,2.71875,2.71875,1.28125,0.0,0.4375,0.0,1.0,27.018749237060547,42.5,1.0,1.46875,6.625,6.625,0.0,3,3 4
1131,474.885009765625,472.40814208984375,391.56634521484375,253.1437530517578,2.28125,0.0,2.59375,2.59375,1.25,0.0,0.40625,0.0,0.9375,22.206249237060547,41.5625,3.15625,1.28125,5.9375,5.9375,0.0,3,3 2
1132,372.6637878417969,366.67620849609375,299.7723693847656,206.8625030517578,2.0625,0.0,2.125,2.125,1.03125,0.0,0.09375,0.0,1.0,19.087499618530273,48.59375,1.65625,1.0625,6.96875,6.96875,0.0,3,3 2
1133,439.519287109375,434.659912109375,358.31829833984375,232.5124969482422,2.21875,0.0,2.34375,2.34375,1.15625,0.0,0.1875,0.0,1.0,23.075000762939453,47.09375,1.0,1.21875,6.96875,6.96875,0.0,3,3 4
1134,430.22161865234375,424.9005432128906,351.04022216796875,210.1687469482422,2.1875,0.0,2.375,2.375,1.1875,0.0,0.1875,0.0,1.0,22.09375,47.75,1.125,1.1875,6.875,6.875,0.0,3,3 4
1135,411.2774658203125,406.1784973144531,332.74310302734375,214.1875,2.1875,0.0,2.28125,2.28125,1.09375,0.0,0.1875,0.0,1.0,20.700000762939453,44.8125,1.0,1.1875,7.75,7.75,0.0,3,3 2
1136,408.20074462890625,402.8741455078125,331.05987548828125,207.89999389648438,2.15625,0.0,2.3125,2.3125,1.09375,0.0,0.21875,0.0,1.0,20.037500381469727,48.4375,1.6875,1.15625,7.40625,7.40625,0.0,3,3 1
1137,429.89208984375,423.94146728515625,350.55780029296875,226.35000610351562,2.15625,0.0,2.3125,2.3125,1.125,0.0,0.1875,0.0,1.0,23.631250381469727,46.84375,1.96875,1.15625,7.625,7.625,0.0,3,3 2
1138,407.9658508300781,401.8856506347656,331.6510314941406,219.7624969482422,2.09375,0.0,2.3125,2.3125,1.0625,0.0,0.25,0.0,1.0,22.549999237060547,38.53125,2.96875,1.09375,8.5625,8.5625,0.0,3,3 4
1139,410.0199890136719,404.3318786621094,333.5626525878906,208.3249969482422,2.125,0.0,2.28125,2.28125,1.09375,0.0,0.21875,0.0,0.96875,22.100000381469727,42.125,2.625,1.125,8.28125,8.28125,0.0,3,3 4
1140,483.3671569824219,476.782470703125,397.0845031738281,225.3000030517578,2.28125,0.0,2.53125,2.53125,1.25,0.0,0.28125,0.0,1.0,24.975000381469727,46.46875,1.65625,1.28125,11.1875,11.1875,0.0,3,3 2
1141,490.65728759765625,483.1649475097656,401.0782775878906,245.09375,2.3125,0.0,2.5,2.5,1.1875,0.0,0.3125,0.0,1.0,26.149999618530273,45.625,1.0,1.3125,11.90625,11.90625,0.0,3,3 1
1142,457.52081298828125,451.3037109375,372.8891296386719,243.21875,2.25,0.0,2.375,2.375,1.15625,0.0,0.28125,0.0,0.9375,23.631250381469727,45.65625,1.59375,1.25,16.21875,16.21875,0.0,3,3 1
1143,521.6422729492188,515.9943237304688,427.75469970703125,283.73126220703125,2.40625,0.0,2.53125,2.53125,1.21875,0.0,0.375,0.0,0.9375,27.03125,44.84375,1.0,1.40625,17.5,17.5,0.0,3,3 1
1144,452.74774169921875,446.797607421875,368.39862060546875,240.40625,2.25,0.0,2.40625,2.40625,1.125,0.0,0.28125,0.0,1.0,23.631250381469727,45.90625,1.0,1.25,16.625,16.625,0.0,3,3 1
1145,458.234619140625,448.871826171875,371.0274353027344,230.8000030517578,2.25,0.0,2.40625,2.40625,1.15625,0.0,0.28125,0.0,0.96875,23.21875,43.84375,1.0,1.25,21.5625,21.5625,0.0,3,3 1
1146,565.8455810546875,559.9989013671875,466.31591796875,281.84375,2.5,0.0,2.90625,2.90625,1.28125,0.0,0.625,0.0,1.0,27.587499618530273,34.65625,1.84375,1.5,23.59375,23.59375,0.0,3,3 4
1147,636.0652465820312,629.0064697265625,526.2486572265625,310.59375,2.65625,0.0,3.03125,3.03125,1.40625,0.0,0.75,0.0,0.875,30.78125,37.6875,1.0,1.65625,31.5,31.5,0.0,3,3 1
1148,588.0927734375,579.1568603515625,483.815185546875,290.25,2.5,0.0,3.125,3.125,1.46875,0.0,0.6875,0.0,0.96875,29.606250762939453,38.4375,1.0,1.5,24.875,24.875,0.0,3,3 1
1149,517.21875,509.8805236816406,425.3036193847656,252.63125610351562,2.34375,0.0,2.75,2.75,1.21875,0.0,0.53125,0.0,1.0,25.043750762939453,38.9375,1.5625,1.34375,22.375,22.375,0.0,3,3 2
1150,554.6788330078125,547.4361572265625,455.81622314453125,268.8812561035156,2.46875,0.0,2.90625,2.90625,1.28125,0.0,0.65625,0.0,0.96875,27.018749237060547,40.0625,1.0,1.46875,25.9375,25.9375,0.0,3,3 1
1151,632.7258911132812,624.916259765625,521.4566040039062,303.09375,2.65625,0.0,3.375,3.375,1.5,0.0,0.875,0.0,1.0,29.125,36.03125,1.0,1.65625,32.09375,32.09375,0.0,3,3 4
1152,617.7958374023438,609.9739990234375,510.2798767089844,290.7562561035156,2.59375,0.0,3.21875,3.21875,1.46875,0.0,0.75,0.0,1.0,29.6875,38.84375,1.0,1.59375,31.6875,31.6875,0.0,3,3 4
1153,711.26806640625,703.5858154296875,591.1109619140625,326.6875,2.8125,0.0,3.53125,3.53125,1.65625,0.0,0.875,0.0,1.0,32.724998474121094,36.375,1.0,1.8125,28.65625,28.65625,0.0,3,3 4
1154,611.4032592773438,605.88232421875,508.43609619140625,280.0249938964844,2.5625,0.0,3.09375,3.09375,1.46875,0.0,0.625,0.0,1.0,30.25,40.6875,1.90625,1.5625,25.3125,25.3125,0.0,3,3 4
1155,617.0717163085938,609.3831787109375,510.9104919433594,272.34375,2.59375,0.0,3.125,3.125,1.4375,0.0,0.71875,0.0,0.96875,30.100000381469727,37.5625,1.0,1.59375,26.59375,26.59375,0.0,3,3 4
1156,713.199951171875,705.6466064453125,595.8185424804688,303.20623779296875,2.78125,0.0,3.40625,3.40625,1.5625,0.0,0.84375,0.0,1.0,34.61249923706055,30.4375,1.0,1.78125,27.0625,27.0625,0.0,3,3 4
1157,644.656005859375,637.9351196289062,534.6570434570312,277.29376220703125,2.6875,0.0,3.25,3.25,1.5625,0.0,0.75,0.0,0.9375,30.768749237060547,33.09375,1.0,1.6875,22.09375,22.09375,0.0,3,3 4
1158,688.1784057617188,682.6246948242188,576.349609375,285.76873779296875,2.71875,0.0,3.4375,3.4375,1.5625,0.0,0.84375,0.0,1.03125,33.60625076293945,35.96875,1.0,1.71875,21.8125,21.8125,0.0,3,3 4
1159,642.8335571289062,636.4772338867188,533.6655883789062,263.3187561035156,2.6875,0.0,3.40625,3.40625,1.53125,0.0,0.90625,0.0,0.96875,28.587499618530273,31.875,1.25,1.6875,18.40625,18.40625,0.0,3,3 2
1160,739.1670532226562,735.0359497070312,619.7359619140625,308.0874938964844,2.90625,0.0,3.5,3.5,1.59375,0.0,0.875,0.0,1.03125,32.40625,34.03125,1.875,1.90625,22.0625,22.0625,0.0,3,3 4
1161,667.0662231445312,661.1195068359375,554.6715087890625,278.26251220703125,2.75,0.0,3.34375,3.34375,1.53125,0.0,0.78125,0.0,1.03125,31.443750381469727,30.6875,1.0,1.75,20.1875,20.1875,0.0,3,3 2
1162,658.2674560546875,651.5809326171875,546.4554443359375,290.10626220703125,2.71875,0.0,3.28125,3.28125,1.46875,0.0,0.875,0.0,0.9375,29.487499237060547,31.71875,1.90625,1.71875,20.71875,20.71875,0.0,3,3 1
1163,618.1910400390625,613.57177734375,515.2290649414062,269.3812561035156,2.59375,0.0,3.15625,3.15625,1.40625,0.0,0.84375,0.0,0.90625,29.506250381469727,33.1875,1.0,1.59375,18.1875,18.1875,0.0,3,3 1
1164,666.248046875,661.2874145507812,554.2886962890625,276.1312561035156,2.78125,0.0,3.21875,3.21875,1.40625,0.0,0.84375,0.0,0.96875,30.581249237060547,28.8125,1.21875,1.78125,16.96875,16.96875,0.0,3,3 4
1165,639.8580322265625,636.2023315429688,534.9156494140625,268.78125,2.65625,0.0,3.21875,3.21875,1.46875,0.0,0.8125,0.0,0.9375,30.056249618530273,36.03125,1.0,1.65625,19.75,19.75,0.0,3,3 4
1166,646.4354248046875,639.4117431640625,537.51123046875,285.4312438964844,2.65625,0.0,3.125,3.125,1.40625,0.03125,0.71875,0.0,0.96875,30.924999237060547,35.09375,1.0,1.65625,17.96875,17.96875,0.0,3,3 4
1167,645.7001953125,638.5950927734375,537.2699584960938,272.07501220703125,2.65625,0.0,3.15625,3.15625,1.40625,0.0,0.75,0.0,1.0,30.743749618530273,36.8125,1.0,1.65625,15.0,15.0,0.0,3,3 4
1168,633.003173828125,627.5968017578125,527.6920776367188,273.11248779296875,2.625,0.0,3.15625,3.15625,1.40625,0.0,0.78125,0.0,0.96875,29.856250762939453,35.75,1.0,1.625,15.0625,15.0625,0.0,3,3 2
1169,593.2517700195312,586.1649169921875,489.8877868652344,272.98748779296875,2.5625,0.0,2.96875,2.96875,1.46875,0.0,0.53125,0.0,0.96875,28.487499237060547,38.125,1.0,1.5625,14.875,14.875,0.0,3,3 2
1170,554.10986328125,549.1226806640625,459.4878845214844,263.2437438964844,2.4375,0.0,2.8125,2.8125,1.34375,0.0,0.5625,0.0,0.90625,26.931249618530273,37.3125,1.46875,1.4375,14.53125,14.53125,0.0,3,3 2
1171,609.5073852539062,605.0123901367188,506.1656799316406,274.0874938964844,2.625,0.0,2.9375,2.9375,1.375,0.0,0.5625,0.0,1.0,28.568750381469727,35.09375,1.0,1.625,13.78125,13.78125,0.0,3,3 4
1172,576.7579956054688,569.9901123046875,477.10626220703125,258.4750061035156,2.5,0.0,3.0,3.0,1.34375,0.0,0.65625,0.0,1.0,27.556249618530273,29.15625,1.0,1.5,12.46875,12.46875,0.0,3,3 4
1173,539.1639404296875,536.455078125,448.86212158203125,229.27499389648438,2.4375,0.0,2.75,2.75,1.25,0.0,0.5,0.0,1.0,26.412500381469727,35.28125,1.0,1.4375,12.15625,12.15625,0.0,3,3 4
1174,637.0703125,633.1067504882812,531.4204711914062,257.95001220703125,2.6875,0.0,3.1875,3.1875,1.53125,0.0,0.6875,0.0,0.96875,28.6875,40.46875,1.0,1.6875,12.21875,12.21875,0.0,3,3 4
1175,561.3233032226562,557.0914916992188,467.4937438964844,235.03750610351562,2.46875,0.0,2.8125,2.8125,1.25,0.0,0.5625,0.0,1.0,27.268749237060547,40.375,1.0625,1.46875,10.53125,10.53125,0.0,3,3 4
1176,624.3936157226562,619.4217529296875,520.7169189453125,258.48126220703125,2.625,0.0,3.0625,3.0625,1.34375,0.0,0.71875,0.0,1.0,29.337499618530273,35.34375,1.0,1.625,10.1875,10.1875,0.0,3,3 4
1177,562.7726440429688,556.8443603515625,466.9085998535156,247.3625030517578,2.46875,0.0,2.71875,2.71875,1.21875,0.03125,0.5,0.0,0.96875,27.806249618530273,35.90625,1.0,1.46875,10.0625,10.0625,0.0,3,3 4
1178,546.0433959960938,540.55078125,452.0208435058594,239.4562530517578,2.4375,0.0,2.84375,2.84375,1.3125,0.0,0.59375,0.0,0.9375,26.706249237060547,36.5,1.0,1.4375,9.71875,9.71875,0.0,3,3 1
1179,663.2783203125,658.0823974609375,553.60595703125,279.98748779296875,2.71875,0.0,3.1875,3.1875,1.5,0.0,0.6875,0.0,1.0,30.774999618530273,36.53125,1.0,1.71875,13.5625,13.5625,0.0,3,3 1
1180,577.0824584960938,570.658203125,477.0426330566406,254.24374389648438,2.53125,0.0,2.9375,2.9375,1.34375,0.0,0.59375,0.0,1.0,26.893749237060547,40.625,1.0,1.53125,10.78125,10.78125,0.0,3,3 4
1181,612.3453369140625,606.8612060546875,508.8243103027344,264.125,2.625,0.0,2.90625,2.90625,1.28125,0.0,0.65625,0.0,0.96875,27.53125,35.0,1.0,1.625,14.59375,14.59375,0.0,3,3 1
1182,649.2340698242188,643.9901733398438,541.1671142578125,278.0562438964844,2.6875,0.0,3.15625,3.15625,1.53125,0.0,0.71875,0.0,0.90625,30.112499237060547,36.78125,1.0,1.6875,14.59375,14.59375,0.0,3,3 4
1183,705.7626342773438,699.6373291015625,587.9732666015625,298.67498779296875,2.84375,0.0,3.40625,3.40625,1.6875,0.0,0.71875,0.0,1.0,31.487499237060547,40.125,1.0,1.84375,18.78125,18.78125,0.0,3,3 4
1184,586.7218627929688,581.5093994140625,486.9796447753906,265.5062561035156,2.53125,0.0,2.9375,2.9375,1.40625,0.0,0.53125,0.0,1.0,28.84375,39.625,1.0,1.53125,17.3125,17.3125,0.0,3,3 1
1185,559.4540405273438,551.7640991210938,460.24688720703125,263.42498779296875,2.46875,0.0,2.96875,2.96875,1.40625,0.0,0.5625,0.0,1.0,26.575000762939453,41.25,1.46875,1.46875,17.40625,17.40625,0.0,3,3 1
1186,538.7268676757812,533.9168090820312,445.07830810546875,265.29998779296875,2.40625,0.0,2.9375,2.9375,1.375,0.0,0.5625,0.0,1.0,26.450000762939453,33.9375,1.0,1.40625,20.5,20.5,0.0,3,3 2
1187,601.36279296875,595.6758422851562,497.37396240234375,290.8999938964844,2.59375,0.0,2.96875,2.96875,1.34375,0.0,0.625,0.0,1.0,27.46875,39.53125,1.0,1.59375,18.5,18.5,0.0,3,3 2
1188,513.6871948242188,507.619384765625,420.24346923828125,262.39373779296875,2.40625,0.0,2.6875,2.6875,1.28125,0.0,0.40625,0.0,1.0,24.6875,40.875,1.0,1.40625,19.3125,19.3125,0.0,3,3 2
1189,446.56585693359375,440.7762756347656,362.42236328125,243.5749969482422,2.25,0.0,2.4375,2.4375,1.15625,0.0,0.28125,0.0,1.0,21.806249618530273,39.90625,1.0,1.25,16.21875,16.21875,0.0,3,3 2
1190,545.8919677734375,536.8419189453125,446.71380615234375,262.29376220703125,2.4375,0.0,3.0,3.0,1.375,0.0,0.65625,0.0,0.96875,25.768749237060547,39.15625,1.0,1.4375,17.625,17.625,0.0,3,3 1
1191,552.4954223632812,545.7366943359375,453.78717041015625,261.35626220703125,2.5,0.0,2.84375,2.84375,1.375,0.0,0.46875,0.0,1.0,25.037500381469727,43.375,1.0,1.5,17.25,17.25,0.0,3,3 0
1192,610.4915771484375,605.2814331054688,505.295654296875,283.3500061035156,2.625,0.0,3.15625,3.15625,1.46875,0.0,0.6875,0.0,1.0,27.462499618530273,38.375,1.0,1.625,19.84375,19.84375,0.0,3,3 1
1193,531.6837158203125,524.8234252929688,435.8758239746094,257.8187561035156,2.4375,0.0,2.875,2.875,1.375,0.0,0.53125,0.0,0.96875,23.231250762939453,42.6875,2.125,1.4375,22.3125,22.3125,0.0,3,3 2
1194,595.3703002929688,587.3728637695312,490.3419494628906,295.8687438964844,2.53125,0.0,3.1875,3.1875,1.40625,0.0,0.78125,0.0,1.0,28.75,33.8125,1.0,1.53125,26.21875,26.21875,0.0,3,3 1
1195,611.1695556640625,602.0045776367188,503.29925537109375,292.96875,2.5625,0.0,3.34375,3.34375,1.53125,0.0,0.8125,0.0,1.0,28.09375,36.96875,1.0,1.5625,25.6875,25.6875,0.0,3,3 2
1196,549.2130737304688,539.0758666992188,447.29754638671875,287.6187438964844,2.4375,0.0,3.09375,3.09375,1.40625,0.0,0.6875,0.0,1.0,25.818750381469727,37.15625,1.0,1.4375,24.5625,24.5625,0.0,3,3 2
1197,576.9197387695312,572.6178588867188,477.60675048828125,271.84375,2.53125,0.0,3.03125,3.03125,1.375,0.0,0.65625,0.0,1.0,27.674999237060547,37.3125,1.0,1.53125,19.6875,19.6875,0.0,3,3 4
1198,560.2182006835938,554.20166015625,462.550048828125,279.1000061035156,2.4375,0.0,3.09375,3.09375,1.40625,0.0,0.6875,0.0,1.0,27.481250762939453,36.9375,1.0,1.4375,20.5625,20.5625,0.0,3,3 2
1199,503.604736328125,494.66241455078125,410.12237548828125,247.47500610351562,2.34375,0.0,2.84375,2.84375,1.28125,0.0,0.5625,0.0,1.0,24.1875,40.46875,1.0,1.34375,18.5625,18.5625,0.0,3,3 4
1200,615.8010864257812,607.10400390625,506.840576171875,299.14373779296875,2.59375,0.0,3.3125,3.3125,1.5625,0.0,0.75,0.0,1.0,28.4375,38.0,1.0,1.59375,16.21875,16.21875,0.0,3,3 4
1201,493.0841369628906,485.20782470703125,402.3255615234375,248.72500610351562,2.3125,0.0,2.71875,2.71875,1.25,0.0,0.46875,0.0,1.0,24.700000762939453,42.21875,1.0,1.3125,14.34375,14.34375,0.0,3,3 4
1202,503.4594421386719,494.8565979003906,410.2583923339844,273.2437438964844,2.3125,0.0,2.875,2.875,1.25,0.0,0.625,0.0,1.0,23.950000762939453,35.59375,2.0,1.3125,16.3125,16.3125,0.0,3,3 4
1203,504.25677490234375,496.5061950683594,412.2957458496094,277.21875,2.28125,0.0,2.96875,2.96875,1.25,0.0,0.75,0.0,0.96875,25.899999618530273,33.46875,2.5,1.28125,18.75,18.75,0.0,3,3 4
1204,535.5548095703125,528.9385986328125,439.49505615234375,275.2562561035156,2.40625,0.0,3.03125,3.03125,1.34375,0.0,0.6875,0.0,1.0,24.962499618530273,39.875,1.0,1.40625,19.34375,19.34375,0.0,3,3 1
1205,580.4308471679688,575.3824462890625,480.53839111328125,282.09375,2.5,0.0,3.1875,3.1875,1.46875,0.0,0.71875,0.0,1.0,27.71875,35.15625,1.0,1.5,18.1875,18.1875,0.0,3,3 1
1206,594.4967041015625,587.2427978515625,490.3190002441406,295.28125,2.53125,0.0,3.15625,3.15625,1.4375,0.0,0.6875,0.0,1.03125,29.012500762939453,35.5,1.0,1.53125,21.0,21.0,0.0,3,3 1
1207,612.8153076171875,605.2335205078125,506.58721923828125,311.2875061035156,2.53125,0.0,3.34375,3.34375,1.53125,0.0,0.84375,0.0,0.96875,29.96875,32.71875,1.0,1.53125,22.34375,22.34375,0.0,3,3 4
1208,554.4124755859375,547.1873168945312,457.1983337402344,268.6937561035156,2.40625,0.0,3.15625,3.15625,1.34375,0.0,0.8125,0.0,1.0,27.037500381469727,38.0625,1.0,1.40625,18.375,18.375,0.0,3,3 1
1209,662.437744140625,656.77587890625,550.1214599609375,323.3125,2.6875,0.0,3.5,3.5,1.6875,0.0,0.8125,0.0,1.0,31.1875,29.75,1.0,1.6875,21.28125,21.28125,0.0,3,3 1
1210,625.5430297851562,618.1627807617188,519.5635986328125,289.5249938964844,2.5625,0.0,3.28125,3.28125,1.4375,0.0,0.84375,0.0,1.0,29.850000381469727,33.21875,1.28125,1.5625,16.8125,16.8125,0.0,3,3 4
1211,638.0165405273438,631.0269165039062,529.567138671875,283.3125,2.625,0.0,3.40625,3.40625,1.53125,0.0,0.875,0.0,1.0,30.106250762939453,34.34375,1.0,1.625,18.625,18.625,0.0,3,3 4
1212,670.43505859375,663.433349609375,556.750732421875,304.11248779296875,2.71875,0.0,3.4375,3.4375,1.625,0.03125,0.78125,0.0,1.0,30.774999618530273,36.40625,1.0,1.71875,17.875,17.875,0.0,3,3 4
1213,639.5140991210938,637.05029296875,534.578125,296.01873779296875,2.625,0.0,3.46875,3.46875,1.5625,0.0,0.90625,0.0,1.0,30.8125,34.4375,1.0,1.625,17.09375,17.09375,0.0,3,3 4
1214,624.5632934570312,618.7159423828125,518.2205200195312,294.1937561035156,2.59375,0.0,3.375,3.375,1.5,0.0,0.875,0.0,1.0,29.712499618530273,26.75,1.0,1.59375,17.625,17.625,0.0,3,3 4
1215,642.030517578125,635.82958984375,532.2400512695312,290.46875,2.65625,0.0,3.53125,3.53125,1.5625,0.0,0.96875,0.0,1.0,29.881250381469727,26.28125,1.0,1.65625,13.1875,13.1875,0.0,3,3 2
1216,620.7230224609375,614.8973999023438,515.9093017578125,292.1187438964844,2.5625,0.0,3.375,3.375,1.53125,0.0,0.84375,0.0,1.0,29.206249237060547,28.40625,1.0,1.5625,16.28125,16.28125,0.0,3,3 1
1217,633.3909912109375,628.6287841796875,527.5217895507812,306.2250061035156,2.59375,0.0,3.34375,3.34375,1.53125,0.0,0.8125,0.0,1.0,30.462499618530273,33.4375,1.0,1.59375,15.75,15.75,0.0,3,3 4
1218,669.5532836914062,663.9475708007812,556.3101196289062,320.14373779296875,2.71875,0.0,3.5,3.5,1.6875,0.0,0.8125,0.0,1.0,30.237499237060547,35.34375,1.0,1.71875,19.03125,19.03125,0.0,3,3 2
1219,733.8822021484375,728.1981811523438,611.4447021484375,315.2437438964844,2.90625,0.0,3.75,3.75,1.78125,0.03125,0.9375,0.0,1.0,32.9375,28.90625,1.0,1.90625,15.59375,15.59375,0.0,3,3 1
1220,682.319091796875,677.9876708984375,570.045654296875,296.51873779296875,2.75,0.0,3.53125,3.53125,1.625,0.0,0.90625,0.0,1.0,30.506250381469727,31.125,1.34375,1.75,13.34375,13.34375,0.0,3,3 2
1221,679.2453002929688,674.9765625,566.4407348632812,299.0249938964844,2.75,0.0,3.625,3.625,1.75,0.0,0.875,0.0,1.0,31.024999618530273,33.5625,1.0,1.75,12.84375,12.84375,0.0,3,3 1
1222,765.0244750976562,758.0211791992188,638.4498901367188,323.4437561035156,2.9375,0.0,3.9375,3.9375,1.90625,0.03125,1.0,0.0,1.0,34.85625076293945,28.3125,1.0,1.9375,16.125,16.125,0.0,3,3 1
1223,687.02197265625,682.7417602539062,574.1295166015625,279.82501220703125,2.78125,0.0,3.53125,3.53125,1.625,0.0,0.875,0.0,1.03125,31.575000762939453,30.59375,1.0,1.78125,11.625,11.625,0.0,3,3 1
1224,741.6112060546875,737.88134765625,622.2066650390625,312.7562561035156,2.875,0.0,3.8125,3.8125,1.8125,0.0,1.0,0.0,1.0,33.537498474121094,34.53125,1.0,1.875,11.4375,11.4375,0.0,3,3 1
1225,735.5603637695312,728.5836181640625,614.7068481445312,310.6187438964844,2.84375,0.0,3.71875,3.71875,1.71875,0.0,1.0,0.0,1.0,33.51874923706055,30.8125,1.0,1.84375,11.59375,11.59375,0.0,3,3 4
1226,679.8003540039062,674.9432373046875,570.06494140625,279.2124938964844,2.6875,0.0,3.5625,3.5625,1.65625,0.0,0.90625,0.0,1.0,32.181251525878906,31.25,1.34375,1.6875,9.1875,9.1875,0.0,3,3 1
1227,775.6883544921875,774.383056640625,653.8279418945312,300.7562561035156,3.0,0.0,3.8125,3.8125,1.875,0.0,0.9375,0.0,1.0,34.818748474121094,32.875,1.0,2.0,12.0625,12.0625,0.0,3,3 2
1228,807.2374267578125,801.1995239257812,677.0618896484375,329.76251220703125,3.03125,0.0,3.96875,3.96875,1.9375,0.0,0.96875,0.0,1.0625,35.900001525878906,30.46875,1.0,2.03125,12.15625,12.15625,0.0,3,3 2
1229,768.5101928710938,763.2088623046875,643.82275390625,308.78125,2.96875,0.0,3.75,3.75,1.75,0.0,0.9375,0.0,1.0625,34.775001525878906,28.1875,1.0,1.96875,9.625,9.625,0.0,3,3 0
1230,787.4642944335938,784.5382080078125,664.4467163085938,290.17498779296875,3.0,0.0,3.84375,3.84375,1.75,0.0,0.96875,0.0,1.125,34.48749923706055,28.3125,1.0,2.0,10.84375,10.84375,0.0,3,3 2
1231,809.471435546875,804.7684326171875,681.1928100585938,320.1937561035156,3.03125,0.0,3.90625,3.90625,1.875,0.0,1.0,0.0,1.03125,36.82500076293945,28.90625,1.0,2.03125,9.96875,9.96875,0.0,3,3 4
1232,795.9335327148438,793.3178100585938,671.1838989257812,299.14373779296875,3.03125,0.0,3.90625,3.90625,1.90625,0.0,0.9375,0.0,1.0625,34.662498474121094,29.09375,1.0,2.03125,10.34375,10.34375,0.0,3,3 0
1233,731.1806640625,729.2610473632812,615.7835083007812,279.375,2.875,0.0,3.71875,3.71875,1.75,0.0,0.9375,0.0,1.03125,32.6875,31.125,1.0,1.875,7.8125,7.8125,0.0,3,3 1
1234,756.2032470703125,754.0135498046875,638.7289428710938,281.9750061035156,2.90625,0.0,3.75,3.75,1.75,0.0,1.0,0.0,1.0,34.01874923706055,29.4375,1.0,1.90625,6.4375,6.4375,0.0,4,4 1
1235,799.6613159179688,796.7274169921875,673.9671630859375,295.375,3.0625,0.0,3.78125,3.78125,1.78125,0.0,0.96875,0.0,1.03125,34.67499923706055,31.9375,1.0,2.0625,7.875,7.875,0.0,3,3 2
1236,728.48974609375,726.183349609375,613.0742797851562,273.8999938964844,2.875,0.0,3.6875,3.6875,1.6875,0.0,1.0,0.0,1.0,32.85625076293945,31.90625,1.0,1.875,8.53125,8.53125,0.0,1,1 3
1237,748.5166625976562,746.5811767578125,631.6070556640625,275.40625,2.90625,0.0,3.75,3.75,1.75,0.0,1.0,0.0,1.0,34.118751525878906,28.84375,1.0,1.90625,9.1875,9.1875,0.0,3,3 2
1238,755.4319458007812,751.9908447265625,635.7069702148438,286.45001220703125,2.9375,0.0,3.65625,3.65625,1.625,0.0,1.0,0.0,1.03125,33.118751525878906,31.96875,1.0,1.9375,10.9375,10.9375,0.0,3,3 0
1239,744.9591064453125,743.1395263671875,627.1898193359375,286.34375,2.9375,0.0,3.5625,3.5625,1.6875,0.0,0.875,0.0,1.0,33.375,33.125,1.0,1.9375,10.875,10.875,0.0,3,3 1
1240,775.4334106445312,773.0211791992188,654.6755981445312,290.5625,2.96875,0.0,3.71875,3.71875,1.71875,0.0,1.0,0.0,1.0,34.75,34.4375,1.0,1.96875,9.3125,9.3125,0.0,1,1 3
1241,822.6688232421875,817.8903198242188,694.1199340820312,304.75,3.0625,0.0,3.84375,3.84375,1.71875,0.0,1.0,0.0,1.125,36.29375076293945,32.375,1.0,2.0625,10.21875,10.21875,0.0,3,3 0
1242,776.4212036132812,774.4650268554688,655.1761474609375,285.3374938964844,3.0,0.0,3.71875,3.71875,1.71875,0.0,0.96875,0.0,1.03125,34.150001525878906,34.5,1.0,2.0,8.25,8.25,0.0,1,1 3
1243,744.0137939453125,742.2378540039062,627.15234375,288.32501220703125,2.90625,0.0,3.6875,3.6875,1.71875,0.0,0.96875,0.0,1.0,32.537498474121094,33.125,1.0,1.90625,7.75,7.75,0.0,3,3 4
1244,746.8868408203125,745.05517578125,628.6614379882812,318.5249938964844,2.90625,0.0,3.59375,3.59375,1.6875,0.0,0.90625,0.0,1.0,33.5,31.21875,1.125,1.90625,7.03125,7.03125,0.0,3,3 2
1245,739.269287109375,738.1286010742188,621.9429931640625,317.21875,2.90625,0.0,3.59375,3.59375,1.71875,0.0,0.875,0.0,1.0,32.70624923706055,34.8125,1.0,1.90625,6.53125,6.53125,0.0,3,3 4
1246,733.5118408203125,730.0418701171875,614.70751953125,327.6187438964844,2.875,0.0,3.5625,3.5625,1.65625,0.0,0.875,0.0,1.03125,33.07500076293945,33.125,1.0,1.875,6.34375,6.34375,0.0,3,3 2
1247,798.315185546875,795.0662841796875,672.8214721679688,335.1625061035156,3.0,0.0,3.75,3.75,1.875,0.0,0.84375,0.0,1.03125,36.037498474121094,31.28125,1.6875,2.0,6.1875,6.1875,0.0,3,3 2
1248,728.1649169921875,724.8168334960938,609.680419921875,325.1875,2.875,0.0,3.5625,3.5625,1.71875,0.0,0.84375,0.0,1.0,32.650001525878906,35.3125,1.0,1.875,5.875,5.875,0.0,3,3 0
1249,760.5474243164062,755.4188232421875,635.2965087890625,340.0562438964844,2.96875,0.0,3.59375,3.59375,1.75,0.0,0.8125,0.0,1.03125,33.650001525878906,34.0625,1.0,1.96875,10.0,10.0,0.0,3,3 0
1250,731.643310546875,730.6119384765625,615.7282104492188,312.34375,2.875,0.0,3.625,3.625,1.75,0.0,0.875,0.0,1.0,33.42499923706055,32.40625,1.6875,1.875,8.78125,8.78125,0.0,3,3 1
1251,754.4651489257812,750.4095458984375,632.8040161132812,331.63751220703125,2.90625,0.0,3.6875,3.6875,1.8125,0.0,0.84375,0.0,1.03125,34.506248474121094,34.34375,1.0,1.90625,12.0,12.0,0.0,3,3 0
1252,788.32958984375,786.0909423828125,663.558837890625,315.9125061035156,3.03125,0.0,3.8125,3.8125,1.875,0.0,0.90625,0.0,1.03125,34.29999923706055,33.375,1.0,2.03125,11.34375,11.34375,0.0,3,3 2
1253,850.34375,845.6025390625,717.1246337890625,320.8500061035156,3.15625,0.0,3.8125,3.8125,1.78125,0.0,0.9375,0.0,1.09375,36.79375076293945,30.375,1.0,2.15625,13.5,13.5,0.0,3,3 0
1254,796.7327270507812,793.59521484375,670.2581787109375,332.64373779296875,3.03125,0.0,3.78125,3.78125,1.75,0.0,0.96875,0.0,1.0625,34.818748474121094,29.3125,1.0,2.03125,11.375,11.375,0.0,3,3 4
1255,762.2822265625,760.126220703125,642.3506469726562,326.75,2.90625,0.0,3.8125,3.8125,1.84375,0.0,0.9375,0.0,1.03125,34.03125,28.46875,1.125,1.90625,13.21875,13.21875,0.0,3,3 1
1256,809.2105712890625,805.4064331054688,678.7438354492188,349.15625,3.09375,0.0,3.75,3.75,1.78125,0.0,0.9375,0.0,1.03125,34.818748474121094,33.15625,1.0,2.09375,16.53125,16.53125,0.0,3,3 1
1257,812.6943969726562,810.0597534179688,685.9068603515625,327.58123779296875,3.0625,0.0,3.65625,3.65625,1.65625,0.0,0.9375,0.0,1.0625,36.243751525878906,30.875,1.6875,2.0625,15.0625,15.0625,0.0,3,3 1
1258,743.079345703125,740.654541015625,626.461669921875,305.0375061035156,2.875,0.0,3.53125,3.53125,1.59375,0.0,0.84375,0.0,1.09375,33.70000076293945,28.90625,1.0,1.875,14.96875,14.96875,0.0,3,3 1
1259,729.83203125,726.0914916992188,612.312744140625,297.8125,2.875,0.0,3.53125,3.53125,1.59375,0.0,0.9375,0.0,1.0,33.40625,31.4375,1.0,1.875,7.96875,7.96875,0.0,3,3 2
1260,774.2720336914062,771.7432861328125,651.9349365234375,314.20623779296875,2.96875,0.0,3.8125,3.8125,1.90625,0.0,0.84375,0.03125,1.03125,34.224998474121094,33.75,1.0,1.96875,9.84375,9.84375,0.0,3,3 0
1261,758.2869262695312,755.0946044921875,638.6689453125,305.8374938964844,2.90625,0.0,3.6875,3.6875,1.75,0.0,0.9375,0.0,1.0,35.118751525878906,28.96875,1.15625,1.90625,10.375,10.375,0.0,3,3 0
1262,811.5445556640625,807.5055541992188,682.494384765625,329.29376220703125,3.0625,0.0,3.875,3.875,1.84375,0.0,1.0,0.0,1.03125,35.67499923706055,32.625,1.0,2.0625,11.21875,11.21875,0.0,3,3 1
1263,752.6464233398438,747.6962280273438,630.0308837890625,317.73126220703125,2.9375,0.0,3.59375,3.59375,1.65625,0.0,0.9375,0.0,1.0,33.493751525878906,31.4375,1.0,1.9375,13.15625,13.15625,0.0,3,3 4
1264,765.4756469726562,761.9144287109375,643.1322021484375,313.5687561035156,2.96875,0.0,3.59375,3.59375,1.625,0.0,0.96875,0.0,1.0,33.5625,29.40625,1.0,1.96875,13.09375,13.09375,0.0,3,3 1
1265,768.7950439453125,765.63671875,646.013427734375,303.78125,3.0,0.0,3.59375,3.59375,1.65625,0.0,0.875,0.0,1.0625,33.662498474121094,30.9375,1.0,2.0,14.09375,14.09375,0.0,3,3 1
1266,773.7169189453125,770.2481689453125,649.9750366210938,308.6499938964844,3.0,0.0,3.65625,3.65625,1.6875,0.0,0.9375,0.0,1.03125,34.53125,28.3125,1.0,2.0,15.0,15.0,0.0,3,3 1
1267,784.8326416015625,782.3699951171875,659.0932006835938,337.61248779296875,3.03125,0.0,3.65625,3.65625,1.78125,0.0,0.875,0.0,1.0,35.881248474121094,29.15625,1.0,2.03125,17.40625,17.40625,0.0,3,3 4
1268,741.3516845703125,736.1546630859375,621.0404052734375,309.39373779296875,2.875,0.0,3.65625,3.65625,1.71875,0.0,0.90625,0.0,1.03125,34.83124923706055,27.71875,1.0,1.875,11.96875,11.96875,0.0,3,3 4
1269,779.6383666992188,776.2422485351562,656.2251586914062,337.7562561035156,2.96875,0.0,3.5,3.5,1.6875,0.0,0.78125,0.0,1.03125,35.787498474121094,27.46875,1.0,1.96875,11.65625,11.65625,0.0,3,3 1
1270,773.095947265625,770.3369750976562,652.1704711914062,320.51873779296875,2.90625,0.0,3.90625,3.90625,1.8125,0.0,1.0,0.0,1.09375,35.849998474121094,25.84375,1.0,1.90625,12.1875,12.1875,0.0,3,3 4
1271,765.0134887695312,762.0411987304688,643.239013671875,318.4437561035156,2.9375,0.0,3.8125,3.8125,1.84375,0.0,0.96875,0.0,1.0,34.75,28.34375,1.0,1.9375,11.875,11.875,0.0,3,3 1
1272,755.1605224609375,752.1556396484375,636.1802978515625,319.25,2.875,0.0,3.71875,3.71875,1.78125,0.0,0.9375,0.0,1.0,35.48749923706055,27.875,1.0,1.875,10.65625,10.65625,0.0,3,3 0
1273,762.1258544921875,756.77587890625,638.3378295898438,314.42498779296875,2.9375,0.0,3.78125,3.78125,1.8125,0.0,0.9375,0.0,1.03125,34.537498474121094,28.5625,1.0,1.9375,11.28125,11.28125,0.0,3,3 4
1274,719.7244262695312,715.7989501953125,602.3587646484375,305.6000061035156,2.84375,0.0,3.71875,3.71875,1.78125,0.0,0.9375,0.0,1.0,32.48749923706055,31.0,1.0,1.84375,11.625,11.625,0.0,3,3 4
1275,782.9583129882812,777.9512939453125,656.4530029296875,329.84375,3.0,0.0,3.65625,3.65625,1.78125,0.0,0.84375,0.0,1.03125,35.45000076293945,32.21875,1.0,2.0,9.96875,9.96875,0.0,3,3 1
1276,691.7110595703125,689.9746704101562,581.1771240234375,312.6000061035156,2.75,0.0,3.4375,3.4375,1.71875,0.0,0.71875,0.0,1.0,32.875,35.46875,1.0,1.75,10.09375,10.09375,0.0,3,3 1
1277,729.657958984375,724.0174560546875,609.6510620117188,313.1000061035156,2.875,0.0,3.5,3.5,1.5625,0.0,0.875,0.03125,1.03125,33.118751525878906,29.5625,1.0,1.875,12.0,12.0,0.0,3,3 1
1278,695.6592407226562,689.2137451171875,579.7723999023438,306.45623779296875,2.78125,0.0,3.375,3.375,1.6875,0.0,0.6875,0.0,1.0,32.256248474121094,30.65625,1.0,1.78125,11.15625,11.15625,0.0,3,3 2
1279,771.6983642578125,767.8409423828125,648.3001708984375,315.9312438964844,2.96875,0.0,3.65625,3.65625,1.84375,0.0,0.8125,0.0,1.0,35.73125076293945,33.96875,1.0,1.96875,12.3125,12.3125,0.0,3,3 2
1280,776.9320678710938,771.5565185546875,650.3380126953125,326.86248779296875,3.0,0.0,3.625,3.625,1.875,0.0,0.71875,0.0,1.03125,35.41875076293945,30.5,1.0,2.0,13.90625,13.90625,0.0,3,3 4
1281,755.6929931640625,751.7508544921875,632.9923095703125,314.3812561035156,2.96875,0.0,3.5625,3.5625,1.75,0.0,0.8125,0.0,1.0,33.900001525878906,34.3125,1.0,1.96875,17.375,17.375,0.0,3,3 1
1282,764.2181396484375,760.4169921875,639.8547973632812,338.54376220703125,2.96875,0.0,3.65625,3.65625,1.84375,0.0,0.8125,0.0,1.0,35.125,29.6875,1.0,1.96875,19.625,19.625,0.0,3,3 2
1283,657.4405517578125,651.2171630859375,546.8607177734375,296.79376220703125,2.6875,0.0,3.21875,3.21875,1.59375,0.0,0.59375,0.0,1.03125,32.037498474121094,36.03125,1.0,1.6875,15.5625,15.5625,0.0,3,3 2
1284,736.5365600585938,732.918212890625,617.8985595703125,296.98748779296875,2.90625,0.0,3.53125,3.53125,1.625,0.0,0.875,0.0,1.03125,33.23749923706055,34.84375,1.0,1.90625,11.21875,11.21875,0.0,3,3 0
1285,728.3974609375,724.2091064453125,609.6834106445312,293.1187438964844,2.90625,0.0,3.5,3.5,1.6875,0.0,0.78125,0.0,1.03125,32.26250076293945,34.8125,1.0,1.90625,10.46875,10.46875,0.0,3,3 0
1286,674.895751953125,670.6375122070312,562.8756103515625,294.84375,2.78125,0.0,3.15625,3.15625,1.53125,0.0,0.625,0.0,1.0,31.012500762939453,33.8125,1.0,1.78125,9.15625,9.15625,0.0,3,3 1
1287,781.2392578125,774.3682861328125,653.2598876953125,323.73748779296875,3.0,0.0,3.65625,3.65625,1.71875,0.0,0.875,0.0,1.0625,34.98125076293945,36.09375,1.0,2.0,11.40625,11.40625,0.0,3,3 4
1288,696.8193969726562,691.6111450195312,582.5083618164062,308.21875,2.78125,0.0,3.28125,3.28125,1.53125,0.0,0.6875,0.0,1.0625,31.96875,38.3125,1.0,1.78125,12.78125,12.78125,0.0,3,3 1
1289,729.6324462890625,722.5411376953125,608.8211059570312,306.54998779296875,2.875,0.0,3.375,3.375,1.65625,0.0,0.71875,0.0,1.0,34.125,35.71875,1.0,1.875,13.5625,13.5625,0.0,3,3 0
1290,699.631103515625,697.7333984375,587.8800048828125,307.91876220703125,2.78125,0.0,3.4375,3.4375,1.53125,0.0,0.84375,0.0,1.0625,32.75,33.15625,1.0,1.78125,12.5,12.5,0.0,2,2 3
1291,669.5846557617188,665.2108764648438,558.71826171875,306.79998779296875,2.71875,0.0,3.34375,3.34375,1.625,0.0,0.71875,0.0,1.0,31.056249618530273,36.6875,1.96875,1.71875,14.375,14.375,0.0,3,3 2
1292,610.2901000976562,606.9656372070312,509.19158935546875,285.8812561035156,2.5625,0.0,3.125,3.125,1.4375,0.0,0.65625,0.0,1.03125,29.75,37.8125,1.6875,1.5625,17.65625,17.65625,0.0,3,3 0
1293,572.2699584960938,567.9237670898438,476.0596618652344,270.28125,2.46875,0.0,2.84375,2.84375,1.34375,0.0,0.5,0.0,1.0,29.375,35.15625,1.0,1.46875,16.78125,16.78125,0.0,3,3 0
1294,726.8456420898438,723.5046997070312,610.0198974609375,313.61248779296875,2.84375,0.0,3.5625,3.5625,1.65625,0.0,0.78125,0.0,1.125,33.98125076293945,34.5625,1.0,1.84375,22.28125,22.28125,0.0,3,3 0
1295,633.9978637695312,628.3837890625,529.2070922851562,298.5375061035156,2.5625,0.0,3.21875,3.21875,1.4375,0.0,0.75,0.0,1.03125,31.943750381469727,29.71875,1.0,1.5625,18.625,18.625,0.0,3,3 0
1296,623.86376953125,620.2860107421875,521.7073974609375,294.8374938964844,2.5625,0.0,3.15625,3.15625,1.46875,0.0,0.6875,0.0,1.0,31.037500381469727,34.96875,1.0,1.5625,18.25,18.25,0.0,3,3 4
1297,615.608154296875,612.4256591796875,513.9652099609375,291.54998779296875,2.5625,0.0,3.1875,3.1875,1.46875,0.0,0.6875,0.0,1.03125,30.600000381469727,35.8125,1.0,1.5625,18.59375,18.59375,0.0,3,3 0
1298,485.44256591796875,480.299560546875,401.4171447753906,251.71875,2.21875,0.0,2.59375,2.59375,1.09375,0.0,0.5,0.0,1.0,26.299999237060547,35.84375,2.40625,1.21875,22.0625,22.0625,0.0,3,3 0
1299,552.6271362304688,545.510498046875,457.53973388671875,264.3374938964844,2.375,0.0,2.96875,2.96875,1.34375,0.0,0.625,0.0,1.0,28.493749618530273,35.71875,1.0,1.375,20.9375,20.9375,0.0,3,3 1
1300,567.2457885742188,562.5958251953125,470.1529846191406,278.9937438964844,2.46875,0.0,2.90625,2.90625,1.34375,0.0,0.5625,0.0,1.0,28.78125,39.25,1.0,1.46875,24.40625,24.40625,0.0,3,3 4
1301,498.0128173828125,493.972412109375,412.27032470703125,251.24374389648438,2.28125,0.0,2.625,2.625,1.25,0.0,0.375,0.0,1.0,26.818750381469727,40.25,1.0,1.28125,23.90625,23.90625,0.0,3,3 2
1302,494.97552490234375,489.42138671875,407.39971923828125,237.75625610351562,2.3125,0.0,2.59375,2.59375,1.25,0.0,0.375,0.0,0.96875,25.743749618530273,44.0625,1.0,1.3125,21.3125,21.3125,0.0,3,3 1
1303,469.87237548828125,464.7935485839844,387.3894958496094,236.18124389648438,2.21875,0.0,2.4375,2.4375,1.1875,0.0,0.25,0.0,1.0,25.875,42.6875,1.0,1.21875,22.0,22.0,0.0,3,3 4
1304,461.7957458496094,455.6990661621094,379.02923583984375,223.34375,2.21875,0.0,2.40625,2.40625,1.1875,0.0,0.21875,0.0,1.0,26.056249618530273,47.96875,1.0,1.21875,19.0,19.0,0.0,3,3 4
1305,406.7737731933594,401.03753662109375,331.7769470214844,211.7062530517578,2.09375,0.0,2.09375,2.09375,1.03125,0.0,0.0625,0.0,1.0,24.237499237060547,46.78125,1.0,1.09375,20.53125,20.53125,0.0,3,3 2
1306,430.79547119140625,424.5807189941406,351.86871337890625,211.97500610351562,2.15625,0.0,2.28125,2.28125,1.15625,0.0,0.125,0.0,1.0,24.587499618530273,48.90625,1.0,1.15625,17.21875,17.21875,0.0,3,3 2
1307,472.6302490234375,466.48016357421875,388.20172119140625,232.28125,2.25,0.0,2.40625,2.40625,1.15625,0.0,0.25,0.0,1.0,25.21875,45.0625,1.0,1.25,17.59375,17.59375,0.0,3,3 2
1308,429.54437255859375,424.6023864746094,352.0428466796875,215.03125,2.15625,0.0,2.1875,2.1875,1.125,0.0,0.0625,0.0,1.0,24.975000381469727,49.6875,1.0,1.15625,18.6875,18.6875,0.0,3,3 4
1309,404.71478271484375,399.6630859375,331.80828857421875,206.2375030517578,2.0625,0.0,2.125,2.125,1.0,0.0,0.125,0.0,1.0,24.543750762939453,48.03125,1.0,1.0625,16.5,16.5,0.0,3,3 4
1310,438.37969970703125,434.56866455078125,360.5987243652344,229.15625,2.15625,0.0,2.4375,2.4375,1.125,0.0,0.3125,0.0,1.0,23.331249237060547,43.25,1.28125,1.15625,18.46875,18.46875,0.0,3,3 2
1311,434.07879638671875,428.55316162109375,353.0453796386719,241.3000030517578,2.1875,0.0,2.3125,2.3125,1.09375,0.0,0.21875,0.0,1.0,23.987499237060547,46.21875,1.0,1.1875,21.25,21.25,0.0,3,3 2
1312,430.8786315917969,425.9612731933594,351.78265380859375,244.6374969482422,2.15625,0.0,2.28125,2.28125,1.0625,0.0,0.21875,0.0,1.0,23.662500381469727,47.78125,1.28125,1.15625,23.53125,23.53125,0.0,3,3 2
1313,494.5730895996094,488.3099670410156,402.6177673339844,280.90625,2.34375,0.0,2.65625,2.65625,1.21875,0.0,0.4375,0.0,1.0,25.46875,44.5625,1.0,1.34375,32.0,32.0,0.0,3,3 4
1314,570.9996948242188,565.5613403320312,469.37371826171875,308.29998779296875,2.53125,0.0,2.875,2.875,1.28125,0.0,0.59375,0.0,1.0,27.556249618530273,41.84375,2.0625,1.53125,35.71875,35.71875,0.0,3,3 4
1315,520.7078247070312,515.18017578125,427.0450134277344,290.88751220703125,2.375,0.0,2.71875,2.71875,1.21875,0.0,0.46875,0.03125,1.0,27.587499618530273,42.0,1.0,1.375,32.84375,32.84375,0.0,3,3 0
1316,539.6917114257812,534.740234375,443.38848876953125,299.5874938964844,2.4375,0.0,2.78125,2.78125,1.21875,0.0,0.5625,0.0,1.0,27.068750381469727,39.4375,1.25,1.4375,33.75,33.75,0.0,3,3 2
1317,520.3060913085938,515.0286254882812,427.1155700683594,288.8500061035156,2.375,0.0,2.75,2.75,1.1875,0.0,0.5625,0.0,1.0,26.225000381469727,37.28125,1.28125,1.375,36.53125,36.53125,0.0,3,3 4
1318,495.8167419433594,491.4091796875,406.9796142578125,283.84375,2.3125,0.0,2.59375,2.59375,1.1875,0.0,0.40625,0.0,1.0,26.318750381469727,44.90625,1.28125,1.3125,34.78125,34.78125,0.0,3,3 2
1319,506.15411376953125,498.92401123046875,410.380859375,305.2562561035156,2.375,0.0,2.75,2.75,1.21875,0.0,0.53125,0.0,1.0,25.168750762939453,40.75,1.90625,1.375,49.9375,49.9375,0.0,3,3 2
1320,489.55877685546875,482.34893798828125,398.8587341308594,291.73126220703125,2.28125,0.0,2.625,2.625,1.15625,0.0,0.46875,0.0,1.0,25.506250381469727,37.4375,3.125,1.28125,48.625,48.625,0.0,3,3 2
1321,443.8833312988281,437.583740234375,360.7747497558594,251.5124969482422,2.1875,0.0,2.53125,2.53125,1.15625,0.0,0.375,0.0,1.0,23.518749237060547,43.46875,1.96875,1.1875,35.71875,35.71875,0.0,3,3 4
1322,536.864013671875,529.9765625,439.65679931640625,279.5562438964844,2.4375,0.0,2.78125,2.78125,1.1875,0.0,0.59375,0.0,1.0,26.899999618530273,39.875,1.0,1.4375,28.84375,28.84375,0.0,3,3 2
1323,554.66650390625,548.151123046875,454.46795654296875,288.8062438964844,2.5,0.0,2.84375,2.84375,1.34375,0.0,0.5,0.0,1.0,27.043750762939453,42.9375,1.0,1.5,29.875,29.875,0.0,3,3 2
1324,575.8800048828125,571.5255126953125,476.287841796875,285.85626220703125,2.53125,0.0,2.90625,2.90625,1.25,0.0,0.65625,0.0,1.0,27.818750381469727,39.5,1.0,1.53125,30.125,30.125,0.0,3,3 2
1325,685.2036743164062,681.6175537109375,571.4221801757812,324.4375,2.78125,0.0,3.375,3.375,1.53125,0.0,0.84375,0.0,1.0,31.450000762939453,32.15625,1.0,1.78125,33.09375,33.09375,0.0,3,3 2
1326,675.2297973632812,670.5169067382812,561.7954711914062,295.2250061035156,2.78125,0.0,3.4375,3.4375,1.59375,0.0,0.84375,0.0,1.0,29.987499237060547,36.59375,1.0,1.78125,31.65625,31.65625,0.0,3,3 2
1327,759.1781005859375,755.9737548828125,636.4329833984375,318.2875061035156,2.96875,0.0,3.75,3.75,1.8125,0.0,0.9375,0.0,1.0,32.993751525878906,38.6875,1.0,1.96875,29.0,29.0,0.0,3,3 2
1328,706.9646606445312,701.84765625,589.5396728515625,322.3374938964844,2.8125,0.0,3.53125,3.53125,1.71875,0.0,0.8125,0.0,1.0,33.006248474121094,40.03125,1.0,1.8125,23.875,23.875,0.0,3,3 2
1329,692.0302124023438,686.6827392578125,574.64453125,326.39373779296875,2.8125,0.0,3.5,3.5,1.65625,0.0,0.84375,0.0,1.0,31.075000762939453,39.71875,1.0,1.8125,29.25,29.25,0.0,3,3 0
1330,730.2750854492188,725.9767456054688,609.6886596679688,317.89373779296875,2.90625,0.0,3.625,3.625,1.6875,0.0,0.9375,0.0,1.0,32.39374923706055,38.28125,1.0,1.90625,24.90625,24.90625,0.0,3,3 4
1331,663.3822631835938,658.779296875,552.3792724609375,307.26873779296875,2.71875,0.0,3.3125,3.3125,1.5625,0.0,0.75,0.0,1.0,31.106250762939453,40.65625,1.0,1.71875,25.5,25.5,0.0,3,3 4
1332,660.0625,654.1744384765625,547.7902221679688,284.4125061035156,2.75,0.0,3.34375,3.34375,1.59375,0.0,0.71875,0.0,1.03125,29.381250381469727,40.875,1.0,1.75,23.625,23.625,0.0,3,3 1
1333,603.25732421875,597.3035888671875,498.2793884277344,286.45001220703125,2.59375,0.0,3.1875,3.1875,1.5,0.0,0.6875,0.0,1.0,27.856250762939453,38.75,1.0,1.59375,22.34375,22.34375,0.0,3,3 1
1334,703.1538696289062,696.26171875,585.0374755859375,299.7124938964844,2.8125,0.0,3.59375,3.59375,1.71875,0.0,0.875,0.0,1.0,31.881250381469727,39.03125,1.0,1.8125,28.375,28.375,0.0,3,3 2
1335,682.3259887695312,676.450439453125,567.7635498046875,288.95001220703125,2.78125,0.0,3.46875,3.46875,1.71875,0.0,0.75,0.0,1.0,30.84375,42.28125,1.0,1.78125,25.9375,25.9375,0.0,3,3 2
1336,706.2008666992188,701.4779052734375,588.8605346679688,300.76251220703125,2.84375,0.0,3.59375,3.59375,1.75,0.0,0.8125,0.0,1.03125,32.037498474121094,37.6875,1.0,1.84375,25.59375,25.59375,0.0,3,3 2
1337,676.3578491210938,671.6866455078125,565.1334228515625,295.41876220703125,2.71875,0.0,3.53125,3.53125,1.625,0.0,0.90625,0.0,1.0,30.387500762939453,35.75,1.0,1.71875,27.9375,27.9375,0.0,3,3 2
1338,645.8924560546875,639.5035400390625,537.8013916015625,273.6187438964844,2.65625,0.0,3.28125,3.28125,1.53125,0.0,0.71875,0.0,1.03125,29.631250381469727,37.96875,1.0,1.65625,23.40625,23.40625,0.0,3,3 2
1339,637.0105590820312,629.5889892578125,529.0433349609375,273.11248779296875,2.625,0.0,3.34375,3.34375,1.53125,0.0,0.8125,0.0,1.0,29.25,32.5,1.0,1.625,25.1875,25.1875,0.0,3,3 2
1340,698.2467041015625,690.5838623046875,581.45361328125,291.35626220703125,2.78125,0.0,3.5,3.5,1.625,0.0,0.8125,0.0,1.0625,31.943750381469727,33.4375,1.0,1.78125,27.21875,27.21875,0.0,3,3 2
1341,657.62939453125,652.7078247070312,548.8931274414062,276.76873779296875,2.6875,0.0,3.34375,3.34375,1.625,0.0,0.75,0.0,0.96875,31.8125,40.09375,1.0,1.6875,23.75,23.75,0.0,3,3 1
1342,666.54345703125,663.8251953125,558.6377563476562,275.5375061035156,2.71875,0.0,3.4375,3.4375,1.65625,0.0,0.78125,0.0,1.0,30.40625,36.78125,1.0,1.71875,20.5,20.5,0.0,3,3 0
1343,593.1013793945312,588.4057006835938,494.1078186035156,252.1750030517578,2.53125,0.0,3.0625,3.0625,1.4375,0.0,0.625,0.0,1.0,28.481250762939453,37.125,1.0,1.53125,17.59375,17.59375,0.0,3,3 0
1344,601.0843505859375,596.4660034179688,502.219970703125,262.1875,2.5,0.0,3.21875,3.21875,1.46875,0.0,0.75,0.0,1.0,29.231250762939453,34.5625,1.0,1.5,17.875,17.875,0.0,3,3 0
1345,559.4070434570312,552.5465698242188,464.14617919921875,251.63125610351562,2.40625,0.0,2.96875,2.96875,1.375,0.0,0.59375,0.0,1.0,27.118749618530273,30.625,1.0,1.40625,16.625,16.625,0.0,3,3 0
1346,631.9031982421875,628.24658203125,526.9373168945312,276.54998779296875,2.65625,0.0,3.15625,3.15625,1.53125,0.0,0.625,0.0,1.0,29.412500381469727,41.6875,1.0,1.65625,12.1875,12.1875,0.0,3,3 4
1347,587.3334350585938,583.4156494140625,489.0125427246094,268.0062561035156,2.5,0.0,3.21875,3.21875,1.46875,0.0,0.75,0.0,1.0,28.487499237060547,35.84375,1.0,1.5,12.125,12.125,0.0,3,3 4
1348,548.7493286132812,544.4271240234375,456.4256286621094,260.6000061035156,2.375,0.0,3.09375,3.09375,1.34375,0.0,0.75,0.0,1.0,26.924999237060547,30.75,1.0,1.375,11.375,11.375,0.0,3,3 4
1349,544.4723510742188,540.3243408203125,451.51806640625,272.20001220703125,2.40625,0.0,2.84375,2.84375,1.3125,0.0,0.53125,0.0,1.0,26.4375,33.03125,1.0,1.40625,14.75,14.75,0.0,3,3 1
1350,625.0321044921875,620.9777221679688,521.4942626953125,280.79998779296875,2.59375,0.0,3.3125,3.3125,1.5625,0.0,0.75,0.0,1.0,29.200000762939453,31.3125,1.0,1.59375,13.21875,13.21875,0.0,3,3 1
1351,616.7459716796875,610.1641845703125,512.7387084960938,287.8062438964844,2.5625,0.0,3.0,3.0,1.40625,0.0,0.59375,0.0,1.0,30.056249618530273,33.125,1.0,1.5625,14.125,14.125,0.0,3,3 2
1352,608.205810546875,602.183349609375,508.3096618652344,273.51873779296875,2.46875,0.0,3.25,3.25,1.40625,0.0,0.8125,0.0,1.03125,30.612499237060547,29.375,1.0,1.46875,13.0625,13.0625,0.0,3,3 2
1353,528.6394653320312,524.7454833984375,440.17144775390625,239.0187530517578,2.34375,0.0,2.875,2.875,1.28125,0.0,0.59375,0.0,1.0,26.03125,34.4375,1.0,1.34375,9.0,9.0,0.0,3,3 1
1354,598.781982421875,597.222900390625,502.12127685546875,264.8500061035156,2.53125,0.0,3.09375,3.09375,1.46875,0.0,0.625,0.0,1.0,28.731250762939453,36.625,1.0,1.53125,10.3125,10.3125,0.0,3,3 0
1355,572.7294311523438,566.8058471679688,476.26214599609375,263.7437438964844,2.4375,0.0,3.0,3.0,1.375,0.0,0.625,0.0,1.0,27.674999237060547,33.03125,2.6875,1.4375,11.4375,11.4375,0.0,3,3 2
1356,616.0580444335938,610.2037353515625,512.1812133789062,291.38751220703125,2.5625,0.0,3.15625,3.15625,1.5,0.0,0.65625,0.0,1.0,28.90625,31.6875,1.0,1.5625,11.40625,11.40625,0.0,3,3 1
1357,651.4070434570312,648.6502075195312,543.7902221679688,298.21875,2.71875,0.0,3.09375,3.09375,1.5,0.0,0.59375,0.0,1.0,29.924999237060547,38.09375,1.0,1.71875,16.375,16.375,0.0,3,3 2
1358,573.9965209960938,567.397705078125,475.2447204589844,273.39373779296875,2.46875,0.0,2.96875,2.96875,1.3125,0.0,0.65625,0.0,1.0,27.337499618530273,31.5,1.0,1.46875,13.21875,13.21875,0.0,3,3 2
1359,534.6527709960938,529.0697631835938,442.5809631347656,253.49374389648438,2.375,0.0,2.875,2.875,1.3125,0.0,0.625,0.0,0.9375,25.356250762939453,33.78125,1.0,1.375,14.875,14.875,0.0,3,3 2
1360,554.4998779296875,550.6334838867188,459.8475646972656,260.53125,2.46875,0.0,2.84375,2.84375,1.375,0.0,0.5,0.0,0.96875,26.09375,38.78125,1.6875,1.46875,13.71875,13.71875,0.0,3,3 2
1361,585.91162109375,579.5262451171875,486.02398681640625,266.3187561035156,2.5,0.0,3.03125,3.03125,1.40625,0.0,0.59375,0.0,1.03125,28.118749618530273,38.25,1.0,1.5,13.90625,13.90625,0.0,3,3 2
1362,619.1834716796875,611.6422119140625,511.93603515625,283.1000061035156,2.625,0.0,3.03125,3.03125,1.4375,0.0,0.59375,0.0,1.0,28.756250381469727,40.3125,1.0,1.625,14.65625,14.65625,0.0,3,3 4
1363,602.4892578125,596.2610473632812,500.0980529785156,266.76251220703125,2.5625,0.0,3.03125,3.03125,1.375,0.0,0.625,0.0,1.03125,28.193750381469727,37.875,1.0,1.5625,9.28125,9.28125,0.0,3,3 4
1364,630.6840209960938,625.4714965820312,526.8603515625,273.1312561035156,2.59375,0.0,3.15625,3.15625,1.40625,0.0,0.71875,0.0,1.03125,29.956249237060547,32.96875,1.0,1.59375,8.125,8.125,0.0,3,3 4
1365,597.0305786132812,592.6024169921875,499.68463134765625,267.48126220703125,2.46875,0.0,3.15625,3.15625,1.375,0.0,0.84375,0.0,0.9375,29.0625,26.125,1.25,1.46875,6.90625,6.90625,0.0,3,3 1
1366,610.5861206054688,606.1950073242188,509.64324951171875,266.61248779296875,2.5625,0.0,3.09375,3.09375,1.46875,0.0,0.625,0.0,1.0,29.006250381469727,32.53125,1.0,1.5625,7.71875,7.71875,0.0,3,3 0
1367,648.4329833984375,642.673828125,541.6876220703125,288.6187438964844,2.625,0.0,3.1875,3.1875,1.46875,0.0,0.71875,0.0,1.0,30.862499237060547,33.6875,1.0,1.625,8.40625,8.40625,0.0,3,3 4
1368,587.8961181640625,584.2850341796875,492.1327209472656,261.60626220703125,2.46875,0.0,3.0625,3.0625,1.3125,0.0,0.78125,0.0,0.96875,28.524999618530273,28.84375,1.0,1.46875,6.875,6.875,0.0,3,3 2
1369,639.90966796875,636.0001220703125,535.9594116210938,268.78125,2.625,0.0,3.25,3.25,1.46875,0.0,0.78125,0.0,1.0,29.731250762939453,31.1875,1.0,1.625,9.90625,9.90625,0.0,3,3 4
1370,646.9553833007812,643.3307495117188,543.679931640625,278.8812561035156,2.59375,0.0,3.3125,3.3125,1.46875,0.0,0.84375,0.0,1.0,30.662500381469727,23.4375,1.0,1.59375,10.125,10.125,0.0,3,3 2
1371,603.9777221679688,600.5662231445312,505.5835876464844,258.8187561035156,2.53125,0.0,3.15625,3.15625,1.46875,0.0,0.6875,0.0,1.0,28.356250762939453,26.125,1.25,1.53125,11.0625,11.0625,0.0,3,3 2
1372,649.0225830078125,644.8414306640625,542.9651489257812,286.09375,2.65625,0.0,3.125,3.125,1.40625,0.0,0.71875,0.0,1.0,30.606250762939453,31.65625,1.0,1.65625,10.15625,10.15625,0.0,3,3 2
1373,671.7857666015625,668.2933349609375,563.58447265625,296.4312438964844,2.6875,0.0,3.3125,3.3125,1.5625,0.0,0.75,0.0,1.0,32.01250076293945,30.1875,1.0,1.6875,11.5,11.5,0.0,3,3 0
1374,588.2175903320312,584.1302490234375,492.12030029296875,262.54376220703125,2.46875,0.0,3.0,3.0,1.34375,0.0,0.65625,0.0,1.0,28.862499237060547,27.71875,1.0,1.46875,9.71875,9.71875,0.0,3,3 4
1375,534.6673583984375,529.98046875,447.423583984375,246.08749389648438,2.28125,0.0,2.90625,2.90625,1.21875,0.0,0.65625,0.0,1.03125,26.75,25.28125,1.96875,1.28125,7.09375,7.09375,0.0,3,3 4
1376,551.5108642578125,545.1658935546875,458.8731384277344,259.48748779296875,2.375,0.0,2.6875,2.6875,1.125,0.0,0.5625,0.0,1.0,26.768749237060547,25.03125,1.0,1.375,8.4375,8.4375,0.0,3,3 2
1377,579.4221801757812,573.40673828125,485.11688232421875,255.4250030517578,2.375,0.0,3.1875,3.1875,1.3125,0.0,0.875,0.0,1.0,27.881250381469727,20.3125,1.0,1.375,8.5,8.5,0.0,3,3 1
1378,568.6121215820312,564.5451049804688,474.79107666015625,268.3687438964844,2.40625,0.0,3.0625,3.0625,1.34375,0.0,0.71875,0.0,1.0,27.90625,26.15625,1.0,1.40625,9.46875,9.46875,0.0,3,3 2
1379,569.395263671875,564.7152099609375,476.3045349121094,245.2624969482422,2.40625,0.0,3.0,3.0,1.28125,0.0,0.71875,0.0,1.0,28.25,29.46875,1.0,1.40625,8.53125,8.53125,0.0,3,3 1
1380,538.3281860351562,530.9957885742188,446.16290283203125,250.81875610351562,2.34375,0.0,2.78125,2.78125,1.1875,0.0,0.59375,0.0,1.0,26.274999618530273,28.4375,1.0,1.34375,11.59375,11.59375,0.0,3,3 4
1381,509.839111328125,505.1460876464844,423.5291442871094,242.30624389648438,2.28125,0.0,2.78125,2.78125,1.21875,0.0,0.59375,0.0,0.96875,25.356250762939453,31.9375,1.0,1.28125,10.40625,10.40625,0.0,3,3 4
1382,628.7334594726562,622.0565795898438,523.7590942382812,277.6000061035156,2.59375,0.0,3.03125,3.03125,1.4375,0.0,0.59375,0.0,1.0,29.75,32.9375,1.0,1.59375,9.09375,9.09375,0.0,3,3 0
1383,626.5369262695312,621.1192626953125,523.665283203125,275.5625,2.5625,0.0,3.15625,3.15625,1.40625,0.0,0.71875,0.0,1.03125,30.143749237060547,32.84375,1.0,1.5625,6.9375,6.9375,0.0,3,3 4
1384,673.4871826171875,667.7852783203125,562.5564575195312,286.79376220703125,2.71875,0.0,3.28125,3.28125,1.5,0.0,0.6875,0.0,1.09375,30.981250762939453,31.71875,1.0,1.71875,7.09375,7.09375,0.0,3,3 1
1385,564.3955688476562,557.9953002929688,467.69610595703125,263.04376220703125,2.4375,0.0,2.9375,2.9375,1.28125,0.0,0.65625,0.0,1.0,27.899999618530273,28.75,1.0,1.4375,5.9375,5.9375,0.0,3,3 1
1386,603.8876342773438,597.7634887695312,503.87030029296875,261.54998779296875,2.5,0.0,3.125,3.125,1.4375,0.0,0.6875,0.0,1.0,29.53125,33.1875,1.0,1.5,5.5,5.5,0.0,3,3 4
1387,658.8726196289062,652.2317504882812,548.3798828125,309.8187561035156,2.65625,0.0,3.3125,3.3125,1.4375,0.0,0.875,0.0,1.0,30.825000762939453,25.03125,1.0,1.65625,6.78125,6.78125,0.0,3,3 0
1388,718.2316284179688,711.45947265625,600.04541015625,309.5,2.8125,0.0,3.5,3.5,1.5,0.0,0.90625,0.0,1.09375,32.29999923706055,27.96875,1.0,1.8125,7.5,7.5,0.0,3,3 4
1389,670.2970581054688,665.9646606445312,559.2809448242188,302.6937561035156,2.71875,0.0,3.4375,3.4375,1.59375,0.0,0.84375,0.0,1.0,31.174999237060547,36.46875,1.0,1.71875,4.5625,4.5625,0.0,3,3 4
1390,629.5012817382812,624.030029296875,524.4000854492188,308.67498779296875,2.5625,0.0,3.28125,3.28125,1.375,0.0,0.78125,0.0,1.125,30.256250381469727,30.75,1.0,1.5625,5.75,5.75,0.0,3,3 4
1391,542.6080322265625,537.7532958984375,450.4771423339844,278.15625,2.34375,0.0,2.96875,2.96875,1.25,0.0,0.71875,0.0,1.0,28.087499618530273,31.84375,1.0,1.34375,4.78125,4.78125,0.0,3,3 4
1392,512.6327514648438,507.45135498046875,423.7288513183594,268.0,2.28125,0.0,2.96875,2.96875,1.21875,0.0,0.75,0.0,1.0,25.75,33.375,1.0,1.28125,5.40625,5.40625,0.0,3,3 1
1393,547.3909912109375,540.0901489257812,452.06915283203125,287.375,2.34375,0.0,3.09375,3.09375,1.28125,0.0,0.8125,0.0,1.0,26.887500762939453,30.65625,1.0,1.34375,6.65625,6.65625,0.0,3,3 2
1394,516.2027587890625,509.52679443359375,425.80560302734375,273.40625,2.28125,0.0,2.84375,2.84375,1.1875,0.0,0.65625,0.0,1.0,27.018749237060547,32.90625,1.0,1.28125,5.40625,5.40625,0.0,3,3 1
1395,518.857666015625,513.2354736328125,428.9141540527344,275.8812561035156,2.28125,0.0,2.96875,2.96875,1.1875,0.0,0.75,0.0,1.03125,26.887500762939453,33.90625,1.0,1.28125,5.09375,5.09375,0.0,3,3 4
1396,508.92706298828125,501.52398681640625,417.97845458984375,271.2875061035156,2.28125,0.0,2.84375,2.84375,1.21875,0.0,0.625,0.0,1.0,26.631250381469727,36.15625,1.0,1.28125,4.5625,4.5625,0.0,3,3 0
1397,567.495849609375,561.5960693359375,469.5845642089844,294.25,2.4375,0.0,2.96875,2.96875,1.375,0.0,0.625,0.0,0.96875,28.049999237060547,33.09375,1.0,1.4375,5.09375,5.09375,0.0,3,3 4
1398,478.6631164550781,472.3738708496094,393.9551696777344,261.03125,2.1875,0.0,2.75,2.75,1.125,0.0,0.625,0.0,1.0,24.956249237060547,34.40625,1.0,1.1875,4.25,4.25,0.0,3,3 2
1399,487.4227294921875,481.94024658203125,402.0671691894531,242.3937530517578,2.25,0.0,2.6875,2.6875,1.21875,0.0,0.46875,0.0,1.0,25.018749237060547,39.25,1.0,1.25,4.40625,4.40625,0.0,3,3 4
1400,476.7804260253906,469.70880126953125,392.47613525390625,242.8312530517578,2.1875,0.0,2.65625,2.65625,1.15625,0.0,0.5,0.0,1.0,25.506250381469727,37.09375,1.0,1.1875,4.75,4.75,0.0,3,3 2
1401,639.3811645507812,633.8247680664062,532.8489990234375,302.92498779296875,2.59375,0.0,3.34375,3.34375,1.5,0.0,0.8125,0.0,1.03125,30.649999618530273,34.1875,1.0,1.59375,6.78125,6.78125,0.0,3,3 4
1402,564.3729248046875,558.1836547851562,466.8858947753906,270.875,2.4375,0.0,3.09375,3.09375,1.375,0.0,0.6875,0.0,1.03125,27.799999237060547,37.34375,1.0,1.4375,5.6875,5.6875,0.0,3,3 1
1403,571.8652954101562,568.9697875976562,477.44842529296875,255.71875,2.46875,0.0,3.0,3.0,1.34375,0.0,0.65625,0.0,1.0,28.043750762939453,39.21875,1.0,1.46875,4.71875,4.71875,0.0,3,3 4
1404,551.1279296875,546.1117553710938,457.146240234375,260.95001220703125,2.40625,0.0,3.0,3.0,1.3125,0.0,0.6875,0.0,1.0,26.975000381469727,35.75,1.0,1.40625,6.375,6.375,0.0,3,3 2
1405,600.4608154296875,595.7589721679688,499.291015625,286.2749938964844,2.53125,0.0,3.15625,3.15625,1.4375,0.0,0.71875,0.0,1.0,28.981250762939453,31.3125,1.0,1.53125,8.15625,8.15625,0.0,3,3 4
1406,617.4454956054688,610.8463745117188,513.6099243164062,284.08123779296875,2.53125,0.0,3.34375,3.34375,1.5,0.0,0.84375,0.0,1.0,29.693750381469727,32.8125,1.0,1.53125,8.375,8.375,0.0,3,3 1
1407,601.9505004882812,596.7761840820312,501.0829162597656,286.9624938964844,2.5,0.0,3.3125,3.3125,1.5,0.0,0.8125,0.0,1.0,28.306249618530273,29.6875,1.0,1.5,12.09375,12.09375,0.0,3,3 4
1408,652.7772216796875,645.9064331054688,543.0966186523438,304.88751220703125,2.625,0.0,3.46875,3.46875,1.5625,0.0,0.90625,0.0,1.0,30.225000381469727,26.53125,1.0,1.625,13.5625,13.5625,0.0,3,3 1
1409,649.1697387695312,643.2506103515625,543.1929321289062,295.95001220703125,2.5625,0.0,3.53125,3.53125,1.53125,0.0,0.96875,0.0,1.03125,30.612499237060547,24.1875,1.0,1.5625,17.1875,17.1875,0.0,3,3 2
1410,698.4463500976562,691.4898681640625,583.7264404296875,306.07501220703125,2.71875,0.0,3.59375,3.59375,1.65625,0.0,0.9375,0.0,1.0,32.76250076293945,32.5,1.0,1.71875,20.71875,20.71875,0.0,3,3 4
1411,670.134765625,665.5633544921875,560.7842407226562,307.48748779296875,2.65625,0.0,3.53125,3.53125,1.5625,0.0,0.9375,0.0,1.03125,31.762500762939453,30.15625,1.0,1.65625,24.0625,24.0625,0.0,3,3 4
1412,694.8582153320312,687.9866943359375,579.2545776367188,322.11248779296875,2.71875,0.0,3.65625,3.65625,1.6875,0.0,1.0,0.0,0.96875,32.29999923706055,24.34375,1.0,1.71875,23.8125,23.8125,0.0,3,3 4
1413,716.4486083984375,710.901611328125,598.5170288085938,319.92498779296875,2.8125,0.0,3.59375,3.59375,1.6875,0.0,0.96875,0.0,0.9375,32.712501525878906,32.5625,1.0,1.8125,17.6875,17.6875,0.0,3,3 4
1414,693.7968139648438,690.0914306640625,580.3375854492188,321.79376220703125,2.75,0.0,3.5625,3.5625,1.625,0.0,0.96875,0.0,0.96875,32.85625076293945,29.8125,1.0,1.75,17.5,17.5,0.0,3,3 1
1415,627.2516479492188,623.7994384765625,523.5164794921875,294.01873779296875,2.59375,0.0,3.34375,3.34375,1.53125,0.0,0.8125,0.0,1.0,29.274999618530273,29.15625,1.0,1.59375,23.15625,23.15625,0.0,3,3 1
1416,764.8771362304688,760.9719848632812,642.628662109375,314.46875,2.9375,0.0,3.75,3.75,1.78125,0.0,0.9375,0.0,1.03125,34.693748474121094,31.65625,1.0,1.9375,17.03125,17.03125,0.0,3,3 2
1417,764.2263793945312,758.1029052734375,640.7031860351562,322.40625,2.90625,0.0,3.78125,3.78125,1.75,0.0,0.96875,0.0,1.0625,33.84375,30.9375,1.46875,1.90625,15.96875,15.96875,0.0,3,3 2
1418,707.8967895507812,703.5335693359375,591.8350219726562,286.7749938964844,2.84375,0.0,3.59375,3.59375,1.71875,0.0,0.84375,0.0,1.03125,30.818750381469727,29.84375,1.0,1.84375,12.90625,12.90625,0.0,3,3 1
1419,715.19677734375,711.0287475585938,598.9929809570312,306.3500061035156,2.8125,0.0,3.6875,3.6875,1.6875,0.0,0.9375,0.0,1.0625,32.462501525878906,29.28125,1.0,1.8125,14.6875,14.6875,0.0,3,3 1
1420,694.9295654296875,689.26513671875,579.7228393554688,315.3500061035156,2.75,0.0,3.65625,3.65625,1.71875,0.0,0.90625,0.0,1.03125,31.387500762939453,28.40625,1.0,1.75,17.3125,17.3125,0.0,3,3 2
1421,803.871826171875,800.1427612304688,676.30322265625,326.9312438964844,3.03125,0.0,3.9375,3.9375,1.875,0.0,0.96875,0.0,1.09375,35.724998474121094,28.3125,1.0,2.03125,18.15625,18.15625,0.0,3,3 2
1422,670.092041015625,664.4126586914062,559.3636474609375,285.71875,2.71875,0.0,3.28125,3.28125,1.5,0.0,0.71875,0.0,1.0625,30.28125,33.40625,1.0,1.71875,12.40625,12.40625,0.0,3,3 2
1423,685.202880859375,681.0977783203125,574.8806762695312,285.2562561035156,2.71875,0.0,3.53125,3.53125,1.59375,0.0,0.90625,0.0,1.03125,31.34375,31.03125,1.0,1.71875,11.34375,11.34375,0.0,3,3 2
1424,733.7955932617188,726.8326416015625,613.5233154296875,301.95001220703125,2.84375,0.0,3.6875,3.6875,1.6875,0.0,0.90625,0.0,1.09375,33.46875,27.375,1.0,1.84375,13.65625,13.65625,0.0,3,3 4
1425,748.8744506835938,742.7654418945312,627.0806274414062,317.73748779296875,2.875,0.0,3.71875,3.71875,1.71875,0.0,0.9375,0.0,1.0625,34.29375076293945,25.5,1.0,1.875,10.9375,10.9375,0.0,3,3 4
1426,730.299072265625,724.9320068359375,613.2066650390625,308.54998779296875,2.8125,0.0,3.5,3.5,1.59375,0.0,0.8125,0.0,1.09375,34.29375076293945,27.625,1.0,1.8125,8.71875,8.71875,0.0,3,3 4
1427,796.6431884765625,790.321044921875,668.9356689453125,319.1875,3.0,0.0,3.75,3.75,1.78125,0.0,0.8125,0.0,1.15625,35.70000076293945,33.46875,1.0,2.0,10.28125,10.28125,0.0,3,3 1
1428,641.6075439453125,638.7388305664062,539.07763671875,259.16876220703125,2.625,0.0,3.21875,3.21875,1.40625,0.0,0.78125,0.0,1.03125,30.987499237060547,29.5625,1.0,1.625,9.125,9.125,0.0,1,1 0
1429,771.2105102539062,767.1041259765625,648.8123779296875,302.2124938964844,2.96875,0.0,3.53125,3.53125,1.65625,0.0,0.84375,0.0,1.03125,35.381248474121094,23.09375,1.0,1.96875,8.0,8.0,0.0,3,3 4
1430,778.534912109375,772.9678955078125,652.6732177734375,305.90625,3.0,0.0,3.6875,3.6875,1.71875,0.0,0.875,0.0,1.09375,34.71875,26.1875,1.0,2.0,5.5,5.5,0.0,3,3 1
1431,880.2051391601562,877.61328125,745.28125,331.29376220703125,3.21875,0.0,3.90625,3.90625,1.8125,0.0,0.90625,0.0,1.1875,38.63750076293945,27.125,1.0,2.21875,6.6875,6.6875,0.0,4,4 3
1432,816.65234375,811.8653564453125,688.0696411132812,311.70001220703125,3.0625,0.0,3.75,3.75,1.84375,0.0,0.84375,0.0,1.0625,36.587501525878906,31.75,1.0,2.0625,4.46875,4.46875,0.0,3,3 2
1433,859.2415771484375,853.9249877929688,723.9580688476562,314.9937438964844,3.1875,0.0,3.875,3.875,1.84375,0.0,0.875,0.0,1.15625,38.01250076293945,27.46875,1.0,2.1875,6.8125,6.8125,0.0,3,3 4
1434,821.7808837890625,816.9900512695312,692.5682373046875,312.78125,3.0625,0.0,3.875,3.875,1.8125,0.0,0.9375,0.0,1.125,36.98749923706055,27.0625,1.0,2.0625,6.28125,6.28125,0.0,3,3 4
1435,783.6248168945312,778.6642456054688,659.6119384765625,300.7124938964844,2.96875,0.0,3.75,3.75,1.75,0.0,0.90625,0.0,1.09375,35.162498474121094,30.25,1.0,1.96875,6.5625,6.5625,0.0,3,3 4
1436,699.3717651367188,696.7703247070312,588.5777587890625,288.4750061035156,2.75,0.0,3.59375,3.59375,1.625,0.0,0.96875,0.0,1.0,32.743751525878906,28.125,1.0,1.75,5.75,5.75,0.0,3,3 4
1437,822.3154296875,815.7321166992188,690.4854736328125,320.5375061035156,3.0625,0.0,4.0,4.0,1.96875,0.0,1.0,0.0,1.03125,36.63750076293945,32.3125,1.0,2.0625,7.9375,7.9375,0.0,3,3 4
1438,756.6085205078125,755.2258911132812,640.62548828125,293.07501220703125,2.875,0.0,3.78125,3.78125,1.71875,0.0,0.96875,0.0,1.09375,33.73125076293945,29.0625,1.46875,1.875,5.625,5.625,0.0,3,3 0
1439,775.3573608398438,771.1051025390625,651.5751342773438,293.0874938964844,3.0,0.0,3.65625,3.65625,1.71875,0.0,0.90625,0.0,1.03125,34.724998474121094,28.3125,1.0,2.0,5.59375,5.59375,0.0,3,3 1
1440,680.7949829101562,676.3758544921875,570.9602661132812,270.6187438964844,2.71875,0.0,3.53125,3.53125,1.65625,0.0,0.84375,0.0,1.03125,30.956249237060547,32.0,1.0,1.71875,5.65625,5.65625,0.0,3,3 1
1441,729.8598022460938,723.340087890625,610.7473754882812,289.1187438964844,2.84375,0.0,3.75,3.75,1.71875,0.0,0.90625,0.0,1.125,31.662500381469727,31.9375,1.0,1.84375,7.34375,7.34375,0.0,3,3 1
1442,762.6786499023438,756.1555786132812,640.24267578125,293.86248779296875,2.90625,0.0,3.78125,3.78125,1.71875,0.0,0.9375,0.0,1.125,33.51250076293945,29.0,1.0,1.90625,6.53125,6.53125,0.0,3,3 1
1443,747.6725463867188,743.3137817382812,628.41064453125,299.0874938964844,2.875,0.0,3.75,3.75,1.78125,0.0,0.875,0.0,1.09375,34.4375,32.0,1.0,1.875,6.78125,6.78125,0.0,3,3 1
1444,685.9340209960938,681.1131591796875,574.9197998046875,283.3812561035156,2.71875,0.0,3.5625,3.5625,1.65625,0.0,0.875,0.0,1.03125,31.037500381469727,34.28125,1.0,1.71875,7.25,7.25,0.0,3,3 4
1445,728.1701049804688,721.9683837890625,608.4104614257812,285.0375061035156,2.875,0.0,3.65625,3.65625,1.75,0.0,0.84375,0.0,1.0625,32.95000076293945,31.96875,1.0,1.875,7.0625,7.0625,0.0,3,3 2
1446,743.241943359375,738.3951416015625,623.345947265625,300.04998779296875,2.875,0.0,3.75,3.75,1.8125,0.0,0.90625,0.0,1.03125,34.98125076293945,28.71875,1.0,1.875,7.0625,7.0625,0.0,3,3 1
1447,802.5457763671875,800.20361328125,677.6826171875,303.5562438964844,3.03125,0.0,3.90625,3.90625,1.8125,0.0,0.9375,0.0,1.15625,35.587501525878906,34.78125,1.0,2.03125,6.875,6.875,0.0,3,3 4
1448,819.7297973632812,815.0700073242188,690.8114013671875,307.125,3.0625,0.0,3.96875,3.96875,1.8125,0.0,0.96875,0.0,1.1875,35.568748474121094,31.96875,1.0,2.0625,8.15625,8.15625,0.0,3,3 4
1449,807.1568603515625,803.65625,680.2581176757812,315.3125,3.03125,0.0,3.9375,3.9375,1.875,0.0,1.0,0.0,1.0625,36.5,30.0,1.0,2.03125,10.4375,10.4375,0.0,3,3 1
1450,899.1680908203125,893.3453369140625,759.4959106445312,319.04376220703125,3.25,0.0,4.09375,4.09375,1.875,0.0,0.96875,0.0,1.25,39.01250076293945,31.15625,1.0,2.25,9.78125,9.78125,0.0,3,3 4
1451,818.4529418945312,813.5567626953125,688.2850341796875,305.3500061035156,3.09375,0.0,3.90625,3.90625,1.78125,0.0,1.0,0.0,1.125,35.787498474121094,32.4375,1.0,2.09375,11.25,11.25,0.0,3,3 4
1452,810.908935546875,807.95947265625,681.9713134765625,320.6000061035156,3.09375,0.0,3.9375,3.9375,1.84375,0.0,1.0,0.0,1.09375,34.837501525878906,32.3125,1.0,2.09375,11.3125,11.3125,0.0,3,3 1
1453,679.4392700195312,674.8704833984375,569.0684814453125,275.5062561035156,2.71875,0.0,3.625,3.625,1.75,0.0,0.875,0.0,1.0,29.662500381469727,33.875,1.125,1.71875,12.1875,12.1875,0.0,3,3 2
1454,732.5093994140625,728.0159301757812,613.4140625,290.4937438964844,2.90625,0.0,3.59375,3.59375,1.71875,0.0,0.84375,0.0,1.03125,31.331249237060547,36.40625,1.0,1.90625,12.6875,12.6875,0.0,3,3 2
1455,776.3309326171875,771.3113403320312,650.9876708984375,308.3999938964844,3.0,0.0,3.6875,3.6875,1.78125,0.0,0.875,0.0,1.03125,34.1875,34.0,1.0,2.0,12.40625,12.40625,0.0,3,3 4
1456,722.8983154296875,719.1566772460938,606.4400634765625,293.73748779296875,2.84375,0.0,3.71875,3.71875,1.78125,0.0,0.90625,0.0,1.03125,31.762500762939453,35.71875,1.5625,1.84375,12.3125,12.3125,0.0,3,3 1
1457,737.5480346679688,732.4761962890625,617.3072509765625,305.61248779296875,2.875,0.0,3.84375,3.84375,1.8125,0.0,1.0,0.0,1.03125,32.01874923706055,33.65625,1.0,1.875,11.34375,11.34375,0.0,3,3 1
1458,773.557861328125,768.4637451171875,648.7807006835938,317.375,2.96875,0.0,3.75,3.75,1.875,0.0,0.84375,0.0,1.03125,34.037498474121094,33.0625,1.0,1.96875,14.3125,14.3125,0.0,3,3 0
1459,792.0558471679688,785.6668090820312,663.439697265625,323.6312561035156,3.0,0.0,3.9375,3.9375,1.9375,0.0,0.96875,0.0,1.03125,34.974998474121094,32.8125,1.15625,2.0,14.25,14.25,0.0,3,3 4
1460,757.7672119140625,752.3150024414062,634.589111328125,300.6937561035156,2.9375,0.0,3.84375,3.84375,1.84375,0.0,0.96875,0.0,1.03125,33.006248474121094,34.375,1.0,1.9375,11.75,11.75,0.0,3,3 2
1461,706.4230346679688,699.2132568359375,590.4661865234375,272.45623779296875,2.78125,0.0,3.625,3.625,1.6875,0.0,0.96875,0.0,0.96875,32.287498474121094,33.625,1.0,1.78125,10.75,10.75,0.0,3,3 1
1462,704.3572998046875,699.9097900390625,589.4105224609375,283.6812438964844,2.8125,0.0,3.625,3.625,1.6875,0.0,0.875,0.0,1.0625,31.612499237060547,33.46875,1.0,1.8125,12.125,12.125,0.0,3,3 2
1463,705.1688842773438,699.5732421875,588.6302490234375,290.5249938964844,2.8125,0.0,3.6875,3.6875,1.78125,0.0,0.875,0.0,1.03125,30.787500381469727,36.21875,1.0,1.8125,9.65625,9.65625,0.0,3,3 1
1464,547.6123657226562,542.9323120117188,454.66400146484375,254.63125610351562,2.375,0.0,3.21875,3.21875,1.375,0.0,0.84375,0.0,1.0,27.287500381469727,28.21875,1.0,1.375,9.1875,9.1875,0.0,3,3 4
1465,630.296630859375,626.4540405273438,526.3682250976562,266.1000061035156,2.625,0.0,3.34375,3.34375,1.46875,0.0,0.8125,0.0,1.0625,28.643749237060547,34.4375,1.0,1.625,8.875,8.875,0.0,3,3 2
1466,648.7799682617188,640.2262573242188,537.3848266601562,277.3062438964844,2.65625,0.0,3.53125,3.53125,1.625,0.0,0.875,0.0,1.03125,29.381250381469727,30.0625,1.0,1.65625,11.84375,11.84375,0.0,3,3 1
1467,678.4968872070312,673.8070678710938,566.8328857421875,277.3187561035156,2.75,0.0,3.53125,3.53125,1.65625,0.0,0.875,0.0,1.0,30.462499618530273,33.84375,1.78125,1.75,10.28125,10.28125,0.0,3,3 2
1468,624.4417724609375,616.7392578125,518.07958984375,279.67498779296875,2.5625,0.0,3.40625,3.40625,1.53125,0.0,0.875,0.0,1.0,30.143749237060547,29.375,1.0,1.5625,12.25,12.25,0.0,3,3 2
1469,535.3934936523438,529.4769897460938,442.17236328125,246.4375,2.375,0.0,3.09375,3.09375,1.375,0.0,0.71875,0.0,1.0,26.987499237060547,35.5625,1.0,1.375,11.21875,11.21875,0.0,3,3 0
1470,546.6998291015625,540.5572509765625,451.93310546875,264.7250061035156,2.375,0.0,3.15625,3.15625,1.375,0.0,0.78125,0.0,1.0,27.850000381469727,27.5,1.0,1.375,11.34375,11.34375,0.0,3,3 1
1471,545.7216186523438,539.3665771484375,451.389892578125,255.125,2.375,0.0,3.1875,3.1875,1.40625,0.0,0.8125,0.0,0.96875,26.225000381469727,31.4375,1.53125,1.375,14.0625,14.0625,0.0,3,3 2
1472,572.802490234375,568.5904541015625,476.99420166015625,258.41876220703125,2.4375,0.0,3.34375,3.34375,1.40625,0.0,0.9375,0.0,1.0,27.362499237060547,31.5,1.0,1.4375,15.9375,15.9375,0.0,3,3 4
1473,553.3648681640625,547.9926147460938,458.6841735839844,253.91250610351562,2.40625,0.0,3.1875,3.1875,1.375,0.0,0.8125,0.0,1.0,26.668750762939453,27.21875,1.0,1.40625,19.65625,19.65625,0.0,3,3 2
1474,594.7449340820312,587.1514892578125,492.19140625,252.625,2.53125,0.0,3.25,3.25,1.46875,0.0,0.78125,0.0,1.0,27.868749618530273,35.3125,1.0,1.53125,14.75,14.75,0.0,3,3 1
1475,591.3795166015625,586.3474731445312,491.24456787109375,257.66876220703125,2.53125,0.0,3.1875,3.1875,1.53125,0.0,0.65625,0.0,1.0,28.649999618530273,38.9375,1.0,1.53125,14.625,14.625,0.0,3,3 0
1476,634.7046508789062,627.5042114257812,525.2633056640625,279.79998779296875,2.65625,0.0,3.34375,3.34375,1.65625,0.0,0.71875,0.0,0.96875,29.518749237060547,33.71875,1.0,1.65625,20.25,20.25,0.0,3,3 2
1477,710.8630981445312,704.3013916015625,591.6905517578125,296.79998779296875,2.84375,0.0,3.6875,3.6875,1.78125,0.0,0.90625,0.0,1.0,31.018749237060547,35.40625,1.0,1.84375,20.6875,20.6875,0.0,3,3 2
1478,628.6373901367188,624.3302612304688,524.7965087890625,272.4375,2.59375,0.0,3.40625,3.40625,1.5625,0.0,0.8125,0.0,1.03125,29.71875,30.59375,1.625,1.59375,22.5,22.5,0.0,3,3 4
1479,695.9099731445312,690.677001953125,579.8172607421875,296.6312561035156,2.8125,0.0,3.5625,3.5625,1.71875,0.0,0.875,0.0,0.96875,31.40625,31.0625,1.0,1.8125,25.0,25.0,0.0,3,3 1
1480,690.3539428710938,685.277099609375,576.8768920898438,292.1499938964844,2.75,0.0,3.625,3.625,1.75,0.0,0.90625,0.0,0.96875,32.181251525878906,29.375,1.0,1.75,27.34375,27.34375,0.0,3,3 4
1481,676.1925048828125,667.7039794921875,559.9392700195312,297.36248779296875,2.75,0.0,3.5,3.5,1.625,0.0,0.84375,0.0,1.03125,29.981250762939453,34.125,1.0,1.75,25.90625,25.90625,0.0,3,3 1
1482,785.8384399414062,779.7818603515625,657.6673583984375,319.01251220703125,3.0,0.0,4.0,4.0,1.9375,0.0,1.03125,0.0,1.03125,34.243751525878906,31.84375,1.0,2.0,29.0625,29.0625,0.0,3,3 2
1483,699.8568725585938,692.2529296875,581.5823364257812,286.1812438964844,2.8125,0.0,3.65625,3.65625,1.78125,0.0,0.875,0.0,1.0,31.174999237060547,33.8125,1.3125,1.8125,23.5625,23.5625,0.0,3,3 2
1484,731.8606567382812,726.0603637695312,611.9224853515625,296.76873779296875,2.875,0.0,3.6875,3.6875,1.78125,0.0,0.90625,0.0,1.0,32.21875,30.46875,1.0,1.875,25.1875,25.1875,0.0,3,3 1
1485,762.4678344726562,757.5865478515625,638.6275634765625,294.66876220703125,2.96875,0.0,3.90625,3.90625,1.9375,0.0,0.96875,0.0,1.0,32.849998474121094,34.0,1.0,1.96875,20.875,20.875,0.0,3,3 2
1486,761.8624267578125,756.8800659179688,639.2032470703125,294.17498779296875,2.9375,0.0,3.90625,3.90625,1.9375,0.0,0.96875,0.0,1.0,33.15625,28.4375,1.0,1.9375,20.125,20.125,0.0,3,3 4
1487,859.0587158203125,857.4072265625,728.6611328125,299.53125,3.15625,0.0,4.09375,4.09375,2.0,0.0,1.0,0.0,1.09375,37.95624923706055,30.0,1.0,2.15625,16.96875,16.96875,0.0,3,3 1
1488,751.6492309570312,747.9364624023438,630.1967163085938,285.79998779296875,2.96875,0.0,3.75,3.75,1.84375,0.0,0.90625,0.0,1.0,32.01250076293945,33.28125,1.0,1.96875,18.0,18.0,0.0,3,3 4
1489,756.7454833984375,751.1080322265625,633.6278076171875,272.79376220703125,2.96875,0.0,3.84375,3.84375,1.90625,0.0,0.9375,0.0,1.0,32.099998474121094,34.84375,1.0,1.96875,15.9375,15.9375,0.0,3,3 4
1490,770.4766845703125,763.5374145507812,646.3192749023438,293.5874938964844,2.9375,0.0,3.71875,3.71875,1.875,0.0,0.84375,0.0,1.0,34.9375,27.875,1.0,1.9375,17.625,17.625,0.0,3,3 4
1491,771.1136474609375,766.6471557617188,647.3572387695312,294.5625,2.96875,0.0,3.90625,3.90625,1.90625,0.0,0.96875,0.0,1.03125,34.71875,32.0,1.0,1.96875,19.3125,19.3125,0.0,3,3 1
1492,690.493408203125,685.7244873046875,577.1017456054688,273.61248779296875,2.78125,0.0,3.65625,3.65625,1.78125,0.0,0.875,0.0,1.0,30.581249237060547,32.1875,1.0,1.78125,17.46875,17.46875,0.0,3,3 1
1493,763.6551513671875,757.8637084960938,640.9894409179688,293.33123779296875,2.9375,0.0,3.65625,3.65625,1.875,0.0,0.8125,0.0,0.96875,34.48749923706055,30.78125,2.125,1.9375,13.21875,13.21875,0.0,3,3 1
1494,774.2289428710938,766.7314453125,647.3023681640625,299.20001220703125,3.0,0.0,3.59375,3.59375,1.84375,0.0,0.71875,0.0,1.03125,33.85625076293945,35.375,1.0,2.0,15.8125,15.8125,0.0,3,3 2
1495,798.5968627929688,794.2017822265625,670.9358520507812,298.14373779296875,3.0625,0.0,3.90625,3.90625,1.96875,0.0,0.90625,0.0,1.03125,33.9375,32.03125,1.0,2.0625,16.65625,16.65625,0.0,3,3 2
1496,757.6831665039062,752.9234619140625,634.3958129882812,322.48748779296875,2.96875,0.0,3.40625,3.40625,1.78125,0.0,0.59375,0.0,1.03125,33.837501525878906,33.21875,1.0,1.96875,14.8125,14.8125,0.0,3,3 2
1497,738.5306396484375,730.9569702148438,615.1287841796875,325.13751220703125,2.90625,0.0,3.40625,3.40625,1.8125,0.0,0.59375,0.0,1.0,32.6875,31.21875,1.0,1.90625,14.96875,14.96875,0.0,3,3 4
1498,756.44775390625,751.5091552734375,633.1011962890625,311.73748779296875,2.96875,0.0,3.53125,3.53125,1.8125,0.0,0.71875,0.0,1.0,33.381248474121094,31.65625,1.0,1.96875,12.84375,12.84375,0.0,3,3 4
1499,722.7664184570312,719.2587890625,605.9261474609375,300.23748779296875,2.875,0.0,3.4375,3.4375,1.78125,0.0,0.65625,0.0,1.0,32.337501525878906,34.75,1.0,1.875,14.78125,14.78125,0.0,3,3 1
1500,704.3173828125,699.4016723632812,588.8171997070312,295.23126220703125,2.8125,0.0,3.46875,3.46875,1.75,0.0,0.71875,0.0,1.0,32.349998474121094,32.28125,1.0,1.8125,15.46875,15.46875,0.0,3,3 1
1501,753.1622314453125,746.42578125,627.6845703125,316.4624938964844,2.96875,0.0,3.59375,3.59375,1.90625,0.0,0.6875,0.0,1.0,32.53125,36.34375,1.0,1.96875,13.78125,13.78125,0.0,3,3 2
1502,694.1854858398438,692.26953125,583.2892456054688,284.3374938964844,2.8125,0.0,3.21875,3.21875,1.71875,0.0,0.5,0.0,1.0,32.01874923706055,32.59375,1.0,1.8125,8.15625,8.15625,0.0,3,3 1
1503,681.2950439453125,677.6412353515625,567.8699951171875,295.38751220703125,2.84375,0.0,3.03125,3.03125,1.625,0.0,0.40625,0.0,1.0,30.21875,37.0625,1.0,1.84375,7.09375,7.09375,0.0,3,3 2
1504,668.2992553710938,663.21337890625,556.309326171875,288.2437438964844,2.78125,0.0,3.09375,3.09375,1.53125,0.0,0.5625,0.0,1.0,29.46875,34.34375,1.0,1.78125,8.46875,8.46875,0.0,3,3 2
1505,661.2142333984375,655.5902099609375,549.1769409179688,293.85626220703125,2.78125,0.0,2.90625,2.90625,1.5625,0.0,0.34375,0.0,1.0,29.350000381469727,35.8125,1.0,1.78125,9.40625,9.40625,0.0,3,3 4
1506,688.7964477539062,683.3031005859375,573.111572265625,325.76873779296875,2.8125,0.0,3.03125,3.03125,1.65625,0.0,0.375,0.0,1.0,31.40625,32.46875,1.0,1.8125,10.28125,10.28125,0.0,3,3 1
1507,694.1472778320312,689.9295654296875,579.0104370117188,305.7562561035156,2.84375,0.0,3.15625,3.15625,1.78125,0.0,0.34375,0.0,1.03125,30.9375,35.125,1.0,1.84375,12.8125,12.8125,0.0,3,3 1
1508,691.9771728515625,689.10302734375,580.5516357421875,304.9624938964844,2.78125,0.0,3.1875,3.1875,1.71875,0.0,0.46875,0.0,1.0,31.893749237060547,31.5,1.0,1.78125,11.21875,11.21875,0.0,3,3 1
1509,676.8416137695312,674.0133056640625,566.2628173828125,309.1187438964844,2.78125,0.0,2.96875,2.96875,1.65625,0.0,0.3125,0.0,1.0,31.149999618530273,31.40625,1.0625,1.78125,13.96875,13.96875,0.0,3,3 1
1510,654.0726318359375,648.4857177734375,542.4354858398438,288.73126220703125,2.78125,0.0,2.90625,2.90625,1.59375,0.0,0.3125,0.0,1.0,28.756250381469727,35.40625,1.0,1.78125,10.28125,10.28125,0.0,3,3 1
1511,676.29833984375,671.0706176757812,563.0372314453125,299.6625061035156,2.78125,0.0,3.1875,3.1875,1.6875,0.0,0.5,0.0,1.0,30.487499237060547,37.65625,1.0,1.78125,7.03125,7.03125,0.0,3,3 1
1512,697.9906005859375,693.6036376953125,582.6358642578125,322.3999938964844,2.8125,0.0,3.21875,3.21875,1.65625,0.0,0.59375,0.0,0.96875,32.48749923706055,31.96875,1.0,1.8125,6.5625,6.5625,0.0,3,3 4
1513,738.0137939453125,733.5114135742188,617.093505859375,336.20623779296875,2.875,0.0,3.65625,3.65625,1.875,0.0,0.78125,0.0,1.0,34.625,31.84375,1.0,1.875,8.03125,8.03125,0.0,3,3 1
1514,654.6223754882812,647.3058471679688,542.9642333984375,294.9125061035156,2.6875,0.0,3.34375,3.34375,1.65625,0.0,0.6875,0.0,1.0,29.700000762939453,37.25,1.0,1.6875,6.0,6.0,0.0,3,3 4
1515,676.6944580078125,675.1677856445312,568.7156372070312,294.6625061035156,2.71875,0.0,3.46875,3.46875,1.6875,0.0,0.75,0.0,1.03125,31.424999237060547,31.65625,1.0,1.71875,6.46875,6.46875,0.0,1,1 3
1516,722.1263427734375,718.236083984375,604.2806396484375,302.8999938964844,2.875,0.0,3.53125,3.53125,1.8125,0.0,0.75,0.0,0.96875,32.974998474121094,32.09375,1.0,1.875,6.96875,6.96875,0.0,3,3 4
1517,747.757568359375,744.50927734375,626.1287841796875,333.4750061035156,2.9375,0.0,3.5625,3.5625,1.84375,0.0,0.8125,0.0,0.90625,33.787498474121094,31.3125,1.0,1.9375,9.15625,9.15625,0.0,3,3 4
1518,760.3175048828125,754.0733642578125,634.8550415039062,316.2562561035156,2.96875,0.0,3.65625,3.65625,1.8125,0.0,0.875,0.0,0.96875,33.849998474121094,30.90625,1.0,1.96875,8.9375,8.9375,0.0,3,3 0
1519,724.0894775390625,717.6765747070312,603.0218505859375,314.3812561035156,2.875,0.0,3.59375,3.59375,1.71875,0.0,0.875,0.0,1.0,32.28125,26.625,1.0,1.875,7.71875,7.71875,0.0,3,3 4
1520,694.2610473632812,690.3534545898438,580.6971435546875,321.1499938964844,2.75,0.0,3.5625,3.5625,1.71875,0.0,0.9375,0.0,0.90625,32.493751525878906,27.625,1.0,1.75,7.40625,7.40625,0.0,3,3 2
1521,671.28271484375,667.1168823242188,561.420654296875,303.8125,2.6875,0.0,3.5,3.5,1.6875,0.0,0.90625,0.0,0.90625,31.28125,29.8125,1.0,1.6875,7.625,7.625,0.0,3,3 4
1522,713.0966796875,708.5608520507812,598.3536376953125,300.83123779296875,2.78125,0.0,3.5625,3.5625,1.71875,0.0,0.90625,0.0,0.9375,33.90625,28.9375,1.0,1.78125,7.3125,7.3125,0.0,3,3 0
1523,724.3139038085938,719.4144287109375,608.42236328125,293.90625,2.8125,0.0,3.5,3.5,1.6875,0.0,0.84375,0.0,0.96875,34.287498474121094,30.0625,1.0,1.8125,6.53125,6.53125,0.0,3,3 1
1524,710.1741943359375,707.1072387695312,597.6319580078125,290.51251220703125,2.78125,0.0,3.5625,3.5625,1.65625,0.0,0.8125,0.0,1.09375,32.70624923706055,31.5625,1.0,1.78125,5.53125,5.53125,0.0,3,3 2
1525,608.160400390625,603.4088745117188,507.04229736328125,256.125,2.5625,0.0,3.25,3.25,1.5,0.0,0.6875,0.0,1.0625,27.418750762939453,30.40625,1.0,1.5625,5.4375,5.4375,0.0,3,3 0
1526,619.2850952148438,613.1461181640625,517.2269287109375,266.63751220703125,2.53125,0.0,3.1875,3.1875,1.53125,0.0,0.71875,0.0,0.9375,30.693750381469727,29.5625,1.0,1.53125,4.40625,4.40625,0.0,3,3 1
1527,639.3983154296875,636.0763549804688,536.352294921875,275.0062561035156,2.59375,0.0,3.40625,3.40625,1.46875,0.0,0.90625,0.0,1.03125,30.0625,29.65625,1.0,1.59375,4.84375,4.84375,0.0,3,3 2
1528,668.2258911132812,664.3206787109375,560.4042358398438,288.4312438964844,2.65625,0.0,3.5625,3.5625,1.59375,0.0,0.9375,0.0,1.03125,31.568750381469727,23.5,1.0,1.65625,5.5,5.5,0.0,3,3 0
1529,740.6509399414062,735.4462890625,619.6934204101562,300.1875,2.90625,0.0,3.6875,3.6875,1.78125,0.0,0.96875,0.0,0.9375,32.95000076293945,25.5,1.0,1.90625,4.90625,4.90625,0.0,3,3 4
1530,672.1103515625,667.8235473632812,563.1715087890625,283.0,2.6875,0.0,3.4375,3.4375,1.625,0.0,0.84375,0.0,0.96875,32.650001525878906,25.375,1.0,1.6875,4.375,4.375,0.0,3,3 4
1531,659.3834228515625,655.7972412109375,552.10546875,273.4937438964844,2.6875,0.0,3.4375,3.4375,1.65625,0.0,0.8125,0.0,0.96875,29.956249237060547,34.75,1.0,1.6875,3.5625,3.5625,0.0,3,3 4
1532,643.2320556640625,640.4703369140625,538.9036254882812,277.7749938964844,2.625,0.0,3.46875,3.46875,1.59375,0.0,0.90625,0.0,0.96875,30.850000381469727,23.9375,1.0,1.625,3.40625,3.40625,0.0,3,3 4
1533,663.3387451171875,659.4407958984375,553.2777099609375,292.1187438964844,2.71875,0.0,3.5,3.5,1.65625,0.0,0.84375,0.0,1.0,29.831249237060547,28.1875,1.0,1.71875,4.1875,4.1875,0.0,3,3 2
1534,607.0009155273438,602.9658203125,506.8544006347656,262.90625,2.53125,0.0,3.375,3.375,1.53125,0.0,0.84375,0.0,1.0,28.631250381469727,30.46875,1.0,1.53125,3.53125,3.53125,0.0,3,3 4
1535,689.902099609375,686.5593872070312,579.004638671875,278.7749938964844,2.75,0.0,3.625,3.625,1.6875,0.0,0.90625,0.0,1.03125,31.200000762939453,31.46875,1.0,1.75,4.5,4.5,0.0,3,3 1
1536,627.3818359375,625.7314453125,526.9442138671875,259.125,2.59375,0.0,3.4375,3.4375,1.625,0.0,0.8125,0.0,1.0,28.575000762939453,33.15625,2.15625,1.59375,3.8125,3.8125,0.0,3,3 4
1537,786.8561401367188,785.0782470703125,662.5481567382812,311.5249938964844,3.03125,0.0,3.875,3.875,1.875,0.0,0.9375,0.0,1.0625,34.118751525878906,31.25,1.0,2.03125,3.96875,3.96875,0.0,3,3 0
1538,792.1256713867188,788.5843505859375,665.9923095703125,304.95001220703125,3.03125,0.0,3.96875,3.96875,1.90625,0.0,0.96875,0.0,1.09375,34.20624923706055,34.65625,1.0,2.03125,3.46875,3.46875,0.0,3,3 1
1539,783.6696166992188,779.3255004882812,658.1829833984375,307.13751220703125,3.0,0.0,3.9375,3.9375,1.90625,0.0,1.0,0.0,1.03125,33.53125,35.3125,1.0,2.0,2.9375,2.9375,0.0,3,3 4
1540,766.7239379882812,762.7166137695312,643.7357177734375,296.6875,2.96875,0.0,3.84375,3.84375,1.875,0.0,0.96875,0.0,1.0,33.79999923706055,32.3125,1.0,1.96875,3.0625,3.0625,0.0,3,3 0
1541,776.552978515625,774.05029296875,653.9309692382812,309.23126220703125,2.96875,0.0,3.96875,3.96875,1.90625,0.0,1.0,0.0,1.0625,33.86249923706055,28.625,1.0,1.96875,3.8125,3.8125,0.0,3,3 2
1542,738.327880859375,733.6755981445312,618.7633056640625,299.10626220703125,2.875,0.0,3.84375,3.84375,1.84375,0.0,0.96875,0.0,1.03125,32.400001525878906,32.21875,1.0,1.875,3.78125,3.78125,0.0,3,3 2
1543,759.5227661132812,754.5439453125,635.8284912109375,298.8500061035156,2.96875,0.0,3.8125,3.8125,1.875,0.0,0.90625,0.0,1.03125,32.41875076293945,35.5,1.0,1.96875,2.875,2.875,0.0,3,3 1
1544,781.9130249023438,779.2540283203125,658.20654296875,303.4375,3.0,0.0,3.9375,3.9375,1.9375,0.0,0.9375,0.0,1.0625,34.03125,36.6875,1.0,2.0,4.53125,4.53125,0.0,3,3 0
1545,673.0045776367188,670.027099609375,563.1785888671875,277.5062561035156,2.75,0.0,3.5,3.5,1.71875,0.0,0.8125,0.0,0.96875,30.40625,37.625,1.125,1.75,3.09375,3.09375,0.0,3,3 1
1546,677.6607666015625,674.4703979492188,567.2281494140625,303.5,2.71875,0.0,3.625,3.625,1.71875,0.0,0.875,0.0,1.03125,29.887500762939453,34.9375,2.125,1.71875,3.09375,3.09375,0.0,3,3 1
1547,802.1617431640625,797.0867309570312,672.2886962890625,317.3687438964844,3.0625,0.0,4.03125,4.03125,2.0,0.0,1.0,0.0,1.03125,34.33124923706055,37.59375,1.0,2.0625,4.46875,4.46875,0.0,3,3 4
1548,729.49609375,722.6627807617188,608.9974975585938,289.95001220703125,2.875,0.0,3.6875,3.6875,1.75,0.0,0.9375,0.0,1.0,31.487499237060547,36.5,1.0,1.875,3.0,3.0,0.0,3,3 4
1549,701.0040283203125,695.4765625,586.4762573242188,288.2562561035156,2.78125,0.0,3.59375,3.59375,1.71875,0.0,0.875,0.0,1.0,30.0,34.28125,1.53125,1.78125,2.65625,2.65625,0.0,3,3 0
1550,735.5056762695312,731.309814453125,617.3344116210938,287.3062438964844,2.875,0.0,3.75,3.75,1.75,0.0,1.0,0.0,1.0,32.556251525878906,32.6875,1.0,1.875,3.03125,3.03125,0.0,3,3 1
1551,728.2772216796875,724.0220947265625,609.865234375,295.70623779296875,2.875,0.0,3.71875,3.71875,1.84375,0.0,0.9375,0.0,0.9375,31.924999237060547,34.09375,1.0,1.875,2.96875,2.96875,0.0,3,3 4
1552,756.0501098632812,752.0382080078125,635.2278442382812,303.6187438964844,2.90625,0.0,3.84375,3.84375,1.8125,0.0,0.96875,0.0,1.0625,34.400001525878906,31.53125,1.0,1.90625,3.6875,3.6875,0.0,3,3 2
1553,776.5167236328125,772.4517822265625,653.0802001953125,303.17498779296875,2.96875,0.0,3.84375,3.84375,1.84375,0.0,0.96875,0.0,1.03125,34.16875076293945,38.75,1.0,1.96875,4.78125,4.78125,0.0,3,3 1
1554,748.4447631835938,742.3678588867188,627.9386596679688,291.85626220703125,2.875,0.0,3.78125,3.78125,1.8125,0.0,0.96875,0.0,1.0,33.118751525878906,32.375,1.0,1.875,3.6875,3.6875,0.0,3,3 2
1555,682.2401123046875,676.8677978515625,570.6248779296875,284.5062561035156,2.71875,0.0,3.59375,3.59375,1.65625,0.0,0.90625,0.0,1.03125,30.306249618530273,31.65625,1.0,1.71875,3.65625,3.65625,0.0,3,3 4
1556,739.9529418945312,735.8233642578125,621.2730712890625,297.2749938964844,2.875,0.0,3.75,3.75,1.84375,0.0,0.90625,0.0,1.0,32.98125076293945,32.65625,1.0,1.875,2.5625,2.5625,0.0,3,3 4
1557,706.9044799804688,701.2611083984375,592.9390869140625,287.3687438964844,2.75,0.0,3.65625,3.65625,1.65625,0.0,0.96875,0.0,1.03125,32.381248474121094,32.34375,1.0,1.75,2.6875,2.6875,0.0,3,3 0
1558,673.474853515625,670.2252197265625,564.8229370117188,276.70623779296875,2.71875,0.0,3.4375,3.4375,1.65625,0.0,0.78125,0.0,1.0,31.274999618530273,39.09375,1.0,1.71875,2.75,2.75,0.0,3,3 2
1559,661.5835571289062,655.1256713867188,550.4224853515625,288.5,2.6875,0.0,3.46875,3.46875,1.65625,0.0,0.8125,0.0,1.0,30.712499618530273,35.78125,1.0,1.6875,3.03125,3.03125,0.0,3,3 0
1560,703.7798461914062,698.737060546875,590.2904052734375,294.76873779296875,2.75,0.0,3.625,3.625,1.71875,0.0,0.875,0.03125,1.0,31.712499618530273,31.78125,1.03125,1.75,3.5,3.5,0.0,3,3 2
1561,678.3662109375,672.466552734375,568.1649169921875,275.66876220703125,2.6875,0.0,3.53125,3.53125,1.6875,0.0,0.84375,0.0,1.0,30.65625,34.625,1.8125,1.6875,2.3125,2.3125,0.0,3,3 0
1562,670.3320922851562,665.1810302734375,560.2365112304688,270.6312561035156,2.71875,0.0,3.46875,3.46875,1.6875,0.0,0.75,0.0,1.03125,29.725000381469727,38.53125,1.0,1.71875,2.8125,2.8125,0.0,3,3 2
1563,738.1670532226562,732.6510620117188,617.5660400390625,301.9312438964844,2.875,0.0,3.84375,3.84375,1.84375,0.0,0.96875,0.03125,1.0,32.57500076293945,36.3125,1.0,1.875,2.90625,2.90625,0.0,3,3 1
1564,707.994140625,701.7100219726562,591.2664794921875,283.73748779296875,2.8125,0.0,3.59375,3.59375,1.78125,0.0,0.84375,0.0,0.96875,31.981250762939453,39.8125,1.0,1.8125,2.03125,2.03125,0.0,3,3 1
1565,707.8780517578125,702.5008544921875,590.5980224609375,287.16876220703125,2.84375,0.0,3.59375,3.59375,1.75,0.0,0.78125,0.03125,1.03125,31.84375,36.09375,1.0,1.84375,2.40625,2.40625,0.0,3,3 1
1566,789.8035278320312,785.525390625,663.9163818359375,314.35626220703125,3.0,0.0,3.875,3.875,1.90625,0.0,0.96875,0.0,1.0,35.506248474121094,38.6875,1.0,2.0,2.15625,2.15625,0.0,3,3 0
1567,648.807373046875,643.6988525390625,541.5154418945312,273.3125,2.65625,0.0,3.40625,3.40625,1.65625,0.0,0.75,0.0,1.0,29.612499237060547,32.40625,1.0,1.65625,1.71875,1.71875,0.0,3,3 1
1568,674.5770263671875,668.7112426757812,561.8795776367188,278.8374938964844,2.75,0.0,3.5,3.5,1.625,0.0,0.875,0.0,1.0,29.943750381469727,35.59375,1.0,1.75,1.78125,1.78125,0.0,3,3 0
1569,625.6134643554688,623.3363037109375,522.2106323242188,262.17498779296875,2.65625,0.0,3.34375,3.34375,1.59375,0.0,0.6875,0.03125,1.03125,28.21875,36.59375,1.0,1.65625,2.0625,2.0625,0.0,3,3 2
1570,633.7048950195312,630.6383056640625,530.3077392578125,272.01251220703125,2.625,0.0,3.28125,3.28125,1.59375,0.0,0.65625,0.03125,1.0,29.75,39.40625,1.0,1.625,2.375,2.375,0.0,3,3 2
1571,676.4566650390625,672.1326904296875,566.4664916992188,280.04376220703125,2.71875,0.0,3.5,3.5,1.625,0.0,0.78125,0.0,1.09375,30.424999237060547,35.84375,1.0,1.71875,1.3125,1.3125,0.0,3,3 2
1572,745.2476806640625,742.2117919921875,625.9302368164062,319.625,2.875,0.0,3.90625,3.90625,1.84375,0.0,0.96875,0.09375,1.0,32.91875076293945,33.28125,1.0,1.875,1.9375,1.9375,0.0,3,3 2
1573,758.1581420898438,756.1937866210938,637.1271362304688,330.7124938964844,2.9375,0.0,3.75,3.75,1.78125,0.0,0.96875,0.0,1.0,34.20000076293945,35.78125,1.0,1.9375,1.6875,1.6875,0.0,3,3 2
1574,765.2028198242188,759.3079223632812,640.2220458984375,324.42498779296875,2.9375,0.0,3.875,3.875,1.8125,0.0,0.96875,0.0,1.09375,33.275001525878906,35.0,1.0,1.9375,1.0625,1.0625,0.0,3,3 2
1575,825.1924438476562,820.0103759765625,692.8958129882812,330.45001220703125,3.09375,0.0,4.0625,4.0625,1.96875,0.0,1.0,0.0,1.09375,35.58124923706055,35.59375,1.0,2.09375,1.25,1.25,0.0,3,3 0
1576,698.4015502929688,692.0489501953125,581.593505859375,312.20623779296875,2.78125,0.0,3.59375,3.59375,1.6875,0.0,0.875,0.0,1.03125,31.431249618530273,38.34375,1.0,1.78125,0.84375,0.84375,0.0,3,3 4
1577,654.582763671875,650.1838989257812,544.9353637695312,308.1625061035156,2.6875,0.0,3.4375,3.4375,1.5625,0.0,0.90625,0.0,0.96875,28.975000381469727,35.34375,1.0,1.6875,0.78125,0.78125,0.0,3,3 0
1578,674.09521484375,672.3605346679688,564.0830688476562,308.45001220703125,2.75,0.0,3.5,3.5,1.59375,0.0,0.875,0.0,1.03125,29.75,32.65625,1.0,1.75,1.0625,1.0625,0.0,2,2 3
1579,642.031494140625,636.3662719726562,534.9234619140625,298.35626220703125,2.625,0.0,3.21875,3.21875,1.4375,0.0,0.78125,0.0,1.0,30.0,34.1875,2.09375,1.625,0.9375,0.9375,0.0,3,3 4
1580,643.354248046875,639.63037109375,535.7405395507812,286.95623779296875,2.6875,0.0,3.34375,3.34375,1.5625,0.0,0.78125,0.0,1.0,29.399999618530273,42.03125,1.0,1.6875,1.0625,1.0625,0.0,3,3 2
1581,624.7020874023438,622.1539306640625,523.2294311523438,272.1187438964844,2.59375,0.0,3.28125,3.28125,1.46875,0.0,0.8125,0.0,1.0,29.200000762939453,36.03125,1.0,1.59375,1.0625,1.0625,0.0,3,3 2
1582,655.431884765625,649.9681396484375,546.305419921875,277.8187561035156,2.6875,0.0,3.40625,3.40625,1.5,0.0,0.875,0.0,1.03125,29.287500381469727,39.375,1.0,1.6875,0.84375,0.84375,0.0,3,3 2
1583,653.5865478515625,647.3512573242188,542.2999267578125,277.9937438964844,2.71875,0.0,3.40625,3.40625,1.6875,0.0,0.75,0.0,0.96875,29.662500381469727,39.4375,1.0,1.71875,0.9375,0.9375,0.0,3,3 2
1584,712.7701416015625,709.1281127929688,595.41259765625,310.0562438964844,2.875,0.0,3.4375,3.4375,1.625,0.0,0.8125,0.0,1.0,31.737499237060547,36.96875,1.0,1.875,1.1875,1.1875,0.0,3,3 0
1585,723.6943969726562,719.1172485351562,605.2977905273438,297.3812561035156,2.875,0.0,3.625,3.625,1.6875,0.0,0.9375,0.0,1.0,31.668750762939453,39.0625,1.0,1.875,0.875,0.875,0.0,3,3 4
1586,724.6314086914062,720.184326171875,608.4768676757812,304.11248779296875,2.8125,0.0,3.59375,3.59375,1.71875,0.0,0.84375,0.0,1.03125,33.34375,34.5625,1.0,1.8125,1.34375,1.34375,0.0,3,3 4
1587,739.4920654296875,733.8807373046875,618.9918212890625,306.0062561035156,2.875,0.0,3.71875,3.71875,1.78125,0.0,0.9375,0.0,1.0,33.131248474121094,35.59375,1.0,1.875,2.21875,2.21875,0.0,3,3 4
1588,701.476318359375,697.3616943359375,587.1068115234375,309.4125061035156,2.78125,0.0,3.5625,3.5625,1.6875,0.0,0.90625,0.0,0.96875,31.787500381469727,34.125,1.0,1.78125,1.5,1.5,0.0,3,3 2
1589,765.757568359375,762.0941162109375,642.7166137695312,298.5687561035156,3.0,0.0,3.625,3.625,1.71875,0.0,0.90625,0.0,1.0,33.04999923706055,40.78125,1.0,2.0,1.25,1.25,0.0,3,3 4
1590,697.1212768554688,694.5123291015625,584.3038330078125,283.6937561035156,2.8125,0.0,3.59375,3.59375,1.6875,0.0,0.90625,0.0,1.0,30.6875,38.09375,1.0,1.8125,0.75,0.75,0.0,3,3 4
1591,737.0306396484375,730.1286010742188,614.3653564453125,297.26251220703125,2.90625,0.0,3.78125,3.78125,1.78125,0.0,0.96875,0.0,1.03125,31.737499237060547,38.90625,1.0,1.90625,0.84375,0.84375,0.0,3,3 0
1592,654.7317504882812,649.7186279296875,546.6738891601562,267.6187438964844,2.6875,0.0,3.40625,3.40625,1.5,0.0,0.875,0.0,1.03125,28.6875,36.3125,1.0,1.6875,0.6875,0.6875,0.0,3,3 0
1593,710.9917602539062,707.5113525390625,596.3226928710938,294.67498779296875,2.8125,0.0,3.65625,3.65625,1.75,0.0,0.90625,0.0,1.0,31.693750381469727,37.4375,1.0,1.8125,0.71875,0.71875,0.0,3,3 2
1594,617.1035766601562,613.3245849609375,513.6007690429688,275.5249938964844,2.625,0.0,3.15625,3.15625,1.4375,0.0,0.71875,0.0,1.0,28.181249618530273,40.0625,1.0,1.625,1.0625,1.0625,0.0,3,3 0
1595,684.2569580078125,680.2100830078125,571.2473754882812,291.35626220703125,2.78125,0.0,3.53125,3.53125,1.65625,0.0,0.875,0.0,1.0,30.318750381469727,37.4375,1.5625,1.78125,1.09375,1.09375,0.0,3,3 4
1596,695.5142822265625,691.9342651367188,581.3689575195312,295.5874938964844,2.8125,0.0,3.5,3.5,1.625,0.0,0.84375,0.03125,1.0,31.450000762939453,39.84375,1.0,1.8125,0.9375,0.9375,0.0,3,3 2
1597,716.2349243164062,711.7025146484375,598.7974853515625,302.39373779296875,2.84375,0.0,3.65625,3.65625,1.71875,0.0,0.90625,0.03125,1.0,31.793750762939453,39.90625,1.0,1.84375,0.9375,0.9375,0.0,3,3 4
1598,678.1801147460938,673.1668701171875,566.0758056640625,311.0874938964844,2.71875,0.0,3.46875,3.46875,1.625,0.0,0.84375,0.0,1.0,30.412500381469727,34.90625,1.5625,1.71875,0.75,0.75,0.0,3,3 4
1599,692.3935546875,688.4458618164062,579.680908203125,285.5562438964844,2.78125,0.0,3.53125,3.53125,1.625,0.0,0.90625,0.0,1.0,30.831249237060547,36.9375,1.125,1.78125,0.65625,0.65625,0.0,3,3 4
1600,709.3573608398438,706.4530639648438,593.4527587890625,311.23126220703125,2.84375,0.0,3.625,3.625,1.71875,0.0,0.90625,0.03125,0.96875,30.5625,37.6875,1.0,1.84375,0.6875,0.6875,0.0,3,3 2
1601,724.310546875,721.0965576171875,605.8557739257812,312.4750061035156,2.875,0.0,3.78125,3.78125,1.8125,0.0,0.96875,0.0,1.0,31.899999618530273,36.15625,1.0,1.875,0.8125,0.8125,0.0,3,3 0
1602,669.1126708984375,665.9839477539062,558.5932006835938,291.0249938964844,2.75,0.0,3.5625,3.5625,1.75,0.0,0.8125,0.0,1.0,28.274999618530273,40.0625,2.28125,1.75,1.03125,1.03125,0.0,3,3 2
1603,585.7942504882812,582.3429565429688,488.9476623535156,260.84375,2.5,0.0,3.09375,3.09375,1.46875,0.0,0.65625,0.0,0.96875,27.65625,40.0,1.53125,1.5,0.46875,0.46875,0.0,3,3 0
1604,638.8703002929688,635.7131958007812,533.6502075195312,284.70623779296875,2.65625,0.0,3.28125,3.28125,1.46875,0.0,0.78125,0.0,1.03125,28.556249618530273,35.21875,2.8125,1.65625,0.53125,0.53125,0.0,3,3 4
1605,684.6453247070312,683.6871337890625,574.6926879882812,295.41876220703125,2.78125,0.0,3.4375,3.4375,1.59375,0.0,0.8125,0.03125,1.0,31.450000762939453,41.0,1.65625,1.78125,1.03125,1.03125,0.0,3,3 2
1606,663.5346069335938,658.8510131835938,552.9517822265625,291.57501220703125,2.71875,0.0,3.40625,3.40625,1.625,0.0,0.78125,0.0,1.0,30.600000381469727,38.9375,1.0,1.71875,0.75,0.75,0.0,3,3 2
1607,643.2686767578125,641.0140380859375,539.0554809570312,291.6625061035156,2.625,0.0,3.5,3.5,1.65625,0.0,0.78125,0.0625,1.0,28.475000381469727,36.0625,1.9375,1.625,0.53125,0.53125,0.0,3,3 2
1608,665.8403930664062,661.977294921875,555.8980712890625,299.36248779296875,2.71875,0.0,3.375,3.375,1.53125,0.0,0.84375,0.03125,0.96875,30.131250381469727,37.6875,1.0,1.71875,0.71875,0.71875,0.0,3,3 2
1609,655.1732788085938,652.6079711914062,547.3623046875,302.4312438964844,2.6875,0.0,3.46875,3.46875,1.59375,0.0,0.84375,0.0625,0.96875,29.856250762939453,36.78125,1.0,1.6875,0.28125,0.28125,0.0,3,3 2
1610,676.6421508789062,672.3027954101562,566.3328247070312,292.7875061035156,2.71875,0.0,3.40625,3.40625,1.53125,0.0,0.84375,0.0,1.03125,30.65625,33.09375,1.03125,1.71875,0.40625,0.40625,0.0,3,3 2
1611,710.85791015625,705.8558349609375,595.4124755859375,309.96875,2.78125,0.0,3.53125,3.53125,1.59375,0.0,0.90625,0.0,1.03125,33.375,33.375,1.0,1.78125,0.21875,0.21875,0.0,3,3 2
1612,718.640869140625,714.5349731445312,601.5559692382812,312.8374938964844,2.84375,0.0,3.53125,3.53125,1.53125,0.0,0.9375,0.0625,1.0,32.08124923706055,34.25,1.71875,1.84375,0.4375,0.4375,0.0,3,3 2
1613,722.2529296875,717.9547119140625,605.1497192382812,300.6000061035156,2.84375,0.0,3.59375,3.59375,1.6875,0.0,0.90625,0.0,1.0,33.125,33.5,1.0,1.84375,0.34375,0.34375,0.0,3,3 4
1614,752.8555297851562,749.298828125,631.6087646484375,309.6187438964844,2.9375,0.0,3.71875,3.71875,1.71875,0.0,0.96875,0.03125,1.0,33.10625076293945,36.78125,1.0,1.9375,0.5625,0.5625,0.0,3,3 2
1615,793.2954711914062,789.8170776367188,668.4268798828125,305.5249938964844,3.0,0.0,3.90625,3.90625,1.84375,0.0,1.0,0.0,1.0625,36.04999923706055,29.78125,1.0,2.0,0.5,0.5,0.0,3,3 0
1616,725.0593872070312,720.5307006835938,607.8119506835938,276.8125,2.875,0.0,3.5625,3.5625,1.59375,0.0,0.96875,0.0,1.0,32.65625,31.84375,1.0,1.875,0.40625,0.40625,0.0,3,3 1
1617,722.4957275390625,717.88671875,605.2432250976562,291.6499938964844,2.84375,0.0,3.65625,3.65625,1.75,0.0,0.90625,0.0,1.0,33.32500076293945,32.0,1.0,1.84375,0.3125,0.3125,0.0,3,3 4
1618,726.7355346679688,720.4105224609375,606.1767578125,277.73126220703125,2.90625,0.0,3.625,3.625,1.71875,0.0,0.9375,0.03125,0.9375,32.13750076293945,32.6875,1.0,1.90625,0.3125,0.3125,0.0,3,3 1
1619,773.4833374023438,769.1940307617188,650.8308715820312,290.39373779296875,2.96875,0.0,3.75,3.75,1.84375,0.0,0.9375,0.0,0.96875,34.20000076293945,35.53125,1.0,1.96875,0.53125,0.53125,0.0,3,3 4
1620,780.839599609375,778.0325927734375,658.333984375,297.1625061035156,3.0,0.0,3.625,3.625,1.8125,0.0,0.875,0.0,0.9375,35.224998474121094,31.625,1.0,2.0,0.4375,0.4375,0.0,3,3 0
1621,766.7953491210938,763.3702392578125,647.9120483398438,285.8125,2.90625,0.0,3.65625,3.65625,1.65625,0.0,0.96875,0.0,1.03125,36.0,28.0625,1.0,1.90625,0.5,0.5,0.0,3,3 4
1622,734.8250732421875,730.3627319335938,616.7075805664062,283.5687561035156,2.90625,0.0,3.40625,3.40625,1.75,0.0,0.9375,0.0,0.71875,32.162498474121094,33.0625,1.0,1.90625,0.90625,0.90625,0.0,3,3 0
1623,686.71435546875,681.0963745117188,575.2921142578125,271.1812438964844,2.75,0.0,3.21875,3.21875,1.53125,0.0,0.84375,0.03125,0.8125,32.61249923706055,33.53125,1.0,1.75,0.625,0.625,0.0,3,3 4
1624,667.83544921875,662.7101440429688,560.8194580078125,264.125,2.6875,0.0,3.0,3.0,1.4375,0.0,0.8125,0.0,0.75,32.275001525878906,36.59375,1.0,1.6875,0.6875,0.6875,0.0,3,3 1
1625,840.9378662109375,835.7630004882812,708.8831787109375,317.125,3.125,0.0,3.75,3.75,1.75,0.0,1.03125,0.0,0.96875,37.631248474121094,30.75,1.0,2.125,1.125,1.125,0.0,3,3 4
1626,678.6268920898438,672.7013549804688,567.369140625,276.88751220703125,2.71875,0.0,3.34375,3.34375,1.53125,0.0,0.84375,0.0,0.96875,32.91875076293945,22.625,1.0,1.71875,0.71875,0.71875,0.0,3,3 2
1627,690.2080078125,686.0892333984375,580.6566162109375,263.8187561035156,2.75,0.0,3.1875,3.1875,1.625,0.0,0.8125,0.0,0.75,33.287498474121094,30.5,1.0,1.75,0.78125,0.78125,0.0,3,3 4
1628,712.36865234375,706.9500122070312,598.5728759765625,268.95001220703125,2.8125,0.0,3.15625,3.15625,1.5625,0.0,0.90625,0.0,0.6875,34.33124923706055,25.5,1.0,1.8125,1.03125,1.03125,0.0,3,3 4
1629,708.4010620117188,702.1998291015625,592.9871826171875,285.65625,2.8125,0.0,3.21875,3.21875,1.71875,0.0,0.90625,0.0,0.59375,32.943748474121094,32.28125,1.0,1.8125,0.625,0.625,0.0,3,3 2
1630,686.5438842773438,682.2446899414062,577.4049072265625,280.6875,2.71875,0.0,3.15625,3.15625,1.5,0.0,0.84375,0.0,0.8125,33.29375076293945,29.5625,1.0,1.71875,0.375,0.375,0.0,3,3 2
1631,701.4259033203125,696.1656494140625,588.8382568359375,278.1187438964844,2.78125,0.0,3.15625,3.15625,1.59375,0.0,0.8125,0.0,0.75,33.243751525878906,23.6875,1.0,1.78125,0.375,0.375,0.0,3,3 2
1632,683.0916137695312,676.8179321289062,570.6763305664062,267.01251220703125,2.78125,0.0,3.0625,3.0625,1.6875,0.0,0.78125,0.0,0.59375,31.825000762939453,29.3125,1.0,1.78125,0.40625,0.40625,0.0,3,3 4
1633,751.06298828125,743.520263671875,630.0599365234375,273.28125,2.90625,0.0,3.40625,3.40625,1.78125,0.0,0.90625,0.0,0.71875,33.9375,30.15625,1.0,1.90625,0.84375,0.84375,0.0,3,3 0
1634,735.375,728.0628051757812,616.4801025390625,284.48126220703125,2.875,0.0,3.125,3.125,1.59375,0.0,0.84375,0.0,0.6875,33.9375,31.71875,1.0,1.875,0.65625,0.65625,0.0,3,3 4
1635,752.4612426757812,747.8997802734375,633.2588500976562,287.32501220703125,2.90625,0.0,3.46875,3.46875,1.6875,0.0,0.90625,0.0,0.875,35.20624923706055,21.6875,1.0,1.90625,0.625,0.625,0.0,3,3 4
1636,742.8399658203125,737.7269287109375,623.6417846679688,282.0625,2.90625,0.0,3.46875,3.46875,1.8125,0.0,0.78125,0.0,0.875,33.58124923706055,33.625,1.0,1.90625,0.40625,0.40625,0.0,3,3 4
1637,726.6701049804688,721.9383544921875,610.9699096679688,268.0062561035156,2.875,0.0,3.15625,3.15625,1.65625,0.0,0.78125,0.0,0.71875,34.40625,30.3125,1.0,1.875,0.375,0.375,0.0,3,3 4
1638,743.696044921875,738.4715576171875,622.7291870117188,303.4624938964844,2.9375,0.0,3.25,3.25,1.75,0.0,0.75,0.0,0.75,34.412498474121094,26.375,1.0,1.9375,0.5625,0.5625,0.0,3,3 1
1639,771.4761962890625,767.98974609375,650.0023803710938,308.3125,2.96875,0.0,3.34375,3.34375,1.75,0.0,0.8125,0.0,0.78125,36.162498474121094,26.25,1.0,1.96875,0.5625,0.5625,0.0,3,3 2
1640,673.4624633789062,667.3054809570312,563.4974365234375,277.71875,2.6875,0.0,3.3125,3.3125,1.65625,0.0,0.75,0.0,0.90625,32.20624923706055,27.96875,1.0,1.6875,0.59375,0.59375,0.0,3,3 2
1641,694.6466064453125,688.9320678710938,581.6395874023438,291.5062561035156,2.75,0.0,3.34375,3.34375,1.625,0.03125,0.71875,0.0,0.96875,32.45624923706055,32.28125,1.0,1.75,0.625,0.625,0.0,3,3 2
1642,713.695556640625,707.2394409179688,597.005859375,292.0625,2.8125,0.0,3.4375,3.4375,1.6875,0.0,0.75,0.0,1.0,31.975000381469727,31.34375,1.0,1.8125,0.46875,0.46875,0.0,3,3 2
1643,696.6381225585938,690.2865600585938,583.11376953125,290.03125,2.75,0.0,3.40625,3.40625,1.65625,0.0,0.6875,0.0,1.0625,30.8125,28.8125,1.53125,1.75,0.40625,0.40625,0.0,3,3 4
1644,642.904541015625,637.813232421875,536.900634765625,267.20001220703125,2.65625,0.0,3.15625,3.15625,1.5,0.0,0.65625,0.0,1.0,29.806249618530273,30.0625,1.96875,1.65625,0.34375,0.34375,0.0,3,3 2
1645,685.7327880859375,681.6869506835938,574.216552734375,302.3374938964844,2.75,0.0,3.28125,3.28125,1.59375,0.0,0.59375,0.0625,1.03125,31.825000762939453,33.5625,1.0,1.75,0.53125,0.53125,0.0,3,3 1
1646,674.2864990234375,668.8755493164062,562.9443969726562,294.17498779296875,2.71875,0.0,3.34375,3.34375,1.65625,0.0,0.6875,0.0,1.0,31.443750381469727,32.4375,1.0,1.71875,0.71875,0.71875,0.0,3,3 4
1647,587.1466674804688,580.8469848632812,487.6946716308594,271.14373779296875,2.5,0.0,2.875,2.875,1.4375,0.0,0.4375,0.0,1.0,28.306249618530273,35.53125,2.6875,1.5,0.375,0.375,0.0,3,3 4
1648,550.7179565429688,546.5594482421875,457.9134826660156,262.66876220703125,2.40625,0.0,2.875,2.875,1.34375,0.0,0.53125,0.0,1.0,27.5,28.625,1.0,1.40625,0.46875,0.46875,0.0,3,3 0
1649,591.5354614257812,585.6370239257812,492.37615966796875,277.39373779296875,2.5,0.0,2.78125,2.78125,1.34375,0.0,0.4375,0.0,1.0,29.256250381469727,35.09375,2.09375,1.5,0.53125,0.53125,0.0,3,3 1
1650,649.043701171875,642.6033325195312,540.1023559570312,281.5687561035156,2.6875,0.0,3.03125,3.03125,1.5625,0.0,0.46875,0.0,1.0,30.125,36.5625,1.0,1.6875,0.84375,0.84375,0.0,3,3 4
1651,619.70751953125,613.1575927734375,515.8848876953125,260.38751220703125,2.59375,0.0,3.03125,3.03125,1.5625,0.0,0.5,0.0,0.96875,28.837499618530273,34.1875,1.0,1.59375,0.53125,0.53125,0.0,3,3 2
1652,583.8543701171875,576.3284912109375,482.58917236328125,260.03125,2.53125,0.0,2.875,2.875,1.53125,0.0,0.34375,0.0,1.0,27.362499237060547,37.53125,1.0,1.53125,0.78125,0.78125,0.0,3,3 4
1653,635.2095947265625,628.5093994140625,529.7102661132812,274.6937561035156,2.625,0.0,2.84375,2.84375,1.40625,0.0,0.40625,0.03125,1.0,30.21875,27.90625,1.0,1.625,0.875,0.875,0.0,3,3 4
1654,603.3925170898438,598.6224365234375,502.9911193847656,264.23748779296875,2.5625,0.0,2.9375,2.9375,1.5,0.0,0.40625,0.0,1.03125,28.024999618530273,39.09375,1.0,1.5625,1.21875,1.21875,0.0,3,3 4
1655,604.4955444335938,596.1063842773438,499.0882263183594,267.5062561035156,2.59375,0.0,2.875,2.875,1.5625,0.0,0.3125,0.0,1.0,28.918750762939453,40.1875,1.0,1.59375,1.09375,1.09375,0.0,3,3 1
1656,506.82415771484375,501.734130859375,417.39300537109375,241.2624969482422,2.375,0.0,2.46875,2.46875,1.3125,0.0,0.15625,0.0,1.0,25.850000381469727,39.625,1.0,1.375,0.90625,0.90625,0.0,3,3 1
1657,493.6778564453125,487.91741943359375,407.4778747558594,224.0187530517578,2.3125,0.0,2.375,2.375,1.28125,0.0,0.15625,0.0,0.9375,25.631250381469727,41.15625,1.0,1.3125,0.84375,0.84375,0.0,3,3 4
1658,449.6281433105469,444.5021057128906,369.79559326171875,226.39999389648438,2.1875,0.0,2.3125,2.3125,1.125,0.0,0.21875,0.0,0.96875,23.674999237060547,39.1875,1.0,1.1875,0.96875,0.96875,0.0,3,3 4
1659,544.580078125,537.7484130859375,448.3389587402344,272.54376220703125,2.4375,0.0,2.625,2.625,1.375,0.0,0.28125,0.0,0.96875,27.262500762939453,35.125,1.0,1.4375,0.75,0.75,0.0,3,3 4
1660,527.705078125,520.2479248046875,434.2906799316406,248.53125,2.40625,0.0,2.4375,2.4375,1.3125,0.0,0.125,0.0,1.0,26.212499618530273,38.59375,1.0,1.40625,0.90625,0.90625,0.0,3,3 1
1661,555.9439697265625,552.0465087890625,461.4601135253906,268.8187561035156,2.46875,0.0,2.65625,2.65625,1.34375,0.0,0.3125,0.0,1.0,26.850000381469727,36.9375,1.0,1.46875,1.15625,1.15625,0.0,3,3 2
1662,484.9095764160156,478.8734436035156,398.7866516113281,243.61874389648438,2.28125,0.0,2.375,2.375,1.15625,0.0,0.21875,0.0,1.0,25.518749237060547,40.25,1.0,1.28125,1.15625,1.15625,0.0,3,3 1
1663,591.3660888671875,585.4459838867188,490.31536865234375,277.75,2.53125,0.0,2.9375,2.9375,1.4375,0.0,0.5625,0.0,0.9375,28.78125,41.5,1.0,1.53125,2.09375,2.09375,0.0,3,3 4
1664,554.9488525390625,547.2698974609375,455.47930908203125,284.6312561035156,2.46875,0.0,2.8125,2.8125,1.375,0.0,0.4375,0.0,1.0,25.674999237060547,37.40625,1.0625,1.46875,2.125,2.125,0.0,3,3 4
1665,491.1803894042969,487.2894592285156,405.9681091308594,261.0562438964844,2.28125,0.0,2.46875,2.46875,1.21875,0.0,0.25,0.0,1.0,25.450000762939453,38.40625,2.59375,1.28125,1.40625,1.40625,0.0,3,3 1
1666,601.0858764648438,596.2405395507812,498.2900390625,314.8374938964844,2.5625,0.0,2.8125,2.8125,1.375,0.0,0.4375,0.0,1.0,29.631250381469727,33.71875,1.0,1.5625,2.5625,2.5625,0.0,3,3 0
1667,524.8080444335938,518.0877685546875,431.4671325683594,278.95001220703125,2.375,0.0,2.53125,2.53125,1.3125,0.0,0.21875,0.0,1.0,26.65625,38.625,1.0,1.375,1.9375,1.9375,0.0,3,3 4
1668,536.3673706054688,529.1116333007812,441.19158935546875,272.71875,2.40625,0.0,2.625,2.625,1.375,0.0,0.28125,0.0,0.96875,26.231250762939453,37.34375,1.0,1.40625,1.53125,1.53125,0.0,3,3 0
1669,503.8017578125,497.9768981933594,414.9779357910156,260.3187561035156,2.3125,0.0,2.5625,2.5625,1.28125,0.0,0.28125,0.0,1.0,25.600000381469727,38.15625,1.0,1.3125,1.6875,1.6875,0.0,3,3 4
1670,631.1790161132812,625.0116577148438,522.5930786132812,317.38751220703125,2.65625,0.0,2.90625,2.90625,1.5625,0.0,0.3125,0.0,1.03125,29.787500381469727,34.8125,1.0,1.65625,3.40625,3.40625,0.0,3,3 1
1671,614.046630859375,606.9100341796875,508.92578125,298.79998779296875,2.5625,0.0,3.03125,3.03125,1.53125,0.0,0.5,0.0,1.0,29.412500381469727,34.5,1.0,1.5625,2.125,2.125,0.0,3,3 2
1672,648.0396118164062,641.910888671875,538.0213012695312,293.01251220703125,2.6875,0.0,3.25,3.25,1.6875,0.0,0.5625,0.0,1.0,29.799999237060547,36.46875,1.0,1.6875,2.84375,2.84375,0.0,3,3 0
1673,635.3429565429688,628.9599609375,528.3231811523438,282.95623779296875,2.625,0.0,3.21875,3.21875,1.59375,0.0,0.625,0.0,1.0,29.799999237060547,35.65625,1.0,1.625,3.71875,3.71875,0.0,3,3 1
1674,695.0838623046875,689.9501953125,580.2404174804688,291.4937438964844,2.8125,0.0,3.34375,3.34375,1.71875,0.0,0.625,0.0,1.0,31.306249618530273,34.65625,1.0,1.8125,3.90625,3.90625,0.0,3,3 2
1675,665.0242919921875,660.1170043945312,554.6400146484375,290.5625,2.71875,0.0,3.3125,3.3125,1.6875,0.0,0.65625,0.0,0.96875,30.618749618530273,31.09375,1.0,1.71875,4.8125,4.8125,0.0,3,3 4
1676,650.1301879882812,645.3229370117188,542.3256225585938,272.1937561035156,2.6875,0.0,3.28125,3.28125,1.59375,0.0,0.65625,0.0,1.03125,29.931249618530273,31.375,1.0,1.6875,3.75,3.75,0.0,3,3 4
1677,713.7281494140625,707.681640625,596.83349609375,303.4312438964844,2.8125,0.0,3.40625,3.40625,1.65625,0.0,0.6875,0.0,1.0625,32.92499923706055,29.28125,1.0,1.8125,3.34375,3.34375,0.0,3,3 4
1678,765.486572265625,762.6333618164062,643.8428344726562,309.2562561035156,2.96875,0.0,3.625,3.625,1.8125,0.0,0.75,0.0,1.0625,34.11249923706055,33.65625,1.0,1.96875,4.96875,4.96875,0.0,3,3 1
1679,764.8794555664062,758.8450927734375,640.0072021484375,308.625,2.96875,0.0,3.65625,3.65625,1.84375,0.0,0.78125,0.0,1.03125,33.85625076293945,30.15625,1.0,1.96875,4.34375,4.34375,0.0,3,3 2
1680,763.6821899414062,758.4679565429688,640.1598510742188,316.5562438964844,2.9375,0.0,3.75,3.75,1.84375,0.0,0.875,0.0,1.03125,33.91875076293945,31.375,1.0,1.9375,3.71875,3.71875,0.0,3,3 0
1681,668.9957885742188,663.8988037109375,557.8798217773438,294.7562561035156,2.71875,0.0,3.40625,3.40625,1.65625,0.0,0.75,0.0,1.0,30.381250381469727,31.9375,1.0,1.71875,3.3125,3.3125,0.0,3,3 2
1682,779.5735473632812,776.859130859375,658.4332885742188,310.875,2.9375,0.0,3.78125,3.78125,1.75,0.0,0.875,0.0,1.15625,35.45624923706055,32.90625,1.0,1.9375,3.53125,3.53125,0.0,3,3 0
1683,709.4558715820312,703.6761474609375,592.5628662109375,302.875,2.8125,0.0,3.53125,3.53125,1.65625,0.0,0.875,0.0,1.0,31.774999618530273,30.21875,1.0,1.8125,2.71875,2.71875,0.0,3,3 2
1684,737.58251953125,734.2420043945312,620.5166015625,310.40625,2.84375,0.0,3.6875,3.6875,1.78125,0.0,0.875,0.0,1.03125,33.431251525878906,28.6875,1.0,1.84375,2.78125,2.78125,0.0,3,3 1
1685,771.2131958007812,765.1393432617188,645.3941650390625,317.2875061035156,2.96875,0.0,3.8125,3.8125,1.78125,0.0,0.875,0.03125,1.125,33.01874923706055,35.90625,1.0,1.96875,3.125,3.125,0.0,3,3 4
1686,669.2169189453125,663.9810180664062,558.128662109375,293.54376220703125,2.71875,0.0,3.34375,3.34375,1.65625,0.0,0.6875,0.0,1.0,31.181249618530273,34.875,1.0,1.71875,3.71875,3.71875,0.0,3,3 1
1687,731.3461303710938,726.7448120117188,613.4166259765625,308.9937438964844,2.84375,0.0,3.59375,3.59375,1.71875,0.0,0.875,0.0,1.0,33.70000076293945,34.03125,1.0,1.84375,3.3125,3.3125,0.0,3,3 4
1688,606.4165649414062,601.1507568359375,503.7579040527344,277.375,2.5625,0.0,3.1875,3.1875,1.5,0.0,0.6875,0.0,1.0,28.606250762939453,35.40625,1.0,1.5625,3.3125,3.3125,0.0,3,3 2
1689,705.8602905273438,701.4930419921875,591.6403198242188,298.9375,2.78125,0.0,3.5625,3.5625,1.6875,0.0,0.875,0.0,1.0,32.462501525878906,31.84375,1.0,1.78125,4.625,4.625,0.0,3,3 1
1690,604.24267578125,599.6484375,505.361328125,283.5625,2.46875,0.0,3.28125,3.28125,1.4375,0.0,0.78125,0.03125,1.03125,29.424999237060547,27.59375,1.0,1.46875,2.875,2.875,0.0,3,3 1
1691,710.665283203125,706.2615356445312,595.5328979492188,305.33123779296875,2.78125,0.0,3.6875,3.6875,1.71875,0.0,0.9375,0.0,1.03125,32.775001525878906,31.71875,1.0,1.78125,2.71875,2.71875,0.0,3,3 0
1692,679.8175659179688,675.9779052734375,567.5869750976562,299.3687438964844,2.75,0.0,3.625,3.625,1.75,0.0,0.90625,0.0,0.96875,30.125,34.6875,1.0,1.75,3.625,3.625,0.0,3,3 1
1693,651.6259765625,645.6439208984375,542.1441650390625,290.8999938964844,2.65625,0.0,3.53125,3.53125,1.65625,0.0,0.875,0.0,1.0,29.262500762939453,32.78125,1.0,1.65625,3.09375,3.09375,0.0,3,3 0
1694,615.5843505859375,609.4144287109375,512.0927734375,274.1312561035156,2.5625,0.0,3.15625,3.15625,1.4375,0.0,0.6875,0.0,1.03125,29.806249618530273,35.375,1.0,1.5625,2.9375,2.9375,0.0,3,3 1
1695,616.663818359375,610.4447021484375,511.47735595703125,259.2250061035156,2.625,0.0,3.15625,3.15625,1.5625,0.0,0.6875,0.0,0.90625,28.506250381469727,40.0625,1.0,1.625,2.75,2.75,0.0,3,3 1
1696,603.9532470703125,598.3778686523438,501.55126953125,255.71875,2.59375,0.0,3.03125,3.03125,1.53125,0.0,0.5,0.0,1.0,27.65625,42.1875,1.0,1.59375,3.46875,3.46875,0.0,3,3 4
1697,514.0648193359375,507.66436767578125,423.68487548828125,231.22500610351562,2.34375,0.0,2.84375,2.84375,1.34375,0.0,0.5,0.0,1.0,25.587499618530273,38.78125,1.0,1.34375,1.6875,1.6875,0.0,3,3 1
1698,583.5046997070312,578.1624755859375,482.8573303222656,254.375,2.5625,0.0,3.03125,3.03125,1.46875,0.0,0.5625,0.0,1.0,26.868749618530273,37.09375,1.0,1.5625,2.3125,2.3125,0.0,3,3 2
1699,565.9557495117188,560.5197143554688,468.31109619140625,251.3874969482422,2.5,0.0,2.9375,2.9375,1.40625,0.0,0.53125,0.0,1.0,27.162500381469727,39.59375,1.0,1.5,2.15625,2.15625,0.0,3,3 1
1700,590.0287475585938,584.6889038085938,488.83038330078125,257.40625,2.5625,0.0,3.09375,3.09375,1.5625,0.0,0.53125,0.0,1.0,27.712499618530273,41.4375,1.0,1.5625,2.5625,2.5625,0.0,3,3 2
1701,605.376220703125,601.4517822265625,502.9754333496094,273.0874938964844,2.59375,0.0,3.1875,3.1875,1.59375,0.0,0.59375,0.0,1.0,28.524999618530273,42.65625,1.0,1.59375,2.125,2.125,0.0,3,3 2
1702,536.4911499023438,530.3768310546875,442.65789794921875,253.1125030517578,2.40625,0.0,2.8125,2.8125,1.3125,0.0,0.5,0.0,1.0,26.393749237060547,42.84375,1.0,1.40625,1.8125,1.8125,0.0,3,3 2
1703,475.021728515625,470.03839111328125,392.33221435546875,228.81875610351562,2.21875,0.0,2.65625,2.65625,1.15625,0.0,0.5,0.0,1.0,24.737499237060547,36.21875,1.25,1.21875,2.71875,2.71875,0.0,3,3 4
1704,435.3619079589844,430.28857421875,357.55059814453125,209.0437469482422,2.15625,0.0,2.375,2.375,1.0625,0.0,0.3125,0.0,1.0,23.462499618530273,39.3125,1.0,1.15625,1.875,1.875,0.0,3,3 4
1705,435.55670166015625,431.73443603515625,358.4659729003906,218.4812469482422,2.15625,0.0,2.40625,2.40625,1.125,0.0,0.28125,0.0,1.0,23.09375,35.40625,1.0,1.15625,2.21875,2.21875,0.0,3,3 2
1706,545.4739379882812,541.2567749023438,451.1832580566406,250.06875610351562,2.46875,0.0,2.78125,2.78125,1.3125,0.0,0.40625,0.0,1.0625,26.431249618530273,43.03125,1.0,1.46875,2.625,2.625,0.0,3,3 0
1707,370.4803161621094,365.6978759765625,299.9794616699219,181.6750030517578,2.0625,0.0,2.03125,2.03125,1.0,0.0,0.0625,0.0,0.96875,21.581249237060547,42.90625,1.0,1.0625,1.9375,1.9375,0.0,3,3 2
1708,456.9977722167969,451.13714599609375,373.10516357421875,210.71249389648438,2.28125,0.0,2.375,2.375,1.15625,0.0,0.25,0.0,0.96875,23.243749618530273,39.125,1.0,1.28125,2.28125,2.28125,0.0,3,3 2
1709,479.5463562011719,472.5218811035156,391.342041015625,229.2687530517578,2.3125,0.0,2.5625,2.5625,1.21875,0.0,0.375,0.0,0.96875,24.118749618530273,40.21875,1.0,1.3125,3.21875,3.21875,0.0,3,3 4
1710,459.03656005859375,452.85968017578125,375.0549621582031,222.28125,2.25,0.0,2.5,2.5,1.125,0.0,0.375,0.0,1.0,23.28125,39.4375,1.0,1.25,4.1875,4.1875,0.0,3,3 1
1711,443.59344482421875,438.09716796875,363.056884765625,220.34375,2.1875,0.0,2.5625,2.5625,1.15625,0.0,0.40625,0.0,1.0,21.65625,39.15625,1.0,1.1875,3.875,3.875,0.0,3,3 4
1712,471.0458068847656,465.55328369140625,385.62066650390625,233.52499389648438,2.28125,0.0,2.53125,2.53125,1.1875,0.0,0.34375,0.0,1.0,23.993749618530273,41.65625,1.0,1.28125,4.1875,4.1875,0.0,3,3 1
1713,468.84808349609375,463.41778564453125,384.0997009277344,238.65625,2.25,0.0,2.625,2.625,1.1875,0.0,0.46875,0.0,0.96875,24.362499237060547,39.53125,1.0,1.25,4.84375,4.84375,0.0,3,3 1
1714,470.1736755371094,464.30755615234375,383.15826416015625,234.30624389648438,2.3125,0.0,2.5625,2.5625,1.1875,0.0,0.375,0.0,1.0,22.549999237060547,42.90625,1.0,1.3125,3.96875,3.96875,0.0,3,3 1
1715,473.5404052734375,469.47607421875,386.26397705078125,241.6125030517578,2.34375,0.0,2.625,2.625,1.25,0.0,0.40625,0.0,0.96875,23.299999237060547,36.5,1.0,1.34375,3.0625,3.0625,0.0,3,3 1
1716,512.0150756835938,508.72064208984375,421.7923278808594,269.46875,2.375,0.0,2.78125,2.78125,1.25,0.0,0.5625,0.0,0.96875,25.443750381469727,39.0,1.0,1.375,3.9375,3.9375,0.0,3,3 1
1717,466.75146484375,462.60272216796875,383.7334289550781,251.0187530517578,2.21875,0.0,2.71875,2.71875,1.25,0.0,0.46875,0.0,1.0,23.643749237060547,39.28125,1.46875,1.21875,3.0625,3.0625,0.0,3,3 4
1718,476.545654296875,471.02813720703125,388.7672424316406,253.3874969482422,2.3125,0.0,2.5625,2.5625,1.125,0.0,0.4375,0.0,1.0,23.424999237060547,43.59375,1.0,1.3125,2.6875,2.6875,0.0,3,3 4
1719,440.4661560058594,435.4662170410156,358.98358154296875,247.21249389648438,2.1875,0.0,2.53125,2.53125,1.15625,0.0,0.40625,0.0,0.96875,22.899999618530273,37.4375,1.0,1.1875,3.21875,3.21875,0.0,3,3 4
1720,422.8759460449219,418.573974609375,343.8675842285156,231.5500030517578,2.1875,0.0,2.3125,2.3125,1.09375,0.0,0.21875,0.0,1.0,22.243749618530273,41.875,2.59375,1.1875,2.46875,2.46875,0.0,3,3 4
1721,429.945556640625,423.9786682128906,350.75177001953125,236.71249389648438,2.125,0.0,2.53125,2.53125,1.15625,0.0,0.375,0.0,1.0,22.3125,40.1875,2.1875,1.125,3.46875,3.46875,0.0,3,3 4
1722,508.60443115234375,504.17822265625,417.42364501953125,267.75,2.375,0.0,2.75,2.75,1.21875,0.0,0.53125,0.0,1.0,25.649999618530273,38.09375,1.0,1.375,4.9375,4.9375,0.0,3,3 0
1723,515.1122436523438,508.8799743652344,422.86248779296875,253.11874389648438,2.375,0.0,2.78125,2.78125,1.28125,0.0,0.5,0.0,1.0,24.924999237060547,41.34375,1.0,1.375,5.375,5.375,0.0,3,3 4
1724,433.98297119140625,430.3814392089844,356.49322509765625,231.0124969482422,2.15625,0.0,2.40625,2.40625,1.09375,0.0,0.34375,0.0,0.96875,23.056249618530273,36.125,1.875,1.15625,4.3125,4.3125,0.0,3,3 4
1725,562.6149291992188,557.7200317382812,464.633056640625,290.1812438964844,2.46875,0.0,3.0,3.0,1.375,0.0,0.625,0.0,1.0,27.168750762939453,37.28125,1.25,1.46875,5.84375,5.84375,0.0,3,3 1
1726,506.6274108886719,499.46905517578125,414.9424743652344,258.58123779296875,2.34375,0.0,2.6875,2.6875,1.28125,0.0,0.40625,0.0,1.0,24.5,41.5,1.0,1.34375,5.125,5.125,0.0,3,3 1
1727,549.0587768554688,543.2772827148438,452.66766357421875,270.6000061035156,2.4375,0.0,2.96875,2.96875,1.375,0.0,0.59375,0.0,1.0,26.831249237060547,35.03125,1.0,1.4375,5.71875,5.71875,0.0,3,3 0
1728,628.484375,623.8325805664062,522.2025756835938,297.95623779296875,2.625,0.0,3.25,3.25,1.5,0.0,0.71875,0.0,1.03125,30.456249237060547,37.59375,1.0,1.625,9.0,9.0,0.0,3,3 4
1729,574.7919921875,568.7512817382812,475.0894470214844,267.0062561035156,2.5,0.0,3.09375,3.09375,1.46875,0.0,0.625,0.0,1.0,27.424999237060547,40.375,1.0,1.5,6.875,6.875,0.0,3,3 1
1730,509.8891296386719,504.988525390625,419.8919982910156,251.40625,2.34375,0.0,2.84375,2.84375,1.34375,0.0,0.5,0.0,1.0,26.1875,36.25,1.0,1.34375,5.46875,5.46875,0.0,3,3 1
1731,521.326904296875,515.5440063476562,430.65008544921875,245.77499389648438,2.34375,0.0,2.875,2.875,1.34375,0.0,0.53125,0.0,1.0,25.931249618530273,38.0625,1.0,1.34375,6.5625,6.5625,0.0,3,3 1
1732,576.100341796875,569.5534057617188,475.72943115234375,266.76251220703125,2.5,0.0,3.09375,3.09375,1.5,0.0,0.59375,0.0,1.0,28.393749237060547,41.4375,1.0,1.5,9.03125,9.03125,0.0,3,3 1
1733,572.3589477539062,569.3270263671875,476.02978515625,266.1812438964844,2.5,0.0,3.0,3.0,1.46875,0.0,0.53125,0.0,1.0,27.712499618530273,40.53125,1.0,1.5,10.34375,10.34375,0.0,3,3 0
1734,634.931884765625,629.6807861328125,528.9498291015625,278.42498779296875,2.625,0.0,3.25,3.25,1.5625,0.0,0.6875,0.0,1.0,30.887500762939453,36.3125,1.0,1.625,8.46875,8.46875,0.0,3,3 4
1735,507.4131164550781,503.45587158203125,418.79913330078125,243.5124969482422,2.34375,0.0,2.8125,2.8125,1.34375,0.0,0.46875,0.0,1.0,26.631250381469727,34.34375,1.0,1.34375,8.09375,8.09375,0.0,3,3 4
1736,625.3346557617188,618.8023681640625,517.1297607421875,278.1625061035156,2.65625,0.0,3.25,3.25,1.5625,0.0,0.6875,0.0,1.0,28.899999618530273,33.96875,1.0,1.65625,10.65625,10.65625,0.0,3,3 4
1737,629.8841552734375,627.4867553710938,526.9195556640625,294.32501220703125,2.59375,0.0,3.375,3.375,1.5625,0.0,0.78125,0.0,1.03125,30.075000762939453,31.5625,1.0,1.59375,10.125,10.125,0.0,3,3 4
1738,608.6293334960938,602.9703979492188,505.43768310546875,268.15625,2.59375,0.0,3.0,3.0,1.53125,0.0,0.46875,0.0,1.0,28.818750381469727,35.09375,1.0,1.59375,10.21875,10.21875,0.0,3,3 1
1739,610.852783203125,605.6522827148438,508.18658447265625,270.75,2.5625,0.0,3.25,3.25,1.53125,0.0,0.71875,0.0,1.0,29.462499618530273,37.6875,1.0,1.5625,7.6875,7.6875,0.0,3,3 4
1740,611.4052734375,606.09375,506.92755126953125,274.4312438964844,2.59375,0.0,3.3125,3.3125,1.59375,0.0,0.71875,0.0,1.0,29.206249237060547,32.4375,1.0,1.59375,7.96875,7.96875,0.0,3,3 4
1741,586.4411010742188,580.3216552734375,485.72174072265625,277.95623779296875,2.5,0.0,3.15625,3.15625,1.5,0.0,0.65625,0.0,1.0,28.206249237060547,34.4375,1.71875,1.5,7.65625,7.65625,0.0,3,3 2
1742,642.501220703125,636.93798828125,535.6026611328125,283.4375,2.625,0.0,3.375,3.375,1.59375,0.0,0.78125,0.0,1.0,30.075000762939453,33.0625,1.0,1.625,7.9375,7.9375,0.0,3,3 4
1743,677.4456176757812,671.396484375,564.6221923828125,293.40625,2.71875,0.0,3.53125,3.53125,1.65625,0.0,0.8125,0.0,1.0625,32.17499923706055,27.375,1.0,1.71875,8.5625,8.5625,0.0,3,3 1
1744,619.6700439453125,614.6351928710938,515.7496948242188,291.7124938964844,2.5625,0.0,3.34375,3.34375,1.53125,0.0,0.8125,0.0,1.0,29.443750381469727,26.46875,1.0,1.5625,10.09375,10.09375,0.0,3,3 0
1745,617.7818603515625,611.5731811523438,514.0205078125,283.98748779296875,2.53125,0.0,3.40625,3.40625,1.46875,0.0,0.90625,0.0,1.03125,30.087499618530273,27.6875,1.0,1.53125,10.375,10.375,0.0,3,3 0
1746,643.8754272460938,638.2232055664062,534.35498046875,306.6312561035156,2.65625,0.0,3.34375,3.34375,1.625,0.0,0.6875,0.0,1.03125,31.106250762939453,29.96875,1.0,1.65625,12.03125,12.03125,0.0,3,3 4
1747,572.7384033203125,567.2260131835938,476.9747619628906,272.5062561035156,2.40625,0.0,3.09375,3.09375,1.34375,0.0,0.71875,0.03125,1.0,28.825000762939453,29.15625,1.71875,1.40625,6.90625,6.90625,0.0,3,3 4
1748,492.02264404296875,487.36749267578125,407.79058837890625,249.75,2.21875,0.0,2.8125,2.8125,1.21875,0.0,0.59375,0.0,1.0,25.84375,29.59375,1.0,1.21875,5.09375,5.09375,0.0,3,3 4
1749,535.8992919921875,530.7028198242188,443.5525817871094,277.82501220703125,2.34375,0.0,2.9375,2.9375,1.34375,0.0,0.59375,0.0,1.0,28.174999237060547,34.5625,1.0,1.34375,6.0,6.0,0.0,3,3 2
1750,503.6153564453125,497.74127197265625,415.03289794921875,264.4750061035156,2.28125,0.0,2.75,2.75,1.25,0.0,0.5,0.0,1.0,25.956249237060547,35.4375,1.0,1.28125,5.21875,5.21875,0.0,3,3 4
1751,508.64617919921875,501.8973693847656,418.83770751953125,267.4937438964844,2.28125,0.0,2.78125,2.78125,1.21875,0.0,0.5625,0.0,1.0,26.375,30.0625,1.0,1.28125,4.90625,4.90625,0.0,3,3 0
1752,504.9781188964844,499.545166015625,418.80816650390625,255.875,2.25,0.0,2.625,2.625,1.25,0.0,0.375,0.0,1.0,27.462499618530273,33.28125,1.0,1.25,5.1875,5.1875,0.0,3,3 1
1753,482.782470703125,475.0279846191406,396.839599609375,251.4499969482422,2.1875,0.0,2.78125,2.78125,1.1875,0.0,0.59375,0.0,1.0,25.643749237060547,34.90625,1.0,1.1875,3.34375,3.34375,0.0,3,3 0
1754,473.793212890625,467.4434509277344,390.6839904785156,252.72500610351562,2.15625,0.0,2.75,2.75,1.15625,0.0,0.625,0.0,0.96875,25.337499618530273,32.15625,2.46875,1.15625,3.78125,3.78125,0.0,3,3 1
1755,588.7764892578125,582.2039794921875,488.20703125,290.16876220703125,2.46875,0.0,3.125,3.125,1.4375,0.0,0.6875,0.0,1.0,29.450000762939453,34.09375,1.0,1.46875,7.3125,7.3125,0.0,3,3 4
1756,594.0626831054688,587.9635009765625,492.19268798828125,290.85626220703125,2.5,0.0,3.28125,3.28125,1.46875,0.0,0.8125,0.0,1.0,28.350000381469727,34.46875,1.0,1.5,5.71875,5.71875,0.0,3,3 4
1757,574.9827270507812,570.3082275390625,479.03790283203125,290.34375,2.40625,0.0,3.09375,3.09375,1.375,0.0,0.78125,0.0,0.9375,29.53125,31.40625,1.0,1.40625,4.75,4.75,0.0,3,3 1
1758,522.8093872070312,517.0466918945312,432.20758056640625,259.01873779296875,2.3125,0.0,3.0,3.0,1.3125,0.0,0.71875,0.0,0.96875,26.462499618530273,30.34375,1.0,1.3125,4.8125,4.8125,0.0,3,3 4
1759,510.9172668457031,504.9388732910156,423.1319885253906,256.28125,2.25,0.0,2.90625,2.90625,1.1875,0.0,0.6875,0.0,1.03125,27.043750762939453,32.5625,1.0,1.25,4.09375,4.09375,0.0,3,3 1
1760,513.7338256835938,507.96429443359375,426.3948669433594,248.9187469482422,2.25,0.0,2.9375,2.9375,1.28125,0.0,0.65625,0.0,1.0,27.075000762939453,32.4375,1.25,1.25,4.5625,4.5625,0.0,3,3 1
1761,570.1030883789062,563.0467529296875,473.5760192871094,261.78125,2.40625,0.0,3.03125,3.03125,1.34375,0.0,0.65625,0.0,1.03125,28.856250762939453,33.6875,1.0,1.40625,5.4375,5.4375,0.0,3,3 1
1762,513.1710205078125,507.29388427734375,425.11126708984375,247.6999969482422,2.28125,0.0,2.8125,2.8125,1.25,0.0,0.65625,0.0,0.90625,26.306249618530273,33.96875,1.0,1.28125,4.75,4.75,0.0,3,3 4
1763,521.71484375,514.197998046875,431.63909912109375,251.3562469482422,2.28125,0.0,2.8125,2.8125,1.25,0.0,0.625,0.0,0.9375,27.381250381469727,32.125,1.0,1.28125,5.75,5.75,0.0,3,3 1
1764,583.411865234375,577.4450073242188,483.31890869140625,265.8125,2.53125,0.0,2.84375,2.84375,1.5,0.0,0.375,0.0,0.96875,28.600000381469727,36.90625,1.0,1.53125,7.875,7.875,0.0,3,3 4
1765,592.0348510742188,585.1185913085938,490.74884033203125,273.51251220703125,2.5,0.0,3.125,3.125,1.5,0.0,0.625,0.0,1.0,28.856250762939453,34.5625,1.0,1.5,9.625,9.625,0.0,3,3 2
1766,623.6361694335938,618.2244873046875,518.777587890625,290.4750061035156,2.59375,0.0,3.15625,3.15625,1.53125,0.0,0.65625,0.0,0.96875,29.78125,33.875,1.0,1.59375,10.59375,10.59375,0.0,3,3 4
1767,677.35205078125,673.3765258789062,567.0393676757812,295.54376220703125,2.71875,0.0,3.375,3.375,1.59375,0.0,0.78125,0.0,1.0,32.625,28.0,1.0,1.71875,11.65625,11.65625,0.0,3,3 1
1768,646.3233032226562,641.84716796875,540.5582275390625,285.64373779296875,2.625,0.0,3.28125,3.28125,1.53125,0.0,0.6875,0.0,1.0625,31.287500381469727,31.90625,1.0,1.625,10.0,10.0,0.0,3,3 1
1769,672.82373046875,667.8923950195312,560.9246215820312,307.2749938964844,2.71875,0.0,3.40625,3.40625,1.53125,0.0,0.84375,0.0,1.03125,32.17499923706055,29.9375,1.0,1.71875,11.59375,11.59375,0.0,3,3 1
1770,538.9835815429688,533.7652587890625,448.1839294433594,245.58749389648438,2.34375,0.0,2.96875,2.96875,1.3125,0.0,0.6875,0.0,0.96875,27.71875,34.28125,1.0,1.34375,7.59375,7.59375,0.0,3,3 4
1771,662.8475952148438,658.4334716796875,555.2412109375,286.7875061035156,2.65625,0.0,3.375,3.375,1.5625,0.0,0.8125,0.0,1.0,32.16875076293945,28.9375,1.0,1.65625,8.40625,8.40625,0.0,3,3 2
1772,748.4763793945312,744.4132690429688,627.60009765625,302.83123779296875,2.9375,0.0,3.5,3.5,1.59375,0.0,0.84375,0.0,1.0625,34.98125076293945,24.96875,1.0,1.9375,12.65625,12.65625,0.0,3,3 1
1773,714.8370361328125,708.4375610351562,598.176025390625,297.8500061035156,2.8125,0.0,3.3125,3.3125,1.53125,0.0,0.78125,0.0,1.0,33.29999923706055,29.15625,1.0,1.8125,11.875,11.875,0.0,3,3 1
1774,738.5111694335938,737.0,621.61279296875,311.67498779296875,2.875,0.0,3.6875,3.6875,1.8125,0.0,0.875,0.0,1.0,35.01874923706055,27.6875,1.0,1.875,15.9375,15.9375,0.0,3,3 4
1775,658.3040771484375,654.0947875976562,552.0936279296875,272.6937561035156,2.65625,0.0,3.28125,3.28125,1.53125,0.0,0.75,0.0,1.0,31.549999237060547,28.9375,1.0,1.65625,9.84375,9.84375,0.0,3,3 1
1776,709.5228271484375,705.50244140625,594.8035888671875,290.26873779296875,2.8125,0.0,3.53125,3.53125,1.71875,0.0,0.8125,0.0,1.0,32.974998474121094,29.25,1.0,1.8125,14.40625,14.40625,0.0,3,3 0
1777,809.6409912109375,805.8538818359375,681.0558471679688,307.6812438964844,3.09375,0.0,3.71875,3.71875,1.8125,0.0,0.8125,0.0,1.09375,36.67499923706055,21.28125,1.0,2.09375,18.65625,18.65625,0.0,3,3 1
1778,759.6741333007812,753.23583984375,635.3265380859375,302.36248779296875,2.9375,0.0,3.8125,3.8125,1.8125,0.0,0.875,0.0,1.125,34.256248474121094,27.28125,1.0,1.9375,17.1875,17.1875,0.0,3,3 1
1779,813.2042846679688,810.9845581054688,687.7789306640625,299.67498779296875,3.0625,0.0,3.71875,3.71875,1.78125,0.0,0.84375,0.0,1.09375,37.34375,22.75,1.0,2.0625,17.75,17.75,0.0,3,3 2
1780,768.7395629882812,766.3824462890625,649.4600219726562,287.1812438964844,2.9375,0.0,3.6875,3.6875,1.78125,0.0,0.84375,0.0,1.0625,35.76874923706055,26.3125,1.0,1.9375,18.71875,18.71875,0.0,3,3 0
1781,729.683837890625,726.284423828125,613.2035522460938,262.35626220703125,2.90625,0.0,3.46875,3.46875,1.71875,0.0,0.75,0.0,1.0,33.474998474121094,25.03125,1.0,1.90625,14.1875,14.1875,0.0,3,3 4
1782,779.2039184570312,774.8897705078125,657.4349365234375,282.8187561035156,2.96875,0.0,3.53125,3.53125,1.6875,0.0,0.6875,0.0,1.15625,36.118751525878906,28.4375,1.0,1.96875,15.0,15.0,0.0,3,3 1
1783,863.9801025390625,861.4470825195312,731.5643310546875,310.76873779296875,3.1875,0.0,3.875,3.875,1.84375,0.0,0.875,0.0,1.15625,38.71875,22.84375,1.0,2.1875,17.5,17.5,0.0,3,3 1
1784,806.5567016601562,803.34765625,681.11376953125,285.64373779296875,3.0625,0.0,3.6875,3.6875,1.8125,0.0,0.875,0.0,1.0,36.537498474121094,23.0,1.125,2.0625,16.46875,16.46875,0.0,3,3 2
1785,777.3085327148438,774.0783081054688,654.6837158203125,289.3062438964844,3.0,0.0,3.625,3.625,1.78125,0.0,0.78125,0.0,1.0625,35.71875,25.03125,1.0,2.0,13.71875,13.71875,0.0,3,3 2
1786,673.7446899414062,672.1632080078125,566.1695556640625,251.41250610351562,2.78125,0.0,3.28125,3.28125,1.65625,0.0,0.65625,0.0,0.96875,30.475000381469727,28.6875,1.0,1.78125,13.03125,13.03125,0.0,3,3 1
1787,750.2700805664062,749.8972778320312,634.4500122070312,274.45001220703125,2.9375,0.0,3.5625,3.5625,1.75,0.0,0.8125,0.0,1.0,33.88750076293945,30.34375,1.0,1.9375,13.46875,13.46875,0.0,4,4 2
1788,735.6905517578125,733.8121337890625,621.1398315429688,272.08123779296875,2.875,0.0,3.5625,3.5625,1.75,0.0,0.8125,0.0,1.0,33.712501525878906,28.59375,1.0,1.875,14.1875,14.1875,0.0,3,3 4
1789,775.7943725585938,773.5130615234375,655.4149780273438,281.1312561035156,2.96875,0.0,3.75,3.75,1.78125,0.0,0.9375,0.0,1.03125,35.29999923706055,30.59375,1.0,1.96875,13.28125,13.28125,0.0,3,3 4
1790,789.7000732421875,785.6085205078125,665.124267578125,277.1187438964844,3.03125,0.0,3.75,3.75,1.8125,0.0,0.8125,0.0,1.125,35.087501525878906,28.90625,1.0,2.03125,14.5625,14.5625,0.0,3,3 4
1791,774.9798583984375,769.8079833984375,650.5221557617188,291.04376220703125,3.0,0.0,3.625,3.625,1.84375,0.0,0.71875,0.0,1.0625,34.631248474121094,26.03125,1.0,2.0,15.15625,15.15625,0.0,3,3 0
1792,730.1777954101562,724.9827270507812,612.2064208984375,286.36248779296875,2.875,0.0,3.46875,3.46875,1.6875,0.0,0.78125,0.0,1.0,32.40625,31.65625,1.0,1.875,13.0,13.0,0.0,3,3 0
1793,728.5252685546875,726.0709228515625,613.9876708984375,272.3687438964844,2.875,0.0,3.4375,3.4375,1.625,0.0,0.78125,0.0,1.03125,33.13750076293945,27.34375,1.0,1.875,11.78125,11.78125,0.0,3,3 0
1794,725.2620239257812,722.5513916015625,611.6372680664062,275.96875,2.8125,0.0,3.75,3.75,1.71875,0.0,0.96875,0.0,1.0625,33.28125,25.15625,1.0,1.8125,13.09375,13.09375,0.0,3,3 0
1795,667.5626220703125,663.3313598632812,559.4996337890625,257.38751220703125,2.71875,0.0,3.28125,3.28125,1.5625,0.0,0.71875,0.0,1.0,31.387500762939453,30.4375,1.0,1.71875,11.0,11.0,0.0,3,3 1
1796,707.2671508789062,704.2988891601562,594.57421875,266.3999938964844,2.84375,0.0,3.28125,3.28125,1.65625,0.0,0.59375,0.0,1.03125,32.45624923706055,31.21875,1.0,1.84375,11.0625,11.0625,0.0,3,3 0
1797,657.1495361328125,651.7830200195312,548.3937377929688,253.9875030517578,2.71875,0.0,3.25,3.25,1.65625,0.0,0.65625,0.0,0.9375,30.568750381469727,32.625,1.0,1.71875,9.53125,9.53125,0.0,3,3 4
1798,672.8779296875,671.0262451171875,566.5234375,263.35626220703125,2.71875,0.0,3.375,3.375,1.65625,0.0,0.6875,0.0,1.03125,31.375,37.15625,1.0,1.71875,8.84375,8.84375,0.0,3,3 1
1799,630.7894287109375,627.2220458984375,527.5750122070312,236.1875,2.65625,0.0,3.25,3.25,1.5625,0.0,0.6875,0.0,1.0,29.306249618530273,34.09375,1.0,1.65625,8.9375,8.9375,0.0,3,3 4
1800,599.4337768554688,596.447998046875,501.4990234375,237.10000610351562,2.5625,0.0,3.09375,3.09375,1.53125,0.0,0.5625,0.0,1.0,28.299999237060547,34.0625,1.0,1.5625,8.25,8.25,0.0,3,3 2
1801,704.8731079101562,700.1795043945312,591.1766357421875,260.7562561035156,2.8125,0.0,3.53125,3.53125,1.6875,0.0,0.8125,0.0,1.03125,31.75,31.75,1.0,1.8125,11.53125,11.53125,0.0,3,3 4
1802,662.3956909179688,660.5444946289062,555.7937622070312,257.73748779296875,2.75,0.0,3.21875,3.21875,1.75,0.0,0.46875,0.0,1.0,30.493749618530273,37.90625,1.0,1.75,9.28125,9.28125,0.0,3,3 1
1803,730.7684326171875,726.3137817382812,613.4107055664062,283.71875,2.875,0.0,3.53125,3.53125,1.78125,0.0,0.71875,0.0,1.03125,32.45624923706055,34.34375,1.0,1.875,10.5,10.5,0.0,3,3 4
1804,664.1185302734375,662.9246826171875,558.1231689453125,254.0,2.75,0.0,3.28125,3.28125,1.65625,0.0,0.625,0.0,1.0,30.424999237060547,35.40625,1.0,1.75,8.5625,8.5625,0.0,1,1 3
1805,693.47802734375,690.9671020507812,582.4200439453125,264.51873779296875,2.8125,0.0,3.40625,3.40625,1.71875,0.0,0.6875,0.0,1.0,30.950000762939453,34.9375,1.0,1.8125,8.65625,8.65625,0.0,3,3 4
1806,683.4490966796875,680.2235717773438,573.867919921875,261.04376220703125,2.78125,0.0,3.21875,3.21875,1.6875,0.0,0.53125,0.0,1.0,31.200000762939453,38.8125,1.0,1.78125,9.15625,9.15625,0.0,3,3 4
1807,690.244873046875,688.5758666992188,579.47021484375,260.34375,2.84375,0.0,3.28125,3.28125,1.78125,0.0,0.5,0.0,1.0,30.700000762939453,37.3125,1.0,1.84375,10.5625,10.5625,0.0,3,3 1
1808,708.4667358398438,705.5650634765625,595.2366943359375,269.0625,2.84375,0.0,3.375,3.375,1.75,0.0,0.65625,0.0,0.96875,32.98749923706055,33.5625,1.0,1.84375,12.34375,12.34375,0.0,3,3 1
1809,645.5536499023438,643.80224609375,541.6381225585938,246.9375,2.71875,0.0,3.0625,3.0625,1.59375,0.0,0.46875,0.0,1.0,29.887500762939453,35.0625,1.0,1.71875,9.1875,9.1875,0.0,3,3 4
1810,641.778076171875,640.5753784179688,539.3336181640625,254.38125610351562,2.6875,0.0,3.0625,3.0625,1.6875,0.0,0.375,0.0,1.0,29.987499237060547,37.5,1.0,1.6875,6.90625,6.90625,0.0,4,4 3
1811,702.8084716796875,696.9530029296875,587.328125,256.4937438964844,2.84375,0.0,3.4375,3.4375,1.75,0.0,0.6875,0.0,1.0,31.181249618530273,35.71875,1.0,1.84375,7.28125,7.28125,0.0,3,3 4
1812,703.6456909179688,700.6409912109375,591.0784912109375,278.3374938964844,2.84375,0.0,3.09375,3.09375,1.625,0.0,0.4375,0.0,1.03125,32.40625,37.03125,1.0,1.84375,8.53125,8.53125,0.0,3,3 1
1813,664.3506469726562,661.1029663085938,555.9017944335938,269.45001220703125,2.75,0.0,3.15625,3.15625,1.71875,0.0,0.4375,0.0,1.0,31.131250381469727,34.5625,1.0,1.75,8.84375,8.84375,0.0,3,3 4
1814,659.7607421875,655.9488525390625,551.7116088867188,282.6625061035156,2.71875,0.0,3.0625,3.0625,1.65625,0.0,0.40625,0.0,1.0,31.481250762939453,37.75,1.0,1.71875,8.21875,8.21875,0.0,3,3 4
1815,590.2130126953125,585.3946533203125,488.7747497558594,270.8187561035156,2.59375,0.0,2.8125,2.8125,1.5625,0.0,0.28125,0.0,0.96875,27.174999237060547,39.78125,1.0,1.59375,9.46875,9.46875,0.0,3,3 4
1816,610.8866577148438,605.7113037109375,507.9754333496094,285.0625,2.59375,0.0,2.78125,2.78125,1.53125,0.0,0.25,0.0,1.0,30.112499237060547,39.90625,1.0,1.59375,7.46875,7.46875,0.0,3,3 2
1817,545.63818359375,540.4887084960938,451.124755859375,249.0124969482422,2.46875,0.0,2.5625,2.5625,1.40625,0.0,0.15625,0.0,1.0,27.643749237060547,38.5,1.0,1.46875,6.75,6.75,0.0,3,3 4
1818,547.9358520507812,543.7413330078125,452.4644470214844,259.1937561035156,2.5,0.0,2.625,2.625,1.4375,0.0,0.1875,0.0,1.0,26.762500762939453,43.5625,1.0,1.5,6.71875,6.71875,0.0,3,3 2
1819,522.912841796875,516.6928100585938,430.2420349121094,258.17498779296875,2.40625,0.0,2.4375,2.4375,1.25,0.0,0.1875,0.0,1.0,26.274999618530273,42.53125,1.0,1.40625,5.875,5.875,0.0,3,3 2
1820,545.1697998046875,542.0892333984375,450.97100830078125,263.8125,2.5,0.0,2.53125,2.53125,1.28125,0.0,0.3125,0.0,0.9375,26.681249618530273,39.875,1.0,1.5,6.75,6.75,0.0,3,3 4
1821,600.5631713867188,595.90966796875,498.5728454589844,278.01873779296875,2.59375,0.0,2.875,2.875,1.65625,0.0,0.21875,0.0,1.0,27.768749237060547,38.5625,1.46875,1.59375,9.40625,9.40625,0.0,3,3 4
1822,636.5372314453125,632.4085693359375,530.1600341796875,291.40625,2.6875,0.0,2.875,2.875,1.5625,0.0,0.3125,0.0,1.0,29.462499618530273,36.625,1.375,1.6875,11.03125,11.03125,0.0,3,3 1
1823,677.54443359375,672.958740234375,564.07763671875,304.20001220703125,2.8125,0.0,2.96875,2.96875,1.625,0.0,0.34375,0.0,1.0,31.506250381469727,38.28125,1.0,1.8125,9.625,9.625,0.0,3,3 4
1824,667.3674926757812,663.3390502929688,556.1864013671875,293.8062438964844,2.78125,0.0,3.03125,3.03125,1.59375,0.0,0.4375,0.0,1.0,30.693750381469727,40.03125,1.0,1.78125,8.78125,8.78125,0.0,3,3 4
1825,719.2572631835938,717.43310546875,603.5895385742188,309.8374938964844,2.90625,0.0,3.09375,3.09375,1.59375,0.0,0.5,0.0,1.0,32.85625076293945,38.1875,1.0,1.90625,10.46875,10.46875,0.0,3,3 1
1826,741.6192626953125,736.4322509765625,618.3846435546875,331.8687438964844,2.96875,0.0,3.21875,3.21875,1.75,0.0,0.46875,0.0,1.0,32.73125076293945,36.0,1.0,1.96875,10.03125,10.03125,0.0,3,3 0
1827,717.00439453125,713.1477661132812,598.6849365234375,321.13751220703125,2.90625,0.0,3.15625,3.15625,1.75,0.0,0.375,0.0,1.03125,31.768749237060547,36.375,1.0,1.90625,10.78125,10.78125,0.0,3,3 1
1828,712.7341918945312,709.7493896484375,596.8031005859375,304.2875061035156,2.875,0.0,3.3125,3.3125,1.875,0.0,0.4375,0.0,1.0,31.84375,36.40625,1.0,1.875,9.4375,9.4375,0.0,3,3 0
1829,779.9081420898438,775.6116943359375,652.5037841796875,350.01873779296875,3.03125,0.0,3.53125,3.53125,1.90625,0.0,0.5625,0.0,1.0625,34.275001525878906,35.15625,1.0,2.03125,11.09375,11.09375,0.0,3,3 2
1830,694.5929565429688,689.7291259765625,577.0543212890625,332.3687438964844,2.875,0.0,2.9375,2.9375,1.65625,0.0,0.28125,0.0,1.0,30.868749618530273,35.375,1.0,1.875,10.3125,10.3125,0.0,3,3 2
1831,754.9476318359375,749.7813720703125,630.6304931640625,327.2250061035156,2.96875,0.0,3.53125,3.53125,1.8125,0.0,0.6875,0.0,1.03125,33.20624923706055,34.40625,1.0,1.96875,10.40625,10.40625,0.0,3,3 0
1832,724.1995849609375,720.6433715820312,604.3958129882812,333.3687438964844,2.90625,0.0,3.40625,3.40625,1.8125,0.0,0.59375,0.0,1.0,32.73125076293945,34.09375,1.0,1.90625,8.40625,8.40625,0.0,3,3 4
1833,738.4877319335938,734.6544189453125,615.7980346679688,337.5687561035156,2.96875,0.0,3.375,3.375,1.71875,0.0,0.65625,0.0,1.0,32.16875076293945,37.1875,1.0,1.96875,7.46875,7.46875,0.0,3,3 0
1834,686.4896850585938,681.6715698242188,571.1969604492188,323.1812438964844,2.8125,0.0,3.1875,3.1875,1.6875,0.0,0.5,0.0,1.0,30.225000381469727,35.8125,1.0,1.8125,5.25,5.25,0.0,3,3 4
1835,688.6637573242188,683.4015502929688,571.6102294921875,340.65625,2.84375,0.0,2.9375,2.9375,1.65625,0.0,0.28125,0.0,1.0,30.950000762939453,36.96875,1.0,1.84375,6.8125,6.8125,0.0,3,3 2
1836,661.2523803710938,656.5672607421875,549.3140869140625,325.0625,2.75,0.0,3.0,3.0,1.625,0.0,0.375,0.0,1.0,30.556249618530273,34.4375,1.0,1.75,6.0,6.0,0.0,3,3 2
1837,658.4107055664062,652.865966796875,546.7985229492188,298.5062561035156,2.75,0.0,3.0625,3.0625,1.59375,0.0,0.46875,0.0,1.0,29.956249237060547,37.59375,1.0,1.75,4.0625,4.0625,0.0,3,3 1
1838,640.6168823242188,636.3966064453125,532.6199951171875,298.26251220703125,2.71875,0.0,2.84375,2.84375,1.46875,0.0,0.375,0.0,1.0,29.450000762939453,37.0625,1.0,1.71875,4.28125,4.28125,0.0,3,3 4
1839,711.5757446289062,705.8910522460938,591.1278076171875,338.5,2.90625,0.0,3.0,3.0,1.53125,0.0,0.46875,0.0,1.0,32.087501525878906,36.125,1.0,1.90625,5.65625,5.65625,0.0,3,3 0
1840,692.9217529296875,687.6201171875,577.2864990234375,326.1875,2.78125,0.0,3.375,3.375,1.65625,0.0,0.71875,0.0,1.0,31.731250762939453,33.15625,1.0,1.78125,4.96875,4.96875,0.0,3,3 4
1841,705.2027587890625,700.1419677734375,587.85595703125,307.6812438964844,2.875,0.0,3.125,3.125,1.6875,0.0,0.46875,0.0,0.96875,31.399999618530273,37.8125,1.0,1.875,4.5625,4.5625,0.0,3,3 2
1842,667.0328369140625,662.2938232421875,554.8253173828125,315.10626220703125,2.75,0.0,3.21875,3.21875,1.6875,0.0,0.53125,0.0,1.0,29.65625,35.59375,1.0,1.75,4.6875,4.6875,0.0,3,3 1
1843,682.087646484375,678.9378662109375,569.7037353515625,326.45001220703125,2.78125,0.0,3.125,3.125,1.625,0.0,0.5,0.0,1.0,31.106250762939453,35.03125,1.0,1.78125,4.0,4.0,0.0,3,3 0
1844,682.2530517578125,678.2872924804688,570.41748046875,309.17498779296875,2.75,0.0,3.3125,3.3125,1.625,0.0,0.6875,0.0,1.0,31.450000762939453,29.625,1.0,1.75,3.1875,3.1875,0.0,3,3 4
1845,694.6087036132812,691.7340698242188,581.1326293945312,323.60626220703125,2.8125,0.0,3.15625,3.15625,1.71875,0.0,0.40625,0.0,1.03125,31.506250381469727,33.3125,1.0,1.8125,3.40625,3.40625,0.0,3,3 4
1846,714.595947265625,711.95849609375,598.8152465820312,310.86248779296875,2.875,0.0,3.28125,3.28125,1.59375,0.0,0.6875,0.0,1.0,31.806249618530273,32.5625,1.0,1.875,2.71875,2.71875,0.0,3,3 0
1847,753.148193359375,748.7220458984375,629.8939208984375,326.875,2.96875,0.0,3.4375,3.4375,1.875,0.0,0.53125,0.0,1.03125,33.59375,32.71875,1.0,1.96875,3.21875,3.21875,0.0,3,3 0
1848,671.2077026367188,666.1642456054688,560.1043090820312,291.17498779296875,2.75,0.0,3.125,3.125,1.5,0.0,0.65625,0.0,0.96875,30.5625,33.34375,2.46875,1.75,2.21875,2.21875,0.0,3,3 4
1849,759.6055297851562,756.8225708007812,637.979736328125,324.21875,2.96875,0.0,3.46875,3.46875,1.8125,0.0,0.625,0.0,1.03125,33.71875,35.46875,1.0,1.96875,2.03125,2.03125,0.0,3,3 4
1850,757.7557983398438,751.8950805664062,634.9100341796875,313.51873779296875,2.9375,0.0,3.4375,3.4375,1.71875,0.0,0.71875,0.0,1.0,34.35625076293945,31.875,1.0,1.9375,2.125,2.125,0.0,3,3 4
1851,687.8599853515625,680.8250732421875,572.9790649414062,312.53125,2.75,0.0,3.25,3.25,1.59375,0.0,0.65625,0.0,1.0,31.774999618530273,32.09375,1.0,1.75,2.15625,2.15625,0.0,3,3 1
1852,680.7522583007812,676.2924194335938,568.4422607421875,296.3687438964844,2.75,0.0,3.53125,3.53125,1.71875,0.0,0.8125,0.0,1.0,30.037500381469727,31.09375,1.0,1.75,2.5625,2.5625,0.0,3,3 4
1853,749.9739379882812,746.2592163085938,629.85205078125,316.54376220703125,2.90625,0.0,3.59375,3.59375,1.84375,0.0,0.75,0.0,1.0,34.125,36.40625,1.0,1.90625,2.875,2.875,0.0,3,3 4
1854,692.8143310546875,688.670654296875,579.1429443359375,299.5625,2.8125,0.0,3.1875,3.1875,1.6875,0.0,0.5,0.0,1.0,31.524999618530273,33.90625,1.25,1.8125,2.71875,2.71875,0.0,3,3 4
1855,718.2957763671875,714.1444091796875,600.14208984375,319.0625,2.875,0.0,3.34375,3.34375,1.71875,0.0,0.625,0.0,1.0,32.912498474121094,34.875,1.0,1.875,2.5,2.5,0.0,3,3 4
1856,701.983154296875,698.928955078125,587.8289794921875,283.4750061035156,2.84375,0.0,3.46875,3.46875,1.71875,0.0,0.75,0.0,1.0,31.1875,35.15625,1.0,1.84375,2.53125,2.53125,0.0,3,3 2
1857,708.101318359375,703.2968139648438,591.6726684570312,290.3999938964844,2.84375,0.0,3.5,3.5,1.8125,0.0,0.6875,0.0,1.0,31.481250762939453,35.0625,1.0,1.84375,1.84375,1.84375,0.0,3,3 0
1858,641.5432739257812,638.3595581054688,535.4442138671875,278.54998779296875,2.6875,0.0,3.1875,3.1875,1.5625,0.0,0.625,0.0,1.0,29.793750762939453,37.28125,1.0,1.6875,2.15625,2.15625,0.0,3,3 4
1859,682.0257568359375,676.8770751953125,569.3221435546875,296.61248779296875,2.75,0.0,3.4375,3.4375,1.71875,0.0,0.71875,0.0,1.0,30.412500381469727,38.96875,2.46875,1.75,1.875,1.875,0.0,3,3 4
1860,673.6033325195312,669.1535034179688,561.4639892578125,284.45001220703125,2.78125,0.0,3.34375,3.34375,1.65625,0.0,0.6875,0.0,1.0,29.331249237060547,40.09375,1.0,1.78125,2.40625,2.40625,0.0,3,3 0
1861,678.6007690429688,674.4586181640625,566.6973266601562,283.38751220703125,2.78125,0.0,3.34375,3.34375,1.65625,0.0,0.6875,0.0,1.0,30.024999618530273,34.28125,1.0,1.78125,1.78125,1.78125,0.0,3,3 4
1862,687.3660888671875,682.1676025390625,572.4808349609375,293.6187438964844,2.8125,0.0,3.34375,3.34375,1.65625,0.0,0.6875,0.0,1.0,30.587499618530273,36.625,1.0,1.8125,1.875,1.875,0.0,3,3 4
1863,663.7304077148438,660.5930786132812,553.5740966796875,277.5,2.78125,0.0,3.28125,3.28125,1.59375,0.0,0.6875,0.0,1.0,28.924999237060547,40.90625,1.0,1.78125,1.71875,1.71875,0.0,3,3 0
1864,702.1769409179688,698.4906005859375,587.06494140625,290.1875,2.84375,0.0,3.5,3.5,1.75,0.0,0.75,0.0,1.0,30.4375,38.65625,1.0,1.84375,2.0,2.0,0.0,3,3 1
1865,721.3709106445312,717.4204711914062,603.8592529296875,292.20623779296875,2.90625,0.0,3.28125,3.28125,1.65625,0.0,0.625,0.0,1.0,32.01874923706055,38.53125,1.0,1.90625,2.40625,2.40625,0.0,3,3 4
1866,664.7213745117188,660.308837890625,555.3155517578125,274.76251220703125,2.71875,0.0,3.40625,3.40625,1.6875,0.0,0.6875,0.0,1.03125,30.237499237060547,37.625,1.0,1.71875,2.65625,2.65625,0.0,3,3 1
1867,689.4193115234375,685.4212646484375,576.2350463867188,276.20001220703125,2.8125,0.0,3.4375,3.4375,1.71875,0.0,0.75,0.0,0.96875,30.5625,40.25,1.0,1.8125,1.96875,1.96875,0.0,3,3 1
1868,610.3856201171875,608.904541015625,509.94207763671875,263.67498779296875,2.625,0.0,3.125,3.125,1.59375,0.0,0.5625,0.0,0.96875,27.9375,42.28125,1.0,1.625,1.875,1.875,0.0,3,3 4
1869,594.7882080078125,590.22900390625,493.77655029296875,251.0749969482422,2.59375,0.0,3.0,3.0,1.5,0.0,0.53125,0.0,0.96875,27.5625,38.71875,1.0,1.59375,1.71875,1.71875,0.0,3,3 4
1870,600.512939453125,596.6738891601562,499.07562255859375,249.74374389648438,2.625,0.0,2.96875,2.96875,1.4375,0.0,0.5,0.03125,1.0,27.700000762939453,38.09375,1.0,1.625,1.5625,1.5625,0.0,3,3 4
1871,636.6121826171875,632.65283203125,531.2740478515625,260.8374938964844,2.6875,0.0,3.03125,3.03125,1.53125,0.0,0.5,0.0,1.0,29.649999618530273,40.5625,1.53125,1.6875,2.0,2.0,0.0,3,3 0
1872,642.796142578125,639.6474609375,537.1624755859375,267.57501220703125,2.6875,0.0,3.25,3.25,1.625,0.0,0.625,0.0,1.0,29.0625,42.09375,1.0,1.6875,1.6875,1.6875,0.0,3,3 4
1873,563.0598754882812,561.2735595703125,470.35906982421875,234.46875,2.5,0.0,2.8125,2.8125,1.4375,0.0,0.40625,0.0,0.96875,27.450000762939453,39.46875,1.0,1.5,1.875,1.875,0.0,3,3 2
1874,649.1909790039062,645.2056884765625,542.8233032226562,262.64373779296875,2.6875,0.0,3.25,3.25,1.625,0.0,0.625,0.0,1.0,29.862499237060547,38.40625,1.0,1.6875,1.90625,1.90625,0.0,3,3 2
1875,590.58837890625,588.17431640625,494.37890625,254.1750030517578,2.53125,0.0,2.90625,2.90625,1.46875,0.0,0.4375,0.0,1.0,28.606250762939453,40.0625,1.0,1.53125,1.9375,1.9375,0.0,3,3 4
1876,588.9674072265625,584.3829956054688,489.49627685546875,246.1437530517578,2.5625,0.0,3.0,3.0,1.46875,0.0,0.5,0.03125,1.0,27.524999618530273,40.375,1.9375,1.5625,1.59375,1.59375,0.0,3,3 2
1877,610.5127563476562,606.6596069335938,507.93707275390625,266.5562438964844,2.625,0.0,3.03125,3.03125,1.53125,0.0,0.53125,0.0,0.96875,27.887500762939453,41.0625,1.0,1.625,1.875,1.875,0.0,3,3 4
1878,664.3048095703125,661.6201171875,554.8014526367188,281.33123779296875,2.78125,0.0,3.1875,3.1875,1.5625,0.0,0.59375,0.0,1.03125,28.831249237060547,39.65625,1.0,1.78125,2.0625,2.0625,0.0,3,3 4
1879,628.9398193359375,621.4393920898438,521.7406005859375,284.98126220703125,2.625,0.0,3.0,3.0,1.40625,0.0,0.59375,0.0,1.0,28.887500762939453,36.125,1.0,1.625,2.03125,2.03125,0.0,3,3 2
1880,638.5353393554688,632.1973266601562,530.2093505859375,282.73748779296875,2.65625,0.0,3.25,3.25,1.5625,0.0,0.6875,0.0,1.0,29.381250381469727,39.34375,1.0,1.65625,1.875,1.875,0.0,3,3 0
1881,658.163330078125,652.1448364257812,545.9644775390625,297.60626220703125,2.75,0.0,3.15625,3.15625,1.5625,0.0,0.59375,0.0,1.0,28.75,39.0625,1.0,1.75,1.78125,1.78125,0.0,3,3 4
1882,618.9849853515625,614.1678466796875,513.1380004882812,284.8500061035156,2.65625,0.0,3.0625,3.0625,1.5,0.0,0.5625,0.0,1.0,27.637500762939453,41.625,1.0,1.65625,1.21875,1.21875,0.0,3,3 4
1883,614.7788696289062,607.1453247070312,508.303466796875,272.7250061035156,2.625,0.0,3.0,3.0,1.46875,0.0,0.5625,0.0,0.96875,27.53125,41.90625,1.0,1.625,1.1875,1.1875,0.0,3,3 4
1884,687.4758911132812,683.0315551757812,575.79638671875,305.9750061035156,2.71875,0.0,3.53125,3.53125,1.625,0.0,0.96875,0.0,0.9375,31.243749618530273,29.9375,1.09375,1.71875,1.53125,1.53125,0.0,3,3 1
1885,593.0230712890625,585.057861328125,488.3961486816406,277.65625,2.5625,0.0,3.0625,3.0625,1.5,0.0,0.59375,0.0,0.96875,27.243749618530273,41.53125,1.0,1.5625,1.53125,1.53125,0.0,3,3 4
1886,606.489013671875,600.6166381835938,501.79638671875,288.79376220703125,2.59375,0.0,3.09375,3.09375,1.4375,0.0,0.65625,0.0,1.0,28.15625,39.71875,1.0,1.59375,1.09375,1.09375,0.0,3,3 4
1887,624.388671875,619.7406005859375,518.5751953125,294.96875,2.625,0.0,3.21875,3.21875,1.5,0.0,0.71875,0.0,1.0,29.399999618530273,36.65625,1.0,1.625,1.125,1.125,0.0,3,3 4
1888,673.2022705078125,668.2000732421875,560.34228515625,302.83123779296875,2.75,0.0,3.40625,3.40625,1.625,0.0,0.78125,0.0,1.0,31.0625,39.21875,1.0,1.75,1.40625,1.40625,0.0,3,3 1
1889,671.6907348632812,666.135986328125,559.7236328125,291.0687561035156,2.71875,0.0,3.59375,3.59375,1.6875,0.0,0.90625,0.0,1.0,29.424999237060547,34.6875,1.25,1.71875,0.9375,0.9375,0.0,3,3 4
1890,694.9566650390625,688.6422119140625,577.6004638671875,307.96875,2.8125,0.0,3.53125,3.53125,1.6875,0.0,0.8125,0.03125,1.0,29.962499618530273,38.65625,1.0,1.8125,1.53125,1.53125,0.0,3,3 4
1891,690.4326171875,685.23486328125,575.957275390625,296.54998779296875,2.78125,0.0,3.5625,3.5625,1.71875,0.0,0.84375,0.0,1.0,29.931249618530273,36.9375,1.0,1.78125,1.40625,1.40625,0.0,3,3 2
1892,684.9032592773438,681.254638671875,571.6989135742188,284.17498779296875,2.8125,0.0,3.4375,3.4375,1.625,0.0,0.8125,0.0,1.0,30.399999618530273,34.0625,1.0,1.8125,1.46875,1.46875,0.0,3,3 2
1893,611.3446044921875,607.8306884765625,510.75750732421875,256.70623779296875,2.59375,0.0,3.09375,3.09375,1.4375,0.0,0.75,0.0,0.90625,27.362499237060547,38.40625,3.96875,1.59375,1.1875,1.1875,0.0,3,3 2
1894,751.335205078125,744.087890625,626.3162841796875,308.95001220703125,2.9375,0.0,3.78125,3.78125,1.875,0.0,0.90625,0.0,1.0,32.35625076293945,37.625,1.0,1.9375,1.8125,1.8125,0.0,3,3 4
1895,697.2163696289062,691.6293334960938,581.0252685546875,296.83123779296875,2.8125,0.0,3.53125,3.53125,1.71875,0.0,0.8125,0.0,1.0,30.625,38.1875,1.0,1.8125,2.0625,2.0625,0.0,3,3 0
1896,732.3839111328125,727.552734375,612.0498657226562,297.0062561035156,2.90625,0.0,3.75,3.75,1.8125,0.0,0.9375,0.0,1.0,31.056249618530273,37.84375,1.0,1.90625,2.15625,2.15625,0.0,3,3 4
1897,682.1917724609375,675.5250854492188,568.9412231445312,272.4624938964844,2.75,0.0,3.5,3.5,1.65625,0.0,0.84375,0.0,1.0,30.337499618530273,37.6875,1.0,1.75,1.875,1.875,0.0,3,3 1
1898,681.5377807617188,677.697998046875,570.1272583007812,291.9750061035156,2.75,0.0,3.5,3.5,1.65625,0.0,0.84375,0.0,1.0,30.399999618530273,37.125,1.0,1.75,2.0,2.0,0.0,3,3 4
1899,703.6671752929688,697.5225830078125,586.0806274414062,303.1625061035156,2.8125,0.0,3.65625,3.65625,1.78125,0.0,0.875,0.0,1.0,30.743749618530273,38.875,1.0,1.8125,1.46875,1.46875,0.0,3,3 0
1900,650.923095703125,643.45361328125,539.4464111328125,272.33123779296875,2.71875,0.0,3.25,3.25,1.5625,0.0,0.6875,0.0,1.0,28.90625,42.53125,1.0,1.71875,1.28125,1.28125,0.0,3,3 1
1901,691.5949096679688,687.3643188476562,577.3578491210938,281.5874938964844,2.8125,0.0,3.59375,3.59375,1.75,0.0,0.8125,0.03125,1.0,30.149999618530273,38.21875,1.0,1.8125,1.25,1.25,0.0,3,3 1
1902,700.7822875976562,695.7579345703125,585.8602905273438,281.7124938964844,2.8125,0.0,3.53125,3.53125,1.71875,0.0,0.75,0.0625,1.0,30.899999618530273,38.4375,1.0,1.8125,0.8125,0.8125,0.0,3,3 0
1903,682.2608032226562,676.0050659179688,567.422119140625,298.3999938964844,2.78125,0.0,3.375,3.375,1.6875,0.0,0.625,0.0625,1.0,29.725000381469727,40.3125,1.0,1.78125,1.46875,1.46875,0.0,3,3 4
1904,644.53759765625,643.4631958007812,540.6632690429688,275.15625,2.6875,0.0,3.21875,3.21875,1.5625,0.0,0.65625,0.0,1.0,29.399999618530273,35.03125,1.0,1.6875,1.03125,1.03125,0.0,3,3 1
1905,663.3701171875,656.7194213867188,551.8084716796875,282.6625061035156,2.71875,0.0,3.3125,3.3125,1.6875,0.0,0.625,0.0,1.0,29.668750762939453,39.75,1.0,1.71875,1.0625,1.0625,0.0,3,3 1
1906,606.893310546875,602.2296752929688,503.5494079589844,278.6937561035156,2.59375,0.0,3.21875,3.21875,1.53125,0.0,0.625,0.0625,1.0,27.40625,41.4375,1.0,1.59375,1.25,1.25,0.0,3,3 2
1907,624.547119140625,621.3238525390625,521.4051513671875,268.25,2.625,0.0,3.3125,3.3125,1.5625,0.0,0.65625,0.09375,1.0,27.8125,39.65625,1.0,1.625,1.25,1.25,0.0,3,3 2
1908,648.2583618164062,642.6051635742188,540.8317260742188,271.21875,2.65625,0.0,3.3125,3.3125,1.46875,0.0,0.75,0.09375,1.0,30.0,39.03125,1.0,1.65625,1.3125,1.3125,0.0,3,3 0
1909,623.9364013671875,618.4200439453125,520.9542846679688,268.70001220703125,2.5625,0.0,3.28125,3.28125,1.5,0.0,0.75,0.03125,1.0,29.337499618530273,29.96875,1.0,1.5625,1.59375,1.59375,0.0,3,3 4
1910,632.2032470703125,625.1785278320312,524.8982543945312,268.48126220703125,2.625,0.0,3.34375,3.34375,1.5,0.0,0.78125,0.0625,1.0,29.0625,36.59375,1.0,1.625,2.65625,2.65625,0.0,3,3 1
1911,698.1568603515625,694.9559936523438,583.8302001953125,312.86248779296875,2.78125,0.0,3.78125,3.78125,1.71875,0.0,0.875,0.1875,1.0,30.806249618530273,36.8125,1.0,1.78125,2.75,2.75,0.0,3,3 4
1912,629.2857666015625,624.9520263671875,523.4356689453125,294.73126220703125,2.625,0.0,3.34375,3.34375,1.46875,0.0,0.8125,0.0625,1.0,28.637500762939453,34.3125,1.0,1.625,2.75,2.75,0.0,3,3 4
1913,621.2886962890625,618.0709838867188,518.0792236328125,283.4375,2.59375,0.0,3.46875,3.46875,1.46875,0.0,0.8125,0.1875,1.0,27.818750381469727,34.125,1.0,1.59375,3.21875,3.21875,0.0,3,3 4
1914,676.7503662109375,671.356689453125,564.5387573242188,293.53125,2.71875,0.0,3.59375,3.59375,1.625,0.0,0.9375,0.03125,1.0,30.993749618530273,35.46875,1.0,1.71875,2.21875,2.21875,0.0,3,3 2
1915,677.9661254882812,673.7430419921875,566.61181640625,301.3500061035156,2.71875,0.0,3.59375,3.59375,1.6875,0.0,0.84375,0.0625,1.0,30.5625,33.875,1.0,1.71875,2.625,2.625,0.0,3,3 2
1916,661.0882568359375,655.2063598632812,550.9773559570312,303.9125061035156,2.65625,0.0,3.5,3.5,1.59375,0.0,0.875,0.03125,1.0,30.393749237060547,28.21875,1.0,1.65625,3.5,3.5,0.0,3,3 4
1917,656.9922485351562,651.3413696289062,546.2144165039062,284.65625,2.71875,0.0,3.40625,3.40625,1.59375,0.0,0.78125,0.0,1.03125,28.231250762939453,38.625,1.0,1.71875,3.375,3.375,0.0,3,3 2
1918,701.528076171875,695.1203002929688,586.0050048828125,308.6625061035156,2.75,0.0,3.59375,3.59375,1.59375,0.0,0.96875,0.03125,1.0,32.26250076293945,32.59375,1.0,1.75,3.8125,3.8125,0.0,3,3 0
1919,727.2064819335938,722.7933349609375,609.5372314453125,300.96875,2.84375,0.0,3.75,3.75,1.75,0.0,0.9375,0.0625,1.0,32.056251525878906,35.75,1.0,1.84375,4.53125,4.53125,0.0,3,3 1
1920,703.7941284179688,698.7417602539062,587.217529296875,300.84375,2.8125,0.0,3.6875,3.6875,1.78125,0.0,0.90625,0.0,1.0,31.149999618530273,33.1875,1.0,1.8125,4.0,4.0,0.0,3,3 4
1921,689.3154296875,684.015625,574.6930541992188,293.6875,2.78125,0.0,3.59375,3.59375,1.6875,0.0,0.875,0.0,1.03125,30.28125,34.75,1.0,1.78125,3.4375,3.4375,0.0,3,3 1
1922,711.4378051757812,704.4329223632812,592.9360961914062,298.29376220703125,2.8125,0.0,3.6875,3.6875,1.75,0.0,0.9375,0.0,1.0,31.706249237060547,37.5,1.0,1.8125,4.1875,4.1875,0.0,3,3 4
1923,678.4521484375,673.1734619140625,567.0453491210938,279.8687438964844,2.71875,0.0,3.59375,3.59375,1.6875,0.0,0.875,0.03125,1.0,30.956249237060547,32.40625,1.0,1.71875,3.5625,3.5625,0.0,3,3 0
1924,680.1973876953125,674.3097534179688,568.7066040039062,276.78125,2.71875,0.0,3.5,3.5,1.65625,0.0,0.84375,0.0,1.0,30.981250762939453,33.5,1.0,1.71875,3.125,3.125,0.0,3,3 0
1925,668.1155395507812,661.4246215820312,557.3642578125,271.5874938964844,2.6875,0.0,3.53125,3.53125,1.59375,0.0,0.90625,0.0,1.03125,30.450000762939453,31.4375,1.0,1.6875,3.15625,3.15625,0.0,3,3 0
1926,723.7318725585938,720.830078125,608.4818115234375,282.8125,2.84375,0.0,3.75,3.75,1.71875,0.0,0.96875,0.03125,1.03125,32.056251525878906,34.84375,1.0,1.84375,2.53125,2.53125,0.0,3,3 4
1927,710.8333740234375,705.213623046875,595.5462646484375,283.0687561035156,2.78125,0.0,3.71875,3.71875,1.75,0.0,0.9375,0.03125,1.0,32.368751525878906,29.8125,1.0,1.78125,2.625,2.625,0.0,3,3 0
1928,742.4529418945312,737.6087646484375,623.0452270507812,300.9624938964844,2.875,0.0,3.71875,3.71875,1.75,0.0,0.9375,0.0,1.03125,32.724998474121094,33.375,1.0,1.875,2.59375,2.59375,0.0,3,3 4
1929,677.0016479492188,671.1102905273438,565.5738525390625,275.6937561035156,2.71875,0.0,3.53125,3.53125,1.59375,0.0,0.875,0.03125,1.03125,30.21875,35.65625,1.0,1.71875,2.75,2.75,0.0,3,3 4
1930,679.35400390625,673.6866455078125,567.7211303710938,275.78125,2.71875,0.0,3.625,3.625,1.71875,0.0,0.90625,0.0,1.0,30.493749618530273,33.53125,1.0,1.71875,3.25,3.25,0.0,3,3 4
1931,733.4791870117188,728.793212890625,615.6231689453125,296.63751220703125,2.84375,0.0,3.75,3.75,1.8125,0.0,0.9375,0.0,1.0,32.78125,35.75,1.0,1.84375,2.90625,2.90625,0.0,3,3 2
1932,681.7254638671875,676.505126953125,569.7425537109375,279.07501220703125,2.75,0.0,3.46875,3.46875,1.625,0.0,0.8125,0.0,1.03125,30.1875,37.9375,1.0,1.75,2.25,2.25,0.0,3,3 0
1933,769.2128295898438,765.5405883789062,647.8687744140625,303.3999938964844,2.9375,0.0,3.75,3.75,1.8125,0.0,0.96875,0.0,0.96875,34.037498474121094,32.1875,1.0,1.9375,2.78125,2.78125,0.0,3,3 1
1934,710.5256958007812,704.0560302734375,594.5214233398438,287.84375,2.78125,0.0,3.65625,3.65625,1.75,0.0,0.9375,0.0,0.96875,31.693750381469727,35.78125,1.0,1.78125,2.5,2.5,0.0,3,3 4
1935,726.3919067382812,721.5128784179688,609.0389404296875,291.4312438964844,2.84375,0.0,3.65625,3.65625,1.6875,0.0,0.9375,0.0,1.03125,32.443748474121094,35.09375,1.0,1.84375,2.3125,2.3125,0.0,3,3 4
1936,727.3507080078125,723.0545043945312,609.2794799804688,286.33123779296875,2.875,0.0,3.78125,3.78125,1.8125,0.0,0.96875,0.03125,0.96875,31.018749237060547,35.46875,1.0,1.875,2.40625,2.40625,0.0,3,3 0
1937,730.7647094726562,726.8816528320312,614.3235473632812,281.7875061035156,2.84375,0.0,3.78125,3.78125,1.75,0.0,1.0,0.0,1.03125,32.8125,34.03125,1.0,1.84375,3.15625,3.15625,0.0,3,3 4
1938,658.5103149414062,653.5902709960938,550.3427734375,259.5375061035156,2.6875,0.0,3.53125,3.53125,1.625,0.0,0.9375,0.0,0.96875,29.28125,32.21875,1.0,1.6875,2.53125,2.53125,0.0,3,3 4
1939,687.3101196289062,684.3883666992188,578.6307373046875,267.7562561035156,2.71875,0.0,3.625,3.625,1.65625,0.0,0.96875,0.0,1.0,31.568750381469727,28.5625,1.0,1.71875,2.34375,2.34375,0.0,4,4 3
1940,697.925537109375,693.7508544921875,585.9368896484375,282.0687561035156,2.75,0.0,3.625,3.625,1.71875,0.0,0.90625,0.0,1.0,31.725000381469727,34.9375,1.0,1.75,2.40625,2.40625,0.0,3,3 0
1941,724.9216918945312,720.198974609375,609.3455810546875,278.76251220703125,2.8125,0.0,3.71875,3.71875,1.75,0.0,0.96875,0.0,1.0,32.86249923706055,36.875,1.0,1.8125,2.5625,2.5625,0.0,3,3 4
1942,738.9287109375,733.1569213867188,618.6981201171875,281.64373779296875,2.90625,0.0,3.65625,3.65625,1.75,0.0,0.90625,0.0,1.0,31.606250762939453,39.0625,1.0,1.90625,2.84375,2.84375,0.0,3,3 4
1943,693.1473388671875,688.77099609375,580.4522094726562,266.25,2.78125,0.0,3.65625,3.65625,1.78125,0.0,0.90625,0.03125,0.9375,30.9375,35.6875,1.0,1.78125,2.84375,2.84375,0.0,3,3 2
1944,736.2579956054688,731.70849609375,617.9739990234375,283.59375,2.875,0.0,3.71875,3.71875,1.84375,0.0,0.90625,0.0,0.96875,32.943748474121094,37.6875,1.0,1.875,3.9375,3.9375,0.0,3,3 4
1945,698.7694702148438,695.5747680664062,586.4948120117188,279.875,2.78125,0.0,3.65625,3.65625,1.78125,0.0,0.9375,0.0,0.9375,31.381250381469727,35.625,1.0,1.78125,3.8125,3.8125,0.0,3,3 2
1946,708.3320922851562,704.6505737304688,594.2291870117188,258.32501220703125,2.84375,0.0,3.625,3.625,1.8125,0.0,0.84375,0.0,0.96875,30.931249618530273,35.3125,1.0,1.84375,2.5,2.5,0.0,3,3 1
1947,698.8317260742188,693.0169677734375,583.6130981445312,269.5375061035156,2.8125,0.0,3.59375,3.59375,1.78125,0.0,0.84375,0.0,0.96875,30.149999618530273,39.34375,1.0,1.8125,2.59375,2.59375,0.0,3,3 1
1948,710.10888671875,707.0183715820312,595.8670043945312,279.34375,2.84375,0.0,3.53125,3.53125,1.71875,0.0,0.78125,0.0,1.03125,31.231250762939453,35.71875,1.0,1.84375,3.0625,3.0625,0.0,3,3 4
1949,728.674560546875,722.8589477539062,608.5662231445312,298.17498779296875,2.875,0.0,3.75,3.75,1.8125,0.0,0.96875,0.0,0.96875,31.299999237060547,36.53125,1.0,1.875,3.1875,3.1875,0.0,3,3 4
1950,725.1270141601562,719.7587280273438,606.3870239257812,288.0,2.875,0.0,3.625,3.625,1.78125,0.0,0.90625,0.0,0.9375,31.787500381469727,37.46875,1.0,1.875,2.59375,2.59375,0.0,3,3 1
1951,731.6257934570312,726.3342895507812,613.155029296875,276.67498779296875,2.875,0.0,3.6875,3.6875,1.75,0.0,0.96875,0.0,0.96875,32.474998474121094,37.25,1.0,1.875,2.6875,2.6875,0.0,3,3 1
1952,713.3511352539062,708.4638671875,598.5338134765625,270.40625,2.8125,0.0,3.625,3.625,1.78125,0.0,0.875,0.0,0.96875,32.13750076293945,36.6875,1.0,1.8125,3.59375,3.59375,0.0,3,3 4
1953,660.7709350585938,656.395263671875,553.3848876953125,258.8062438964844,2.6875,0.0,3.4375,3.4375,1.625,0.0,0.8125,0.0,1.0,30.25,34.375,1.0,1.6875,3.5,3.5,0.0,3,3 2
1954,721.1182861328125,718.1893920898438,609.4017944335938,272.5062561035156,2.78125,0.0,3.5625,3.5625,1.625,0.0,0.90625,0.0,1.03125,33.88750076293945,29.65625,1.0,1.78125,4.34375,4.34375,0.0,3,3 1
1955,782.7236328125,778.2904663085938,658.0650634765625,296.1187438964844,3.0,0.0,3.8125,3.8125,1.8125,0.0,0.96875,0.0,1.03125,34.275001525878906,34.96875,1.0,2.0,3.84375,3.84375,0.0,3,3 0
1956,688.349853515625,683.9556884765625,576.7447509765625,274.9375,2.75,0.0,3.59375,3.59375,1.6875,0.0,0.96875,0.0,0.9375,31.049999237060547,33.21875,1.0,1.75,4.4375,4.4375,0.0,3,3 4
1957,691.0272827148438,684.2501831054688,577.2965087890625,277.0687561035156,2.75,0.0,3.5,3.5,1.625,0.0,0.875,0.0,1.0,31.112499237060547,34.40625,1.0,1.75,4.3125,4.3125,0.0,3,3 4
1958,733.5076904296875,730.6531372070312,616.0870971679688,298.0375061035156,2.875,0.0,3.75,3.75,1.84375,0.0,0.90625,0.0,1.0,32.85625076293945,39.78125,1.0,1.875,5.375,5.375,0.0,3,3 4
1959,694.4517822265625,689.10498046875,580.2861328125,280.375,2.78125,0.0,3.59375,3.59375,1.6875,0.0,0.90625,0.0,1.0,31.181249618530273,34.75,1.0,1.78125,4.75,4.75,0.0,3,3 0
1960,740.9578247070312,734.1422729492188,621.5114135742188,285.04998779296875,2.84375,0.0,3.6875,3.6875,1.75,0.0,0.90625,0.0,1.03125,34.39374923706055,34.5625,1.0,1.84375,4.15625,4.15625,0.0,3,3 4
1961,689.09765625,684.9053955078125,578.7059326171875,261.8062438964844,2.75,0.0,3.46875,3.46875,1.65625,0.0,0.78125,0.0,1.03125,31.856250762939453,38.0,1.0,1.75,4.75,4.75,0.0,3,3 4
1962,695.96240234375,691.3141479492188,584.3646850585938,267.03125,2.75,0.0,3.59375,3.59375,1.6875,0.0,0.90625,0.0,1.0,31.793750762939453,38.78125,1.0,1.75,6.8125,6.8125,0.0,3,3 0
1963,653.7642211914062,649.7467041015625,547.9168701171875,262.01251220703125,2.65625,0.0,3.40625,3.40625,1.625,0.0,0.78125,0.0,1.0,30.787500381469727,38.90625,1.0,1.65625,5.75,5.75,0.0,3,3 4
1964,650.5086669921875,644.4031372070312,542.5853271484375,250.78125,2.6875,0.0,3.34375,3.34375,1.53125,0.0,0.8125,0.0,1.0,27.9375,34.65625,1.0,1.6875,4.96875,4.96875,0.0,3,3 0
1965,748.80859375,742.3477172851562,629.0509033203125,276.28125,2.875,0.0,3.6875,3.6875,1.71875,0.0,0.9375,0.0,1.03125,33.23749923706055,34.21875,1.0,1.875,6.375,6.375,0.0,3,3 2
1966,758.7508544921875,754.7054443359375,639.5782470703125,279.75,2.90625,0.0,3.75,3.75,1.71875,0.03125,0.9375,0.0,1.0625,33.76250076293945,35.8125,1.0,1.90625,8.53125,8.53125,0.0,3,3 0
1967,719.32177734375,714.4143676757812,604.8302612304688,271.4624938964844,2.8125,0.0,3.5,3.5,1.65625,0.0,0.8125,0.0,1.03125,32.70000076293945,35.71875,1.0,1.8125,8.1875,8.1875,0.0,3,3 0
1968,693.3375244140625,687.5314331054688,580.7236328125,271.36248779296875,2.75,0.0,3.5,3.5,1.65625,0.0,0.84375,0.0,1.0,31.887500762939453,37.78125,1.0,1.75,6.75,6.75,0.0,3,3 0
1969,689.7462158203125,686.0994873046875,580.4903564453125,250.2937469482422,2.75,0.0,3.46875,3.46875,1.65625,0.0,0.8125,0.0,1.0,31.774999618530273,39.4375,1.0,1.75,6.5625,6.5625,0.0,3,3 2
1970,706.7728271484375,702.0615234375,593.9844970703125,268.3999938964844,2.78125,0.0,3.53125,3.53125,1.625,0.0,0.875,0.0,1.03125,31.774999618530273,32.40625,1.0,1.78125,6.65625,6.65625,0.0,3,3 4
1971,667.5169677734375,663.4769897460938,560.6589965820312,253.43124389648438,2.6875,0.0,3.4375,3.4375,1.5625,0.0,0.875,0.0,1.0,30.674999237060547,35.59375,1.0,1.6875,5.90625,5.90625,0.0,3,3 2
1972,681.0416870117188,676.4349975585938,571.1282958984375,270.6937561035156,2.71875,0.0,3.5,3.5,1.65625,0.0,0.8125,0.0,1.03125,31.024999618530273,35.25,1.0,1.71875,7.5,7.5,0.0,3,3 2
1973,647.6175537109375,642.2368774414062,540.281494140625,270.8500061035156,2.65625,0.0,3.34375,3.34375,1.59375,0.0,0.75,0.0,1.0,30.418750762939453,35.78125,1.0,1.65625,7.28125,7.28125,0.0,3,3 2
1974,632.43701171875,629.2721557617188,529.7630615234375,256.4125061035156,2.625,0.0,3.3125,3.3125,1.53125,0.0,0.71875,0.0,1.0625,28.825000762939453,37.78125,1.0,1.625,6.03125,6.03125,0.0,3,3 4
1975,703.5407104492188,697.9445190429688,589.6689453125,264.33123779296875,2.78125,0.0,3.625,3.625,1.6875,0.0,0.84375,0.0,1.09375,31.924999237060547,39.59375,1.0,1.78125,6.4375,6.4375,0.0,3,3 2
1976,712.7796020507812,707.9779052734375,599.2652587890625,273.4125061035156,2.78125,0.0,3.59375,3.59375,1.625,0.0,0.875,0.0,1.09375,32.525001525878906,33.21875,1.0,1.78125,8.84375,8.84375,0.0,3,3 0
1977,746.9990234375,744.35986328125,630.651611328125,284.6937561035156,2.875,0.0,3.625,3.625,1.59375,0.0,0.84375,0.0,1.1875,34.57500076293945,33.375,1.0,1.875,11.46875,11.46875,0.0,3,3 0
1978,660.166015625,655.3905639648438,552.0577392578125,243.9812469482422,2.71875,0.0,3.40625,3.40625,1.53125,0.0,0.78125,0.0,1.09375,29.5625,36.0,1.0,1.71875,8.21875,8.21875,0.0,3,3 2
1979,633.145751953125,628.200439453125,529.38525390625,246.25,2.625,0.0,3.25,3.25,1.46875,0.0,0.71875,0.0,1.0625,29.181249618530273,41.65625,1.0,1.625,8.03125,8.03125,0.0,3,3 0
1980,644.8734741210938,640.68359375,540.5499877929688,253.0500030517578,2.625,0.0,3.46875,3.46875,1.53125,0.0,0.90625,0.0,1.03125,29.756250381469727,31.84375,1.0,1.625,8.1875,8.1875,0.0,3,3 1
1981,656.2320556640625,653.0308837890625,550.0980834960938,261.4437561035156,2.6875,0.0,3.40625,3.40625,1.59375,0.0,0.875,0.0,0.9375,29.78125,37.75,1.0,1.6875,13.59375,13.59375,0.0,3,3 0
1982,619.3814697265625,615.4617309570312,518.9317016601562,250.84375,2.5625,0.0,3.25,3.25,1.375,0.0,0.78125,0.0,1.09375,29.793750762939453,37.03125,1.0,1.5625,14.3125,14.3125,0.0,3,3 4
1983,640.6277465820312,638.0831298828125,537.7196044921875,263.4375,2.625,0.0,3.375,3.375,1.5625,0.0,0.75,0.0,1.0625,30.231250762939453,35.53125,1.0,1.625,14.3125,14.3125,0.0,3,3 2
1984,687.9296875,683.2896728515625,575.7801513671875,281.5687561035156,2.75,0.0,3.5625,3.5625,1.71875,0.0,0.90625,0.0,0.9375,31.5625,37.75,1.0,1.75,17.15625,17.15625,0.0,3,3 0
1985,636.0492553710938,631.446044921875,532.6378173828125,260.54376220703125,2.59375,0.0,3.34375,3.34375,1.46875,0.0,0.90625,0.0,0.96875,30.381250381469727,37.71875,1.0,1.59375,12.625,12.625,0.0,3,3 0
1986,679.2241821289062,675.9441528320312,570.8806762695312,264.4125061035156,2.71875,0.0,3.5,3.5,1.59375,0.0,0.8125,0.0,1.09375,31.418750762939453,38.53125,1.0,1.71875,12.0,12.0,0.0,3,3 4
1987,654.6472778320312,650.2883911132812,548.36865234375,261.64373779296875,2.65625,0.0,3.46875,3.46875,1.53125,0.0,0.90625,0.0,1.03125,30.0,35.09375,1.0,1.65625,12.625,12.625,0.0,3,3 0
1988,678.9175415039062,676.8908081054688,570.0010986328125,262.75,2.75,0.0,3.65625,3.65625,1.65625,0.0,0.96875,0.0,1.03125,31.262500762939453,33.34375,1.0,1.75,11.3125,11.3125,0.0,3,3 0
1989,646.0477905273438,641.878173828125,541.11767578125,246.83749389648438,2.65625,0.0,3.375,3.375,1.5625,0.0,0.75,0.0,1.0625,29.756250381469727,39.46875,1.0,1.65625,12.78125,12.78125,0.0,3,3 4
1990,651.5919189453125,645.956298828125,544.1121826171875,255.875,2.65625,0.0,3.53125,3.53125,1.625,0.0,0.875,0.0,1.03125,29.793750762939453,37.90625,1.0,1.65625,11.375,11.375,0.0,3,3 0
1991,644.9291381835938,641.0542602539062,539.10400390625,250.21249389648438,2.6875,0.0,3.34375,3.34375,1.5,0.0,0.8125,0.0,1.03125,28.831249237060547,37.4375,1.0,1.6875,11.78125,11.78125,0.0,3,3 4
1992,717.1889038085938,712.9290771484375,599.5104370117188,285.3999938964844,2.875,0.0,3.6875,3.6875,1.75,0.0,0.9375,0.0,1.0,31.381250381469727,31.375,1.0,1.875,11.375,11.375,0.0,3,3 0
1993,629.6677856445312,624.2948608398438,526.2215576171875,247.125,2.59375,0.0,3.375,3.375,1.5625,0.0,0.8125,0.0,1.0,29.331249237060547,36.1875,1.0,1.59375,8.28125,8.28125,0.0,3,3 4
1994,605.3665771484375,602.9046630859375,507.15380859375,239.13125610351562,2.5625,0.0,3.21875,3.21875,1.5,0.0,0.71875,0.0,1.0,29.412500381469727,35.875,1.0,1.5625,7.3125,7.3125,0.0,3,3 4
1995,706.5846557617188,702.772216796875,594.0447998046875,268.88751220703125,2.78125,0.0,3.65625,3.65625,1.71875,0.0,0.90625,0.0,1.03125,32.474998474121094,33.78125,1.0,1.78125,7.84375,7.84375,0.0,3,3 0
1996,665.1322631835938,662.0764770507812,559.808349609375,260.375,2.65625,0.0,3.5,3.5,1.5625,0.0,0.90625,0.0,1.03125,31.59375,30.9375,1.0,1.65625,6.21875,6.21875,0.0,3,3 4
1997,596.215087890625,592.5213623046875,498.2479553222656,237.96875,2.53125,0.0,3.25,3.25,1.4375,0.0,0.90625,0.0,0.90625,28.125,35.34375,1.0,1.53125,6.03125,6.03125,0.0,3,3 1
1998,701.2227172851562,698.9346923828125,590.1234130859375,276.01251220703125,2.78125,0.0,3.625,3.625,1.71875,0.0,0.84375,0.0,1.0625,31.65625,38.53125,1.0,1.78125,7.96875,7.96875,0.0,3,3 0
1999,730.4482421875,728.4578857421875,614.5704956054688,292.6187438964844,2.875,0.0,3.65625,3.65625,1.71875,0.0,0.875,0.0,1.0625,32.67499923706055,36.9375,1.0,1.875,9.71875,9.71875,0.0,3,3 1
2000,673.8853759765625,669.7947387695312,564.2322998046875,274.2562561035156,2.71875,0.0,3.5,3.5,1.65625,0.0,0.8125,0.0,1.03125,31.456249237060547,38.40625,1.0,1.71875,9.09375,9.09375,0.0,3,3 0
2001,651.1417236328125,646.7918701171875,543.1680908203125,270.66876220703125,2.6875,0.0,3.46875,3.46875,1.5625,0.0,0.875,0.0,1.03125,29.668750762939453,39.125,1.0,1.6875,8.71875,8.71875,0.0,3,3 1
2002,643.0663452148438,637.3458862304688,534.2247314453125,267.32501220703125,2.6875,0.0,3.40625,3.40625,1.65625,0.0,0.78125,0.0,0.96875,29.193750381469727,39.3125,1.0,1.6875,8.03125,8.03125,0.0,3,3 2
2003,631.8491821289062,625.8934326171875,524.7069091796875,259.2250061035156,2.65625,0.0,3.40625,3.40625,1.65625,0.0,0.75,0.0,1.0,27.987499237060547,40.8125,1.0,1.65625,5.5625,5.5625,0.0,3,3 1
2004,676.4788208007812,673.6453857421875,568.4368896484375,269.51873779296875,2.71875,0.0,3.5,3.5,1.6875,0.0,0.78125,0.0,1.03125,30.806249618530273,36.46875,1.0,1.71875,6.1875,6.1875,0.0,3,3 0
2005,699.557861328125,695.65185546875,586.7760620117188,281.8062438964844,2.78125,0.0,3.59375,3.59375,1.71875,0.0,0.90625,0.0,0.96875,31.100000381469727,36.09375,1.0,1.78125,5.625,5.625,0.0,3,3 4
2006,718.4208984375,713.7845458984375,599.9390869140625,296.3687438964844,2.875,0.0,3.65625,3.65625,1.71875,0.0,0.9375,0.0,1.0,31.399999618530273,36.53125,1.0,1.875,5.875,5.875,0.0,3,3 1
2007,763.3670043945312,760.4730834960938,640.9885864257812,307.5687561035156,2.96875,0.0,3.875,3.875,1.90625,0.0,0.9375,0.0,1.03125,32.881248474121094,35.71875,1.0,1.96875,4.84375,4.84375,0.0,3,3 1
2008,714.923828125,710.4171142578125,599.1763916015625,292.51873779296875,2.8125,0.0,3.6875,3.6875,1.78125,0.0,0.90625,0.0,1.0,31.887500762939453,36.9375,1.0,1.8125,6.40625,6.40625,0.0,3,3 4
2009,700.9379272460938,696.12939453125,586.707763671875,277.78125,2.8125,0.0,3.4375,3.4375,1.6875,0.0,0.78125,0.0,0.96875,31.431249618530273,35.03125,1.0,1.8125,5.5625,5.5625,0.0,3,3 2
2010,627.921875,622.5923461914062,523.2022705078125,268.5375061035156,2.625,0.0,3.125,3.125,1.5,0.0,0.5625,0.0,1.0625,28.962499618530273,38.4375,1.0,1.625,5.6875,5.6875,0.0,3,3 4
2011,631.6768188476562,626.8019409179688,527.9497680664062,259.7749938964844,2.59375,0.0,3.40625,3.40625,1.5625,0.0,0.8125,0.0,1.03125,29.450000762939453,33.71875,1.0,1.59375,3.625,3.625,0.0,3,3 0
2012,699.3515625,695.2235717773438,586.6405639648438,276.42498779296875,2.78125,0.0,3.5625,3.5625,1.71875,0.0,0.84375,0.0,1.0,31.662500381469727,34.59375,1.0,1.78125,4.6875,4.6875,0.0,3,3 0
2013,598.6599731445312,595.3621826171875,500.796875,244.10000610351562,2.53125,0.0,3.25,3.25,1.40625,0.0,0.78125,0.0,1.0625,28.043750762939453,34.15625,1.0,1.53125,4.15625,4.15625,0.0,3,3 1
2014,744.7568969726562,739.9890747070312,626.2039794921875,299.5062561035156,2.84375,0.0,3.8125,3.8125,1.75,0.03125,0.9375,0.0,1.09375,34.01250076293945,34.125,1.0,1.84375,5.71875,5.71875,0.0,3,3 0
2015,636.7344360351562,632.9159545898438,533.9730834960938,262.6937561035156,2.59375,0.0,3.34375,3.34375,1.53125,0.0,0.8125,0.0,1.0,30.53125,34.25,1.0,1.59375,4.75,4.75,0.0,3,3 0
2016,686.579833984375,683.9505004882812,577.8250732421875,276.57501220703125,2.71875,0.0,3.59375,3.59375,1.59375,0.0,0.875,0.0,1.125,31.856250762939453,31.71875,1.0,1.71875,5.03125,5.03125,0.0,3,3 1
2017,731.46142578125,727.0823974609375,614.2471313476562,289.42498779296875,2.84375,0.0,3.75,3.75,1.75,0.0,1.0,0.0,1.0,32.92499923706055,36.15625,1.0,1.84375,4.71875,4.71875,0.0,3,3 1
2018,748.279052734375,745.052978515625,628.9185791015625,297.9312438964844,2.90625,0.0,3.8125,3.8125,1.84375,0.0,0.90625,0.0,1.0625,32.91875076293945,36.34375,1.0,1.90625,4.5,4.5,0.0,3,3 1
2019,658.9415283203125,654.4632568359375,551.2882080078125,260.3187561035156,2.6875,0.0,3.5,3.5,1.65625,0.0,0.8125,0.0,1.03125,29.356250762939453,38.0625,1.0,1.6875,3.84375,3.84375,0.0,3,3 2
2020,775.70166015625,772.3472900390625,651.8963623046875,322.3062438964844,2.96875,0.0,3.875,3.875,1.90625,0.0,0.9375,0.0,1.03125,34.15625,36.0625,1.0,1.96875,5.1875,5.1875,0.0,3,3 4
2021,646.0592041015625,643.2625732421875,541.1238403320312,266.3187561035156,2.65625,0.0,3.46875,3.46875,1.625,0.0,0.84375,0.0,1.0,29.918750762939453,38.75,1.0,1.65625,4.65625,4.65625,0.0,3,3 4
2022,702.1356811523438,698.7446899414062,588.2543334960938,286.0249938964844,2.8125,0.0,3.59375,3.59375,1.75,0.0,0.84375,0.0,1.0,31.606250762939453,37.90625,1.0,1.8125,5.375,5.375,0.0,3,3 1
2023,712.0337524414062,706.5870361328125,594.4771118164062,289.73126220703125,2.84375,0.0,3.65625,3.65625,1.78125,0.0,0.84375,0.0,1.03125,30.893749237060547,38.78125,1.0,1.84375,7.46875,7.46875,0.0,3,3 2
2024,676.1566772460938,672.359375,566.7644653320312,273.7124938964844,2.71875,0.0,3.53125,3.53125,1.65625,0.0,0.84375,0.0,1.03125,31.09375,35.0,1.0,1.71875,7.625,7.625,0.0,3,3 1
2025,643.2040405273438,639.89990234375,538.2630615234375,257.5625,2.65625,0.0,3.46875,3.46875,1.65625,0.0,0.8125,0.0,1.0,29.5625,38.65625,1.0,1.65625,5.46875,5.46875,0.0,3,3 0
2026,686.5790405273438,684.8399047851562,575.482421875,269.1937561035156,2.8125,0.0,3.59375,3.59375,1.78125,0.0,0.8125,0.0,1.0,29.987499237060547,41.1875,1.0,1.8125,7.375,7.375,0.0,3,3 1
2027,713.37548828125,709.8200073242188,598.1163940429688,279.10626220703125,2.84375,0.0,3.65625,3.65625,1.78125,0.0,0.875,0.0,1.0,31.587499618530273,39.25,1.0,1.84375,6.21875,6.21875,0.0,3,3 2
2028,765.4859008789062,761.9874877929688,643.6481323242188,304.38751220703125,2.9375,0.0,3.90625,3.90625,1.90625,0.0,0.96875,0.0,1.03125,34.0,38.1875,1.0,1.9375,6.84375,6.84375,0.0,3,3 2
2029,720.2347412109375,716.874755859375,604.4151611328125,284.5687561035156,2.84375,0.0,3.75,3.75,1.84375,0.0,0.90625,0.0,1.0,32.1875,34.0625,1.0,1.84375,6.59375,6.59375,0.0,3,3 2
2030,697.9248657226562,693.225830078125,583.8356323242188,275.70623779296875,2.8125,0.0,3.5,3.5,1.6875,0.0,0.8125,0.0,1.0,30.443750381469727,37.4375,1.0,1.8125,7.625,7.625,0.0,3,3 0
2031,682.8783569335938,681.5743408203125,574.3651123046875,278.0562438964844,2.75,0.0,3.5625,3.5625,1.71875,0.0,0.90625,0.0,0.9375,30.868749618530273,33.15625,1.0,1.75,6.9375,6.9375,0.0,3,3 4
2032,689.579345703125,685.7362060546875,577.8031005859375,269.03125,2.78125,0.0,3.53125,3.53125,1.78125,0.0,0.78125,0.0,0.96875,30.799999237060547,38.0,1.0,1.78125,7.375,7.375,0.0,3,3 1
2033,667.2634887695312,662.871826171875,558.3856201171875,259.1000061035156,2.71875,0.0,3.5,3.5,1.6875,0.0,0.8125,0.0,1.0,29.6875,34.21875,1.0,1.71875,7.0,7.0,0.0,3,3 2
2034,626.2376708984375,621.5260620117188,522.7945556640625,244.6875,2.625,0.0,3.28125,3.28125,1.59375,0.0,0.6875,0.0,1.0,28.456249237060547,41.3125,1.0,1.625,6.9375,6.9375,0.0,3,3 1
2035,676.6128540039062,669.8329467773438,564.5132446289062,273.4312438964844,2.71875,0.0,3.46875,3.46875,1.6875,0.0,0.78125,0.0,1.0,31.03125,39.21875,1.0,1.71875,7.71875,7.71875,0.0,3,3 1
2036,631.06884765625,625.2723999023438,526.2257080078125,255.83749389648438,2.625,0.0,3.1875,3.1875,1.59375,0.0,0.6875,0.0,0.90625,29.193750381469727,38.46875,1.0,1.625,7.75,7.75,0.0,3,3 1
2037,644.5489501953125,639.767578125,538.9484252929688,271.8500061035156,2.625,0.0,3.40625,3.40625,1.625,0.0,0.78125,0.0,1.0,29.731250762939453,32.9375,1.0,1.625,9.375,9.375,0.0,3,3 0
2038,600.7066040039062,595.0239868164062,501.31597900390625,257.2124938964844,2.5,0.0,3.1875,3.1875,1.46875,0.0,0.71875,0.0,1.0,28.318750381469727,30.53125,1.0,1.5,9.46875,9.46875,0.0,3,3 4
2039,636.8238525390625,631.8408813476562,530.6478271484375,260.9312438964844,2.65625,0.0,3.375,3.375,1.59375,0.0,0.78125,0.0,1.0,28.243749618530273,38.28125,1.0,1.65625,9.75,9.75,0.0,3,3 1
2040,584.3306884765625,579.5589599609375,487.775390625,250.44375610351562,2.46875,0.0,3.15625,3.15625,1.46875,0.0,0.6875,0.0,1.0,27.493749618530273,34.0625,1.0,1.46875,9.28125,9.28125,0.0,3,3 2
2041,581.6950073242188,577.3646240234375,484.2313537597656,255.03750610351562,2.5,0.0,3.125,3.125,1.4375,0.0,0.75,0.0,0.9375,27.118749618530273,35.0625,1.0,1.5,9.59375,9.59375,0.0,3,3 4
2042,581.109130859375,579.03564453125,487.0950622558594,254.53125,2.46875,0.0,3.125,3.125,1.3125,0.03125,0.8125,0.0,0.96875,27.924999237060547,33.03125,1.0,1.46875,9.96875,9.96875,0.0,3,3 2
2043,665.6434936523438,664.0067138671875,558.0225830078125,295.5249938964844,2.71875,0.0,3.375,3.375,1.59375,0.0,0.875,0.0,0.90625,30.668750762939453,33.46875,1.0,1.71875,11.875,11.875,0.0,3,3 4
2044,618.354248046875,613.8953857421875,515.8907470703125,275.45001220703125,2.5625,0.0,3.28125,3.28125,1.46875,0.0,0.8125,0.0,1.0,30.456249237060547,30.71875,1.0,1.5625,12.59375,12.59375,0.0,3,3 4
2045,640.6716918945312,637.3986206054688,535.6370239257812,271.92498779296875,2.65625,0.0,3.34375,3.34375,1.5625,0.0,0.84375,0.0,0.9375,29.043750762939453,35.4375,1.0,1.65625,11.90625,11.90625,0.0,3,3 2
2046,657.0528564453125,652.426513671875,548.7653198242188,274.5687561035156,2.6875,0.0,3.4375,3.4375,1.65625,0.0,0.78125,0.0,1.0,29.487499237060547,34.875,1.0,1.6875,11.9375,11.9375,0.0,3,3 4
2047,643.3544921875,639.67333984375,537.1267700195312,256.48748779296875,2.6875,0.0,3.40625,3.40625,1.59375,0.0,0.84375,0.0,0.96875,29.012500762939453,34.375,1.0,1.6875,14.21875,14.21875,0.0,3,3 4
2048,687.7742919921875,683.4442138671875,574.7950439453125,278.10626220703125,2.78125,0.0,3.59375,3.59375,1.75,0.0,0.84375,0.0,1.0,30.868749618530273,32.5625,1.0,1.78125,17.59375,17.59375,0.0,3,3 1
2049,721.1821899414062,717.3385009765625,604.5568237304688,275.0062561035156,2.875,0.0,3.625,3.625,1.71875,0.0,0.875,0.0,1.03125,32.118751525878906,31.375,1.0,1.875,19.25,19.25,0.0,3,3 1
2050,736.3024291992188,732.358154296875,616.4900512695312,293.2124938964844,2.90625,0.0,3.8125,3.8125,1.8125,0.0,1.0,0.0,1.0,32.75,31.75,1.0,1.90625,19.21875,19.21875,0.0,3,3 1
2051,761.58642578125,756.4186401367188,637.2733764648438,298.7124938964844,2.96875,0.0,3.875,3.875,1.875,0.0,0.96875,0.0,1.03125,33.45624923706055,34.0625,1.0,1.96875,17.65625,17.65625,0.0,3,3 1
2052,721.1347045898438,717.4647216796875,604.7015380859375,270.9624938964844,2.875,0.0,3.6875,3.6875,1.71875,0.0,0.9375,0.0,1.03125,31.75,30.53125,1.0,1.875,18.09375,18.09375,0.0,3,3 1
2053,723.8621215820312,720.1008911132812,607.9315185546875,275.5874938964844,2.84375,0.0,3.78125,3.78125,1.78125,0.0,1.0,0.0,1.0,32.375,29.53125,1.0,1.84375,16.0625,16.0625,0.0,3,3 1
2054,755.8356323242188,753.84130859375,635.6881713867188,284.9937438964844,2.96875,0.0,3.8125,3.8125,1.8125,0.0,0.96875,0.0,1.03125,33.14374923706055,30.90625,1.0,1.96875,15.6875,15.6875,0.0,3,3 2
2055,775.4256591796875,771.1278076171875,651.9356689453125,277.8374938964844,3.0,0.0,3.8125,3.8125,1.78125,0.0,0.9375,0.0,1.09375,33.61249923706055,27.0,1.0,2.0,16.3125,16.3125,0.0,3,3 0
2056,750.5953369140625,746.6253051757812,632.08740234375,285.4312438964844,2.875,0.0,3.84375,3.84375,1.8125,0.0,0.96875,0.0,1.0625,34.118751525878906,29.0,1.0,1.875,16.125,16.125,0.0,3,3 2
2057,751.8388061523438,749.9312744140625,632.8084106445312,268.33123779296875,2.96875,0.0,3.75,3.75,1.84375,0.0,0.90625,0.0,1.0,33.4375,29.125,1.0,1.96875,13.25,13.25,0.0,4,4 3
2058,680.2493286132812,675.4160766601562,568.8633422851562,269.7250061035156,2.75,0.0,3.5,3.5,1.71875,0.0,0.78125,0.0,1.0,30.924999237060547,33.875,1.0,1.75,11.53125,11.53125,0.0,3,3 0
2059,737.9541625976562,734.3824462890625,619.6203002929688,277.1499938964844,2.90625,0.0,3.75,3.75,1.75,0.0,0.96875,0.0,1.03125,32.45624923706055,32.5,1.0,1.90625,12.1875,12.1875,0.0,3,3 0
2060,766.600830078125,763.2510986328125,645.4232788085938,275.85626220703125,2.96875,0.0,3.8125,3.8125,1.90625,0.0,0.90625,0.0,1.0,33.875,36.8125,1.0,1.96875,13.3125,13.3125,0.0,3,3 1
2061,724.0100708007812,720.9176025390625,609.2001953125,272.40625,2.84375,0.0,3.6875,3.6875,1.78125,0.0,0.875,0.0,1.03125,32.83124923706055,33.84375,1.0,1.84375,13.53125,13.53125,0.0,3,3 1
2062,758.4382934570312,756.2687377929688,638.621337890625,276.07501220703125,2.96875,0.0,3.78125,3.78125,1.8125,0.0,0.96875,0.0,1.0,33.506248474121094,35.34375,1.0,1.96875,13.90625,13.90625,0.0,1,1 3
2063,760.8657836914062,758.11181640625,641.3331298828125,281.1000061035156,2.9375,0.0,3.8125,3.8125,1.78125,0.0,1.0,0.0,1.03125,33.881248474121094,30.03125,1.0,1.9375,11.09375,11.09375,0.0,3,3 0
2064,749.4376220703125,745.5338745117188,630.6339111328125,274.9312438964844,2.90625,0.0,3.78125,3.78125,1.8125,0.0,0.96875,0.0,1.0,33.14374923706055,34.15625,1.0,1.90625,9.84375,9.84375,0.0,3,3 0
2065,761.720947265625,759.7576293945312,641.6636352539062,283.04998779296875,2.96875,0.0,3.78125,3.78125,1.78125,0.0,0.96875,0.0,1.03125,34.04999923706055,29.75,1.0,1.96875,11.8125,11.8125,0.0,3,3 0
2066,740.1102905273438,736.8072509765625,621.7601928710938,277.48748779296875,2.90625,0.0,3.8125,3.8125,1.84375,0.0,0.96875,0.0,1.0,32.556251525878906,33.4375,1.0,1.90625,11.625,11.625,0.0,3,3 0
2067,773.712890625,770.0387573242188,652.3538818359375,272.86248779296875,2.96875,0.0,3.8125,3.8125,1.71875,0.0,1.03125,0.0,1.0625,33.912498474121094,30.53125,1.0,1.96875,11.40625,11.40625,0.0,3,3 4
2068,783.7257080078125,782.2621459960938,661.0197143554688,278.8374938964844,3.03125,0.0,3.9375,3.9375,1.9375,0.0,1.0,0.0,1.0,34.65625,33.9375,1.0,2.03125,11.09375,11.09375,0.0,3,3 4
2069,749.703369140625,746.9845581054688,630.1793212890625,264.40625,2.96875,0.0,3.8125,3.8125,1.8125,0.0,0.96875,0.0,1.03125,31.375,37.375,1.0,1.96875,11.0625,11.0625,0.0,3,3 4
2070,719.4041748046875,716.6809692382812,604.934326171875,272.625,2.84375,0.0,3.75,3.75,1.78125,0.0,0.96875,0.0,1.0,31.543750762939453,32.8125,1.0,1.84375,10.65625,10.65625,0.0,3,3 4
2071,755.6017456054688,753.3704833984375,634.75830078125,272.0874938964844,3.0,0.0,3.8125,3.8125,1.84375,0.0,0.9375,0.0,1.03125,31.987499237060547,31.5625,1.0,2.0,10.625,10.625,0.0,3,3 1
2072,790.3665771484375,788.5504150390625,666.7894287109375,283.7562561035156,3.03125,0.0,4.03125,4.03125,1.96875,0.0,1.0,0.0,1.0625,34.087501525878906,36.59375,1.0,2.03125,10.625,10.625,0.0,3,3 1
2073,761.724853515625,757.7215576171875,641.69921875,265.7749938964844,2.9375,0.0,3.78125,3.78125,1.75,0.0,0.9375,0.03125,1.0625,34.631248474121094,33.0625,1.0,1.9375,10.09375,10.09375,0.0,3,3 1
2074,758.16796875,753.4906005859375,636.4869384765625,285.0375061035156,2.9375,0.0,3.84375,3.84375,1.8125,0.0,0.90625,0.03125,1.09375,33.34375,32.65625,1.0,1.9375,12.84375,12.84375,0.0,3,3 0
2075,737.143310546875,733.7366333007812,618.115234375,265.875,2.9375,0.0,3.8125,3.8125,1.875,0.0,0.90625,0.03125,1.0,31.681249618530273,35.21875,1.0,1.9375,9.46875,9.46875,0.0,3,3 0
2076,825.8565063476562,821.111328125,696.8824462890625,295.90625,3.0625,0.0,4.03125,4.03125,1.90625,0.0,1.03125,0.0,1.09375,37.131248474121094,31.8125,1.0,2.0625,10.15625,10.15625,0.0,3,3 2
2077,809.9534301757812,806.9978637695312,681.63037109375,299.10626220703125,3.09375,0.0,4.0625,4.0625,1.90625,0.0,1.03125,0.0625,1.0625,34.58124923706055,33.46875,1.0,2.09375,8.59375,8.59375,0.0,3,3 2
2078,766.1380615234375,762.636962890625,645.2579345703125,285.0687561035156,2.9375,0.0,3.90625,3.90625,1.84375,0.0,0.96875,0.0625,1.03125,34.03125,32.9375,1.0,1.9375,8.4375,8.4375,0.0,3,3 4
2079,776.4480590820312,774.1805419921875,654.84912109375,281.14373779296875,3.0,0.0,3.78125,3.78125,1.8125,0.0,0.875,0.0625,1.03125,34.162498474121094,28.625,1.0,2.0,7.4375,7.4375,0.0,2,2 3
2080,719.1087646484375,716.5899658203125,605.2237548828125,272.7250061035156,2.84375,0.0,3.59375,3.59375,1.78125,0.0,0.78125,0.03125,1.0,32.875,31.15625,1.0,1.84375,7.09375,7.09375,0.0,3,3 4
2081,772.6580200195312,768.2083129882812,651.8441162109375,266.98126220703125,2.9375,0.0,3.84375,3.84375,1.78125,0.0,0.90625,0.03125,1.125,34.806251525878906,30.71875,1.0,1.9375,6.0625,6.0625,0.0,3,3 2
2082,775.2825927734375,769.2481689453125,650.4507446289062,295.61248779296875,2.96875,0.0,3.78125,3.78125,1.875,0.0,0.90625,0.0,1.0,34.46875,37.03125,1.0,1.96875,6.96875,6.96875,0.0,3,3 1
2083,777.2191772460938,775.0543212890625,656.3088989257812,286.79998779296875,2.96875,0.0,3.875,3.875,1.875,0.0,0.875,0.09375,1.03125,34.54375076293945,37.6875,1.0,1.96875,6.59375,6.59375,0.0,3,3 0
2084,749.39111328125,746.54150390625,631.1876220703125,277.9312438964844,2.90625,0.0,3.84375,3.84375,1.90625,0.03125,0.90625,0.0,1.0,33.443748474121094,33.8125,1.0,1.90625,4.3125,4.3125,0.0,3,3 2
2085,749.231201171875,746.7659912109375,630.2824096679688,272.5375061035156,2.9375,0.0,3.90625,3.90625,1.875,0.03125,0.96875,0.03125,1.0,32.537498474121094,37.96875,1.0,1.9375,4.28125,4.28125,0.0,3,3 4
2086,820.764892578125,816.7730712890625,693.1206665039062,284.53125,3.0625,0.0,4.0625,4.0625,1.84375,0.0,1.0625,0.03125,1.125,36.39374923706055,28.96875,1.0,2.0625,5.90625,5.90625,0.0,3,3 1
2087,760.3980102539062,755.8162841796875,639.0650634765625,277.33123779296875,2.9375,0.0,3.84375,3.84375,1.8125,0.0,1.03125,0.0,1.0,34.08124923706055,30.375,1.0,1.9375,4.25,4.25,0.0,3,3 2
2088,780.4912109375,778.2266235351562,658.4588012695312,286.4937438964844,3.0,0.0,3.8125,3.8125,1.8125,0.0,0.9375,0.0,1.0625,34.40625,29.4375,1.0,2.0,3.875,3.875,0.0,3,3 4
2089,790.4420776367188,785.6768798828125,665.3560791015625,290.125,3.0,0.0,3.875,3.875,1.875,0.0,0.9375,0.0,1.0625,35.08124923706055,32.78125,1.0,2.0,3.34375,3.34375,0.0,3,3 4
2090,684.4935302734375,681.0701904296875,574.1455078125,255.0812530517578,2.78125,0.0,3.4375,3.4375,1.65625,0.0,0.78125,0.0,1.0,31.15625,33.4375,1.0,1.78125,2.96875,2.96875,0.0,3,3 2
2091,753.0501708984375,749.4216918945312,633.8085327148438,264.4312438964844,2.9375,0.0,3.78125,3.78125,1.78125,0.0,0.9375,0.0,1.0625,32.73125076293945,29.625,1.25,1.9375,3.125,3.125,0.0,3,3 1
2092,787.4718017578125,785.9241943359375,666.2781982421875,254.4499969482422,3.03125,0.0,3.875,3.875,1.8125,0.0,1.0,0.03125,1.03125,33.95000076293945,34.59375,1.0,2.03125,2.90625,2.90625,0.0,3,3 4
2093,738.2473754882812,733.5369262695312,621.4085693359375,256.35626220703125,2.875,0.0,3.65625,3.65625,1.6875,0.0,0.96875,0.0,1.0,32.974998474121094,32.84375,1.0,1.875,3.34375,3.34375,0.0,3,3 4
2094,762.6286010742188,760.1502685546875,643.2340698242188,263.0562438964844,2.96875,0.0,3.6875,3.6875,1.75,0.0,0.9375,0.0,1.0,35.14374923706055,28.28125,1.0,1.96875,3.0625,3.0625,0.0,4,4 3
2095,749.4006958007812,746.4899291992188,631.5596923828125,251.63125610351562,2.9375,0.0,3.75,3.75,1.75,0.0,0.9375,0.0,1.0625,33.1875,27.46875,1.0,1.9375,2.625,2.625,0.0,3,3 4
2096,783.8690185546875,780.3701171875,661.1281127929688,255.13125610351562,3.03125,0.0,3.75,3.75,1.8125,0.0,0.90625,0.0,1.03125,34.29375076293945,26.71875,1.0,2.03125,2.71875,2.71875,0.0,3,3 0
2097,720.770751953125,718.299072265625,607.2600708007812,230.0187530517578,2.875,0.0,3.75,3.75,1.78125,0.0,0.9375,0.03125,1.0,32.15625,24.5,1.0,1.875,2.25,2.25,0.0,3,3 4
2098,737.9359130859375,735.9617919921875,623.5850830078125,250.63125610351562,2.875,0.0,3.71875,3.71875,1.71875,0.0,0.9375,0.0,1.0625,34.556251525878906,20.4375,1.0,1.875,1.40625,1.40625,0.0,3,3 2
2099,757.7659301757812,753.7250366210938,637.8790283203125,263.64373779296875,2.9375,0.0,3.78125,3.78125,1.84375,0.0,0.9375,0.0,1.0,34.243751525878906,33.375,1.0,1.9375,2.15625,2.15625,0.0,3,3 1
2100,716.3157348632812,712.3601684570312,603.4091186523438,249.15625,2.8125,0.0,3.6875,3.6875,1.78125,0.0,0.875,0.03125,1.0,31.212499618530273,32.4375,1.0,1.8125,1.9375,1.9375,0.0,3,3 4
2101,775.999755859375,771.8045654296875,654.4473876953125,265.4750061035156,2.96875,0.0,3.84375,3.84375,1.875,0.0,0.96875,0.0,1.0,33.45000076293945,33.1875,1.0,1.96875,2.75,2.75,0.0,3,3 0
2102,748.5828857421875,743.1436767578125,628.5501708984375,266.16876220703125,2.90625,0.0,3.8125,3.8125,1.84375,0.0,0.9375,0.0,1.03125,33.181251525878906,29.6875,1.0,1.90625,2.375,2.375,0.0,3,3 1
2103,721.2360229492188,717.2752685546875,606.6839599609375,256.1875,2.84375,0.0,3.625,3.625,1.75,0.0,0.875,0.0,1.0,32.46875,29.25,1.0,1.84375,1.5,1.5,0.0,3,3 4
2104,706.3277587890625,703.33447265625,595.9840087890625,244.68124389648438,2.78125,0.0,3.65625,3.65625,1.6875,0.0,0.9375,0.03125,1.0,31.549999237060547,29.40625,1.21875,1.78125,2.0625,2.0625,0.0,3,3 4
2105,766.6348876953125,761.5130004882812,644.0404052734375,271.0687561035156,2.96875,0.0,3.8125,3.8125,1.90625,0.0,0.875,0.0,1.03125,33.23125076293945,32.84375,1.0,1.96875,2.21875,2.21875,0.0,3,3 4
2106,779.6964721679688,776.677001953125,658.9036254882812,270.42498779296875,2.96875,0.0,3.8125,3.8125,1.875,0.0,0.90625,0.0,1.03125,35.08124923706055,32.6875,1.0,1.96875,2.21875,2.21875,0.0,3,3 0
2107,699.3543701171875,697.1439208984375,588.228271484375,259.5062561035156,2.8125,0.0,3.5625,3.5625,1.78125,0.0,0.78125,0.0,1.0,30.918750762939453,35.96875,1.0,1.8125,1.90625,1.90625,0.0,3,3 4
2108,644.2704467773438,642.0831909179688,541.5081176757812,250.13125610351562,2.65625,0.0,3.3125,3.3125,1.5625,0.0,0.75,0.0,1.0,29.200000762939453,30.09375,1.96875,1.65625,1.84375,1.84375,0.0,3,3 2
2109,685.2467651367188,682.021240234375,574.6497192382812,256.29376220703125,2.78125,0.0,3.53125,3.53125,1.6875,0.0,0.8125,0.03125,1.0,31.21875,33.6875,1.0,1.78125,1.6875,1.6875,0.0,3,3 2
2110,732.2379150390625,729.9797973632812,616.8993530273438,274.6312561035156,2.875,0.0,3.6875,3.6875,1.8125,0.0,0.84375,0.0,1.03125,32.493751525878906,33.46875,1.0,1.875,1.6875,1.6875,0.0,3,3 1
2111,721.6075439453125,718.802978515625,607.5651245117188,287.8500061035156,2.8125,0.0,3.6875,3.6875,1.78125,0.0,0.875,0.0,1.03125,33.16875076293945,30.15625,1.0,1.8125,1.53125,1.53125,0.0,3,3 2
2112,691.1405029296875,685.6182250976562,577.3231811523438,279.35626220703125,2.78125,0.0,3.46875,3.46875,1.75,0.0,0.6875,0.0,1.03125,31.331249237060547,35.53125,1.0,1.78125,1.34375,1.34375,0.0,3,3 0
2113,703.0560302734375,699.3256225585938,590.0594482421875,282.36248779296875,2.78125,0.0,3.65625,3.65625,1.78125,0.03125,0.8125,0.03125,1.0,31.725000381469727,35.5,1.0,1.78125,1.84375,1.84375,0.0,3,3 4
2114,673.131591796875,670.8444213867188,564.8680419921875,263.4437561035156,2.75,0.0,3.46875,3.46875,1.65625,0.0,0.78125,0.03125,1.0,30.162500381469727,37.71875,1.0,1.75,1.5,1.5,0.0,3,3 4
2115,734.1539306640625,728.4976806640625,614.9234619140625,284.39373779296875,2.875,0.0,3.6875,3.6875,1.78125,0.0,0.875,0.0,1.03125,32.525001525878906,35.9375,1.0,1.875,1.84375,1.84375,0.0,3,3 1
2116,742.370361328125,739.1309814453125,625.110107421875,292.4312438964844,2.875,0.0,3.625,3.625,1.6875,0.0,0.78125,0.0,1.15625,34.162498474121094,32.5625,1.0,1.875,1.03125,1.03125,0.0,3,3 1
2117,787.2267456054688,784.6340942382812,663.2462158203125,308.3125,3.0,0.0,3.90625,3.90625,1.875,0.0,0.9375,0.03125,1.0625,35.26250076293945,32.25,1.0,2.0,0.96875,0.96875,0.0,3,3 4
2118,765.9182739257812,762.5880126953125,644.8413696289062,291.9750061035156,2.9375,0.0,3.84375,3.84375,1.90625,0.0,0.90625,0.0,1.03125,35.54375076293945,29.09375,1.0,1.9375,0.75,0.75,0.0,3,3 4
2119,776.4147338867188,770.2454833984375,650.5018310546875,304.8500061035156,2.96875,0.0,3.90625,3.90625,1.9375,0.0,0.96875,0.0,1.0,34.381248474121094,29.78125,1.0,1.96875,0.6875,0.6875,0.0,3,3 1
2120,678.3445434570312,676.0699462890625,569.2145385742188,275.95623779296875,2.75,0.0,3.5,3.5,1.6875,0.0,0.8125,0.0,1.0,30.875,32.5625,1.0,1.75,0.84375,0.84375,0.0,3,3 1
2121,717.9234008789062,712.7949829101562,599.7587890625,295.7124938964844,2.84375,0.0,3.78125,3.78125,1.84375,0.0,0.875,0.0625,1.0,31.600000381469727,34.34375,1.0,1.84375,1.125,1.125,0.0,3,3 2
2122,730.5995483398438,727.2785034179688,613.2587890625,291.1875,2.875,0.0,3.71875,3.71875,1.78125,0.0,0.875,0.03125,1.03125,32.41875076293945,34.46875,1.0,1.875,1.0,1.0,0.0,3,3 4
2123,704.2572631835938,701.3641357421875,591.1735229492188,281.15625,2.8125,0.0,3.5625,3.5625,1.71875,0.0,0.8125,0.0,1.03125,31.987499237060547,35.3125,1.0,1.8125,1.4375,1.4375,0.0,3,3 2
2124,728.9354858398438,723.992431640625,609.88818359375,290.3125,2.875,0.0,3.71875,3.71875,1.78125,0.03125,0.84375,0.0,1.0625,33.131248474121094,28.34375,1.0,1.875,1.34375,1.34375,0.0,3,3 2
2125,682.4120483398438,679.5528564453125,571.748046875,270.61248779296875,2.78125,0.0,3.4375,3.4375,1.65625,0.0,0.71875,0.03125,1.03125,31.731250762939453,33.46875,1.0,1.78125,1.21875,1.21875,0.0,3,3 1
2126,751.8677978515625,747.5856323242188,631.935302734375,292.16876220703125,2.90625,0.0,3.75,3.75,1.84375,0.0,0.84375,0.0,1.0625,33.21875,32.34375,1.0,1.90625,1.40625,1.40625,0.0,3,3 1
2127,740.7886352539062,736.1799926757812,622.386474609375,291.1499938964844,2.875,0.0,3.59375,3.59375,1.71875,0.0,0.8125,0.03125,1.03125,33.95000076293945,29.625,1.0,1.875,1.21875,1.21875,0.0,3,3 4
2128,732.4542846679688,728.90380859375,614.48974609375,273.23126220703125,2.90625,0.0,3.6875,3.6875,1.78125,0.0,0.84375,0.0,1.0625,33.0,28.4375,1.0,1.90625,0.9375,0.9375,0.0,3,3 1
2129,679.6834106445312,673.8043823242188,567.5438842773438,282.8374938964844,2.71875,0.0,3.53125,3.53125,1.6875,0.0,0.8125,0.03125,1.0,32.256248474121094,33.9375,1.0,1.71875,0.90625,0.90625,0.0,3,3 4
2130,691.1990966796875,688.3519287109375,579.5569458007812,281.5687561035156,2.78125,0.0,3.53125,3.53125,1.71875,0.0,0.78125,0.03125,1.0,32.10625076293945,33.3125,1.0,1.78125,0.875,0.875,0.0,3,3 4
2131,682.7109375,680.4365234375,574.0848388671875,261.15625,2.75,0.0,3.53125,3.53125,1.6875,0.0,0.78125,0.0,1.0625,31.493749618530273,36.90625,1.0,1.75,1.0,1.0,0.0,3,3 2
2132,672.6192626953125,668.6922607421875,563.7179565429688,268.95623779296875,2.71875,0.0,3.4375,3.4375,1.6875,0.0,0.71875,0.0,1.03125,31.049999237060547,36.71875,1.0,1.71875,0.9375,0.9375,0.0,3,3 0
2133,581.1092529296875,575.1189575195312,481.6737365722656,241.53750610351562,2.53125,0.0,3.03125,3.03125,1.46875,0.0,0.53125,0.03125,1.0,27.393749237060547,37.46875,1.90625,1.53125,1.21875,1.21875,0.0,3,3 4
2134,677.34375,673.7037353515625,568.1434326171875,267.1187438964844,2.71875,0.0,3.59375,3.59375,1.625,0.03125,0.84375,0.03125,1.0625,31.34375,34.21875,1.0,1.71875,0.71875,0.71875,0.0,3,3 4
2135,801.760498046875,797.98388671875,674.2672119140625,304.4375,3.0625,0.0,3.90625,3.90625,1.84375,0.0,0.96875,0.0625,1.03125,34.693748474121094,32.5625,1.0,2.0625,1.65625,1.65625,0.0,3,3 2
2136,721.3001098632812,719.0447998046875,607.4375610351562,290.4375,2.8125,0.0,3.78125,3.78125,1.78125,0.0,0.90625,0.0625,1.03125,32.41875076293945,32.0625,1.0,1.8125,1.4375,1.4375,0.0,3,3 4
2137,669.0497436523438,666.1781005859375,559.6888427734375,270.9750061035156,2.75,0.0,3.5,3.5,1.65625,0.0,0.8125,0.03125,1.0,30.225000381469727,33.65625,1.0,1.75,1.46875,1.46875,0.0,3,3 4
2138,744.2749633789062,741.5386962890625,625.6434326171875,278.0,2.9375,0.0,3.6875,3.6875,1.71875,0.0,0.84375,0.0625,1.0625,32.61249923706055,32.8125,1.0,1.9375,1.625,1.625,0.0,3,3 2
2139,809.5157470703125,806.01025390625,683.6712646484375,296.2250061035156,3.03125,0.0,3.90625,3.90625,1.8125,0.0,1.0,0.0,1.09375,36.61249923706055,32.625,1.0,2.03125,1.1875,1.1875,0.0,3,3 1
2140,720.6362915039062,719.953125,608.4299926757812,273.60626220703125,2.84375,0.0,3.6875,3.6875,1.75,0.0,0.875,0.03125,1.03125,31.418750762939453,35.625,1.96875,1.84375,0.71875,0.71875,0.0,4,4 3
2141,750.2259521484375,745.8273315429688,630.0934448242188,293.4125061035156,2.90625,0.0,3.75,3.75,1.84375,0.0,0.90625,0.0,1.0,33.337501525878906,33.84375,1.0,1.90625,1.0625,1.0625,0.0,3,3 0
2142,719.2368774414062,715.8214111328125,604.6283569335938,285.21875,2.8125,0.0,3.71875,3.71875,1.75,0.03125,0.84375,0.0625,1.03125,32.95624923706055,32.125,1.0,1.8125,0.90625,0.90625,0.0,3,3 4
2143,728.8688354492188,726.6834716796875,614.1351928710938,290.98126220703125,2.84375,0.0,3.6875,3.6875,1.78125,0.0,0.875,0.0,1.03125,32.287498474121094,32.25,1.0,1.84375,1.09375,1.09375,0.0,3,3 4
2144,832.3701782226562,827.9517822265625,701.0631713867188,305.5625,3.125,0.0,3.9375,3.9375,1.875,0.0,0.9375,0.0,1.125,36.724998474121094,27.84375,1.0,2.125,0.8125,0.8125,0.0,3,3 2
2145,769.3887329101562,766.5963134765625,648.8431396484375,297.01251220703125,2.9375,0.0,3.84375,3.84375,1.8125,0.0,0.9375,0.0,1.09375,34.181251525878906,35.46875,1.0,1.9375,0.5625,0.5625,0.0,3,3 1
2146,716.6800537109375,710.4392700195312,600.3814086914062,288.875,2.78125,0.0,3.75,3.75,1.78125,0.0,0.96875,0.0,1.0,32.23125076293945,30.40625,1.0,1.78125,0.84375,0.84375,0.0,3,3 0
2147,778.6839599609375,773.7337036132812,654.1063232421875,308.2437438964844,2.96875,0.0,3.84375,3.84375,1.8125,0.0,0.9375,0.03125,1.0625,34.181251525878906,32.5,1.0,1.96875,1.21875,1.21875,0.0,3,3 2
2148,659.3619995117188,654.8931884765625,549.5936279296875,273.0062561035156,2.71875,0.0,3.46875,3.46875,1.59375,0.0,0.8125,0.03125,1.03125,31.037500381469727,28.78125,1.0,1.71875,1.0625,1.0625,0.0,3,3 4
2149,704.654296875,699.0054321289062,588.1079711914062,293.60626220703125,2.8125,0.0,3.5625,3.5625,1.71875,0.0,0.75,0.03125,1.0625,32.45624923706055,33.5,1.0,1.8125,1.09375,1.09375,0.0,3,3 4
2150,648.7447509765625,642.6007080078125,540.8156127929688,270.28125,2.65625,0.0,3.3125,3.3125,1.5,0.0,0.6875,0.0,1.125,30.325000762939453,34.0625,1.0,1.65625,0.90625,0.90625,0.0,3,3 1
2151,615.313720703125,610.8326416015625,514.7584228515625,253.19375610351562,2.5625,0.0,3.09375,3.09375,1.5,0.0,0.5625,0.0,1.03125,30.081249237060547,40.5,1.0,1.5625,0.5,0.5,0.0,3,3 4
2152,660.1831665039062,655.1027221679688,551.6500244140625,265.85626220703125,2.6875,0.0,3.40625,3.40625,1.625,0.0,0.71875,0.0,1.0625,31.443750381469727,34.375,1.0,1.6875,1.0,1.0,0.0,3,3 4
2153,751.8157958984375,746.4540405273438,630.2955322265625,298.9125061035156,2.90625,0.0,3.75,3.75,1.78125,0.0,0.875,0.03125,1.0625,34.16875076293945,34.28125,1.0,1.90625,1.28125,1.28125,0.0,3,3 0
2154,661.5149536132812,656.28369140625,552.0792846679688,259.20623779296875,2.71875,0.0,3.40625,3.40625,1.6875,0.0,0.6875,0.03125,1.0,30.174999237060547,36.96875,1.0,1.71875,1.0,1.0,0.0,3,3 0
2155,727.7824096679688,723.7230224609375,610.2360229492188,280.125,2.875,0.0,3.75,3.75,1.8125,0.0,0.875,0.03125,1.03125,31.837499618530273,36.375,1.0,1.875,1.15625,1.15625,0.0,3,3 4
2156,752.1102905273438,747.3196411132812,630.0470581054688,295.32501220703125,2.9375,0.0,3.78125,3.78125,1.75,0.03125,0.875,0.0625,1.0625,33.368751525878906,32.9375,1.0,1.9375,1.4375,1.4375,0.0,3,3 1
2157,687.4444580078125,683.1196899414062,574.9143676757812,278.1937561035156,2.78125,0.0,3.46875,3.46875,1.65625,0.0,0.75,0.0625,1.0,31.15625,38.84375,1.0,1.78125,1.125,1.125,0.0,3,3 4
2158,752.2328491210938,748.3578491210938,630.2357788085938,308.98126220703125,2.9375,0.0,3.8125,3.8125,1.78125,0.0,0.875,0.09375,1.0625,33.599998474121094,35.0,1.0,1.9375,1.3125,1.3125,0.0,3,3 2
2159,677.2252197265625,673.8673095703125,565.8886108398438,301.65625,2.71875,0.0,3.78125,3.78125,1.6875,0.0,0.84375,0.21875,1.03125,31.018749237060547,34.40625,1.0,1.71875,1.0,1.0,0.0,3,3 1
2160,659.2283325195312,656.6065673828125,553.0094604492188,272.88751220703125,2.6875,0.0,3.375,3.375,1.5625,0.03125,0.6875,0.03125,1.0625,30.987499237060547,37.96875,1.0,1.6875,1.03125,1.03125,0.0,3,3 0
2161,615.8925170898438,610.7276000976562,512.8880615234375,275.1187438964844,2.5625,0.0,3.28125,3.28125,1.5,0.0,0.6875,0.09375,1.0,29.631250381469727,32.0625,1.0,1.5625,1.3125,1.3125,0.0,3,3 0
2162,718.3005981445312,715.22216796875,604.6949462890625,297.79376220703125,2.78125,0.0,3.71875,3.71875,1.65625,0.0,0.90625,0.09375,1.0625,33.056251525878906,28.90625,1.0,1.78125,1.25,1.25,0.0,3,3 1
2163,692.6204223632812,690.8385009765625,581.9517822265625,279.86248779296875,2.78125,0.0,3.625,3.625,1.71875,0.0,0.8125,0.0625,1.03125,31.006250381469727,34.875,1.0,1.78125,0.625,0.625,0.0,3,3 2
2164,740.6821899414062,736.8917846679688,621.1951293945312,315.54376220703125,2.875,0.0,3.75,3.75,1.71875,0.0,0.90625,0.0625,1.0625,34.275001525878906,26.53125,1.0,1.875,1.0,1.0,0.0,3,3 2
2165,757.5338134765625,753.7801513671875,637.9329833984375,310.9437561035156,2.875,0.0,3.8125,3.8125,1.625,0.03125,0.9375,0.09375,1.125,35.0,26.125,1.0,1.875,0.84375,0.84375,0.0,3,3 4
2166,781.8880004882812,779.5675659179688,658.6908569335938,307.1875,3.0,0.0,3.8125,3.8125,1.65625,0.0,0.9375,0.0625,1.15625,34.818748474121094,29.375,1.0,2.0,1.84375,1.84375,0.0,3,3 4
2167,719.747802734375,717.43701171875,604.6806030273438,298.2749938964844,2.84375,0.0,3.625,3.625,1.6875,0.0,0.9375,0.0,1.0,32.806251525878906,27.84375,1.0,1.84375,1.59375,1.59375,0.0,3,3 2
2168,687.5053100585938,684.9806518554688,578.07177734375,278.15625,2.75,0.0,3.46875,3.46875,1.625,0.0,0.78125,0.0,1.0625,31.256250381469727,34.9375,1.0,1.75,1.71875,1.71875,0.0,3,3 4
2169,669.2570190429688,667.9322509765625,563.478271484375,267.10626220703125,2.71875,0.0,3.34375,3.34375,1.5,0.0,0.71875,0.03125,1.09375,30.756250381469727,33.75,1.0,1.71875,1.125,1.125,0.0,3,3 4
2170,685.7947387695312,679.9703979492188,572.4949340820312,282.9125061035156,2.75,0.0,3.53125,3.53125,1.625,0.0,0.875,0.03125,1.0,31.693750381469727,33.9375,1.0,1.75,1.75,1.75,0.0,3,3 2
2171,683.9219360351562,681.078125,574.0164184570312,291.92498779296875,2.71875,0.0,3.625,3.625,1.6875,0.0,0.90625,0.0,1.03125,32.099998474121094,30.96875,1.0,1.71875,1.46875,1.46875,0.0,3,3 2
2172,701.7281494140625,698.00048828125,587.9757080078125,299.4312438964844,2.78125,0.0,3.59375,3.59375,1.65625,0.0,0.90625,0.0,1.03125,32.587501525878906,31.96875,1.0,1.78125,1.71875,1.71875,0.0,3,3 2
2173,750.4859619140625,746.9287719726562,630.8904418945312,320.64373779296875,2.875,0.0,3.75,3.75,1.8125,0.0,0.90625,0.0,1.03125,34.756248474121094,34.875,1.0,1.875,1.5,1.5,0.0,3,3 4
2174,659.9302368164062,656.9447021484375,552.5578002929688,277.0625,2.6875,0.0,3.53125,3.53125,1.65625,0.0,0.8125,0.03125,1.03125,30.743749618530273,34.09375,1.0,1.6875,1.1875,1.1875,0.0,3,3 1
2175,747.9627685546875,742.9681396484375,627.4959716796875,308.64373779296875,2.875,0.0,3.78125,3.78125,1.84375,0.0,0.90625,0.03125,1.0,34.25,34.46875,1.0,1.875,1.6875,1.6875,0.0,3,3 2
2176,765.157470703125,761.001220703125,642.5869750976562,312.01251220703125,2.9375,0.0,3.8125,3.8125,1.8125,0.03125,0.9375,0.0,1.03125,34.381248474121094,34.0625,1.0,1.9375,1.78125,1.78125,0.0,3,3 2
2177,709.373291015625,706.3817749023438,596.7713623046875,288.57501220703125,2.78125,0.0,3.625,3.625,1.71875,0.03125,0.8125,0.0,1.0625,32.60625076293945,32.53125,1.0,1.78125,1.59375,1.59375,0.0,3,3 4
2178,623.081787109375,619.5023193359375,521.1661376953125,265.89373779296875,2.59375,0.0,3.21875,3.21875,1.5,0.0,0.625,0.0,1.09375,29.049999237060547,34.4375,1.0,1.59375,1.40625,1.40625,0.0,3,3 4
2179,543.2798461914062,536.6351318359375,448.6510314941406,232.9250030517578,2.4375,0.0,2.875,2.875,1.40625,0.0,0.46875,0.0,1.0,24.793750762939453,40.84375,1.0,1.4375,1.0625,1.0625,0.0,3,3 2
2180,629.1633911132812,624.3152465820312,523.7392578125,280.90625,2.625,0.0,3.21875,3.21875,1.5625,0.0,0.65625,0.0,1.0,30.03125,39.5,1.0,1.625,1.5,1.5,0.0,3,3 0
2181,585.294921875,579.2994384765625,484.53851318359375,259.3187561035156,2.53125,0.0,3.09375,3.09375,1.5,0.0,0.59375,0.0,1.0,28.375,35.84375,1.0,1.53125,0.71875,0.71875,0.0,3,3 1
2182,665.58544921875,660.4591674804688,555.1768798828125,277.9312438964844,2.71875,0.0,3.40625,3.40625,1.59375,0.0,0.75,0.03125,1.03125,30.962499618530273,35.5625,1.0,1.71875,1.0,1.0,0.0,3,3 4
2183,670.301025390625,664.1358032226562,559.079833984375,275.54376220703125,2.71875,0.0,3.375,3.375,1.5625,0.0,0.78125,0.0,1.03125,31.0625,32.46875,1.0,1.71875,0.78125,0.78125,0.0,3,3 4
2184,641.9977416992188,636.5645751953125,535.3780517578125,259.8812561035156,2.65625,0.0,3.375,3.375,1.625,0.0,0.75,0.0,1.0,28.5,30.78125,1.0,1.65625,1.125,1.125,0.0,3,3 1
2185,688.6400146484375,685.437255859375,577.3092651367188,270.5,2.78125,0.0,3.53125,3.53125,1.65625,0.0,0.84375,0.0,1.03125,31.475000381469727,32.90625,1.0,1.78125,1.09375,1.09375,0.0,3,3 4
2186,683.7781982421875,679.8475341796875,572.3004760742188,287.25,2.75,0.0,3.46875,3.46875,1.625,0.0,0.78125,0.03125,1.03125,32.275001525878906,31.28125,1.0,1.75,1.21875,1.21875,0.0,3,3 4
2187,758.3024291992188,753.6433715820312,635.7412109375,284.2749938964844,2.96875,0.0,3.78125,3.78125,1.78125,0.0,0.90625,0.0,1.09375,32.64374923706055,29.03125,1.0,1.96875,1.40625,1.40625,0.0,3,3 4
2188,695.585693359375,688.4279174804688,578.8633422851562,283.4312438964844,2.8125,0.0,3.40625,3.40625,1.59375,0.0,0.78125,0.0,1.03125,31.350000381469727,30.96875,1.0,1.8125,0.84375,0.84375,0.0,3,3 4
2189,654.6904907226562,651.2734375,548.4673461914062,285.07501220703125,2.65625,0.0,3.34375,3.34375,1.5625,0.0,0.75,0.0,1.03125,31.193750381469727,35.125,1.0,1.65625,1.21875,1.21875,0.0,3,3 4
2190,631.3521728515625,625.2027587890625,525.91943359375,256.46875,2.625,0.0,3.25,3.25,1.5625,0.0,0.65625,0.0,1.03125,28.943750381469727,36.625,1.0,1.625,1.125,1.125,0.0,3,3 1
2191,598.8690185546875,593.2444458007812,498.8677673339844,244.28750610351562,2.53125,0.0,3.21875,3.21875,1.46875,0.0,0.71875,0.0,1.03125,27.637500762939453,38.34375,1.0,1.53125,0.875,0.875,0.0,3,3 2
2192,602.8908081054688,596.7294921875,499.9224548339844,243.50625610351562,2.59375,0.0,3.15625,3.15625,1.5,0.0,0.65625,0.0,1.0,28.162500381469727,36.375,1.0,1.59375,1.0,1.0,0.0,3,3 1
2193,629.7830200195312,624.7657470703125,524.30029296875,254.39999389648438,2.65625,0.0,3.25,3.25,1.5,0.0,0.6875,0.03125,1.03125,28.793750762939453,33.59375,1.0,1.65625,1.0,1.0,0.0,3,3 0
2194,740.9503173828125,734.1734619140625,620.6914672851562,286.91876220703125,2.875,0.0,3.625,3.625,1.625,0.0,0.90625,0.03125,1.0625,32.70000076293945,31.84375,1.0,1.875,0.96875,0.96875,0.0,3,3 4
2195,653.8316650390625,647.729736328125,544.0728759765625,255.25625610351562,2.71875,0.0,3.375,3.375,1.5625,0.0,0.75,0.0,1.0625,28.924999237060547,34.5625,1.0,1.71875,0.75,0.75,0.0,3,3 4
2196,723.2132568359375,721.8960571289062,608.5479736328125,280.9750061035156,2.875,0.0,3.65625,3.65625,1.75,0.03125,0.78125,0.03125,1.0625,32.912498474121094,32.75,1.0,1.875,1.3125,1.3125,0.0,3,3 2
2197,677.2645263671875,672.7186889648438,567.8312377929688,261.54376220703125,2.71875,0.0,3.5,3.5,1.5625,0.0,0.875,0.0,1.0625,31.237499237060547,27.21875,1.0,1.71875,1.03125,1.03125,0.0,3,3 4
2198,619.3475952148438,615.61474609375,515.8108520507812,239.0500030517578,2.65625,0.0,3.3125,3.3125,1.53125,0.0,0.75,0.0,1.03125,27.993749618530273,35.3125,1.0,1.65625,0.78125,0.78125,0.0,3,3 4
2199,740.3319702148438,735.8665161132812,622.6257934570312,275.20623779296875,2.875,0.0,3.65625,3.65625,1.78125,0.0,0.78125,0.0,1.09375,33.91875076293945,33.84375,1.0,1.875,1.375,1.375,0.0,3,3 1
2200,697.1427612304688,691.6923217773438,583.0821533203125,261.98126220703125,2.8125,0.0,3.40625,3.40625,1.65625,0.0,0.71875,0.0,1.03125,32.006248474121094,31.625,1.0,1.8125,0.9375,0.9375,0.0,3,3 0
2201,652.278076171875,646.6423950195312,544.2986450195312,243.6687469482422,2.6875,0.0,3.5,3.5,1.625,0.03125,0.78125,0.0,1.0625,29.362499237060547,32.4375,1.0,1.6875,1.1875,1.1875,0.0,3,3 4
2202,570.791015625,566.7179565429688,476.9862365722656,223.5749969482422,2.46875,0.0,2.96875,2.96875,1.40625,0.0,0.5625,0.0,1.0,27.725000381469727,37.75,1.0,1.46875,0.96875,0.96875,0.0,3,3 4
2203,637.150146484375,632.6048583984375,532.5958862304688,241.5812530517578,2.65625,0.0,3.28125,3.28125,1.5,0.0,0.71875,0.0,1.0625,29.125,29.125,1.0,1.65625,1.0625,1.0625,0.0,3,3 4
2204,643.9004516601562,640.4576416015625,538.0408325195312,245.90625,2.71875,0.0,3.1875,3.1875,1.53125,0.03125,0.625,0.0,1.0,28.799999237060547,34.8125,1.0,1.71875,1.28125,1.28125,0.0,3,3 2
2205,625.9406127929688,622.8229370117188,524.2006225585938,241.2687530517578,2.625,0.0,3.25,3.25,1.53125,0.0,0.625,0.0625,1.03125,29.493749618530273,31.21875,1.0,1.625,0.9375,0.9375,0.0,3,3 4
2206,698.6900024414062,693.865234375,584.7139282226562,270.03125,2.8125,0.0,3.46875,3.46875,1.6875,0.03125,0.71875,0.0,1.03125,31.387500762939453,34.03125,1.0,1.8125,1.40625,1.40625,0.0,3,3 4
2207,709.9193115234375,706.44384765625,596.1561279296875,259.6187438964844,2.84375,0.0,3.5625,3.5625,1.65625,0.0,0.84375,0.0,1.0625,31.21875,27.0625,1.0,1.84375,1.625,1.625,0.0,3,3 2
2208,665.7409057617188,661.68017578125,557.4500122070312,248.4187469482422,2.71875,0.0,3.53125,3.53125,1.65625,0.0,0.875,0.0,1.0,30.537500381469727,31.0,1.0,1.71875,0.78125,0.78125,0.0,3,3 4
2209,734.5684814453125,729.83251953125,615.4551391601562,268.2437438964844,2.90625,0.0,3.71875,3.71875,1.75,0.0,0.9375,0.0,1.03125,33.48749923706055,23.15625,1.0,1.90625,1.125,1.125,0.0,3,3 1
2210,737.2164306640625,732.2821044921875,616.6624755859375,274.91876220703125,2.9375,0.0,3.65625,3.65625,1.8125,0.0,0.78125,0.03125,1.03125,32.631248474121094,30.6875,1.0,1.9375,1.40625,1.40625,0.0,3,3 4
2211,720.966796875,716.6722412109375,604.6560668945312,280.8125,2.84375,0.0,3.65625,3.65625,1.78125,0.0,0.875,0.0,1.0,32.849998474121094,34.46875,1.0,1.84375,1.75,1.75,0.0,3,3 4
2212,629.30859375,625.0446166992188,524.9435424804688,246.03125,2.65625,0.0,3.28125,3.28125,1.5625,0.0,0.6875,0.0,1.03125,28.399999618530273,38.78125,1.0,1.65625,1.40625,1.40625,0.0,3,3 1
2213,700.1187133789062,695.1937866210938,585.9100341796875,263.8062438964844,2.8125,0.0,3.59375,3.59375,1.65625,0.0,0.90625,0.0,1.03125,31.075000762939453,31.3125,1.0,1.8125,1.28125,1.28125,0.0,3,3 2
2214,626.7242431640625,624.2182006835938,523.4857177734375,243.8937530517578,2.6875,0.0,3.15625,3.15625,1.53125,0.0,0.625,0.0,1.0,27.987499237060547,40.96875,1.0,1.6875,0.9375,0.9375,0.0,3,3 4
2215,662.677001953125,659.5101928710938,552.7174072265625,258.35626220703125,2.78125,0.0,3.5,3.5,1.71875,0.0,0.75,0.0,1.03125,28.125,38.5625,1.0,1.78125,1.0,1.0,0.0,3,3 1
2216,576.3038940429688,572.2072143554688,478.6089782714844,256.9750061035156,2.5,0.0,3.1875,3.1875,1.5,0.0,0.65625,0.03125,1.0,27.774999618530273,35.5,1.0,1.5,0.71875,0.71875,0.0,3,3 4
2217,509.4867858886719,504.4283752441406,419.6482849121094,231.34375,2.375,0.0,2.75,2.75,1.34375,0.0,0.40625,0.0,1.0,24.793750762939453,39.9375,1.0,1.375,1.0,1.0,0.0,3,3 4
2218,599.3277587890625,597.8118896484375,500.5011291503906,275.57501220703125,2.5625,0.0,3.1875,3.1875,1.40625,0.0,0.75,0.03125,1.0,28.649999618530273,36.40625,1.0,1.5625,1.1875,1.1875,0.0,3,3 0
2219,647.3619384765625,642.1536865234375,537.7808837890625,295.0375061035156,2.6875,0.0,3.375,3.375,1.625,0.0,0.75,0.0,1.0,29.143749237060547,37.6875,1.0,1.6875,1.3125,1.3125,0.0,3,3 2
2220,502.6722412109375,497.9326171875,413.0638122558594,234.69375610351562,2.375,0.0,2.75,2.75,1.3125,0.0,0.4375,0.0,1.0,24.356250762939453,40.65625,1.0,1.375,1.0625,1.0625,0.0,3,3 4
2221,562.8034057617188,558.1622924804688,466.31964111328125,262.6625061035156,2.46875,0.0,3.0,3.0,1.375,0.0,0.5625,0.03125,1.03125,27.899999618530273,37.34375,1.0,1.46875,1.75,1.75,0.0,3,3 4
2222,559.3701171875,553.5843505859375,461.357666015625,249.78750610351562,2.5,0.0,3.0,3.0,1.5,0.0,0.5,0.0,1.0,26.318750381469727,41.875,1.0,1.5,1.28125,1.28125,0.0,3,3 2
2223,513.1923217773438,508.892822265625,423.9007873535156,237.88125610351562,2.375,0.0,2.71875,2.71875,1.3125,0.0,0.40625,0.0,1.0,24.850000381469727,46.21875,1.0,1.375,1.625,1.625,0.0,3,3 1
2224,565.2722778320312,560.8355712890625,467.81134033203125,254.3000030517578,2.5,0.0,3.09375,3.09375,1.40625,0.0,0.625,0.0625,1.0,27.412500381469727,37.53125,1.0,1.5,1.625,1.625,0.0,3,3 2
2225,560.7860107421875,555.0994873046875,462.711669921875,246.16250610351562,2.5,0.0,3.09375,3.09375,1.4375,0.0,0.59375,0.0625,1.0,26.137500762939453,39.875,1.0,1.5,2.03125,2.03125,0.0,3,3 4
2226,562.1322631835938,557.9729614257812,467.41259765625,240.1437530517578,2.46875,0.0,3.0,3.0,1.40625,0.0,0.5625,0.03125,1.0,27.03125,42.84375,1.0,1.46875,2.28125,2.28125,0.0,3,3 4
2227,658.4971313476562,655.0256958007812,548.5930786132812,273.9624938964844,2.75,0.0,3.46875,3.46875,1.625,0.0,0.78125,0.0625,1.0,29.774999618530273,32.28125,1.0,1.75,2.75,2.75,0.0,3,3 1
2228,674.024658203125,669.1873779296875,561.3790893554688,292.4937438964844,2.75,0.0,3.53125,3.53125,1.65625,0.0,0.8125,0.0625,1.0,30.881250381469727,34.78125,1.0,1.75,2.875,2.875,0.0,3,3 2
2229,657.5982666015625,653.0721435546875,547.341552734375,289.84375,2.71875,0.0,3.4375,3.4375,1.59375,0.0,0.78125,0.0625,1.0,29.450000762939453,35.9375,1.0,1.71875,2.84375,2.84375,0.0,3,3 4
2230,644.2274780273438,640.7967529296875,538.2184448242188,280.60626220703125,2.65625,0.0,3.375,3.375,1.5625,0.0,0.75,0.0625,1.0,30.475000381469727,32.09375,1.0,1.65625,3.46875,3.46875,0.0,3,3 2
2231,646.4909057617188,640.7213134765625,537.9283447265625,280.75,2.65625,0.0,3.46875,3.46875,1.625,0.0,0.78125,0.0625,1.0,29.543750762939453,34.03125,1.0,1.65625,3.0625,3.0625,0.0,3,3 0
2232,635.5518188476562,632.7437744140625,530.177490234375,280.5687561035156,2.65625,0.0,3.375,3.375,1.65625,0.0,0.6875,0.03125,1.0,30.418750762939453,32.9375,1.0,1.65625,3.0,3.0,0.0,3,3 1
2233,697.1945190429688,694.8084106445312,584.5568237304688,298.8062438964844,2.78125,0.0,3.6875,3.6875,1.71875,0.0,0.875,0.09375,1.0,31.9375,32.59375,1.0,1.78125,3.5625,3.5625,0.0,3,3 0
