generation,best_fitness,mean_fitness,mean_reward,mean_survival,mean_floor_reached,mean_bosses_defeated,mean_chests_opened,mean_powerups_picked,mean_damage_powerups,mean_range_powerups,mean_speed_powerups,mean_diagonal_powerups,mean_vitality_powerups,mean_damage,mean_gate_distance,mean_best_gate_distance,mean_gate_tile_visits,mean_use_gate_attempts,mean_invalid_use_gate_attempts,mean_boss_damage,mean_boss_hits,mean_boss_health_remaining,mean_floor5_entry_alive,mean_floor5_entry_power_score,mean_alive_attack_bonus,mean_alive_range_bonus,mean_powered_agent_deaths,mean_miniboss_defeated,success_rate,champion_id,elite_ids
0,-27.26719093322754,-27.917186737060547,-29.812347412109375,63.171875,1.0,0.0,0.0,0.0,0.0,0.0,0.0,0.0,0.0,0.0,53.84375,52.046875,0.0,27.078125,27.078125,0.0,0.0,0.0,0.0,0.0,0.0,0.0,0.0,0.0,0.0,3,3 1
1,-25.418752670288086,-25.950002670288086,-28.260940551757812,77.03125,1.0,0.0,0.0,0.0,0.0,0.0,0.0,0.0,0.0,0.0,51.65625,50.21875,0.0,28.046875,28.046875,0.0,0.0,0.0,0.0,0.0,0.0,0.0,0.0,0.0,0.0,2,2 3
2,-23.09531593322754,-23.792034149169922,-26.997909545898438,106.20625305175781,1.0,0.0,0.0,0.0,0.0,0.0,0.0,0.0,0.0,0.109375,47.03125,45.78125,0.0,31.84375,31.84375,0.0,0.0,0.0,0.0,0.0,0.0,0.0,0.0,0.0,0.0,2,2 4
3,-21.58750343322754,-22.750003814697266,-25.379379272460938,85.5625,1.0,0.0,0.03125,0.03125,0.0,0.0,0.0,0.0,0.03125,0.0,49.25,48.3125,0.0,26.90625,26.90625,0.0,0.0,0.0,0.0,0.0,0.0,0.0,0.0,0.0,0.0,1,1 0
4,-17.221881866455078,-19.345787048339844,-22.342945098876953,96.9781265258789,1.0,0.0,0.03125,0.046875,0.015625,0.0,0.0,0.0,0.03125,0.140625,47.109375,45.296875,0.0,31.046875,31.046875,0.0,0.0,0.0,0.0,0.0,0.0062500000931322575,0.0,0.0,0.0,0.0,0,0 3
5,-5.076260089874268,-7.3594207763671875,-11.727514266967773,129.484375,1.0,0.0,0.1875,0.28125,0.09375,0.0,0.0,0.0,0.1875,0.6031249761581421,39.765625,37.296875,0.0,30.296875,30.296875,0.0,0.0,0.0,0.0,0.0,0.03125,0.0,0.03125,0.0,0.0,1,1 3
6,7.533120632171631,3.818448543548584,-1.962645173072815,138.88436889648438,1.0,0.0,0.65625,1.15625,0.5,0.0,0.0,0.0,0.65625,1.678125023841858,34.03125,32.859375,0.0,29.390625,29.390625,0.0,0.0,0.0,0.0,0.0,0.18958333134651184,0.0,0.140625,0.0,0.0,3,3 0
7,15.798590660095215,8.040634155273438,2.0523524284362793,134.79061889648438,1.0,0.0,0.84375,1.609375,0.765625,0.0,0.0,0.0,0.84375,1.428125023841858,33.4375,32.8125,0.0,23.625,23.625,0.0,0.0,0.0,0.0,0.0,0.3187499940395355,0.0,0.15625,0.0,0.0,3,3 1
8,18.91781234741211,10.296603202819824,4.088915824890137,134.74374389648438,1.0,0.0,0.859375,1.65625,0.796875,0.0,0.0,0.0,0.859375,2.481250047683716,34.4375,32.984375,0.0,19.5,19.5,0.0,0.0,0.0,0.0,0.0,0.30416667461395264,0.0,0.203125,0.0,0.0,1,1 3
9,21.79830551147461,11.258550643920898,4.850457191467285,132.640625,1.0,0.0,0.984375,1.953125,0.96875,0.0,0.0,0.0,0.984375,2.5562500953674316,33.84375,32.78125,0.0,19.40625,19.40625,0.0,0.0,0.0,0.0,0.0,0.37447917461395264,0.0,0.234375,0.0,0.0,3,3 1
10,31.394254684448242,16.769832611083984,10.75549030303955,122.7593765258789,1.0,0.0,0.984375,1.96875,0.984375,0.0,0.0,0.0,0.984375,2.015625,34.0,32.203125,0.0,17.15625,17.15625,0.0,0.0,0.0,0.0,0.0,0.3723958432674408,0.0,0.15625,0.0,0.0,3,3 1
11,25.237205505371094,15.696368217468262,8.634368896484375,145.625,1.0,0.0,0.984375,1.96875,0.984375,0.0,0.0,0.0,0.984375,4.025000095367432,31.828125,29.125,0.0,21.84375,21.84375,0.0,0.0,0.0,0.0,0.0,0.31197917461395264,0.0,0.34375,0.0,0.0,3,3 4
12,30.0411319732666,23.562572479248047,15.963134765625,161.28125,1.0,0.0,0.96875,1.9375,0.96875,0.0,0.0,0.0,0.96875,4.574999809265137,30.0,24.921875,0.0,21.953125,21.953125,0.0,0.0,0.0,0.0,0.0,0.22604167461395264,0.0,0.46875,0.0,0.0,1,1 4
13,67.29898834228516,38.81005859375,29.893840789794922,166.66561889648438,1.015625,0.0,1.0,2.0,1.0,0.0,0.0,0.0,1.0,5.4375,29.703125,20.453125,0.015625,20.5,20.5,0.0,0.0,0.0,0.0,0.0,0.20260417461395264,0.0,0.546875,0.0,0.0,1,1 3
14,97.94623565673828,87.07899475097656,65.73306274414062,216.50625610351562,1.1875,0.0,1.078125,2.140625,1.015625,0.0,0.0625,0.0,1.0625,8.024999618530273,22.46875,10.9375,0.1875,34.65625,34.65625,0.0,0.0,0.0,0.0,0.0,0.20156249403953552,0.0,0.59375,0.0,0.0,4,4 1
15,119.58936309814453,105.840576171875,80.58275604248047,216.25625610351562,1.25,0.0,1.109375,2.1875,1.03125,0.0,0.078125,0.0,1.078125,8.618749618530273,24.890625,9.828125,0.25,28.953125,28.953125,0.0,0.0,0.0,0.0,0.0,0.18437500298023224,0.0,0.78125,0.0,0.0,3,3 4
16,122.01891326904297,99.2359848022461,76.12733459472656,210.890625,1.21875,0.0,1.046875,2.09375,1.015625,0.0,0.03125,0.0,1.046875,8.684374809265137,23.5,8.734375,0.21875,29.4375,29.4375,0.0,0.0,0.0,0.0,0.0,0.13124999403953552,0.0,0.84375,0.0,0.0,1,1 3
17,110.59734344482422,97.23934173583984,74.24337005615234,208.0906219482422,1.21875,0.0,1.046875,2.09375,1.0,0.0,0.046875,0.0,1.046875,8.524999618530273,25.125,11.140625,0.21875,28.640625,28.640625,0.0,0.0,0.0,0.0,0.0,0.20260417461395264,0.0,0.65625,0.0,0.0,3,3 1
18,107.56531524658203,89.23165893554688,69.08143615722656,204.9718780517578,1.171875,0.0,1.109375,2.1875,1.03125,0.0,0.078125,0.0,1.078125,8.165624618530273,24.75,10.71875,0.171875,30.0625,30.0625,0.0,0.0,0.0,0.0,0.0,0.17291666567325592,0.0,0.703125,0.0,0.0,3,3 1
19,110.23532104492188,97.10179138183594,75.40641021728516,216.5625,1.1875,0.0,1.140625,2.234375,1.03125,0.0,0.109375,0.0,1.09375,9.262499809265137,23.40625,8.3125,0.1875,34.9375,34.9375,0.0,0.0,0.0,0.0,0.0,0.21770831942558289,0.0,0.671875,0.0,0.0,4,4 3
20,127.7945556640625,118.21977233886719,91.53050231933594,212.94686889648438,1.265625,0.0,1.296875,2.53125,1.171875,0.0,0.125,0.0,1.234375,9.831250190734863,26.3125,7.84375,0.265625,38.28125,38.28125,0.0,0.0,0.0,0.0,0.0,0.4052083492279053,0.0,0.484375,0.0,0.0,4,4 3
21,150.90847778320312,132.1082000732422,101.98942565917969,196.9718780517578,1.328125,0.0,1.359375,2.71875,1.140625,0.0,0.21875,0.0,1.359375,10.018750190734863,30.828125,10.734375,0.328125,39.359375,39.359375,0.0,0.0,0.0,0.0,0.0,0.35104167461395264,0.0,0.515625,0.0,0.0,3,3 1
22,191.7909698486328,168.74269104003906,129.98291015625,199.7156219482422,1.46875,0.0,1.34375,2.671875,1.078125,0.0,0.265625,0.0,1.328125,10.865625381469727,33.96875,8.375,0.46875,41.453125,41.453125,0.0,0.0,0.0,0.0,0.0,0.37552082538604736,0.0,0.359375,0.0,0.0,3,3 1
23,243.96644592285156,213.3642120361328,165.01626586914062,218.44686889648438,1.609375,0.0,1.53125,3.046875,1.09375,0.0,0.4375,0.0,1.515625,12.053125381469727,36.15625,5.5,0.609375,43.203125,43.203125,0.0,0.0,0.0,0.0,0.0,0.1979166716337204,0.0,0.78125,0.0,0.0,3,3 1
24,289.201171875,249.1339874267578,192.8475799560547,218.91561889648438,1.734375,0.0,1.65625,3.3125,1.109375,0.0,0.546875,0.0,1.65625,13.021875381469727,36.59375,3.40625,0.734375,38.25,38.25,0.0,0.0,0.0,0.0,0.0,0.328125,0.0,0.828125,0.0,0.0,1,1 3
25,362.4696960449219,319.4466552734375,248.07321166992188,227.85000610351562,1.96875,0.0,1.90625,3.796875,1.078125,0.0,0.828125,0.0,1.890625,14.446874618530273,36.328125,2.65625,0.96875,42.0,42.0,0.0,0.0,0.0,0.0,0.0,0.3135416805744171,0.0,0.5625,0.0,0.0,3,3 1
26,358.7132873535156,305.2047119140625,235.7076416015625,226.91250610351562,1.9375,0.0,2.0625,4.0625,1.171875,0.0,0.875,0.015625,2.0,12.859375,36.75,2.53125,0.9375,38.6875,38.6875,0.0,0.0,0.0,0.0,0.0,0.3265624940395355,0.0,0.84375,0.0,0.0,3,3 1
27,357.0083312988281,326.3207092285156,252.823486328125,233.9343719482422,2.0,0.0,2.125,4.21875,1.265625,0.0,0.859375,0.015625,2.078125,12.384374618530273,37.734375,3.296875,1.0,42.015625,42.015625,0.0,0.0,0.0,0.0,0.0,0.3661458492279053,0.0,0.890625,0.0,0.0,3,3 1
28,415.280029296875,373.91131591796875,292.04620361328125,233.5437469482422,2.125,0.0,2.34375,4.625,1.390625,0.0,0.953125,0.0,2.28125,14.840624809265137,37.234375,2.0,1.125,45.40625,45.40625,0.0,0.0,0.0,0.0,0.0,0.4973958432674408,0.0,0.921875,0.0,0.0,3,3 1
29,375.750244140625,332.83001708984375,259.1978759765625,198.22811889648438,2.015625,0.0,2.140625,4.28125,1.25,0.0,0.890625,0.015625,2.125,13.703125,41.640625,2.015625,1.015625,36.453125,36.453125,0.0,0.0,0.0,0.0,0.0,0.34322917461395264,0.0,0.984375,0.0,0.0,3,3 1
30,381.0830993652344,355.24755859375,277.89422607421875,207.17813110351562,2.0625,0.0,2.453125,4.875,1.484375,0.0,0.96875,0.0,2.421875,13.787500381469727,40.25,2.0,1.0625,39.484375,39.484375,0.0,0.0,0.0,0.0,0.0,0.878125011920929,0.0,0.84375,0.0,0.0,1,1 3
31,571.5944213867188,485.1188049316406,386.55206298828125,260.69061279296875,2.34375,0.0,3.34375,6.640625,2.21875,0.0,1.09375,0.171875,3.15625,19.075000762939453,34.78125,2.28125,1.34375,45.640625,45.640625,0.0,0.0,0.0,0.0,0.0,0.5255208611488342,0.0,1.15625,0.0,0.0,3,3 4
32,351.7617492675781,271.79742431640625,216.64688110351562,219.60000610351562,1.671875,0.0,2.890625,5.734375,2.15625,0.0,0.6875,0.265625,2.625,13.715624809265137,26.0,10.375,0.671875,28.796875,28.796875,0.0,0.0,0.0,0.0,0.0,0.640625,0.0,0.71875,0.0,0.0,3,3 1
33,222.93319702148438,144.6959991455078,117.48701477050781,161.2843780517578,1.265625,0.0,2.34375,4.65625,2.046875,0.0,0.265625,0.109375,2.234375,9.696874618530273,23.875,15.453125,0.265625,14.53125,14.53125,0.0,0.0,0.0,0.0,0.0,0.7442708611488342,0.0,0.28125,0.0,0.0,3,3 1
34,312.08465576171875,227.94705200195312,183.0242919921875,190.1875,1.53125,0.0,2.578125,5.140625,2.140625,0.0,0.421875,0.078125,2.5,12.143750190734863,23.78125,13.5625,0.53125,17.46875,17.46875,0.0,0.0,0.0,0.0,0.0,0.6468750238418579,0.0,0.546875,0.0,0.0,3,3 1
35,233.20037841796875,154.16387939453125,125.35438537597656,155.0437469482422,1.296875,0.0,2.3125,4.609375,2.0625,0.0,0.234375,0.0625,2.25,9.559374809265137,25.03125,16.5,0.296875,15.109375,15.109375,0.0,0.0,0.0,0.0,0.0,0.8104166984558105,0.0,0.3125,0.0,0.0,3,3 4
36,422.3120422363281,336.298828125,271.3360900878906,226.7312469482422,1.828125,0.0,2.859375,5.703125,2.296875,0.0,0.546875,0.0625,2.796875,15.303125381469727,28.515625,9.859375,0.828125,21.125,21.125,0.0,0.0,0.0,0.0,0.0,1.0041667222976685,0.0,0.609375,0.0,0.0,3,3 4
37,382.9436340332031,299.75140380859375,242.04458618164062,197.21875,1.734375,0.0,2.59375,5.171875,2.15625,0.0,0.4375,0.015625,2.5625,14.112500190734863,27.484375,13.265625,0.734375,20.96875,20.96875,0.0,0.0,0.0,0.0,0.0,0.7604166865348816,0.0,0.578125,0.0,0.0,3,3 2
38,322.3939514160156,251.6772918701172,202.12777709960938,188.0749969482422,1.609375,0.0,2.484375,4.921875,2.078125,0.0,0.40625,0.015625,2.421875,13.199999809265137,25.328125,14.0,0.609375,23.015625,23.015625,0.0,0.0,0.0,0.0,0.0,0.7281250357627869,0.0,0.53125,0.0,0.0,3,3 1
39,513.580078125,432.08880615234375,349.1475524902344,226.4968719482422,2.109375,0.0,3.09375,6.1875,2.40625,0.0,0.6875,0.078125,3.015625,18.868749618530273,28.828125,9.6875,1.109375,30.28125,30.28125,0.0,0.0,0.0,0.0,0.0,0.9453125,0.0,0.796875,0.0,0.0,3,3 4
40,571.2889404296875,502.9276428222656,405.7414245605469,261.88751220703125,2.3125,0.0,3.40625,6.78125,2.5625,0.0,0.8125,0.15625,3.25,20.928125381469727,30.234375,7.703125,1.3125,42.3125,42.3125,0.0,0.0,0.0,0.0,0.0,1.0291666984558105,0.0,1.171875,0.0,0.0,3,3 1
41,458.99420166015625,399.42449951171875,321.0574951171875,237.99063110351562,2.03125,0.0,3.046875,6.0625,2.375,0.0,0.671875,0.078125,2.9375,18.103124618530273,28.484375,10.421875,1.03125,50.703125,50.703125,0.0,0.0,0.0,0.0,0.0,0.87395840883255,0.0,0.703125,0.0,0.0,3,3 1
42,553.1671752929688,483.1585388183594,388.8919372558594,271.31561279296875,2.265625,0.0,3.203125,6.390625,2.421875,0.0,0.765625,0.046875,3.15625,21.018749237060547,31.65625,6.8125,1.265625,60.890625,60.890625,0.0,0.0,0.0,0.0,0.0,0.7838541865348816,0.0,0.734375,0.0,0.0,1,1 3
43,821.9578857421875,694.7267456054688,563.3228149414062,303.40625,2.828125,0.0,3.921875,7.78125,2.859375,0.0,1.015625,0.125,3.78125,26.503124237060547,34.109375,2.90625,1.828125,53.3125,53.3125,0.0,0.0,0.0,0.0,0.0,1.1166666746139526,0.0,0.515625,0.0,0.0,3,3 4
44,812.5779418945312,714.093017578125,580.4906616210938,284.765625,2.875,0.0,3.875,7.703125,2.6875,0.0,1.15625,0.25,3.609375,26.71875,35.453125,2.390625,1.875,40.234375,40.234375,0.0,0.0,0.0,0.0,0.0,1.1588541269302368,0.0,0.6875,0.0,0.0,3,3 1
45,789.8633422851562,694.9876098632812,563.3681640625,296.796875,2.828125,0.0,4.078125,8.046875,2.59375,0.0,1.40625,0.5,3.546875,27.065624237060547,31.734375,2.5,1.828125,48.875,48.875,0.0,0.0,0.0,0.0,0.0,0.9723957777023315,0.0,0.765625,0.0,0.0,3,3 1
46,805.605224609375,724.3663940429688,589.6207885742188,285.03436279296875,2.875,0.0,4.328125,8.609375,2.625,0.0,1.671875,0.703125,3.609375,27.990625381469727,32.671875,2.0,1.875,26.75,26.75,0.0,0.0,0.0,0.0,0.0,1.0697916746139526,0.0,0.859375,0.0,0.0,3,3 1
47,864.0394287109375,760.5875854492188,620.12353515625,295.0,2.953125,0.0,4.703125,9.34375,2.921875,0.0,1.734375,0.796875,3.890625,27.890625,34.515625,2.328125,1.953125,29.78125,29.78125,0.0,0.0,0.0,0.0,0.0,1.0421875715255737,0.0,0.609375,0.0,0.0,3,3 1
48,752.7615966796875,670.7183837890625,544.4465942382812,290.71563720703125,2.734375,0.0,4.3125,8.5625,2.578125,0.0,1.6875,0.75,3.546875,27.015625,31.390625,2.0625,1.734375,33.59375,33.59375,0.0,0.0,0.0,0.0,0.0,0.9604166746139526,0.0,0.609375,0.0,0.0,3,3 1
49,698.38671875,614.367431640625,497.57281494140625,276.0,2.59375,0.0,4.1875,8.359375,2.5625,0.0,1.609375,0.65625,3.53125,25.081249237060547,30.34375,2.578125,1.59375,39.0,39.0,0.0,0.0,0.0,0.0,0.0,0.9515625238418579,0.0,0.625,0.0,0.0,1,1 3
50,882.041015625,757.0673828125,617.2559204101562,261.51251220703125,2.984375,0.0,4.015625,8.015625,2.96875,0.0,1.03125,0.046875,3.96875,27.068750381469727,35.46875,2.0,1.984375,44.46875,44.46875,0.0,0.0,0.0,0.0,0.0,1.0588542222976685,0.0,0.484375,0.0,0.0,3,3 4
51,847.0686645507812,757.5587158203125,617.7303466796875,263.03125,2.984375,0.0,4.015625,8.0,2.96875,0.0,1.03125,0.046875,3.953125,26.909374237060547,34.265625,2.0,1.984375,36.90625,36.90625,0.0,0.0,0.0,0.0,0.0,1.1848958730697632,0.0,0.578125,0.0,0.0,3,3 1
52,853.8781127929688,747.6084594726562,610.3975830078125,245.1906280517578,2.953125,0.0,4.0,8.0,2.953125,0.0,1.046875,0.046875,3.953125,25.931249618530273,34.765625,2.0,1.953125,27.3125,27.3125,0.0,0.0,0.0,0.0,0.0,1.1067708730697632,0.0,0.375,0.0,0.0,3,3 2
53,878.4591674804688,765.6002197265625,625.5986938476562,248.00625610351562,3.0,0.0,4.0,8.0,3.0,0.0,1.0,0.0,4.0,25.340625762939453,35.71875,2.0,2.0,25.859375,25.859375,0.0,0.0,0.0,0.0,0.0,1.1328125,0.0,0.5,0.0,0.0,3,3 1
54,872.5453491210938,754.9276123046875,616.6895751953125,248.7468719482422,2.96875,0.0,4.046875,8.046875,2.96875,0.0,1.03125,0.078125,3.96875,25.315624237060547,34.71875,2.0,1.96875,23.03125,23.03125,0.0,0.0,0.0,0.0,0.0,1.2005208730697632,0.0,0.40625,0.0,0.0,3,3 1
55,907.2699584960938,763.87646484375,624.0111694335938,261.21875,2.984375,0.0,4.109375,8.15625,2.984375,0.0,1.0625,0.125,3.984375,26.375,33.921875,2.0,1.984375,32.015625,32.015625,0.0,0.0,0.0,0.0,0.0,1.1713541746139526,0.0,0.3125,0.0,0.0,3,3 1
56,864.354736328125,747.0551147460938,608.4134521484375,276.67498779296875,2.953125,0.0,4.15625,8.25,2.953125,0.0,1.140625,0.203125,3.953125,26.896875381469727,33.234375,2.0,1.953125,41.75,41.75,0.0,0.0,0.0,0.0,0.0,1.1552083492279053,0.0,0.25,0.0,0.0,3,3 1
57,827.866943359375,710.7964477539062,576.7100830078125,284.49688720703125,2.875,0.0,4.09375,8.140625,2.875,0.0,1.171875,0.21875,3.875,27.021875381469727,32.84375,2.0,1.875,48.828125,48.828125,0.0,0.0,0.0,0.0,0.0,1.0901042222976685,0.0,0.421875,0.0,0.0,3,3 1
58,773.9727783203125,689.9278564453125,559.2503051757812,294.43438720703125,2.8125,0.0,4.140625,8.25,2.765625,0.0,1.34375,0.375,3.765625,26.740625381469727,33.28125,2.0,1.8125,60.3125,60.3125,0.0,0.0,0.0,0.0,0.0,1.1015625,0.0,0.359375,0.0,0.0,1,1 3
59,847.5205688476562,722.2727661132812,586.8863525390625,275.2124938964844,2.90625,0.0,4.09375,8.15625,2.890625,0.0,1.171875,0.203125,3.890625,25.375,33.96875,2.0,1.90625,48.75,48.75,0.0,0.0,0.0,0.0,0.0,1.243749976158142,0.0,0.328125,0.0,0.0,3,3 4
60,838.7670288085938,721.4630737304688,586.947265625,275.3687438964844,2.890625,0.0,4.140625,8.15625,2.875,0.0,1.140625,0.265625,3.875,25.200000762939453,34.234375,2.0,1.890625,39.5625,39.5625,0.0,0.0,0.0,0.0,0.0,1.1901042461395264,0.0,0.3125,0.0,0.0,3,3 1
61,862.3937377929688,749.79541015625,611.4264526367188,269.8968811035156,2.953125,0.0,4.171875,8.234375,2.953125,0.0,1.125,0.21875,3.9375,26.337499618530273,35.078125,2.0,1.953125,32.625,32.625,0.0,0.0,0.0,0.0,0.0,1.267187476158142,0.0,0.234375,0.0,0.0,3,3 1
62,857.9257202148438,768.336181640625,626.4109497070312,279.61248779296875,3.0,0.0,4.375,8.65625,3.0,0.0,1.28125,0.375,4.0,26.59375,35.9375,2.0,2.0,37.84375,37.84375,0.0,0.0,0.0,0.0,0.0,1.1447917222976685,0.0,0.46875,0.0,0.0,3,3 1
63,867.6129760742188,751.2940673828125,612.0782470703125,273.5874938964844,2.96875,0.0,4.03125,8.03125,2.9375,0.0,1.0625,0.09375,3.9375,26.78125,36.46875,2.0,1.96875,31.34375,31.34375,0.0,0.0,0.0,0.0,0.0,1.396875023841858,0.0,0.40625,0.0,0.0,3,3 1
64,908.2613525390625,756.3590698242188,616.7882080078125,271.5062561035156,2.96875,0.0,4.09375,8.1875,2.96875,0.0,1.125,0.125,3.96875,28.40625,36.21875,2.0,1.96875,32.15625,32.15625,0.0,0.0,0.0,0.0,0.0,1.0854166746139526,0.0,0.3125,0.0,0.0,3,3 1
65,939.6370849609375,770.7310180664062,628.7281494140625,287.2250061035156,3.0,0.0,4.09375,8.15625,3.0,0.0,1.0625,0.09375,4.0,28.881250381469727,35.75,2.0,2.0,33.375,33.375,0.0,0.0,0.0,0.0,0.0,1.209375023841858,0.0,0.21875,0.0,0.0,3,3 4
66,955.8427124023438,774.7863159179688,633.28759765625,263.41876220703125,3.0,0.0,4.1875,8.3125,3.0,0.0,1.125,0.1875,4.0,29.006250381469727,35.34375,2.0,2.0,27.84375,27.84375,0.0,0.0,0.0,0.0,0.0,1.1843750476837158,0.0,0.09375,0.0,0.0,3,3 1
67,912.7753295898438,767.2874145507812,626.608154296875,257.8812561035156,3.0,0.0,4.03125,8.0625,3.0,0.0,1.03125,0.03125,4.0,27.112499237060547,38.03125,2.0,2.0,26.9375,26.9375,0.0,0.0,0.0,0.0,0.0,1.209375023841858,0.0,0.03125,0.0,0.0,3,3 1
68,967.728759765625,777.0775756835938,636.4442138671875,251.0500030517578,3.0,0.0,4.0,8.0,3.0,0.0,1.0,0.0,4.0,28.34375,33.5625,2.0,2.0,33.21875,33.21875,0.0,0.0,0.0,0.0,0.0,0.8500000238418579,0.0,0.34375,0.0,0.0,3,3 1
69,925.526123046875,771.4554443359375,630.67578125,254.44375610351562,3.0,0.0,4.03125,8.0625,3.0,0.0,1.03125,0.03125,4.0,28.243749618530273,34.6875,2.0,2.0,40.28125,40.28125,0.0,0.0,0.0,0.0,0.0,1.1031250953674316,0.0,0.21875,0.0,0.0,3,3 1
70,948.9046630859375,777.7787475585938,636.6912231445312,258.98748779296875,3.0,0.0,4.0,8.0,3.0,0.0,1.0,0.0,4.0,29.543750762939453,32.71875,2.0,2.0,36.625,36.625,0.0,0.0,0.0,0.0,0.0,0.765625,0.0,0.5625,0.0,0.0,3,3 1
71,932.9371337890625,779.903564453125,638.8919067382812,252.0500030517578,3.0,0.0,4.03125,8.0625,3.0,0.03125,1.03125,0.0,4.0,29.931249618530273,32.3125,2.0,2.0,45.0625,45.0625,0.0,0.0,0.0,0.0,0.0,0.7072916626930237,0.0,1.0,0.0,0.0,3,3 1
72,1018.3118286132812,861.0134887695312,708.98583984375,263.46875,3.15625,0.0,4.4375,8.78125,3.15625,0.1875,1.21875,0.0625,4.15625,32.631248474121094,30.5625,2.0,2.15625,34.625,34.625,0.0,0.0,5.3125,0.0625,0.125,0.6322916746139526,0.0260416679084301,1.03125,0.0,0.0,3,3 1
73,929.8759765625,784.2605590820312,643.797119140625,233.0437469482422,3.0,0.0,4.0625,8.125,3.0,0.03125,1.0625,0.03125,4.0,29.706249237060547,32.21875,2.0,2.0,35.0625,35.0625,0.0,0.0,0.0,0.0,0.0,0.6385416984558105,0.015625,1.09375,0.0,0.0,3,3 4
74,1152.8145751953125,996.4478759765625,825.0133056640625,281.1937561035156,3.4375,0.0,4.9375,9.78125,3.4375,0.5,1.40625,0.0,4.4375,38.1875,15.5625,2.0,2.4375,45.34375,45.34375,0.0,0.0,5.3125,0.03125,0.15625,1.165624976158142,0.03593749925494194,1.46875,0.0,0.0,3,3 1
75,934.388671875,813.9356689453125,668.0573120117188,248.96875,3.0625,0.0,4.46875,8.84375,3.0625,0.1875,1.3125,0.21875,4.0625,31.787500381469727,29.8125,2.0,2.0625,36.25,36.25,0.0,0.0,0.0,0.0,0.0,0.4166666567325592,0.0182291679084301,1.5,0.0,0.0,3,3 1
76,990.5482177734375,856.6525268554688,704.5142822265625,252.05624389648438,3.15625,0.0,4.53125,8.90625,3.125,0.34375,1.25,0.0625,4.125,34.10625076293945,25.5,2.0,2.15625,44.09375,44.09375,0.0,0.0,0.0,0.0,0.0,0.4489583373069763,0.02083333395421505,1.75,0.0,0.0,3,3 1
77,949.0384521484375,807.7802124023438,663.0550537109375,232.8249969482422,3.0625,0.0,4.21875,8.40625,3.0625,0.09375,1.125,0.0625,4.0625,30.850000381469727,31.6875,2.0,2.0625,33.46875,33.46875,0.0,0.0,0.0,0.0,0.0,0.3020833432674408,0.0,1.53125,0.0,0.0,3,3 1
78,1040.3809814453125,875.4810791015625,721.3030395507812,252.5187530517578,3.1875,0.0,4.53125,8.9375,3.1875,0.3125,1.21875,0.03125,4.1875,34.943748474121094,25.21875,2.0,2.1875,39.15625,39.15625,0.0,0.0,0.0,0.0,0.0,0.3239583373069763,0.0078125,1.5625,0.0,0.0,3,3 1
79,1056.741943359375,912.8302612304688,754.4795532226562,265.8062438964844,3.25,0.0,4.5,8.96875,3.25,0.21875,1.21875,0.03125,4.25,35.42499923706055,25.0625,2.0,2.25,46.84375,46.84375,0.0,0.0,0.0,0.0,0.0,0.7770833373069763,0.0442708358168602,1.46875,0.0,0.0,3,3 1
80,936.3858032226562,806.9612426757812,662.0606689453125,244.31875610351562,3.0625,0.0,4.125,8.21875,3.0625,0.03125,1.03125,0.03125,4.0625,30.950000762939453,31.21875,2.0,2.0625,54.21875,54.21875,0.0,0.0,0.0,0.0,0.0,0.40312498807907104,0.0,1.21875,0.0,0.0,3,3 1
81,916.3517456054688,783.9910888671875,642.4947509765625,248.6062469482422,3.0,0.0,4.125,8.1875,3.0,0.0625,1.0625,0.0625,4.0,32.15625,28.0,2.0,2.0,50.09375,50.09375,0.0,0.0,0.0,0.0,0.0,0.5739583373069763,0.0,1.3125,0.0,0.0,3,3 1
82,1019.0289916992188,858.255859375,706.2154541015625,261.0687561035156,3.15625,0.0,4.34375,8.65625,3.15625,0.15625,1.15625,0.03125,4.15625,34.14374923706055,28.40625,2.0,2.15625,60.75,60.75,0.0,0.0,5.3125,0.125,0.21875,0.528124988079071,0.0078125,1.3125,0.0,0.0,3,3 1
83,964.5075073242188,810.4093017578125,664.5462646484375,250.0625,3.0625,0.0,4.3125,8.5,3.0625,0.25,1.125,0.0,4.0625,33.256248474121094,23.75,2.0,2.0625,44.9375,44.9375,0.0,0.0,0.0,0.0,0.0,0.5645833611488342,0.0442708358168602,1.40625,0.0,0.0,3,3 1
84,987.5446166992188,837.9475708007812,690.2631225585938,249.96249389648438,3.09375,0.0,4.3125,8.53125,3.09375,0.15625,1.125,0.0625,4.09375,32.974998474121094,27.90625,2.0,2.09375,48.75,48.75,0.0,0.0,0.0,0.0,0.0,0.5510416626930237,0.01406249962747097,1.25,0.0,0.0,3,3 1
85,1072.379150390625,918.8615112304688,759.6310424804688,272.95623779296875,3.25,0.0,4.6875,9.28125,3.25,0.40625,1.34375,0.03125,4.25,37.037498474121094,19.65625,2.0,2.25,51.34375,51.34375,0.0,0.0,0.0,0.0,0.0,0.5208333134651184,0.0625,1.53125,0.0,0.0,3,3 1
86,1088.4505615234375,912.9844970703125,752.1727905273438,278.54376220703125,3.28125,0.0,4.625,9.1875,3.28125,0.34375,1.28125,0.0,4.28125,35.16875076293945,18.5,2.0,2.28125,50.28125,50.28125,0.0,0.0,5.3125,0.15625,0.46875,0.4166666567325592,0.02083333395421505,1.46875,0.0,0.0,3,3 1
87,1011.3384399414062,829.6988525390625,681.178466796875,281.4937438964844,3.09375,0.0,4.15625,8.28125,3.09375,0.0625,1.03125,0.0,4.09375,34.099998474121094,26.8125,2.0,2.09375,71.5625,71.5625,0.0,0.0,0.0,0.0,0.0,0.47187501192092896,0.015625,1.0,0.0,0.0,3,3 1
88,1007.73583984375,831.0388793945312,680.2730102539062,278.1000061035156,3.125,0.0,4.375,8.625,3.125,0.21875,1.125,0.03125,4.125,34.29375076293945,21.96875,2.0,2.125,82.90625,82.90625,0.0,0.0,0.0,0.0,0.0,0.32604166865348816,0.0364583358168602,1.3125,0.0,0.0,3,3 1
89,1114.2080078125,945.3206176757812,779.6590576171875,297.79376220703125,3.34375,0.0,4.53125,9.0,3.3125,0.21875,1.15625,0.0,4.3125,39.11249923706055,20.625,2.0,2.34375,81.0625,81.0625,0.0,0.0,0.0,0.0,0.0,0.4541667103767395,0.0390625,1.4375,0.0,0.0,3,3 1
90,1127.6002197265625,925.4269409179688,763.0776977539062,273.9750061035156,3.3125,0.0,4.5625,9.0625,3.28125,0.21875,1.21875,0.0625,4.28125,34.75,22.71875,2.0,2.3125,74.03125,74.03125,0.0,0.0,5.3125,0.125,0.59375,0.6635416746139526,0.02447916753590107,1.125,0.0,0.0,3,3 1
91,1255.6622314453125,1065.1695556640625,885.2234497070312,310.95623779296875,3.5625,0.0,4.84375,9.6875,3.5625,0.25,1.28125,0.03125,4.5625,39.88750076293945,23.75,2.0,2.5625,93.65625,93.65625,0.03750000149011612,0.01875000074505806,15.75,0.28125,1.375,1.3333333730697632,0.04791666567325592,1.1875,0.0,0.0,3,3 1
92,1067.0086669921875,917.0023193359375,754.3282470703125,291.75,3.3125,0.0,4.4375,8.84375,3.25,0.03125,1.15625,0.15625,4.25,34.98125076293945,25.15625,2.0,2.3125,106.0625,106.0625,0.0,0.0,0.0,0.0,0.0,1.306249976158142,0.03125,1.25,0.0,0.0,3,3 1
93,874.2332763671875,745.8175048828125,606.725830078125,292.32501220703125,2.9375,0.0,4.1875,8.21875,2.9375,0.15625,1.09375,0.09375,3.9375,31.649999618530273,27.59375,2.0,1.9375,98.71875,98.71875,0.0,0.0,0.0,0.0,0.0,0.908333420753479,0.0062500000931322575,0.96875,0.0,0.0,3,3 1
94,1030.3197021484375,900.6383056640625,740.6323852539062,327.95623779296875,3.25,0.0,4.5,8.84375,3.25,0.15625,1.125,0.125,4.1875,34.26250076293945,22.1875,3.1875,2.25,84.53125,84.53125,0.0,0.0,0.0,0.0,0.0,0.9322916865348816,0.03750000149011612,1.25,0.0,0.0,3,3 1
95,802.7213745117188,728.9387817382812,593.7973022460938,331.52813720703125,2.859375,0.0,4.125,8.203125,2.90625,0.078125,1.171875,0.25,3.796875,29.90625,26.890625,3.796875,1.859375,93.5625,93.5625,0.0,0.0,2.65625,0.03125,0.15625,0.9744791984558105,0.01302083395421505,0.828125,0.0,0.0,1,1 3
96,776.8215942382812,667.7530517578125,542.7916870117188,312.75,2.703125,0.0,4.1875,8.34375,2.8125,0.078125,1.34375,0.40625,3.703125,27.868749618530273,27.640625,3.734375,1.703125,59.296875,59.296875,0.0,0.0,0.0,0.0,0.0,1.0411458015441895,0.00390625,0.609375,0.0,0.0,3,3 2
97,863.7684326171875,723.9263916015625,587.754638671875,290.4906311035156,2.90625,0.0,4.046875,8.09375,2.890625,0.015625,1.15625,0.140625,3.890625,27.712499618530273,34.265625,2.0,1.90625,66.09375,66.09375,0.0,0.0,0.0,0.0,0.0,1.0223958492279053,0.0,0.59375,0.0,0.0,3,3 1
98,987.7570190429688,801.2020874023438,656.18603515625,304.85626220703125,3.03125,0.0,4.234375,8.421875,3.03125,0.046875,1.15625,0.15625,4.03125,30.703125,29.734375,2.0,2.03125,56.953125,56.953125,0.0,0.0,0.0,0.0,0.0,0.9437500238418579,0.01015624962747097,0.4375,0.0,0.0,3,3 1
99,1086.1507568359375,895.6290893554688,736.83447265625,315.640625,3.234375,0.0,4.53125,9.015625,3.203125,0.1875,1.28125,0.140625,4.203125,34.446876525878906,29.75,2.0,2.234375,69.515625,69.515625,0.0,0.0,0.0,0.0,0.0,0.796875,0.02395833283662796,0.71875,0.0,0.0,3,3 1
100,1043.0638427734375,857.6170654296875,704.8380126953125,308.53436279296875,3.140625,0.0,4.578125,9.125,3.140625,0.1875,1.40625,0.25,4.140625,32.94062423706055,33.28125,2.0,2.140625,57.53125,57.53125,0.0,0.0,5.3125,0.078125,0.296875,0.801562488079071,0.01145833358168602,0.796875,0.0,0.0,3,3 1
101,939.0529174804688,807.4888916015625,660.808837890625,303.703125,3.046875,0.0,4.546875,9.0625,3.046875,0.1875,1.46875,0.3125,4.046875,31.459375381469727,30.5625,2.0,2.046875,57.359375,57.359375,0.0,0.0,0.0,0.0,0.0,1.0432292222976685,0.01875000074505806,0.71875,0.0,0.0,3,3 1
102,984.7470092773438,859.1541748046875,705.56982421875,309.7875061035156,3.15625,0.0,4.578125,9.125,3.15625,0.125,1.390625,0.3125,4.140625,31.996875762939453,30.515625,2.265625,2.15625,67.765625,67.765625,0.0,0.0,7.96875,0.171875,0.46875,0.856249988079071,0.0052083334885537624,0.796875,0.0,0.0,3,3 1
103,983.967041015625,852.3322143554688,699.4488525390625,322.578125,3.125,0.0,4.859375,9.65625,3.125,0.125,1.671875,0.625,4.109375,33.26250076293945,28.84375,2.21875,2.125,65.828125,65.828125,0.0,0.0,2.65625,0.015625,0.1875,0.9739583730697632,0.00390625,0.796875,0.0,0.0,3,3 1
104,912.6763916015625,804.9351806640625,658.7328491210938,301.4906311035156,3.03125,0.0,4.8125,9.5,3.015625,0.125,1.671875,0.671875,4.015625,31.431249618530273,32.0625,2.0,2.03125,66.59375,66.59375,0.0,0.0,2.65625,0.078125,0.359375,0.9713541865348816,0.012500000186264515,0.5625,0.0,0.0,3,3 1
105,959.7456665039062,854.11669921875,701.2603759765625,331.13751220703125,3.109375,0.0,5.140625,10.109375,3.078125,0.25,1.90625,0.8125,4.0625,33.76874923706055,30.53125,2.234375,2.109375,62.671875,62.671875,0.0,0.0,2.65625,0.046875,0.15625,0.7645833492279053,0.02526041492819786,0.96875,0.0,0.0,1,1 3
106,904.3764038085938,764.3504028320312,624.44775390625,311.5249938964844,2.921875,0.0,4.953125,9.90625,2.921875,0.046875,2.03125,0.984375,3.921875,29.65625,30.75,2.0,1.921875,37.703125,37.703125,0.0,0.0,0.0,0.0,0.0,1.046875,0.008333333767950535,0.375,0.0,0.0,3,3 1
107,963.4743041992188,811.7529296875,665.8182373046875,301.4312438964844,3.015625,0.0,5.125,10.234375,3.015625,0.125,2.09375,0.984375,4.015625,31.690624237060547,29.03125,2.0,2.015625,37.78125,37.78125,0.0,0.0,2.65625,0.078125,0.359375,1.0458333492279053,0.01718750037252903,0.484375,0.0,0.0,3,3 4
108,898.0039672851562,784.1150512695312,643.2619018554688,278.78125,2.953125,0.0,5.03125,10.0625,2.953125,0.078125,2.078125,1.0,3.953125,29.109375,29.71875,2.0,1.953125,23.09375,23.09375,0.0,0.0,0.0,0.0,0.0,1.09375,0.0078125,0.390625,0.0,0.0,3,3 1
109,981.3416137695312,844.19384765625,694.5010986328125,294.0218811035156,3.078125,0.0,5.25,10.46875,3.078125,0.171875,2.140625,1.0,4.078125,31.581249237060547,32.046875,2.0,2.078125,26.265625,26.265625,0.0,0.0,2.65625,0.078125,0.421875,0.9958332777023315,0.01640624925494194,0.515625,0.0,0.0,3,3 1
110,1032.2879638671875,871.9505615234375,720.1803588867188,284.40936279296875,3.109375,0.0,5.265625,10.5,3.109375,0.171875,2.125,0.984375,4.109375,34.134376525878906,26.71875,2.0,2.109375,29.625,29.625,0.0,0.0,5.3125,0.109375,0.359375,0.890625,0.02526041492819786,0.90625,0.0,0.0,3,3 1
111,1145.4344482421875,985.7537841796875,818.6300659179688,297.73748779296875,3.34375,0.0,5.609375,11.171875,3.328125,0.28125,2.234375,1.0,4.328125,35.265625,27.59375,2.0,2.34375,29.1875,29.1875,0.0,0.0,21.25,0.5,1.46875,0.8182291984558105,0.04010416567325592,1.0,0.0,0.0,3,3 1
112,1175.493896484375,1047.5660400390625,872.2320556640625,301.7906188964844,3.46875,0.0,5.765625,11.515625,3.4375,0.375,2.328125,0.953125,4.421875,36.79999923706055,26.546875,2.0,2.46875,33.09375,33.09375,0.0,0.0,26.5625,0.484375,1.75,1.0979167222976685,0.05234374850988388,1.265625,0.0,0.0,3,3 1
113,1248.058349609375,1108.828369140625,925.4241333007812,317.69061279296875,3.578125,0.0,5.984375,11.90625,3.578125,0.46875,2.359375,0.9375,4.5625,40.09687423706055,27.140625,2.0,2.578125,32.03125,32.03125,0.02500000037252903,0.0062500000931322575,42.375,0.828125,2.28125,0.9802082777023315,0.0625,1.4375,0.0,0.0,3,3 1
114,1176.555908203125,1046.755126953125,870.6484375,308.66876220703125,3.46875,0.0,5.90625,11.71875,3.453125,0.46875,2.375,0.96875,4.453125,38.384376525878906,23.296875,2.0,2.46875,37.9375,37.9375,0.012500000186264515,0.0031250000465661287,18.53125,0.328125,0.953125,1.0125000476837158,0.0559895820915699,1.515625,0.0,0.0,3,3 1
115,1339.0711669921875,1202.368896484375,1005.72509765625,325.1812438964844,3.78125,0.0,6.21875,12.40625,3.765625,0.53125,2.421875,0.921875,4.765625,42.087501525878906,20.6875,2.0,2.78125,38.109375,38.109375,0.07500000298023224,0.01875000074505806,34.15625,0.640625,2.21875,1.2041666507720947,0.10000000149011612,1.5,0.0,0.0,3,3 1
116,1226.06640625,1076.267822265625,896.5103759765625,310.6312561035156,3.53125,0.0,5.734375,11.46875,3.515625,0.34375,2.21875,0.875,4.515625,39.415626525878906,22.890625,1.984375,2.53125,39.921875,39.921875,0.11249999701976776,0.02500000037252903,28.65625,0.546875,1.84375,0.703125,0.04348958283662796,1.5,0.0,0.0,3,3 1
117,1426.6480712890625,1279.9051513671875,1072.9541015625,343.3125,3.9375,0.0,6.265625,12.421875,3.921875,0.53125,2.234375,0.796875,4.9375,43.724998474121094,17.546875,2.0,2.9375,40.4375,40.4375,0.10625000298023224,0.02500000037252903,41.96875,0.828125,2.6875,0.92083340883255,0.05833332985639572,1.609375,0.0,0.0,3,3 1
118,1123.4442138671875,987.9006958007812,819.3021240234375,322.26873779296875,3.359375,0.0,5.46875,10.921875,3.359375,0.359375,2.09375,0.75,4.359375,35.724998474121094,22.828125,1.96875,2.359375,44.5,44.5,0.0625,0.0062500000931322575,18.28125,0.453125,1.75,0.7880208492279053,0.046875,1.1875,0.0,0.0,3,3 1
119,1293.7158203125,1142.6722412109375,954.150390625,328.125,3.671875,0.0,5.625,11.203125,3.65625,0.421875,1.921875,0.546875,4.65625,39.53125,19.578125,2.0,2.671875,41.03125,41.03125,0.10625000298023224,0.02500000037252903,41.96875,0.9375,3.0625,0.8489583730697632,0.03802083432674408,1.46875,0.0,0.0,3,3 1
120,1221.193359375,1078.61669921875,897.3557739257812,344.32501220703125,3.546875,0.0,5.625,11.203125,3.53125,0.3125,2.046875,0.78125,4.53125,38.15937423706055,17.953125,2.0,2.546875,48.4375,48.4375,0.0,0.0,18.59375,0.375,1.296875,1.015625,0.05234374850988388,1.28125,0.0,0.0,3,3 1
121,1367.931396484375,1199.6180419921875,1003.8035278320312,353.3843688964844,3.765625,0.0,5.921875,11.765625,3.765625,0.359375,2.078125,0.796875,4.765625,41.287498474121094,19.421875,1.984375,2.765625,38.375,38.375,0.08124999701976776,0.015625,36.78125,0.890625,2.890625,0.986458420753479,0.03307291865348816,1.25,0.0,0.0,3,3 1
122,1372.726806640625,1157.443603515625,968.2542724609375,334.06561279296875,3.671875,0.0,5.78125,11.453125,3.671875,0.46875,2.0,0.640625,4.671875,40.51250076293945,23.21875,1.984375,2.671875,41.375,41.375,0.012500000186264515,0.0062500000931322575,47.75,1.25,4.890625,0.8166667222976685,0.05442707985639572,1.125,0.0,0.0,3,3 1
123,1464.583740234375,1287.858154296875,1080.8116455078125,355.85626220703125,3.9375,0.0,6.25,12.40625,3.9375,0.65625,2.25,0.625,4.9375,42.337501525878906,20.71875,1.9375,2.9375,40.71875,40.71875,0.21875,0.05000000074505806,62.65625,1.5,4.90625,0.879687488079071,0.07239583134651184,1.421875,0.0,0.0,3,3 1
124,1394.0465087890625,1224.2860107421875,1025.1068115234375,355.59063720703125,3.828125,0.0,5.734375,11.34375,3.828125,0.28125,1.796875,0.609375,4.828125,40.86249923706055,22.953125,1.984375,2.828125,51.578125,51.578125,0.03125,0.0031250000465661287,45.0,1.125,3.8125,1.1333333253860474,0.03125,1.09375,0.0,0.0,3,3 1
125,1269.7392578125,1107.591552734375,922.728515625,352.5218811035156,3.609375,0.0,5.421875,10.78125,3.625,0.140625,1.734375,0.671875,4.609375,38.228126525878906,22.828125,2.203125,2.609375,62.640625,62.640625,0.0,0.0,26.5625,0.6875,2.296875,0.9994791746139526,0.015625,0.984375,0.0,0.0,3,3 1
126,1374.419677734375,1181.209228515625,987.3191528320312,344.1468811035156,3.75,0.0,5.640625,11.203125,3.765625,0.296875,1.796875,0.59375,4.75,40.46875,26.96875,2.171875,2.75,63.09375,63.09375,0.05000000074505806,0.012500000186264515,26.3125,0.625,2.421875,1.0385416746139526,0.03020833432674408,1.09375,0.0,0.0,3,3 1
127,1518.3065185546875,1304.462646484375,1093.897216796875,362.765625,4.0,0.0,5.90625,11.75,4.0,0.40625,1.875,0.46875,5.0,43.72187423706055,22.5,1.96875,3.0,56.875,56.875,0.05000000074505806,0.0062500000931322575,58.1875,1.4375,4.3125,0.7713541984558105,0.08958333730697632,1.34375,0.0,0.0,3,3 1
128,1612.0244140625,1407.451171875,1182.598876953125,380.8374938964844,4.203125,0.0,6.390625,12.75,4.1875,0.84375,2.171875,0.359375,5.1875,46.990623474121094,20.109375,2.0,3.203125,58.28125,58.28125,0.16249999403953552,0.04062499850988388,62.9375,1.453125,4.453125,0.7317708134651184,0.09166666865348816,1.640625,0.0,0.0,3,3 1
129,1427.0870361328125,1248.803466796875,1042.41357421875,365.20623779296875,3.9375,0.0,5.859375,11.640625,3.921875,0.390625,1.859375,0.546875,4.921875,41.47187423706055,22.0625,2.0,2.9375,71.0,71.0,0.05624999850988388,0.00937500037252903,36.90625,0.78125,2.390625,0.9572917222976685,0.04609375074505806,1.6875,0.0,0.0,3,3 1
130,1582.626708984375,1392.848876953125,1168.651611328125,385.0531311035156,4.203125,0.0,6.15625,12.171875,4.1875,0.453125,1.84375,0.5,5.1875,45.25312423706055,26.046875,2.0,3.203125,72.0,72.0,0.012500000186264515,0.0031250000465661287,63.6875,1.390625,4.109375,1.0177083015441895,0.04869791865348816,1.609375,0.0,0.0,3,3 1
131,1290.853271484375,1113.6234130859375,926.9049682617188,348.75311279296875,3.640625,0.0,5.375,10.71875,3.640625,0.1875,1.703125,0.5625,4.625,39.26874923706055,27.046875,2.21875,2.640625,73.09375,73.09375,0.0,0.0,18.59375,0.484375,1.640625,0.9416667222976685,0.02395833283662796,1.3125,0.0,0.0,3,3 1
132,1484.0111083984375,1295.30859375,1084.1522216796875,378.0,4.0,0.0,5.96875,11.828125,3.984375,0.4375,1.875,0.546875,4.984375,43.771873474121094,23.03125,2.0,3.0,70.921875,70.921875,0.0062500000931322575,0.0031250000465661287,53.09375,1.21875,4.59375,1.0244791507720947,0.04791666567325592,1.328125,0.0,0.0,3,3 1
133,1532.816162109375,1342.6942138671875,1126.263916015625,383.0625,4.078125,0.0,6.0625,12.015625,4.0625,0.53125,1.890625,0.46875,5.0625,45.14374923706055,24.0,2.0,3.078125,68.234375,68.234375,0.0,0.0,58.4375,1.390625,4.671875,0.9739583134651184,0.0716145858168602,1.40625,0.0,0.0,3,3 1
134,1373.6326904296875,1189.58203125,992.015625,360.84375,3.796875,0.0,5.734375,11.40625,3.765625,0.421875,1.90625,0.546875,4.765625,41.443748474121094,25.75,2.0,2.796875,73.171875,73.171875,0.0062500000931322575,0.0031250000465661287,31.84375,0.703125,1.9375,1.021875023841858,0.05494792014360428,1.46875,0.0,0.0,3,3 1
135,1246.07763671875,1073.333740234375,890.2882080078125,352.29376220703125,3.578125,0.0,5.40625,10.765625,3.5625,0.21875,1.796875,0.625,4.5625,38.759376525878906,24.875,2.0,2.578125,67.484375,67.484375,0.0,0.0,21.25,0.484375,1.421875,0.5729166865348816,0.04218750074505806,1.609375,0.0,0.0,3,3 1
136,1306.1202392578125,1141.2850341796875,949.3211059570312,356.0531311035156,3.71875,0.0,5.5625,11.03125,3.65625,0.34375,1.8125,0.5625,4.65625,39.068748474121094,24.203125,2.0,2.71875,62.25,62.25,0.0,0.0,29.21875,0.5625,2.140625,0.9125000238418579,0.03880208358168602,1.609375,0.0,0.0,3,3 1
137,1260.0302734375,1078.2864990234375,896.51220703125,348.10626220703125,3.5625,0.0,5.328125,10.625,3.5625,0.328125,1.734375,0.4375,4.5625,38.47187423706055,23.75,2.0,2.5625,58.4375,58.4375,0.0,0.0,23.90625,0.546875,1.734375,0.5713541507720947,0.06927083432674408,1.40625,0.0,0.0,3,3 1
138,1423.1075439453125,1217.44482421875,1017.6373291015625,364.86248779296875,3.828125,0.0,5.71875,11.390625,3.828125,0.625,1.84375,0.265625,4.828125,42.98125076293945,24.234375,2.0,2.828125,60.296875,60.296875,0.20000000298023224,0.04374999925494194,46.8125,1.1875,3.875,0.543749988079071,0.05364583805203438,1.65625,0.0,0.0,3,3 1
139,1514.7991943359375,1284.81494140625,1076.8125,378.125,3.953125,0.0,5.75,11.453125,3.9375,0.609375,1.765625,0.203125,4.9375,44.28437423706055,22.921875,2.0,2.953125,69.296875,69.296875,0.0,0.0,61.09375,1.484375,4.359375,0.7796875238418579,0.09609375149011612,1.1875,0.0,0.0,3,3 2
140,1601.1429443359375,1368.117431640625,1148.21337890625,389.79998779296875,4.125,0.0,6.09375,12.1875,4.109375,0.84375,1.984375,0.140625,5.109375,47.34687423706055,18.125,2.0,3.125,64.5,64.5,0.11874999850988388,0.03750000149011612,68.46875,1.59375,4.234375,0.9979166984558105,0.1497395783662796,1.390625,0.0,0.0,3,3 1
141,1504.6007080078125,1291.5164794921875,1080.9893798828125,379.09063720703125,4.0,0.0,5.546875,11.09375,3.96875,0.5625,1.578125,0.015625,4.96875,44.78125,22.109375,2.0,3.0,77.359375,77.359375,0.03125,0.0031250000465661287,58.28125,1.171875,3.09375,0.92083340883255,0.1002604216337204,1.46875,0.0,0.0,3,3 1
142,1427.4569091796875,1213.768798828125,1014.8704833984375,366.8062438964844,3.828125,0.0,5.328125,10.640625,3.765625,0.484375,1.546875,0.078125,4.765625,41.946876525878906,24.0,2.0,2.828125,49.203125,49.203125,0.0,0.0,47.8125,1.0,3.109375,0.7364583611488342,0.08307291567325592,1.203125,0.0,0.0,3,3 1
143,1558.9522705078125,1315.8865966796875,1103.5626220703125,398.6499938964844,4.015625,0.0,5.59375,11.1875,4.0,0.5625,1.59375,0.03125,5.0,45.775001525878906,23.765625,2.0,3.015625,62.796875,62.796875,0.0062500000931322575,0.0031250000465661287,63.71875,1.5,4.265625,0.8911458253860474,0.11145832389593124,1.125,0.0,0.0,3,3 1
144,1551.5013427734375,1305.8040771484375,1095.982666015625,396.40313720703125,3.984375,0.0,5.515625,10.984375,4.0,0.515625,1.5,0.015625,4.953125,43.53125,22.90625,2.4375,2.984375,59.578125,59.578125,0.03750000149011612,0.0031250000465661287,66.21875,1.375,4.171875,1.4291666746139526,0.09270833432674408,0.921875,0.0,0.0,3,3 1
145,1446.1318359375,1217.55859375,1017.95947265625,391.3031311035156,3.828125,0.0,5.3125,10.59375,3.84375,0.4375,1.4375,0.0625,4.8125,41.931251525878906,26.09375,2.46875,2.828125,80.6875,80.6875,0.012500000186264515,0.0031250000465661287,53.0625,1.375,3.890625,0.8833333253860474,0.07916666567325592,0.9375,0.0,0.0,3,3 1
146,1697.8695068359375,1425.8758544921875,1199.8822021484375,423.36248779296875,4.21875,0.0,5.78125,11.5625,4.140625,0.640625,1.640625,0.015625,5.125,47.806251525878906,24.71875,2.21875,3.21875,80.3125,80.3125,0.01875000074505806,0.0031250000465661287,79.59375,1.90625,5.953125,1.1687500476837158,0.17734375596046448,0.796875,0.0,0.0,3,3 1
147,1450.020751953125,1206.62158203125,1009.0823364257812,405.73126220703125,3.78125,0.0,5.328125,10.65625,3.828125,0.53125,1.5,0.015625,4.78125,43.53437423706055,21.15625,2.578125,2.78125,66.03125,66.03125,0.012500000186264515,0.0031250000465661287,42.4375,1.0625,3.0,0.796875,0.08411458134651184,0.984375,0.0,0.0,3,3 1
148,1552.0450439453125,1292.216064453125,1084.7125244140625,415.3999938964844,3.9375,0.0,5.40625,10.8125,3.953125,0.46875,1.453125,0.03125,4.90625,44.328125,28.265625,2.78125,2.9375,57.09375,57.09375,0.02500000037252903,0.0062500000931322575,71.59375,1.859375,6.09375,1.1838542222976685,0.05624999850988388,0.8125,0.0,0.0,3,3 1
149,1606.2166748046875,1342.6856689453125,1128.7469482421875,397.74688720703125,4.046875,0.0,5.578125,11.140625,4.0625,0.515625,1.515625,0.015625,5.03125,44.65312576293945,26.328125,2.21875,3.046875,50.09375,50.09375,0.012500000186264515,0.0031250000465661287,71.65625,1.875,5.953125,1.03125,0.07838542014360428,0.9375,0.0,0.0,3,3 1
150,1639.6732177734375,1379.655029296875,1159.3128662109375,434.53436279296875,4.125,0.0,5.703125,11.390625,4.109375,0.59375,1.578125,0.015625,5.09375,46.665626525878906,26.328125,2.21875,3.125,46.703125,46.703125,0.06875000149011612,0.00937500037252903,71.375,1.78125,5.609375,1.1901041269302368,0.09218750149011612,0.890625,0.0,0.0,3,3 1
151,1747.535400390625,1469.817626953125,1237.56005859375,454.09063720703125,4.296875,0.0,5.96875,11.90625,4.296875,0.640625,1.65625,0.03125,5.28125,49.359375,26.65625,2.25,3.296875,62.28125,62.28125,0.03125,0.0062500000931322575,84.84375,2.296875,6.390625,1.1640625,0.09765625,0.765625,0.0,0.0,3,3 1
152,1825.206787109375,1544.2843017578125,1302.90576171875,455.6968688964844,4.4375,0.0,6.125,12.25,4.421875,0.65625,1.703125,0.046875,5.421875,51.15312576293945,27.8125,2.0,3.4375,58.65625,58.65625,0.16249999403953552,0.02812499925494194,102.78125,2.75,8.515625,1.2213541269302368,0.09088541567325592,0.890625,0.0,0.0,3,3 1
153,1869.0838623046875,1582.962158203125,1336.8309326171875,450.5874938964844,4.515625,0.0,6.21875,12.4375,4.46875,0.75,1.75,0.015625,5.453125,51.32500076293945,25.796875,2.09375,3.515625,60.046875,60.046875,0.15625,0.03125,108.125,2.84375,8.953125,1.5458333492279053,0.09348958730697632,0.96875,0.0,0.0,3,3 1
154,1638.3135986328125,1405.804931640625,1183.669677734375,415.98748779296875,4.171875,0.0,5.59375,11.171875,4.1875,0.4375,1.40625,0.03125,5.109375,45.30937576293945,27.53125,2.859375,3.171875,56.890625,56.890625,0.10000000149011612,0.01875000074505806,89.8125,2.0,6.921875,1.3869792222976685,0.05364583805203438,1.0625,0.0,0.0,3,3 1
155,1724.910888671875,1489.4521484375,1254.715087890625,453.078125,4.34375,0.0,5.921875,11.828125,4.28125,0.609375,1.625,0.046875,5.265625,48.20000076293945,32.09375,2.109375,3.34375,52.421875,52.421875,0.13124999403953552,0.03125,94.96875,2.3125,6.984375,0.9661458134651184,0.09609375149011612,1.0,0.0,0.0,3,3 1
156,1351.3515625,1151.7528076171875,962.9280395507812,385.65936279296875,3.671875,0.0,4.953125,9.890625,3.65625,0.328125,1.296875,0.03125,4.578125,39.09062576293945,30.296875,2.515625,2.671875,64.15625,64.15625,0.15000000596046448,0.03750000149011612,49.71875,1.328125,4.5,0.9203125238418579,0.0390625,0.71875,0.0,0.0,3,3 1
157,1740.1007080078125,1485.040771484375,1251.1612548828125,434.2875061035156,4.34375,0.0,5.796875,11.578125,4.234375,0.53125,1.5625,0.015625,5.234375,47.95624923706055,32.5,1.984375,3.34375,67.515625,67.515625,0.675000011920929,0.171875,81.625,2.265625,7.28125,1.2677083015441895,0.06276042014360428,1.0625,0.0,0.0,3,3 1
158,1831.755126953125,1549.595458984375,1307.478271484375,436.28436279296875,4.46875,0.0,5.90625,11.78125,4.40625,0.453125,1.5,0.015625,5.40625,50.506248474121094,30.609375,2.0,3.46875,67.96875,67.96875,0.762499988079071,0.18125000596046448,97.125,2.640625,8.03125,1.296875,0.05494792014360428,1.0625,0.0,0.0,3,3 1
159,1771.121826171875,1506.105224609375,1271.929443359375,414.67498779296875,4.359375,0.0,5.765625,11.5,4.28125,0.5,1.484375,0.0,5.234375,48.009376525878906,27.53125,2.5,3.359375,60.46875,60.46875,0.981249988079071,0.19374999403953552,98.6875,2.5625,7.671875,1.1286457777023315,0.04739583283662796,1.03125,0.0,0.0,3,3 1
160,1824.9779052734375,1532.591552734375,1295.8436279296875,399.9593811035156,4.40625,0.0,5.875,11.734375,4.390625,0.5,1.484375,0.0,5.359375,47.912498474121094,28.234375,2.25,3.40625,51.203125,51.203125,0.3687500059604645,0.109375,107.0625,2.90625,8.765625,0.98333340883255,0.05260416865348816,0.984375,0.0,0.0,3,3 1
161,1840.4251708984375,1544.833740234375,1306.7708740234375,393.6312561035156,4.421875,0.0,6.046875,12.0625,4.4375,0.59375,1.609375,0.015625,5.40625,49.15312576293945,27.109375,2.28125,3.421875,44.5625,44.5625,1.2374999523162842,0.30937498807907104,105.375,2.875,8.96875,0.9432291984558105,0.06875000149011612,1.109375,0.0,0.0,3,3 1
162,1938.0211181640625,1637.2578125,1385.3544921875,409.8374938964844,4.625,0.0,6.28125,12.53125,4.609375,0.625,1.671875,0.015625,5.609375,53.03125,23.8125,2.0,3.625,62.671875,62.671875,1.7312500476837158,0.37812501192092896,108.21875,3.125,9.53125,1.2630208730697632,0.05572916194796562,1.171875,0.0,0.0,3,3 1
163,1810.505615234375,1535.091064453125,1297.427978515625,398.73748779296875,4.40625,0.0,6.015625,11.96875,4.390625,0.59375,1.609375,0.0,5.375,51.63750076293945,25.890625,2.0625,3.40625,67.484375,67.484375,1.6375000476837158,0.375,95.40625,2.84375,9.15625,1.0963541269302368,0.04479166865348816,1.125,0.0,0.0,3,3 1
164,1818.4727783203125,1562.251220703125,1319.113525390625,424.890625,4.484375,0.0,6.03125,12.0,4.375,0.546875,1.59375,0.109375,5.375,51.478126525878906,28.96875,2.0,3.484375,71.25,71.25,1.8250000476837158,0.3843750059604645,105.09375,2.84375,9.53125,1.5744792222976685,0.05364583805203438,1.046875,0.0,0.0,3,3 1
165,1467.98095703125,1302.51220703125,1093.75732421875,400.50311279296875,3.953125,0.0,5.53125,11.015625,3.890625,0.515625,1.59375,0.140625,4.875,47.165626525878906,32.15625,2.21875,2.953125,66.265625,66.265625,2.825000047683716,0.4781250059604645,52.28125,1.8125,6.171875,0.9145833253860474,0.02265625074505806,1.125,0.0,0.0,3,3 1
166,1612.5928955078125,1390.056396484375,1170.3106689453125,407.6812438964844,4.125,0.0,5.5625,11.09375,4.0625,0.4375,1.46875,0.0625,5.0625,49.390625,32.9375,2.0,3.125,63.171875,63.171875,2.737499952316284,0.5718749761581421,73.96875,2.40625,8.03125,1.1020833253860474,0.02265625074505806,0.90625,0.0,0.0,3,3 1
167,1603.1746826171875,1378.7122802734375,1159.667236328125,408.84063720703125,4.109375,0.0,5.671875,11.28125,4.015625,0.59375,1.609375,0.0625,5.0,49.296875,27.921875,2.046875,3.109375,47.640625,47.640625,1.8312499523162842,0.375,62.5625,1.890625,6.09375,1.1854166984558105,0.03828125074505806,1.125,0.0,0.0,3,3 1
168,1449.2515869140625,1290.0438232421875,1080.4449462890625,392.0218811035156,3.984375,0.0,5.234375,10.453125,3.828125,0.3125,1.390625,0.09375,4.828125,46.150001525878906,29.015625,1.984375,2.984375,44.28125,44.28125,1.1375000476837158,0.203125,44.78125,1.265625,3.796875,0.8062499761581421,0.01796874962747097,1.3125,0.0,0.0,3,3 1
169,1526.197021484375,1335.584228515625,1122.3258056640625,393.9312438964844,4.03125,0.0,5.46875,10.90625,3.953125,0.515625,1.515625,0.0,4.921875,47.93437576293945,31.0,2.109375,3.03125,46.75,46.75,2.043750047683716,0.40625,56.1875,1.703125,5.171875,0.8708332777023315,0.01796874962747097,1.234375,0.0,0.0,3,3 1
170,1476.4991455078125,1341.9609375,1125.680908203125,397.2718811035156,4.078125,0.0,5.4375,10.859375,3.921875,0.515625,1.515625,0.0,4.90625,48.884376525878906,30.09375,2.0,3.078125,47.640625,47.640625,2.90625,0.44062501192092896,49.21875,1.328125,4.234375,0.8364583253860474,0.0325520820915699,1.484375,0.0,0.0,1,1 3
171,1476.107177734375,1303.5550537109375,1091.493896484375,385.2093811035156,4.0,0.0,5.953125,11.8125,3.984375,0.8125,1.875,0.15625,4.984375,47.76874923706055,23.4375,2.0,3.0,115.21875,115.21875,3.1812500953674316,0.684374988079071,42.53125,1.265625,4.234375,0.9906250238418579,0.04114583507180214,1.609375,0.0,0.0,3,3 4
172,1625.05712890625,1446.207763671875,1210.9112548828125,425.79998779296875,4.25,0.03125,6.390625,12.71875,4.25,1.078125,2.09375,0.046875,5.25,54.118751525878906,16.84375,2.0,3.25,152.09375,152.09375,7.431250095367432,1.375,53.15625,2.109375,7.46875,0.8828125,0.06484375149011612,2.0625,0.03125,0.0,3,3 1
173,1621.3121337890625,1435.3031005859375,1203.396240234375,429.3343811035156,4.234375,0.015625,6.484375,12.890625,4.21875,1.15625,2.1875,0.09375,5.234375,52.75312423706055,21.625,2.0,3.234375,177.75,177.75,6.050000190734863,1.228124976158142,62.71875,2.21875,6.875,0.7494791746139526,0.07421875,1.921875,0.015625,0.0,3,3 1
174,1308.9346923828125,1176.4613037109375,978.7310791015625,372.8687438964844,3.796875,0.0,5.421875,10.8125,3.75,0.640625,1.640625,0.015625,4.765625,43.821876525878906,20.25,2.0,2.796875,176.703125,176.703125,1.806249976158142,0.40937501192092896,38.78125,1.03125,2.8125,0.770312488079071,0.04921875149011612,1.671875,0.0,0.0,3,3 1
175,1472.1241455078125,1282.225341796875,1071.6866455078125,387.08123779296875,3.96875,0.0,5.90625,11.71875,3.96875,0.875,1.875,0.03125,4.96875,49.9375,18.28125,2.0,2.96875,172.0,172.0,3.450000047683716,0.7437499761581421,51.8125,1.65625,5.125,0.903124988079071,0.05572916939854622,1.6875,0.0,0.0,3,3 1
176,1356.15283203125,1209.0670166015625,1007.3529052734375,387.38751220703125,3.84375,0.0,5.53125,11.0625,3.8125,0.6875,1.71875,0.03125,4.8125,46.693748474121094,23.125,2.0,2.84375,211.71875,211.71875,3.075000047683716,0.574999988079071,37.75,1.125,3.71875,1.0593750476837158,0.1067708358168602,1.46875,0.0,0.0,3,3 1
177,1236.693359375,1050.966552734375,871.5173950195312,340.3999938964844,3.53125,0.0,5.0625,10.09375,3.53125,0.5,1.5,0.03125,4.53125,40.20624923706055,22.9375,2.0,2.53125,198.75,198.75,1.625,0.35624998807907104,39.6875,1.15625,3.125,0.7302083373069763,0.04791666939854622,1.375,0.0,0.0,3,3 1
178,1210.7469482421875,1105.0457763671875,914.7196044921875,361.2875061035156,3.6875,0.0,5.40625,10.8125,3.6875,0.71875,1.71875,0.0,4.6875,41.25,23.0,2.0,2.6875,195.84375,195.84375,1.662500023841858,0.5,44.8125,1.15625,2.9375,0.8260416984558105,0.03125,2.0,0.0,0.0,3,3 1
179,1246.27392578125,1115.9228515625,926.0927734375,367.53125,3.6875,0.0,5.15625,10.28125,3.65625,0.53125,1.5,0.0,4.59375,40.23125076293945,21.21875,2.0,2.6875,176.25,176.25,1.6375000476837158,0.38749998807907104,50.25,1.1875,4.40625,1.073958396911621,0.0416666679084301,1.71875,0.0,0.0,3,3 1
180,1680.487548828125,1528.4100341796875,1280.38134765625,450.82501220703125,4.4375,0.03125,6.65625,13.3125,4.4375,1.21875,2.21875,0.0,5.4375,55.23125076293945,15.09375,2.0,3.4375,176.40625,176.40625,6.625,1.368749976158142,78.4375,2.59375,6.75,0.5572916865348816,0.0911458358168602,2.3125,0.03125,0.0,3,3 1
181,1656.949951171875,1464.7083740234375,1228.077880859375,464.95623779296875,4.34375,0.0,6.40625,12.75,4.34375,1.0,2.0,0.0625,5.34375,51.35625076293945,17.0,2.0,3.34375,162.53125,162.53125,4.300000190734863,0.9624999761581421,84.75,2.84375,9.75,0.8343750238418579,0.0390625,2.28125,0.0,0.0,3,3 1
182,1573.3167724609375,1437.5030517578125,1204.8427734375,448.35626220703125,4.28125,0.0,6.40625,12.78125,4.25,1.15625,2.125,0.0,5.25,52.900001525878906,17.40625,2.0,3.28125,165.65625,165.65625,4.862500190734863,0.800000011920929,71.3125,2.25,7.8125,0.7135416865348816,0.0520833358168602,2.15625,0.0,0.0,3,3 1
183,1368.0125732421875,1251.5472412109375,1045.3173828125,406.2124938964844,3.90625,0.0,5.6875,11.3125,3.90625,0.71875,1.75,0.03125,4.90625,46.07500076293945,18.71875,2.0,2.90625,127.0,127.0,1.524999976158142,0.28125,56.125,1.375,4.59375,0.82708340883255,0.06875000149011612,1.71875,0.0,0.0,3,3 1
184,1695.824462890625,1556.3111572265625,1309.275634765625,465.15625,4.5,0.0,6.65625,13.28125,4.4375,1.1875,2.21875,0.0,5.4375,54.26874923706055,17.125,2.0,3.5,126.5625,126.5625,4.150000095367432,0.699999988079071,90.8125,2.46875,9.34375,0.7447916865348816,0.09375,2.375,0.0,0.0,3,3 1
185,1574.701904296875,1428.006103515625,1198.0220947265625,439.20623779296875,4.25,0.0,6.28125,12.53125,4.25,0.9375,2.0,0.09375,5.25,51.36249923706055,15.09375,2.0,3.25,126.65625,126.65625,3.5250000953674316,0.668749988079071,78.0,2.1875,6.6875,0.7958333492279053,0.04635416716337204,1.9375,0.0,0.0,3,3 1
186,1774.955322265625,1579.623291015625,1332.9132080078125,449.15625,4.5,0.0,6.5,12.9375,4.46875,1.0625,1.96875,0.0,5.4375,56.86249923706055,17.0625,2.46875,3.5,99.625,99.625,5.650000095367432,1.118749976158142,88.625,2.6875,8.25,0.550000011920929,0.03750000149011612,1.96875,0.0,0.0,3,3 1
187,1782.945068359375,1614.1474609375,1359.9600830078125,458.5625,4.59375,0.0,6.9375,13.8125,4.59375,1.25,2.3125,0.0625,5.59375,60.724998474121094,10.15625,2.0,3.59375,120.9375,120.9375,9.337499618530273,1.5,75.5,3.125,9.78125,0.328125,0.015625,2.375,0.0,0.0,1,1 3
188,1674.130859375,1444.98828125,1209.7445068359375,404.625,4.25,0.03125,6.5625,13.09375,4.25,1.1875,2.28125,0.125,5.25,55.443748474121094,10.5,2.0,3.25,118.40625,118.40625,8.012499809265137,1.3875000476837158,44.9375,1.53125,5.71875,0.8510416746139526,0.05624999850988388,2.125,0.03125,0.0,3,3 1
189,1756.4522705078125,1567.6678466796875,1316.297119140625,460.2562561035156,4.46875,0.03125,6.90625,13.8125,4.46875,1.40625,2.4375,0.03125,5.46875,59.03125,15.0625,2.0,3.46875,119.59375,119.59375,8.824999809265137,1.7000000476837158,67.4375,2.5625,7.0,0.87604159116745,0.09687499701976776,2.03125,0.03125,0.0,3,3 1
190,1555.9395751953125,1384.135009765625,1160.110107421875,427.0062561035156,4.15625,0.0,6.25,12.46875,4.09375,1.125,2.125,0.03125,5.09375,51.88750076293945,14.15625,2.0,3.15625,111.84375,111.84375,6.4375,1.125,58.125,2.09375,6.65625,0.3864583373069763,0.03750000149011612,2.21875,0.0,0.0,3,3 1
191,1507.675048828125,1373.8082275390625,1151.561767578125,426.2124938964844,4.125,0.0,6.25,12.5,4.0625,1.15625,2.1875,0.03125,5.0625,52.556251525878906,17.15625,2.0,3.125,112.4375,112.4375,5.650000095367432,1.0,51.4375,1.6875,5.28125,0.8364583253860474,0.0625,1.84375,0.0,0.0,3,3 1
192,1414.458740234375,1270.031982421875,1062.5283203125,424.4624938964844,3.90625,0.0,5.78125,11.5625,3.90625,0.875,1.875,0.0,4.90625,49.068748474121094,19.84375,2.0,2.90625,112.875,112.875,2.7874999046325684,0.5062500238418579,39.1875,1.3125,3.6875,0.7552083730697632,0.08281250298023224,1.25,0.0,0.0,3,3 1
193,1521.310302734375,1372.7393798828125,1150.7506103515625,443.5687561035156,4.125,0.0,6.03125,12.0625,4.0625,0.9375,1.96875,0.03125,5.0625,50.662498474121094,23.03125,2.0,3.125,120.0625,120.0625,3.0374999046325684,0.6625000238418579,53.875,1.6875,5.65625,1.0625,0.12968750298023224,1.34375,0.0,0.0,1,1 3
194,1877.4437255859375,1624.0166015625,1366.6182861328125,424.45623779296875,4.59375,0.03125,6.78125,13.5625,4.53125,1.21875,2.25,0.03125,5.53125,58.20624923706055,11.09375,2.0,3.59375,104.75,104.75,7.974999904632568,1.4874999523162842,77.0,2.46875,7.375,0.6302083134651184,0.10989584028720856,2.21875,0.03125,0.0,3,3 1
195,2033.2645263671875,1723.681884765625,1451.751708984375,423.75,4.75,0.0625,6.84375,13.6875,4.625,1.1875,2.21875,0.03125,5.625,58.5,16.1875,2.0,3.75,89.875,89.875,7.525000095367432,1.4562499523162842,84.5625,2.9375,8.4375,0.565625011920929,0.06354166567325592,2.0625,0.0625,0.0,3,3 4
196,1920.327392578125,1666.2913818359375,1404.396240234375,424.70001220703125,4.59375,0.0625,6.6875,13.34375,4.59375,1.03125,2.09375,0.03125,5.59375,56.412498474121094,14.96875,2.0,3.59375,79.375,79.375,8.112500190734863,1.3875000476837158,71.0,2.6875,8.28125,1.0479166507720947,0.08645833283662796,1.71875,0.0625,0.0,3,3 1
197,1844.2674560546875,1613.2745361328125,1358.635498046875,418.58123779296875,4.5625,0.03125,6.59375,13.09375,4.53125,1.0,2.03125,0.0,5.53125,56.35625076293945,13.4375,2.0,3.5625,78.65625,78.65625,6.212500095367432,1.1124999523162842,80.5,2.625,9.40625,0.6499999761581421,0.08385416865348816,1.9375,0.03125,0.0,3,3 1
198,1699.8287353515625,1445.158935546875,1215.510498046875,395.875,4.28125,0.0,6.09375,12.1875,4.28125,0.8125,1.8125,0.0,5.28125,48.38750076293945,19.78125,2.0,3.28125,76.125,76.125,4.025000095367432,0.44999998807907104,75.5,1.75,6.46875,0.81354159116745,0.05052082985639572,1.5,0.0,0.0,3,3 1
199,1747.836181640625,1516.146728515625,1270.9622802734375,419.15625,4.4375,0.03125,6.15625,12.28125,4.375,0.75,1.78125,0.0,5.375,50.26250076293945,12.15625,2.0,3.4375,90.03125,90.03125,4.599999904632568,0.6000000238418579,62.0,1.90625,6.3125,0.9489582777023315,0.06458333134651184,1.71875,0.03125,0.0,3,3 1
200,1523.877197265625,1301.634033203125,1089.838623046875,365.29998779296875,4.03125,0.0,5.59375,11.15625,3.96875,0.5625,1.625,0.03125,4.96875,43.1875,19.9375,2.0,3.03125,83.96875,83.96875,2.012500047683716,0.2874999940395355,43.0625,1.21875,5.15625,1.0697916746139526,0.03593749925494194,1.25,0.0,0.0,3,3 1
201,1680.3922119140625,1466.6673583984375,1233.6441650390625,386.7124938964844,4.34375,0.0,6.03125,12.0625,4.28125,0.75,1.75,0.0,5.28125,48.525001525878906,21.875,2.0,3.34375,79.15625,79.15625,4.212500095367432,0.5874999761581421,63.9375,1.40625,5.875,0.6479166746139526,0.03072916902601719,1.625,0.0,0.0,3,3 1
202,1661.8927001953125,1465.1031494140625,1232.3131103515625,386.88751220703125,4.34375,0.0,5.96875,11.9375,4.21875,0.71875,1.75,0.03125,5.21875,47.89374923706055,22.25,2.0,3.34375,81.84375,81.84375,3.762500047683716,0.4749999940395355,66.1875,1.6875,6.53125,0.721875011920929,0.0625,1.59375,0.0,0.0,3,3 1
203,1790.373779296875,1542.303466796875,1296.673583984375,404.92498779296875,4.4375,0.03125,6.34375,12.6875,4.375,0.96875,1.96875,0.0,5.375,53.025001525878906,14.5625,2.0,3.4375,83.4375,83.4375,6.724999904632568,1.0812499523162842,67.3125,2.3125,8.8125,0.65625,0.05364583805203438,1.71875,0.03125,0.0,3,3 1
204,1761.7310791015625,1467.9381103515625,1234.0875244140625,366.39373779296875,4.28125,0.03125,6.03125,12.0625,4.21875,0.8125,1.8125,0.0,5.21875,49.5625,17.84375,2.0,3.28125,69.5,69.5,4.625,0.6625000238418579,51.25,1.59375,5.21875,0.6614583134651184,0.08437500149011612,1.34375,0.03125,0.0,3,3 1
205,1804.4949951171875,1532.5728759765625,1287.162353515625,393.53125,4.4375,0.03125,6.40625,12.8125,4.375,1.03125,2.03125,0.0,5.375,53.01250076293945,9.46875,2.0,3.4375,85.09375,85.09375,7.824999809265137,1.1749999523162842,56.5,2.03125,7.1875,0.6937500238418579,0.08749999850988388,1.75,0.03125,0.0,3,3 1
206,1711.137451171875,1429.361572265625,1202.5584716796875,370.71875,4.25,0.0,5.9375,11.875,4.15625,0.75,1.78125,0.03125,5.15625,48.92499923706055,15.65625,2.0,3.25,84.0,84.0,5.162499904632568,0.8062499761581421,53.875,1.6875,6.3125,0.918749988079071,0.12291667610406876,1.59375,0.0,0.0,3,3 1
207,1916.1494140625,1585.4840087890625,1339.142578125,396.71875,4.53125,0.0,6.5625,13.125,4.5,1.0625,2.0625,0.0,5.5,52.443748474121094,21.28125,2.0,3.53125,72.59375,72.59375,6.224999904632568,1.037500023841858,75.125,2.53125,8.875,0.453125,0.05937499925494194,1.53125,0.0,0.0,3,3 1
208,1902.5565185546875,1624.4830322265625,1372.6689453125,426.9937438964844,4.59375,0.0,6.71875,13.40625,4.5625,1.125,2.15625,0.0,5.5625,55.23125076293945,17.21875,2.0,3.59375,75.8125,75.8125,6.787499904632568,1.1437499523162842,82.9375,2.78125,9.9375,0.9937499761581421,0.10260416567325592,1.96875,0.0,0.0,3,3 2
209,2005.3477783203125,1687.500732421875,1425.8778076171875,390.13751220703125,4.6875,0.03125,6.8125,13.59375,4.625,1.125,2.15625,0.03125,5.65625,55.79999923706055,15.09375,2.0,3.6875,70.4375,70.4375,7.724999904632568,1.0125000476837158,72.9375,2.25,8.8125,0.36250001192092896,0.05312500149011612,1.90625,0.03125,0.0,3,3 1
210,1752.1881103515625,1467.487548828125,1237.1177978515625,386.6812438964844,4.28125,0.0,6.28125,12.5625,4.3125,1.0,1.96875,0.0,5.28125,51.84375,15.21875,2.4375,3.28125,61.40625,61.40625,6.962500095367432,0.9375,55.5,1.90625,6.75,0.7718750238418579,0.06718750298023224,1.5,0.0,0.0,3,3 1
211,1400.8326416015625,1231.928466796875,1028.7044677734375,355.9125061035156,3.90625,0.0,5.375,10.75,3.875,0.53125,1.5,0.0,4.84375,41.23125076293945,15.15625,2.46875,2.90625,65.46875,65.46875,1.225000023841858,0.20000000298023224,31.0625,0.84375,2.9375,0.5802083611488342,0.05312500149011612,1.6875,0.0,0.0,3,3 1
212,1705.445556640625,1417.447998046875,1189.295654296875,401.2875061035156,4.25,0.0,6.28125,12.5625,4.25,1.03125,2.03125,0.0,5.25,47.506248474121094,13.78125,2.0,3.25,62.9375,62.9375,3.2750000953674316,0.5562499761581421,47.375,1.46875,4.84375,0.6947916746139526,0.12291667610406876,1.71875,0.0,0.0,3,3 1
213,1549.2015380859375,1324.912841796875,1112.953857421875,364.5874938964844,4.03125,0.0,5.5625,11.125,4.03125,0.5625,1.53125,0.0,5.0,44.5625,15.34375,2.46875,3.03125,54.96875,54.96875,2.950000047683716,0.34375,54.3125,1.28125,5.3125,0.9781249761581421,0.10885415971279144,1.34375,0.0,0.0,3,3 1
214,1488.0147705078125,1279.0440673828125,1066.875732421875,351.88751220703125,3.96875,0.03125,5.375,10.71875,3.9375,0.40625,1.4375,0.0,4.9375,42.98125076293945,13.59375,2.0,2.96875,52.03125,52.03125,1.212499976158142,0.13750000298023224,25.8125,0.5,1.84375,1.152083396911621,0.06354166567325592,1.5625,0.03125,0.0,3,3 1
215,1755.2115478515625,1500.400146484375,1264.5089111328125,361.2562561035156,4.40625,0.0,5.90625,11.78125,4.3125,0.59375,1.5625,0.0,5.3125,49.256248474121094,20.1875,2.0,3.40625,59.34375,59.34375,3.9000000953674316,0.48124998807907104,70.8125,1.5625,6.125,0.6916666626930237,0.1015625,1.71875,0.0,0.0,3,3 1
216,1484.4627685546875,1280.749267578125,1070.523681640625,333.78125,4.03125,0.0,5.4375,10.84375,4.0,0.40625,1.4375,0.0,5.0,41.45624923706055,14.25,2.0,3.03125,49.4375,49.4375,0.5375000238418579,0.08124999701976776,39.8125,0.65625,2.8125,0.6208333373069763,0.0703125,1.78125,0.0,0.0,3,3 1
217,1553.5731201171875,1359.1861572265625,1141.462646484375,364.6625061035156,4.125,0.0,5.6875,11.375,4.09375,0.625,1.59375,0.0,5.0625,43.9375,14.875,2.4375,3.125,57.71875,57.71875,3.0999999046325684,0.643750011920929,53.5625,1.40625,4.78125,0.8385416865348816,0.07500000298023224,1.9375,0.0,0.0,3,3 1
218,1602.1358642578125,1409.5045166015625,1184.2314453125,401.76251220703125,4.21875,0.0,5.875,11.75,4.15625,0.71875,1.71875,0.0,5.15625,46.36249923706055,17.90625,2.0,3.21875,66.71875,66.71875,2.1500000953674316,0.3375000059604645,53.0,1.4375,5.3125,1.3312499523162842,0.12708333134651184,1.375,0.0,0.0,3,3 1
219,1723.4674072265625,1508.3687744140625,1268.7840576171875,422.54998779296875,4.34375,0.03125,6.15625,12.3125,4.3125,0.875,1.84375,0.0,5.28125,49.837501525878906,21.65625,2.46875,3.34375,57.90625,57.90625,6.074999809265137,0.887499988079071,54.625,1.625,6.15625,1.3885416984558105,0.05156249925494194,1.59375,0.03125,0.0,3,3 1
220,1586.0028076171875,1387.922607421875,1164.4775390625,398.76251220703125,4.1875,0.0,5.90625,11.75,4.1875,0.65625,1.71875,0.0,5.1875,46.775001525878906,16.0,2.0,3.1875,60.4375,60.4375,3.424999952316284,0.6187499761581421,51.9375,1.53125,5.34375,0.8062499761581421,0.04270833358168602,1.75,0.0,0.0,3,3 1
221,1628.94775390625,1397.9388427734375,1173.1259765625,402.4750061035156,4.21875,0.0,5.75,11.5,4.21875,0.53125,1.53125,0.0,5.21875,45.07500076293945,16.875,2.0,3.21875,64.65625,64.65625,1.1749999523162842,0.20000000298023224,57.875,1.15625,5.0625,1.6197916269302368,0.13593749701976776,1.34375,0.0,0.0,3,3 1
222,1701.46240234375,1477.724609375,1243.0537109375,430.1937561035156,4.34375,0.0,6.25,12.4375,4.34375,0.875,1.84375,0.03125,5.34375,48.0,18.59375,2.0,3.34375,56.5,56.5,2.387500047683716,0.4000000059604645,83.6875,2.0,6.15625,1.2427083253860474,0.12604166567325592,1.5,0.0,0.0,3,3 1
223,1520.51416015625,1303.63232421875,1089.6776123046875,386.7124938964844,4.0625,0.0,5.46875,10.9375,3.90625,0.5625,1.5625,0.0,4.90625,42.587501525878906,22.65625,2.0,3.0625,63.34375,63.34375,1.787500023841858,0.23125000298023224,44.1875,0.9375,3.375,1.0229166746139526,0.1484375,1.34375,0.0,0.0,3,3 1
224,1568.196044921875,1324.5810546875,1116.069091796875,425.2562561035156,3.9375,0.0,5.75,11.5,4.09375,0.8125,1.65625,0.0,4.9375,44.46875,20.75,4.3125,2.9375,61.40625,61.40625,3.200000047683716,0.5,63.6875,1.8125,5.59375,0.7947916984558105,0.08489583432674408,1.0625,0.0,0.0,3,3 1
225,1696.4259033203125,1402.2376708984375,1179.861572265625,433.20623779296875,4.15625,0.0,5.75,11.46875,4.15625,0.59375,1.59375,0.0,5.125,47.25,21.71875,2.4375,3.15625,62.875,62.875,2.924999952316284,0.33125001192092896,65.0625,2.21875,7.03125,0.875,0.05312500149011612,0.9375,0.0,0.0,3,3 1
226,1539.1351318359375,1275.48974609375,1069.6192626953125,427.0625,3.90625,0.0,5.4375,10.875,3.90625,0.5625,1.53125,0.0,4.875,43.381248474121094,22.5,2.46875,2.90625,71.0625,71.0625,3.512500047683716,0.48750001192092896,51.5,1.71875,5.6875,0.7760416865348816,0.02968749962747097,1.0625,0.0,0.0,3,3 1
227,1542.4306640625,1294.141357421875,1087.0958251953125,411.33123779296875,3.9375,0.0,5.34375,10.6875,4.03125,0.4375,1.3125,0.0,4.90625,43.15625,26.25,3.8125,2.9375,65.53125,65.53125,2.0625,0.33125001192092896,58.75,1.65625,4.59375,0.6552083492279053,0.0416666679084301,1.03125,0.0,0.0,3,3 1
228,1507.73193359375,1305.2607421875,1095.0797119140625,438.1875,3.96875,0.0,5.53125,11.0625,3.90625,0.65625,1.625,0.0,4.875,43.599998474121094,28.71875,2.40625,2.96875,60.375,60.375,1.5750000476837158,0.23749999701976776,61.1875,1.65625,5.71875,1.2020833492279053,0.13489583134651184,1.0625,0.0,0.0,3,3 1
229,1462.5548095703125,1270.07763671875,1062.7490234375,415.1000061035156,3.9375,0.0,5.40625,10.78125,3.875,0.53125,1.53125,0.0,4.84375,43.40625,25.3125,2.46875,2.9375,53.84375,53.84375,1.2000000476837158,0.23125000298023224,47.125,1.28125,3.71875,0.7104166746139526,0.0677083358168602,1.25,0.0,0.0,3,3 1
230,1390.9573974609375,1219.8134765625,1018.6925659179688,416.4125061035156,3.84375,0.0,5.34375,10.6875,3.8125,0.5625,1.53125,0.0,4.78125,40.64374923706055,24.4375,2.125,2.84375,67.375,67.375,2.262500047683716,0.4937500059604645,52.4375,1.25,3.21875,0.861458420753479,0.02708333358168602,1.28125,0.0,0.0,3,3 1
231,1429.4857177734375,1172.662353515625,978.9346923828125,376.09375,3.75,0.0,5.09375,10.1875,3.6875,0.40625,1.40625,0.0,4.6875,40.318748474121094,26.75,2.0,2.75,54.84375,54.84375,0.8500000238418579,0.11874999850988388,38.25,0.96875,3.59375,0.6177083253860474,0.0390625,0.9375,0.0,0.0,3,3 1
232,1585.5794677734375,1336.0496826171875,1120.6217041015625,408.2562561035156,4.0625,0.0,5.53125,11.0625,4.03125,0.5,1.5,0.0,5.03125,46.48749923706055,23.3125,2.0,3.0625,57.25,57.25,2.612499952316284,0.36250001192092896,56.0,1.53125,5.8125,0.7437500357627869,0.0260416679084301,1.25,0.0,0.0,3,3 1
233,1464.031982421875,1233.1378173828125,1032.233642578125,387.45623779296875,3.84375,0.0,5.4375,10.84375,3.8125,0.59375,1.625,0.0,4.8125,43.224998474121094,21.46875,2.0,2.84375,51.78125,51.78125,2.9625000953674316,0.45625001192092896,38.3125,1.28125,4.90625,0.8343750238418579,0.07500000298023224,1.15625,0.0,0.0,3,3 1
234,1786.008544921875,1512.4830322265625,1275.2327880859375,438.5062561035156,4.375,0.0,6.15625,12.28125,4.34375,0.78125,1.8125,0.0,5.34375,51.568748474121094,24.4375,2.0,3.375,51.28125,51.28125,3.5625,0.6000000238418579,77.8125,2.5625,7.71875,0.8020833134651184,0.0729166641831398,1.21875,0.0,0.0,3,3 1
235,1732.2867431640625,1428.596923828125,1206.4962158203125,393.9750061035156,4.15625,0.0,5.9375,11.875,4.15625,0.78125,1.78125,0.0,5.15625,50.17499923706055,26.5,2.0,3.15625,52.15625,52.15625,5.574999809265137,0.7437499761581421,67.75,2.46875,7.8125,0.7583333253860474,0.04374999925494194,0.84375,0.0,0.0,3,3 1
236,1692.7271728515625,1452.1634521484375,1222.552001953125,438.64373779296875,4.25,0.0,6.28125,12.5625,4.21875,1.0625,2.0625,0.0,5.21875,49.38750076293945,23.3125,2.0,3.25,60.75,60.75,3.987499952316284,0.75,81.0,2.625,7.65625,0.87395840883255,0.06562499701976776,1.1875,0.0,0.0,3,3 1
237,1811.028564453125,1598.0904541015625,1350.8702392578125,469.625,4.5,0.0,6.65625,13.3125,4.5,1.15625,2.15625,0.0,5.5,54.54999923706055,29.6875,2.0,3.5,61.15625,61.15625,5.275000095367432,0.987500011920929,85.1875,2.78125,9.53125,1.0968749523162842,0.04218750074505806,1.15625,0.0,0.0,3,3 1
238,1752.20458984375,1474.379150390625,1240.9456787109375,434.5874938964844,4.3125,0.0,6.34375,12.625,4.3125,0.96875,2.03125,0.0,5.3125,49.76874923706055,23.40625,2.0,3.3125,49.96875,49.96875,2.950000047683716,0.5249999761581421,70.25,2.0,6.625,0.8677083253860474,0.05104167014360428,1.25,0.0,0.0,3,3 1
239,1594.1304931640625,1369.52685546875,1149.0770263671875,443.04376220703125,4.125,0.0,5.75,11.5,4.0,0.75,1.75,0.0,5.0,45.32500076293945,24.40625,2.0,3.125,51.46875,51.46875,1.899999976158142,0.3125,59.5625,1.65625,5.34375,0.887499988079071,0.06562499701976776,1.1875,0.0,0.0,3,3 1
240,1549.649658203125,1334.361572265625,1120.4361572265625,418.6625061035156,4.03125,0.0,5.84375,11.65625,4.03125,0.84375,1.78125,0.03125,4.96875,43.349998474121094,21.0,2.96875,3.03125,50.71875,50.71875,0.862500011920929,0.20624999701976776,64.75,1.59375,5.75,1.524999976158142,0.10260416567325592,0.96875,0.0,0.0,3,3 1
241,1537.826904296875,1365.0130615234375,1148.3521728515625,424.875,4.0625,0.0,5.96875,11.84375,4.0625,0.84375,1.8125,0.09375,5.03125,45.70624923706055,26.125,3.03125,3.0625,56.21875,56.21875,2.25,0.42500001192092896,57.8125,1.625,4.90625,0.9354166984558105,0.07604166865348816,1.21875,0.0,0.0,3,3 1
242,1794.5032958984375,1530.0550537109375,1290.699462890625,419.1937561035156,4.40625,0.0,6.4375,12.875,4.40625,0.96875,2.03125,0.0625,5.40625,52.943748474121094,23.65625,2.0,3.40625,73.3125,73.3125,4.762499809265137,0.887499988079071,77.125,2.65625,7.6875,0.628125011920929,0.03281249850988388,1.40625,0.0,0.0,3,3 1
243,1577.6297607421875,1364.197021484375,1147.3134765625,424.0249938964844,4.0625,0.0,6.0,11.96875,4.0625,0.8125,1.90625,0.15625,5.03125,46.73749923706055,25.71875,2.65625,3.0625,63.09375,63.09375,1.787500023841858,0.2874999940395355,60.125,1.6875,5.34375,1.193750023841858,0.07135416567325592,0.875,0.0,0.0,3,3 1
244,1410.0355224609375,1204.166259765625,1006.11669921875,378.64373779296875,3.71875,0.03125,5.375,10.71875,3.71875,0.625,1.625,0.0625,4.6875,43.41875076293945,24.5625,2.25,2.71875,60.03125,60.03125,2.75,0.4000000059604645,39.375,1.375,4.375,1.0104166269302368,0.08229167014360428,1.0,0.03125,0.0,3,3 1
245,1339.0712890625,1160.629150390625,969.88623046875,377.3062438964844,3.6875,0.0,5.3125,10.625,3.71875,0.625,1.59375,0.0,4.6875,41.9375,24.375,2.59375,2.6875,51.15625,51.15625,2.0,0.39375001192092896,37.8125,1.1875,3.15625,0.4489583373069763,0.0260416679084301,1.34375,0.0,0.0,3,3 1
246,1720.6385498046875,1504.440673828125,1268.8092041015625,404.84375,4.375,0.0,5.875,11.71875,4.25,0.625,1.625,0.0,5.21875,51.3125,28.5,2.0,3.375,50.84375,50.84375,3.1624999046325684,0.574999988079071,79.8125,2.15625,6.4375,0.9270833134651184,0.0546875,1.4375,0.0,0.0,3,3 1
247,1688.59765625,1431.313232421875,1204.432861328125,404.13751220703125,4.21875,0.0,6.34375,12.6875,4.1875,0.9375,2.15625,0.21875,5.1875,49.6875,25.5,2.0,3.21875,50.15625,50.15625,4.800000190734863,0.96875,66.3125,2.125,4.96875,0.492708295583725,0.04374999925494194,1.5,0.0,0.0,3,3 1
248,1780.7752685546875,1529.9827880859375,1290.727783203125,420.45001220703125,4.40625,0.0,6.5,13.0,4.375,0.96875,2.125,0.15625,5.375,51.48125076293945,22.03125,2.0,3.40625,56.34375,56.34375,4.150000095367432,0.887499988079071,90.8125,2.65625,7.84375,0.7114583253860474,0.06041666865348816,1.375,0.0,0.0,3,3 1
249,1799.208740234375,1542.0235595703125,1302.0657958984375,395.14373779296875,4.4375,0.0,6.3125,12.625,4.40625,0.8125,1.90625,0.09375,5.40625,51.26874923706055,25.15625,2.0,3.4375,47.4375,47.4375,3.4749999046325684,0.6625000238418579,99.5,2.71875,7.0,0.7427083253860474,0.04791666567325592,1.40625,0.0,0.0,3,3 1
250,1815.0174560546875,1561.4962158203125,1319.9710693359375,415.63751220703125,4.4375,0.0,6.6875,13.34375,4.4375,1.03125,2.21875,0.21875,5.4375,52.39374923706055,25.84375,2.0,3.4375,53.75,53.75,5.362500190734863,1.0187499523162842,90.0625,2.9375,8.75,0.8666666746139526,0.04374999925494194,1.3125,0.0,0.0,3,3 1
251,1741.745849609375,1441.8734130859375,1214.9537353515625,371.42498779296875,4.25,0.0,6.09375,12.15625,4.25,0.71875,1.84375,0.09375,5.25,47.71875,25.6875,2.0,3.25,49.3125,49.3125,3.875,0.762499988079071,81.5625,2.625,7.625,0.4489583373069763,0.04739583283662796,1.3125,0.0,0.0,3,3 1
252,1812.738037109375,1463.9483642578125,1236.594482421875,363.10626220703125,4.25,0.0,6.1875,12.375,4.25,0.90625,1.9375,0.03125,5.25,50.474998474121094,28.71875,2.0,3.25,62.0,62.0,5.237500190734863,0.762499988079071,69.4375,2.625,7.96875,0.6916666626930237,0.03125,1.0,0.0,0.0,3,3 1
253,1920.43310546875,1633.3583984375,1382.903076171875,390.95001220703125,4.59375,0.0,6.6875,13.34375,4.59375,1.0625,2.09375,0.0,5.59375,54.037498474121094,23.375,2.0,3.59375,54.78125,54.78125,5.487500190734863,1.2937500476837158,100.0625,3.25,8.5625,0.5083333253860474,0.07604166865348816,1.53125,0.0,0.0,3,3 1
254,1941.283935546875,1633.2735595703125,1382.4127197265625,399.57501220703125,4.59375,0.0,6.71875,13.4375,4.59375,0.96875,2.125,0.15625,5.59375,54.506248474121094,22.625,2.0,3.59375,46.1875,46.1875,5.4375,1.037500023841858,100.3125,3.3125,10.5,0.7406250238418579,0.02812499925494194,1.28125,0.0,0.0,3,3 1
255,1734.3299560546875,1468.0904541015625,1236.097900390625,362.48748779296875,4.25,0.03125,6.09375,12.1875,4.21875,0.8125,1.875,0.0625,5.21875,49.61249923706055,22.125,2.0,3.25,42.78125,42.78125,4.699999809265137,0.9375,77.4375,2.46875,7.5625,0.5249999761581421,0.0859375,1.5,0.03125,0.0,3,3 1
256,1617.3548583984375,1366.8629150390625,1151.8990478515625,336.76873779296875,4.09375,0.0,5.65625,11.3125,4.09375,0.53125,1.5625,0.03125,5.09375,44.01874923706055,25.0625,2.0,3.09375,42.46875,42.46875,1.899999976158142,0.44999998807907104,75.5,2.15625,6.875,1.2177083492279053,0.06875000149011612,0.9375,0.0,0.0,3,3 1
257,1473.5731201171875,1221.3087158203125,1024.552490234375,322.34375,3.8125,0.0,5.375,10.75,3.8125,0.53125,1.5625,0.03125,4.8125,42.14374923706055,31.53125,2.0,2.8125,45.5625,45.5625,2.9625000953674316,0.5874999761581421,48.9375,1.6875,4.875,0.559374988079071,0.02031249925494194,1.125,0.0,0.0,3,3 1
258,1855.1153564453125,1533.791259765625,1295.9951171875,382.89373779296875,4.40625,0.0,6.3125,12.625,4.375,0.875,1.9375,0.0625,5.375,51.71875,27.28125,2.0,3.40625,49.71875,49.71875,5.474999904632568,0.9312499761581421,84.1875,2.875,8.71875,0.6020833253860474,0.0364583358168602,1.5,0.0,0.0,3,3 1
259,1851.3380126953125,1558.2142333984375,1317.3408203125,394.8500061035156,4.4375,0.0,6.59375,13.1875,4.4375,1.03125,2.15625,0.125,5.4375,53.28125,26.5,2.0,3.4375,55.4375,55.4375,5.724999904632568,1.09375,77.625,2.875,8.5625,0.48645836114883423,0.05416666716337204,1.4375,0.0,0.0,3,3 1
260,2078.46435546875,1663.714111328125,1407.6265869140625,399.1812438964844,4.59375,0.03125,6.65625,13.28125,4.59375,1.0,2.0625,0.03125,5.59375,56.525001525878906,24.375,2.0,3.59375,51.25,51.25,9.487500190734863,1.3562500476837158,80.0625,3.53125,11.78125,1.103124976158142,0.05416666716337204,1.21875,0.03125,0.0,3,3 1
261,1791.71142578125,1468.672607421875,1239.3331298828125,365.5062561035156,4.28125,0.0,6.21875,12.4375,4.28125,0.90625,1.9375,0.03125,5.28125,50.34375,18.90625,2.0,3.28125,50.40625,50.40625,5.275000095367432,0.8687499761581421,69.25,2.5,6.84375,0.4156250059604645,0.02031249925494194,1.28125,0.0,0.0,3,3 1
262,2027.9329833984375,1666.132080078125,1412.202880859375,410.7562561035156,4.625,0.0,6.96875,13.90625,4.625,1.25,2.3125,0.09375,5.625,56.493751525878906,23.375,2.0,3.625,64.40625,64.40625,5.912499904632568,1.056249976158142,103.25,3.5625,11.125,0.893750011920929,0.09375,1.21875,0.0,0.0,3,3 1
263,1966.24169921875,1602.146240234375,1355.4249267578125,408.875,4.53125,0.0,6.59375,13.125,4.53125,0.96875,2.03125,0.0625,5.53125,52.181251525878906,19.46875,2.0,3.53125,52.84375,52.84375,5.137499809265137,0.7250000238418579,91.1875,3.125,10.625,0.9437500238418579,0.11822916567325592,1.125,0.0,0.0,3,3 1
264,2009.1146240234375,1653.3677978515625,1399.5252685546875,429.1187438964844,4.625,0.0,6.875,13.71875,4.625,1.21875,2.21875,0.03125,5.625,53.993751525878906,22.0,2.0,3.625,58.5625,58.5625,5.412499904632568,0.925000011920929,105.75,3.4375,11.4375,1.2697917222976685,0.12604166567325592,1.3125,0.0,0.0,3,3 1
265,1965.3660888671875,1626.5946044921875,1375.8616943359375,419.8812561035156,4.59375,0.0,6.53125,13.03125,4.59375,0.9375,1.90625,0.0,5.59375,52.493751525878906,25.5,2.0,3.59375,59.09375,59.09375,4.275000095367432,0.643750011920929,100.8125,3.0625,9.65625,0.84479159116745,0.11562500149011612,1.1875,0.0,0.0,3,3 1
266,2039.474853515625,1656.686767578125,1402.452880859375,430.01873779296875,4.625,0.0,6.6875,13.375,4.625,1.0625,2.0625,0.0,5.625,58.099998474121094,22.34375,2.0,3.625,60.875,60.875,8.199999809265137,1.037500023841858,81.1875,3.0625,9.4375,0.87395840883255,0.11562500149011612,1.125,0.0,0.0,3,3 1
267,1973.1627197265625,1535.6834716796875,1294.677001953125,412.3812561035156,4.28125,0.0625,6.03125,12.0625,4.3125,0.75,1.71875,0.0,5.28125,53.875,23.71875,2.46875,3.28125,56.9375,56.9375,10.774999618530273,1.256250023841858,57.6875,2.75,10.09375,1.0906250476837158,0.0625,0.78125,0.0625,0.0,3,3 1
268,2032.7625732421875,1643.7242431640625,1387.3270263671875,461.5,4.5625,0.03125,6.71875,13.40625,4.59375,1.125,2.125,0.0,5.5625,57.58124923706055,20.1875,2.53125,3.5625,61.40625,61.40625,10.362500190734863,1.4812500476837158,70.375,3.03125,10.6875,1.09375,0.09166666865348816,1.4375,0.03125,0.0,3,3 1
269,1911.7099609375,1558.7628173828125,1309.8427734375,417.7562561035156,4.40625,0.0625,6.21875,12.4375,4.34375,0.875,1.875,0.0,5.34375,53.193748474121094,21.9375,2.0,3.40625,51.71875,51.71875,6.150000095367432,0.7124999761581421,70.1875,2.375,7.84375,1.0499999523162842,0.11874999850988388,1.15625,0.0625,0.0,3,3 1
270,1896.995849609375,1595.861572265625,1343.578369140625,437.10626220703125,4.53125,0.03125,6.40625,12.8125,4.5,0.90625,1.90625,0.0,5.5,52.681251525878906,20.8125,2.0,3.53125,56.21875,56.21875,5.337500095367432,0.6812499761581421,74.25,2.03125,7.75,1.115625023841858,0.10468749701976776,1.375,0.03125,0.0,3,3 1
271,2146.872314453125,1706.9710693359375,1443.9124755859375,452.1499938964844,4.65625,0.03125,7.03125,13.9375,4.65625,1.28125,2.28125,0.0625,5.65625,61.42499923706055,22.15625,2.0,3.65625,76.1875,76.1875,13.337499618530273,1.6687500476837158,76.75,3.40625,11.3125,0.12812499701976776,0.0651041641831398,1.53125,0.03125,0.0,3,3 1
272,1798.8372802734375,1416.220458984375,1195.193115234375,420.1812438964844,4.125,0.0,5.96875,11.875,4.21875,0.78125,1.75,0.0,5.125,49.912498474121094,23.75,3.4375,3.125,72.625,72.625,7.5625,0.800000011920929,63.125,2.8125,8.5,0.5333333611488342,0.03229166567325592,1.09375,0.0,0.0,3,3 1
273,1978.031494140625,1563.4117431640625,1318.697021484375,429.91876220703125,4.40625,0.03125,6.28125,12.46875,4.375,0.84375,1.90625,0.0,5.34375,54.88750076293945,21.25,2.46875,3.40625,86.5,86.5,9.487500190734863,0.981249988079071,74.75,3.03125,9.8125,0.6072916984558105,0.06197916716337204,1.15625,0.03125,0.0,3,3 1
274,1734.5233154296875,1375.0584716796875,1158.241455078125,414.6625061035156,4.0625,0.0,5.75,11.46875,4.0625,0.65625,1.6875,0.0,5.0625,50.70624923706055,27.53125,2.0,3.0625,79.40625,79.40625,7.8125,0.856249988079071,45.9375,2.375,6.6875,0.48229163885116577,0.01666666753590107,1.0,0.0,0.0,3,3 1
275,1575.073974609375,1315.829345703125,1109.090576171875,429.53125,3.90625,0.0,5.65625,11.3125,3.96875,0.84375,1.6875,0.0,4.8125,45.36249923706055,28.03125,4.03125,2.90625,99.28125,99.28125,5.987500190734863,0.800000011920929,60.375,2.1875,7.625,1.1437499523162842,0.10625000298023224,0.84375,0.0,0.0,3,3 1
276,1109.06494140625,914.0997924804688,761.174072265625,361.09375,3.03125,0.03125,4.5,9.0,3.28125,0.5,1.21875,0.0,4.0,34.54375076293945,24.0625,5.8125,2.03125,107.3125,107.3125,4.275000095367432,0.4937500059604645,31.75,1.40625,4.84375,1.0364583730697632,0.07187499850988388,0.5625,0.03125,0.0,3,3 1
277,956.4187622070312,799.2256469726562,666.6084594726562,335.88751220703125,2.8125,0.0,4.125,8.21875,3.09375,0.375,1.0,0.0,3.75,30.78125,23.53125,7.28125,1.8125,107.71875,107.71875,2.9749999046325684,0.36250001192092896,22.3125,1.09375,4.03125,0.940625011920929,0.02031249925494194,0.4375,0.0,0.0,3,3 1
278,1023.1185302734375,871.4315185546875,721.969970703125,362.8062438964844,3.0625,0.0,4.4375,8.8125,3.21875,0.40625,1.21875,0.0,3.96875,33.068748474121094,22.5625,5.1875,2.0625,131.90625,131.90625,1.850000023841858,0.3062500059604645,22.625,0.875,3.09375,0.8354166746139526,0.02187499962747097,0.6875,0.0,0.0,3,3 1
279,820.8827514648438,694.8472900390625,573.8551635742188,306.26251220703125,2.65625,0.0,3.78125,7.53125,2.9375,0.1875,0.84375,0.0,3.5625,27.037500381469727,25.09375,7.4375,1.65625,123.46875,123.46875,1.162500023841858,0.15625,15.4375,0.59375,1.84375,0.8552082777023315,0.01406249962747097,0.65625,0.0,0.0,3,3 1
280,989.0344848632812,841.0110473632812,696.8397216796875,336.98126220703125,3.0,0.0,4.1875,8.34375,3.15625,0.25,1.03125,0.0,3.90625,31.59375,25.40625,5.9375,2.0,144.25,144.25,1.25,0.19374999403953552,25.625,0.78125,1.96875,0.6833333373069763,0.0078125,0.9375,0.0,0.0,3,3 1
281,1314.7110595703125,1082.146484375,898.7431640625,373.58123779296875,3.59375,0.0,4.875,9.71875,3.5625,0.34375,1.3125,0.0,4.5,37.89374923706055,29.71875,2.0625,2.59375,130.8125,130.8125,1.462499976158142,0.125,35.1875,1.15625,3.65625,0.643750011920929,0.02968749962747097,1.15625,0.0,0.0,3,3 1
282,1513.029052734375,1324.1002197265625,1111.937744140625,414.5,4.0,0.0,5.65625,11.28125,4.0,0.6875,1.625,0.03125,4.9375,46.75,24.53125,2.59375,3.0,128.4375,128.4375,3.5999999046325684,0.612500011920929,67.0,2.125,6.46875,0.6958333253860474,0.0390625,1.28125,0.0,0.0,3,3 1
283,1739.7115478515625,1456.385986328125,1225.089599609375,431.4750061035156,4.28125,0.0,6.125,12.21875,4.28125,0.8125,1.8125,0.03125,5.28125,51.26250076293945,31.15625,2.0,3.28125,155.03125,155.03125,5.537499904632568,0.8062499761581421,67.9375,2.53125,7.53125,0.6864583492279053,0.02187499962747097,1.1875,0.0,0.0,3,3 1
284,1671.2015380859375,1376.8421630859375,1155.826416015625,424.07501220703125,4.125,0.0,5.96875,11.9375,4.09375,0.875,1.875,0.0,5.09375,49.20000076293945,26.5,2.0,3.125,145.15625,145.15625,5.412499904632568,0.71875,52.625,2.125,7.1875,0.923958420753479,0.04843749850988388,1.09375,0.0,0.0,3,3 1
285,1424.289306640625,1207.779052734375,1007.8662109375,405.09375,3.75,0.03125,5.15625,10.3125,3.71875,0.5,1.4375,0.0,4.65625,41.375,27.40625,2.8125,2.75,114.40625,114.40625,3.1875,0.4124999940395355,47.8125,1.625,5.6875,0.9437500238418579,0.02656250074505806,1.0,0.03125,0.0,3,3 1
286,1728.332275390625,1430.9859619140625,1203.8392333984375,443.14373779296875,4.21875,0.0,5.875,11.71875,4.09375,0.8125,1.75,0.0,5.0625,49.875,33.84375,2.28125,3.21875,150.625,150.625,5.125,0.699999988079071,70.0,2.28125,8.5625,1.1916667222976685,0.05156249925494194,0.875,0.0,0.0,3,3 1
287,1633.3907470703125,1373.8216552734375,1153.062744140625,433.2250061035156,4.125,0.0,5.84375,11.6875,4.09375,0.78125,1.75,0.0,5.0625,47.63750076293945,30.59375,2.75,3.125,112.125,112.125,3.950000047683716,0.581250011920929,59.9375,1.9375,5.9375,0.6947916746139526,0.078125,1.46875,0.0,0.0,3,3 1
288,1496.5540771484375,1277.1400146484375,1068.36865234375,411.95001220703125,3.96875,0.0,5.28125,10.5625,3.75,0.5625,1.53125,0.0,4.71875,42.91875076293945,31.6875,2.09375,2.96875,100.90625,100.90625,1.087499976158142,0.20000000298023224,47.6875,1.15625,3.375,0.762499988079071,0.04791666567325592,1.4375,0.0,0.0,3,3 1
289,1297.898193359375,1146.0950927734375,953.8400268554688,407.11248779296875,3.71875,0.0,4.84375,9.6875,3.46875,0.40625,1.375,0.0,4.4375,40.162498474121094,30.5,2.34375,2.71875,78.6875,78.6875,1.625,0.2750000059604645,29.0625,0.8125,2.5625,0.6385416984558105,0.0260416679084301,1.3125,0.0,0.0,3,3 1
290,1124.152587890625,989.7540893554688,822.6687622070312,378.51873779296875,3.34375,0.0,4.46875,8.90625,3.21875,0.3125,1.21875,0.03125,4.125,34.26250076293945,31.75,2.90625,2.34375,83.65625,83.65625,0.9624999761581421,0.16875000298023224,27.0625,0.875,3.0625,0.8364583253860474,0.02656250074505806,0.90625,0.0,0.0,3,3 1
291,1034.071533203125,910.0828247070312,750.34326171875,343.9750061035156,3.25,0.0,4.21875,8.4375,3.09375,0.09375,1.125,0.03125,4.09375,33.23749923706055,30.5,2.0,2.25,86.9375,86.9375,0.3125,0.03125,14.375,0.40625,1.46875,0.831250011920929,0.01666666753590107,0.9375,0.0,0.0,3,3 1
292,1082.0726318359375,957.2459106445312,790.7067260742188,353.75,3.34375,0.0,4.46875,8.9375,3.25,0.21875,1.21875,0.0,4.25,35.35625076293945,29.1875,2.0,2.34375,101.4375,101.4375,0.42500001192092896,0.08124999701976776,24.4375,0.59375,1.625,0.878125011920929,0.02864583395421505,0.9375,0.0,0.0,3,3 1
293,1025.8218994140625,880.1148681640625,725.8209838867188,337.23748779296875,3.15625,0.0,4.28125,8.5625,3.125,0.21875,1.15625,0.0,4.0625,34.662498474121094,21.65625,2.46875,2.15625,95.84375,95.84375,0.0,0.0,15.9375,0.40625,1.1875,1.0385416746139526,0.04739583283662796,0.53125,0.0,0.0,3,3 1
294,1235.314208984375,1081.2437744140625,901.7205200195312,377.1875,3.53125,0.0,4.71875,9.40625,3.4375,0.375,1.28125,0.0,4.3125,38.306251525878906,30.71875,2.6875,2.53125,81.03125,81.03125,0.25,0.0625,35.9375,0.90625,2.78125,0.984375,0.05104167014360428,1.03125,0.0,0.0,3,3 1
295,1451.3934326171875,1253.595947265625,1046.6693115234375,407.1312561035156,3.9375,0.0,5.25,10.5,3.71875,0.53125,1.53125,0.0,4.71875,44.23749923706055,34.21875,2.0,2.9375,107.9375,107.9375,1.399999976158142,0.22499999403953552,40.8125,1.3125,4.375,0.8041666746139526,0.03750000149011612,1.0625,0.0,0.0,3,3 1
296,1204.47265625,1070.953369140625,890.8082275390625,338.45001220703125,3.5625,0.0,4.78125,9.5625,3.46875,0.3125,1.3125,0.0625,4.40625,37.10625076293945,29.21875,2.71875,2.5625,90.78125,90.78125,0.550000011920929,0.08749999850988388,29.125,0.6875,2.53125,1.0489583015441895,0.02968749962747097,1.21875,0.0,0.0,3,3 1
297,1192.044677734375,1057.6995849609375,876.7101440429688,364.2562561035156,3.5625,0.0,4.6875,9.34375,3.34375,0.28125,1.3125,0.0625,4.34375,38.537498474121094,30.46875,2.0,2.5625,96.4375,96.4375,0.699999988079071,0.09375,23.0625,0.6875,2.5625,0.86041659116745,0.03489583358168602,1.15625,0.0,0.0,3,3 1
298,1331.2864990234375,1187.103759765625,990.1185302734375,393.8812561035156,3.78125,0.0,5.40625,10.75,3.71875,0.5625,1.625,0.125,4.71875,41.5625,25.1875,2.0,2.78125,92.15625,92.15625,1.125,0.15000000596046448,47.5,1.1875,4.21875,1.0520833730697632,0.06458333134651184,1.375,0.0,0.0,3,3 1
299,1215.175537109375,1051.413818359375,873.1486206054688,354.0874938964844,3.53125,0.0,4.59375,9.15625,3.375,0.21875,1.1875,0.03125,4.34375,36.556251525878906,37.5,2.09375,2.53125,72.84375,72.84375,0.42500001192092896,0.06875000149011612,24.4375,0.75,2.5625,0.8208333253860474,0.02968749962747097,1.0,0.0,0.0,3,3 1
300,1161.1541748046875,1011.60546875,839.05517578125,339.3062438964844,3.4375,0.0,4.65625,9.28125,3.40625,0.21875,1.21875,0.03125,4.40625,37.82500076293945,29.625,2.0,2.4375,66.5625,66.5625,0.550000011920929,0.06875000149011612,18.5,0.5,1.5,0.7197916507720947,0.03229166567325592,1.09375,0.0,0.0,3,3 1
301,1331.238037109375,1163.224853515625,969.7242431640625,357.0874938964844,3.75,0.0,5.09375,10.1875,3.71875,0.375,1.375,0.0,4.71875,42.224998474121094,29.40625,2.0,2.75,71.0625,71.0625,1.3875000476837158,0.14374999701976776,30.25,0.75,2.875,0.984375,0.10260416567325592,1.25,0.0,0.0,3,3 1
302,1427.0989990234375,1249.171142578125,1044.4505615234375,397.29998779296875,3.90625,0.0,5.40625,10.78125,3.78125,0.53125,1.59375,0.125,4.75,42.29999923706055,28.53125,2.46875,2.90625,86.5,86.5,0.8999999761581421,0.16249999403953552,48.625,1.34375,4.5,0.96979159116745,0.07604166865348816,1.28125,0.0,0.0,3,3 1
303,1406.019775390625,1247.259521484375,1043.82275390625,417.1937561035156,3.875,0.0,5.1875,10.34375,3.8125,0.375,1.34375,0.0625,4.75,44.70000076293945,27.4375,2.34375,2.875,105.4375,105.4375,1.625,0.20624999701976776,45.0,1.3125,4.59375,0.8791667222976685,0.03750000149011612,1.34375,0.0,0.0,3,3 1
304,1343.326416015625,1188.1868896484375,990.5261840820312,431.21875,3.78125,0.0,5.0625,10.09375,3.625,0.375,1.40625,0.0625,4.625,42.912498474121094,28.59375,2.0,2.78125,98.6875,98.6875,1.087499976158142,0.11874999850988388,37.0625,1.03125,3.53125,0.861458420753479,0.05520833283662796,1.125,0.0,0.0,3,3 1
305,1052.1292724609375,944.4855346679688,781.0753173828125,372.86248779296875,3.28125,0.0,4.375,8.71875,3.21875,0.21875,1.125,0.03125,4.125,36.662498474121094,28.65625,2.8125,2.28125,93.34375,93.34375,0.762499988079071,0.10625000298023224,12.125,0.4375,1.46875,0.9458333253860474,0.0062500000931322575,1.09375,0.0,0.0,1,1 3
306,1430.6746826171875,1353.3238525390625,1136.869384765625,423.58123779296875,4.0625,0.0,5.96875,11.90625,3.96875,0.8125,1.96875,0.1875,4.96875,44.775001525878906,34.03125,2.0,3.0625,68.84375,68.84375,2.9749999046325684,0.48124998807907104,70.125,2.09375,8.25,1.2104166746139526,0.1015625,0.71875,0.0,0.0,3,3 1
307,1257.9071044921875,1174.1121826171875,980.4070434570312,401.70623779296875,3.71875,0.0,5.46875,10.84375,3.6875,0.625,1.71875,0.15625,4.65625,42.17499923706055,32.65625,2.0,2.71875,75.75,75.75,1.975000023841858,0.32499998807907104,43.25,1.3125,4.84375,1.2062500715255737,0.05416666716337204,0.625,0.0,0.0,3,3 1
308,1386.943359375,1272.9635009765625,1066.7880859375,416.57501220703125,3.90625,0.0,5.59375,11.125,3.8125,0.6875,1.71875,0.09375,4.8125,45.087501525878906,36.96875,2.0,2.90625,80.125,80.125,3.924999952316284,0.5249999761581421,49.4375,1.84375,6.40625,1.162500023841858,0.07656250149011612,0.71875,0.0,0.0,3,3 1
309,1357.1304931640625,1253.876220703125,1049.7315673828125,422.29998779296875,3.875,0.0,5.53125,11.0,3.78125,0.6875,1.6875,0.0625,4.78125,43.962501525878906,32.9375,1.9375,2.875,80.875,80.875,2.1624999046325684,0.3375000059604645,52.9375,1.6875,6.125,1.0656249523162842,0.07968749850988388,0.84375,0.0,0.0,3,3 1
310,1307.1337890625,1169.021484375,974.23291015625,408.0249938964844,3.75,0.0,5.125,10.1875,3.59375,0.5,1.5,0.03125,4.5625,40.54375076293945,36.96875,2.0,2.75,81.40625,81.40625,0.5625,0.13124999403953552,50.3125,1.25,4.03125,1.2520833015441895,0.03593749925494194,0.71875,0.0,0.0,3,3 1
311,1232.2099609375,1078.6844482421875,898.9343872070312,378.1937561035156,3.53125,0.0,4.875,9.71875,3.53125,0.375,1.34375,0.03125,4.4375,37.662498474121094,36.375,3.21875,2.53125,77.09375,77.09375,1.5,0.1875,40.3125,1.15625,3.96875,1.0645833015441895,0.03854166716337204,0.78125,0.0,0.0,3,3 1
312,1238.907470703125,1122.3197021484375,936.0569458007812,382.16876220703125,3.625,0.0,5.0,9.96875,3.53125,0.4375,1.46875,0.0,4.53125,40.54375076293945,34.46875,2.0,2.625,63.90625,63.90625,1.6375000476837158,0.34375,44.9375,1.28125,4.125,1.109375,0.02812499925494194,0.84375,0.0,0.0,3,3 1
313,1275.2469482421875,1185.3466796875,989.7420654296875,419.25,3.75,0.0,5.34375,10.65625,3.75,0.5625,1.59375,0.03125,4.71875,40.775001525878906,31.34375,1.9375,2.75,76.90625,76.90625,0.4000000059604645,0.10000000149011612,61.75,1.53125,5.78125,1.5770833492279053,0.1041666641831398,0.78125,0.0,0.0,3,3 1
314,1254.353515625,1127.858642578125,941.0950927734375,404.26873779296875,3.625,0.0,5.03125,10.0625,3.5625,0.4375,1.46875,0.03125,4.5625,39.29375076293945,35.53125,2.0,2.625,60.4375,60.4375,0.7250000238418579,0.10625000298023224,49.5,1.21875,4.125,0.96875,0.06562500447034836,0.90625,0.0,0.0,3,3 1
315,1257.9876708984375,1128.34814453125,941.8204956054688,406.16876220703125,3.609375,0.0,5.171875,10.328125,3.53125,0.609375,1.625,0.03125,4.53125,41.3125,33.421875,2.0,2.609375,58.0,58.0,1.662500023841858,0.19374999403953552,42.15625,1.21875,4.078125,1.0088541507720947,0.07500000298023224,0.90625,0.0,0.0,3,3 1
316,1512.185791015625,1379.737548828125,1158.954345703125,470.34686279296875,4.109375,0.0,5.84375,11.625,4.0625,0.765625,1.78125,0.0,5.015625,46.79375076293945,34.078125,2.0,3.109375,71.328125,71.328125,2.59375,0.37187498807907104,74.6875,2.28125,8.015625,1.3145833015441895,0.12265624850988388,0.90625,0.0,0.0,1,1 3
317,1392.0706787109375,1215.8443603515625,1015.3977661132812,436.0375061035156,3.828125,0.0,5.078125,10.140625,3.703125,0.390625,1.375,0.015625,4.65625,41.787498474121094,31.140625,2.625,2.828125,100.34375,100.34375,1.3562500476837158,0.16249999403953552,46.34375,1.203125,3.90625,0.8729166984558105,0.04739583283662796,1.171875,0.0,0.0,3,3 4
318,1076.487548828125,934.7225341796875,772.5877075195312,368.8125,3.28125,0.0,4.203125,8.390625,3.265625,0.0625,0.921875,0.03125,4.109375,32.162498474121094,29.484375,4.140625,2.28125,96.453125,96.453125,0.20624999701976776,0.01875000074505806,12.25,0.296875,1.03125,0.5145833492279053,0.0062500000931322575,1.171875,0.0,0.0,3,3 1
319,1180.7540283203125,1069.0928955078125,886.2433471679688,392.953125,3.59375,0.0,4.453125,8.90625,3.40625,0.125,1.046875,0.015625,4.3125,36.275001525878906,27.921875,3.421875,2.59375,114.65625,114.65625,0.25,0.06562499701976776,20.0,0.421875,1.28125,0.8687499761581421,0.0325520820915699,1.5,0.0,0.0,3,3 1
320,1081.2999267578125,950.5379638671875,785.0868530273438,370.390625,3.328125,0.0,4.21875,8.4375,3.234375,0.078125,0.984375,0.03125,4.109375,34.525001525878906,26.46875,3.84375,2.328125,104.09375,104.09375,0.15625,0.015625,7.1875,0.15625,0.609375,0.7864583730697632,0.00390625,1.203125,0.0,0.0,3,3 1
321,1034.813720703125,899.16748046875,744.6339111328125,365.1656188964844,3.15625,0.0,4.046875,8.09375,3.078125,0.09375,0.96875,0.046875,3.90625,33.943748474121094,25.53125,4.421875,2.15625,81.75,81.75,0.84375,0.10000000149011612,11.71875,0.375,1.265625,0.8041666746139526,0.00911458395421505,1.0,0.0,0.0,3,3 1
322,1058.4083251953125,902.5247802734375,746.6383056640625,370.17498779296875,3.171875,0.0,4.140625,8.265625,3.15625,0.09375,0.96875,0.046875,4.0,34.375,29.125,4.71875,2.171875,85.953125,85.953125,0.7562500238418579,0.06562499701976776,9.5,0.34375,1.046875,0.88958340883255,0.007031249813735485,0.921875,0.0,0.0,3,3 1
323,1398.29541015625,1173.2398681640625,977.0672607421875,408.76873779296875,3.78125,0.0,4.6875,9.34375,3.609375,0.109375,1.0625,0.03125,4.53125,42.553123474121094,25.125,3.015625,2.78125,105.375,105.375,2.512500047683716,0.23749999701976776,27.28125,0.6875,3.09375,0.84479159116745,0.015625,1.328125,0.0,0.0,3,3 1
324,1303.656005859375,1069.1846923828125,891.1246337890625,413.4156188964844,3.484375,0.0,4.5625,9.125,3.515625,0.1875,1.046875,0.015625,4.359375,41.5,25.6875,4.5625,2.484375,102.671875,102.671875,3.1187500953674316,0.27812498807907104,13.625,0.78125,2.640625,0.6911458373069763,0.01171875,1.078125,0.0,0.0,3,3 1
325,1529.337890625,1205.941650390625,1009.9256591796875,383.05938720703125,3.734375,0.015625,4.9375,9.875,3.84375,0.234375,1.09375,0.0,4.703125,44.92499923706055,24.609375,4.375,2.734375,104.84375,104.84375,4.900000095367432,0.421875,33.9375,1.15625,4.4375,1.0125000476837158,0.0234375,0.96875,0.015625,0.0,3,3 1
326,1381.869873046875,1159.9537353515625,968.1097412109375,392.1468811035156,3.671875,0.015625,4.890625,9.765625,3.734375,0.265625,1.140625,0.03125,4.59375,41.587501525878906,18.3125,4.265625,2.671875,99.65625,99.65625,2.9937500953674316,0.2718749940395355,35.5,0.9375,4.171875,1.1322916746139526,0.03177083283662796,1.078125,0.015625,0.0,3,3 1
327,1638.0552978515625,1298.5660400390625,1090.7371826171875,396.6000061035156,3.953125,0.0,5.1875,10.359375,3.90625,0.34375,1.265625,0.0,4.84375,46.490623474121094,27.875,3.265625,2.953125,103.828125,103.828125,4.824999809265137,0.4312500059604645,42.28125,1.421875,5.125,0.6479166746139526,0.03567708283662796,1.125,0.0,0.0,3,3 1
328,1841.8463134765625,1463.309326171875,1234.466064453125,406.58123779296875,4.265625,0.0,5.703125,11.40625,4.25,0.484375,1.453125,0.0,5.21875,51.678123474121094,28.40625,2.453125,3.265625,121.703125,121.703125,6.21875,0.5687500238418579,67.1875,2.234375,7.828125,0.6421874761581421,0.05130208283662796,1.0,0.0,0.0,3,3 1
329,1678.7454833984375,1376.5252685546875,1155.687744140625,406.78125,4.109375,0.015625,5.375,10.75,4.109375,0.328125,1.265625,0.0,5.046875,49.009376525878906,24.296875,3.1875,3.109375,136.15625,136.15625,4.568749904632568,0.44062501192092896,59.5,1.8125,4.875,0.6645833253860474,0.02656250074505806,1.15625,0.015625,0.0,3,3 1
330,1722.8289794921875,1359.597412109375,1141.268310546875,394.7124938964844,4.109375,0.0,5.46875,10.921875,4.078125,0.40625,1.375,0.0,5.0625,49.931251525878906,24.3125,2.015625,3.109375,143.53125,143.53125,5.681250095367432,0.4781250059604645,48.625,1.828125,5.921875,0.5510416626930237,0.01927083358168602,1.09375,0.0,0.0,3,3 1
331,1778.0791015625,1396.602783203125,1172.264404296875,415.2718811035156,4.1875,0.0,5.59375,11.1875,4.1875,0.421875,1.40625,0.0,5.171875,52.459373474121094,23.609375,2.25,3.1875,173.828125,173.828125,6.65625,0.6343749761581421,41.09375,1.75,5.34375,0.3369791805744171,0.01302083395421505,1.234375,0.0,0.0,3,3 1
332,1826.3006591796875,1449.3697509765625,1220.3570556640625,412.12188720703125,4.265625,0.0,5.703125,11.390625,4.25,0.453125,1.4375,0.015625,5.234375,51.696876525878906,29.875,2.125,3.265625,138.6875,138.6875,5.625,0.550000011920929,64.84375,2.375,6.53125,0.6713541746139526,0.02630208432674408,1.0625,0.0,0.0,3,3 1
333,2019.373779296875,1553.97412109375,1313.7222900390625,407.1156311035156,4.421875,0.0,5.984375,11.96875,4.390625,0.59375,1.59375,0.0,5.390625,59.76250076293945,29.859375,2.0,3.421875,156.609375,156.609375,10.543749809265137,1.0187499523162842,64.15625,2.78125,8.78125,0.5067708492279053,0.02864583395421505,1.09375,0.0,0.0,3,3 1
334,1959.58544921875,1569.244873046875,1324.36328125,421.015625,4.5,0.0,5.953125,11.90625,4.46875,0.484375,1.484375,0.0,5.46875,57.47187423706055,26.625,2.0,3.5,165.546875,165.546875,7.231249809265137,0.721875011920929,75.40625,2.828125,8.3125,0.80572909116745,0.02656250074505806,1.15625,0.0,0.0,3,3 1
335,2016.03173828125,1574.116943359375,1328.965087890625,403.98748779296875,4.46875,0.015625,5.96875,11.921875,4.4375,0.515625,1.515625,0.015625,5.4375,58.165626525878906,32.109375,2.0,3.46875,152.359375,152.359375,9.081250190734863,0.8062499761581421,71.46875,3.15625,9.53125,0.6213541626930237,0.02187499962747097,1.015625,0.015625,0.0,3,3 1
336,2072.231201171875,1613.3441162109375,1361.5238037109375,407.30938720703125,4.53125,0.03125,6.046875,12.078125,4.515625,0.53125,1.515625,0.0,5.515625,59.068748474121094,28.234375,2.0,3.53125,155.890625,155.890625,9.862500190734863,0.8500000238418579,75.53125,3.109375,9.875,0.831250011920929,0.03046875074505806,0.953125,0.03125,0.0,3,3 1
337,2090.6640625,1643.5618896484375,1389.48046875,393.7562561035156,4.609375,0.015625,6.171875,12.34375,4.546875,0.625,1.625,0.0,5.546875,60.34687423706055,29.046875,2.0,3.609375,171.15625,171.15625,10.03125,0.953125,74.6875,3.03125,9.4375,0.7244791388511658,0.0364583320915699,1.21875,0.015625,0.0,3,3 1
338,2119.48876953125,1647.5289306640625,1392.7578125,381.71875,4.578125,0.03125,6.28125,12.53125,4.5625,0.6875,1.6875,0.03125,5.5625,61.49687576293945,25.984375,2.0,3.578125,156.0625,156.0625,10.668749809265137,1.03125,71.5,3.09375,9.15625,0.801562488079071,0.04453125223517418,1.140625,0.03125,0.0,3,3 1
339,2068.59130859375,1632.6300048828125,1382.3465576171875,373.5249938964844,4.59375,0.0,6.234375,12.46875,4.5625,0.671875,1.671875,0.0,5.5625,61.021873474121094,26.265625,2.0,3.59375,158.1875,158.1875,9.893750190734863,1.068750023841858,78.03125,3.0625,9.21875,0.5276041626930237,0.02005208283662796,1.328125,0.0,0.0,3,3 1
340,1903.2919921875,1538.465087890625,1298.858154296875,390.9125061035156,4.421875,0.0,6.0625,12.109375,4.421875,0.609375,1.625,0.03125,5.421875,58.01250076293945,26.984375,2.0,3.421875,165.125,165.125,8.96875,1.118749976158142,66.71875,2.796875,7.890625,0.7744791507720947,0.01614583283662796,1.40625,0.0,0.0,3,3 1
341,1866.4842529296875,1540.066162109375,1299.360595703125,383.73126220703125,4.453125,0.0,6.0,11.96875,4.421875,0.546875,1.578125,0.0,5.421875,55.59062576293945,27.203125,2.0,3.453125,169.140625,169.140625,6.324999809265137,0.7124999761581421,79.9375,2.609375,7.296875,0.8932291865348816,0.05390625074505806,1.296875,0.0,0.0,3,3 1
342,1979.563232421875,1586.7625732421875,1339.343505859375,396.1343688964844,4.5,0.015625,6.140625,12.28125,4.453125,0.65625,1.6875,0.03125,5.453125,59.743751525878906,24.625,2.0,3.5,184.265625,184.265625,9.350000381469727,1.0281250476837158,67.46875,2.828125,9.03125,0.6869791746139526,0.01171875,1.34375,0.015625,0.0,3,3 1
343,2126.42822265625,1666.552490234375,1410.200439453125,407.7406311035156,4.625,0.015625,6.296875,12.59375,4.625,0.671875,1.671875,0.0,5.625,64.03437805175781,25.546875,2.0,3.625,168.484375,168.484375,12.125,1.256250023841858,69.53125,3.28125,10.3125,0.8083332777023315,0.02838541939854622,1.140625,0.015625,0.0,3,3 1
344,2000.6884765625,1578.7276611328125,1334.2784423828125,387.671875,4.5,0.0,6.109375,12.21875,4.453125,0.65625,1.65625,0.0,5.453125,58.890625,26.359375,2.0,3.5,191.0625,191.0625,9.556249618530273,1.0343749523162842,71.75,2.8125,8.65625,0.6927083134651184,0.03958333283662796,1.203125,0.0,0.0,3,3 1
345,2103.00048828125,1648.1201171875,1394.1416015625,378.98126220703125,4.609375,0.015625,6.203125,12.40625,4.5625,0.640625,1.640625,0.0,5.5625,61.890625,25.953125,2.0,3.609375,176.203125,176.203125,10.743749618530273,1.134374976158142,73.78125,3.28125,10.03125,0.6338541507720947,0.010937499813735485,1.296875,0.015625,0.0,3,3 1
346,2270.821533203125,1726.225830078125,1461.7025146484375,388.1656188964844,4.671875,0.046875,6.5,13.0,4.640625,0.859375,1.859375,0.0,5.640625,67.03125,29.203125,2.0,3.671875,147.984375,147.984375,15.5625,1.603124976158142,60.3125,3.4375,11.1875,0.6067708134651184,0.0260416679084301,1.1875,0.046875,0.0,3,3 1
347,2430.41552734375,1874.437255859375,1588.6441650390625,418.609375,4.9375,0.0625,6.984375,13.953125,4.921875,1.03125,2.0625,0.015625,5.921875,72.3125,29.46875,2.0,3.9375,172.09375,172.09375,17.318750381469727,1.859375,72.78125,4.234375,13.03125,0.6604166626930237,0.04843750223517418,1.328125,0.0625,0.0,3,3 1
348,2152.22119140625,1688.543701171875,1430.083984375,378.05938720703125,4.671875,0.015625,6.515625,13.0,4.65625,0.828125,1.859375,0.0,5.65625,62.634376525878906,26.0,2.0,3.671875,158.640625,158.640625,10.787500381469727,1.2062499523162842,81.53125,3.578125,10.8125,0.6656249761581421,0.06041666865348816,1.265625,0.015625,0.0,3,3 1
349,2358.684814453125,1851.3587646484375,1567.59521484375,406.4312438964844,4.921875,0.0625,6.921875,13.828125,4.90625,1.0,2.0,0.015625,5.90625,68.96875,31.109375,2.0,3.921875,184.765625,184.765625,13.993749618530273,1.5125000476837158,92.0625,3.96875,12.71875,0.9322916865348816,0.05000000074505806,1.296875,0.0625,0.0,3,3 1
350,2274.950439453125,1735.7025146484375,1465.6478271484375,372.9375,4.6875,0.078125,6.515625,12.984375,4.65625,0.8125,1.859375,0.0,5.65625,67.140625,27.3125,2.0,3.6875,167.375,167.375,15.056249618530273,1.478124976158142,60.1875,3.03125,10.09375,1.1119791269302368,0.11328125,1.078125,0.078125,0.0,3,3 1
351,2158.540771484375,1726.229736328125,1457.063232421875,394.68438720703125,4.703125,0.0625,6.65625,13.28125,4.6875,0.921875,1.953125,0.03125,5.6875,65.69999694824219,23.703125,2.0,3.703125,174.90625,174.90625,12.449999809265137,1.478124976158142,70.5625,3.28125,10.21875,1.0078125,0.0963541641831398,1.390625,0.0625,0.0,3,3 1
352,2132.671142578125,1721.145751953125,1448.6099853515625,389.51873779296875,4.65625,0.109375,6.4375,12.859375,4.578125,0.8125,1.84375,0.046875,5.578125,61.66875076293945,26.8125,2.0,3.65625,187.953125,187.953125,9.262499809265137,0.996874988079071,78.53125,3.0,9.09375,1.3114583492279053,0.109375,1.046875,0.109375,0.0,3,3 1
353,2133.892822265625,1685.441162109375,1417.7047119140625,370.0,4.59375,0.109375,6.25,12.46875,4.515625,0.71875,1.734375,0.0,5.5,61.17499923706055,25.4375,2.0,3.59375,142.703125,142.703125,9.512499809265137,0.981249988079071,74.625,2.953125,9.609375,1.4364583492279053,0.1432291716337204,0.921875,0.109375,0.0,3,3 1
354,2049.382080078125,1642.1829833984375,1374.2520751953125,370.6875,4.484375,0.15625,6.0625,12.109375,4.34375,0.671875,1.71875,0.03125,5.34375,59.015625,23.078125,2.0,3.484375,133.421875,133.421875,9.293749809265137,1.024999976158142,49.15625,2.0625,7.734375,1.8093750476837158,0.1588541716337204,0.9375,0.15625,0.0,3,3 1
355,1578.571044921875,1255.3218994140625,1051.9327392578125,313.34686279296875,3.875,0.015625,5.109375,10.203125,3.765625,0.328125,1.328125,0.015625,4.765625,48.72187423706055,24.0625,2.0,2.875,119.140625,119.140625,5.293749809265137,0.5218750238418579,24.0,1.109375,4.0,1.2218750715255737,0.03750000149011612,0.890625,0.015625,0.0,3,3 1
356,1918.4532470703125,1531.927490234375,1292.061767578125,358.03125,4.40625,0.015625,5.828125,11.65625,4.28125,0.546875,1.546875,0.0,5.28125,58.853126525878906,28.1875,2.0,3.40625,136.125,136.125,9.268750190734863,0.8843749761581421,49.28125,2.21875,6.96875,0.893750011920929,0.05624999850988388,1.28125,0.015625,0.0,3,3 1
357,1890.19287109375,1503.3197021484375,1264.204345703125,361.51873779296875,4.3125,0.046875,5.796875,11.59375,4.25,0.546875,1.546875,0.0,5.25,57.921875,26.609375,2.0,3.3125,130.921875,130.921875,8.787500381469727,0.8687499761581421,46.375,2.1875,6.953125,0.942187488079071,0.04479166865348816,1.078125,0.046875,0.0,3,3 1
358,1825.364013671875,1458.8736572265625,1223.0048828125,360.71875,4.1875,0.078125,5.5,11.0,4.03125,0.484375,1.46875,0.0,5.015625,57.20624923706055,26.1875,2.09375,3.1875,128.0625,128.0625,9.4375,0.9781249761581421,37.8125,1.90625,5.9375,1.1651041507720947,0.10000000149011612,1.078125,0.078125,0.0,3,3 1
359,1848.4954833984375,1483.7373046875,1249.950927734375,362.05938720703125,4.3125,0.015625,5.6875,11.359375,4.21875,0.46875,1.46875,0.0,5.203125,57.21875,29.578125,2.0,3.3125,114.859375,114.859375,8.337499618530273,0.893750011920929,40.65625,1.859375,5.84375,0.8140624761581421,0.03437500074505806,1.1875,0.015625,0.0,3,3 1
360,2222.16943359375,1732.2271728515625,1462.910888671875,391.20001220703125,4.671875,0.078125,6.375,12.75,4.65625,0.6875,1.71875,0.03125,5.65625,66.765625,30.15625,2.0,3.671875,127.625,127.625,14.300000190734863,1.4718749523162842,56.0,3.078125,9.21875,0.7432291507720947,0.02109375037252903,1.203125,0.078125,0.0,3,3 1
361,2172.578369140625,1675.3218994140625,1417.991455078125,381.0249938964844,4.609375,0.03125,6.296875,12.578125,4.578125,0.734375,1.703125,0.0,5.5625,65.2406234741211,26.8125,2.09375,3.609375,137.734375,137.734375,13.050000190734863,1.265625,62.25,3.171875,10.09375,0.6734374761581421,0.03333333507180214,1.109375,0.03125,0.0,3,3 1
362,2153.709228515625,1677.440673828125,1417.238037109375,374.76873779296875,4.625,0.046875,6.34375,12.65625,4.578125,0.765625,1.75,0.0,5.5625,62.62187576293945,24.75,2.0,3.625,115.84375,115.84375,11.425000190734863,1.071874976158142,65.0625,2.890625,9.96875,1.0833333730697632,0.10729167610406876,1.140625,0.046875,0.0,3,3 1
363,2117.399658203125,1633.38134765625,1378.0081787109375,375.0531311035156,4.46875,0.078125,6.0625,12.09375,4.40625,0.65625,1.640625,0.015625,5.375,63.17499923706055,31.109375,2.0625,3.46875,116.9375,116.9375,13.300000190734863,1.287500023841858,42.40625,2.625,8.984375,0.8869792222976685,0.05494792014360428,1.0,0.078125,0.0,3,3 1
364,1989.101318359375,1547.7109375,1304.224853515625,372.7875061035156,4.375,0.046875,5.84375,11.65625,4.3125,0.546875,1.5,0.015625,5.28125,58.97187423706055,27.515625,2.171875,3.375,129.421875,129.421875,9.449999809265137,0.878125011920929,51.03125,2.421875,7.796875,0.96875,0.04713541641831398,0.984375,0.046875,0.0,3,3 1
365,1991.3153076171875,1560.43017578125,1318.410888671875,367.828125,4.390625,0.03125,6.0,12.0,4.375,0.609375,1.625,0.03125,5.359375,58.59375,27.609375,2.09375,3.390625,119.59375,119.59375,8.387499809265137,0.7593749761581421,66.96875,2.875,8.71875,0.6442708373069763,0.05052082985639572,0.96875,0.03125,0.0,3,3 1
366,1891.892578125,1524.844970703125,1286.6439208984375,362.28436279296875,4.34375,0.03125,5.90625,11.8125,4.265625,0.640625,1.640625,0.0,5.265625,54.97187423706055,25.703125,2.0,3.34375,100.984375,100.984375,6.393750190734863,0.640625,68.96875,2.40625,8.21875,0.8713542222976685,0.06979166716337204,1.046875,0.03125,0.0,3,3 1
367,2097.756103515625,1625.5382080078125,1362.9501953125,389.9906311035156,4.421875,0.140625,5.953125,11.90625,4.34375,0.59375,1.609375,0.015625,5.34375,62.053123474121094,26.0,2.0,3.421875,105.828125,105.828125,11.818750381469727,1.071874976158142,49.8125,2.90625,9.125,0.8671875,0.06354166567325592,0.90625,0.140625,0.0,3,3 1
368,2023.563720703125,1565.7791748046875,1316.080810546875,381.2718811035156,4.34375,0.09375,5.953125,11.90625,4.328125,0.609375,1.625,0.015625,5.328125,59.60625076293945,22.765625,2.0,3.34375,111.96875,111.96875,10.931249618530273,1.006250023841858,56.90625,2.9375,9.375,1.0072916746139526,0.0598958358168602,0.84375,0.09375,0.0,3,3 1
369,2320.9072265625,1787.2125244140625,1508.70703125,412.703125,4.6875,0.125,6.421875,12.8125,4.671875,0.734375,1.734375,0.03125,5.640625,66.8375015258789,24.546875,2.0,3.6875,107.75,107.75,13.043749809265137,1.1531250476837158,59.625,3.453125,10.875,1.029687523841858,0.09192708134651184,0.71875,0.125,0.0,3,3 1
370,2468.677490234375,1871.5572509765625,1582.1002197265625,435.84686279296875,4.828125,0.125,6.8125,13.609375,4.796875,0.96875,2.0,0.046875,5.796875,72.60624694824219,26.765625,2.0,3.828125,112.953125,112.953125,17.643749237060547,1.600000023841858,55.21875,3.90625,12.34375,0.6510416865348816,0.06979166716337204,0.96875,0.125,0.0,3,3 1
371,2336.936279296875,1812.3990478515625,1530.358154296875,431.54376220703125,4.734375,0.125,6.515625,13.015625,4.71875,0.75,1.796875,0.0625,5.6875,66.671875,25.453125,2.0,3.734375,96.5625,96.5625,13.331250190734863,1.21875,60.84375,3.578125,10.8125,0.9729167222976685,0.0716145858168602,0.875,0.125,0.0,3,3 1
372,2243.555908203125,1678.975830078125,1416.991455078125,390.3187561035156,4.515625,0.09375,6.234375,12.46875,4.515625,0.703125,1.71875,0.015625,5.515625,65.9375,24.328125,2.0,3.515625,110.234375,110.234375,14.862500190734863,1.4093749523162842,50.53125,3.546875,10.90625,0.6973958611488342,0.04140625149011612,0.796875,0.09375,0.0,3,3 1
373,2284.26123046875,1760.177490234375,1497.0489501953125,388.5625,4.734375,0.015625,6.5,13.0,4.734375,0.78125,1.765625,0.015625,5.703125,66.1624984741211,27.765625,2.078125,3.734375,78.65625,78.65625,12.949999809265137,1.2062499523162842,78.6875,3.5625,11.21875,0.596875011920929,0.04661458358168602,1.125,0.015625,0.0,3,3 1
374,2236.425537109375,1724.8551025390625,1465.282958984375,380.0874938964844,4.6875,0.015625,6.390625,12.78125,4.6875,0.71875,1.703125,0.0,5.671875,64.65625,26.078125,2.046875,3.6875,82.40625,82.40625,10.774999618530273,0.9937499761581421,78.9375,3.671875,10.859375,0.46666663885116577,0.01770833320915699,0.984375,0.015625,0.0,3,3 1
375,2372.350830078125,1803.8212890625,1531.65283203125,399.9437561035156,4.78125,0.046875,6.640625,13.28125,4.796875,0.828125,1.84375,0.03125,5.78125,69.5218734741211,25.453125,2.09375,3.78125,90.28125,90.28125,14.46875,1.318750023841858,76.40625,4.109375,12.09375,0.6005208492279053,0.05963541194796562,0.984375,0.046875,0.0,3,3 1
376,2559.844970703125,1945.1812744140625,1649.4996337890625,409.3031311035156,4.984375,0.109375,6.875,13.75,4.953125,0.90625,1.921875,0.03125,5.9375,72.72187805175781,26.015625,2.0,3.984375,95.515625,95.515625,16.543750762939453,1.4874999523162842,68.6875,4.109375,12.171875,0.5322916507720947,0.0598958320915699,0.984375,0.109375,0.0,3,3 1
377,2558.445068359375,1928.0872802734375,1632.837646484375,400.8687438964844,4.9375,0.125,6.890625,13.765625,4.9375,0.890625,1.953125,0.046875,5.9375,73.2906265258789,27.484375,2.0,3.9375,108.203125,108.203125,17.081249237060547,1.553125023841858,66.0,4.171875,12.625,0.643750011920929,0.05364583805203438,0.953125,0.125,0.0,3,3 1
378,2452.918701171875,1863.0400390625,1576.797607421875,397.99688720703125,4.84375,0.109375,6.71875,13.4375,4.84375,0.859375,1.875,0.015625,5.84375,70.77812194824219,24.421875,2.0,3.84375,101.234375,101.234375,15.356249809265137,1.4406249523162842,69.3125,4.125,12.40625,0.7822916507720947,0.06614583730697632,0.875,0.109375,0.0,3,3 1
379,2448.441650390625,1865.930419921875,1585.9122314453125,390.25,4.859375,0.0625,6.84375,13.6875,4.875,0.953125,1.96875,0.03125,5.859375,72.55937194824219,26.28125,2.0625,3.859375,91.34375,91.34375,16.662500381469727,1.584375023841858,68.09375,4.1875,12.0625,0.6604166626930237,0.0481770820915699,1.015625,0.0625,0.0,3,3 1
380,2526.936279296875,1918.0794677734375,1627.3885498046875,392.47186279296875,4.90625,0.109375,6.921875,13.828125,4.875,1.0,2.046875,0.046875,5.859375,73.3218765258789,26.921875,2.0,3.90625,95.203125,95.203125,18.462499618530273,1.696874976158142,59.09375,4.25,12.6875,0.4546875059604645,0.06145833805203438,0.984375,0.109375,0.0,3,3 1
381,2494.278564453125,1933.7412109375,1634.572021484375,397.2718811035156,4.890625,0.171875,6.875,13.734375,4.859375,0.96875,2.0,0.0625,5.84375,69.796875,24.015625,2.0,3.890625,79.5625,79.5625,14.199999809265137,1.3093750476837158,69.78125,3.734375,11.984375,1.1572916507720947,0.12994791567325592,0.90625,0.171875,0.0,3,3 1
382,2516.2109375,1960.266845703125,1660.3509521484375,408.59375,5.015625,0.125,7.109375,14.21875,5.0,1.046875,2.109375,0.078125,5.984375,69.453125,25.21875,2.0,4.015625,86.0625,86.0625,12.649999618530273,1.274999976158142,93.46875,4.0625,12.96875,1.2557291984558105,0.16510416567325592,0.90625,0.125,0.0,3,3 1
383,2561.3251953125,1912.0426025390625,1625.493896484375,383.64373779296875,4.921875,0.078125,6.875,13.75,4.90625,0.921875,1.96875,0.0625,5.890625,74.87187194824219,26.484375,2.0,3.921875,96.09375,96.09375,19.6875,1.821874976158142,50.3125,4.125,13.15625,0.5510416626930237,0.04609375074505806,1.078125,0.078125,0.0,3,3 1
384,2425.68798828125,1869.3519287109375,1587.496337890625,389.36248779296875,4.890625,0.0625,6.890625,13.765625,4.890625,0.953125,2.0,0.046875,5.875,71.9781265258789,33.4375,1.984375,3.890625,94.8125,94.8125,16.78125,1.7937500476837158,64.84375,3.640625,11.59375,0.6499999761581421,0.05546874925494194,1.3125,0.0625,0.0,3,3 1
385,2491.86572265625,1911.715576171875,1623.2742919921875,385.51873779296875,4.921875,0.09375,6.875,13.734375,4.921875,0.953125,1.953125,0.03125,5.875,71.18437194824219,25.75,2.0,3.921875,78.046875,78.046875,15.837499618530273,1.490625023841858,64.25,3.890625,11.65625,0.8031250238418579,0.09739583730697632,1.078125,0.09375,0.0,3,3 1
386,2637.53955078125,2011.2376708984375,1702.381103515625,401.69061279296875,5.03125,0.171875,7.0,14.0,5.015625,0.90625,1.984375,0.078125,6.015625,74.6156234741211,24.140625,2.0,4.03125,93.703125,93.703125,17.706249237060547,1.6437499523162842,68.1875,4.21875,13.171875,0.893750011920929,0.0911458358168602,0.9375,0.171875,0.0,3,3 1
387,2647.38916015625,1989.903076171875,1682.412841796875,397.0562438964844,4.96875,0.1875,7.015625,14.015625,4.96875,0.953125,2.046875,0.09375,5.953125,74.5687484741211,22.0625,1.984375,3.96875,84.65625,84.65625,17.731250762939453,1.609375,62.75,4.3125,13.21875,0.9322916865348816,0.09661458432674408,0.6875,0.1875,0.0,3,3 1
388,2574.48486328125,1921.0582275390625,1631.5555419921875,384.2250061035156,4.890625,0.109375,6.8125,13.625,4.890625,0.875,1.921875,0.0625,5.875,74.51875305175781,23.65625,1.96875,3.890625,74.265625,74.265625,18.737499237060547,1.6843750476837158,55.0625,4.1875,12.5,0.706250011920929,0.0377604179084301,0.96875,0.109375,0.0,3,3 1
389,2616.134521484375,1951.0885009765625,1659.1126708984375,378.8968811035156,4.96875,0.09375,6.984375,13.9375,4.984375,0.921875,1.96875,0.09375,5.96875,75.0843734741211,26.078125,2.234375,3.96875,80.46875,80.46875,19.712499618530273,1.821874976158142,60.8125,4.5,13.203125,0.3942708373069763,0.03541666641831398,1.046875,0.09375,0.0,3,3 1
390,2470.961669921875,1891.747802734375,1600.727294921875,383.11248779296875,4.84375,0.140625,6.75,13.484375,4.8125,0.875,1.9375,0.0625,5.796875,71.6781234741211,25.6875,1.96875,3.84375,82.359375,82.359375,16.600000381469727,1.5437500476837158,55.125,3.765625,10.921875,0.5328125357627869,0.05130208283662796,1.015625,0.140625,0.0,3,3 1
391,2728.873291015625,2032.309326171875,1724.0609130859375,385.94061279296875,5.0625,0.15625,7.046875,14.078125,5.046875,0.96875,2.0,0.046875,6.015625,76.8125,28.140625,2.0,4.0625,78.59375,78.59375,19.587499618530273,1.725000023841858,61.4375,4.625,13.796875,0.4088541567325592,0.0403645820915699,0.953125,0.15625,0.0,3,3 1
392,2645.378662109375,2022.572021484375,1714.945556640625,402.22186279296875,5.046875,0.15625,7.046875,14.09375,5.03125,0.96875,2.015625,0.09375,5.984375,75.8531265258789,24.75,2.0,4.046875,91.046875,91.046875,18.1875,1.7156250476837158,57.8125,4.15625,12.265625,0.5588541626930237,0.04114583507180214,1.0625,0.15625,0.0,3,3 1
393,2621.617431640625,1982.875244140625,1682.3062744140625,381.2406311035156,4.984375,0.140625,7.03125,14.0625,4.96875,0.96875,2.0625,0.09375,5.96875,75.0374984741211,26.484375,2.0,3.984375,81.359375,81.359375,18.056249618530273,1.5968749523162842,61.125,4.328125,12.8125,0.4651041626930237,0.07656250149011612,0.921875,0.140625,0.0,3,3 1
394,2499.201416015625,1884.9859619140625,1599.737060546875,380.58123779296875,4.828125,0.109375,6.796875,13.578125,4.84375,0.921875,1.953125,0.046875,5.8125,72.5,25.875,2.09375,3.828125,80.046875,80.046875,17.537500381469727,1.631250023841858,61.0625,4.25,12.03125,0.4635416567325592,0.04270833358168602,0.984375,0.109375,0.0,3,3 1
395,2675.3701171875,2058.72216796875,1741.2698974609375,394.90625,5.015625,0.234375,6.96875,13.921875,5.0,1.0,1.953125,0.046875,5.921875,73.5,23.703125,2.078125,4.015625,84.453125,84.453125,17.524999618530273,1.6687500476837158,55.8125,4.078125,12.03125,0.8322917222976685,0.09869791567325592,0.859375,0.234375,0.0,3,3 1
396,2750.29833984375,2103.67529296875,1775.3173828125,403.94061279296875,5.0625,0.28125,6.96875,13.90625,5.03125,0.875,1.90625,0.09375,6.0,75.2906265258789,23.53125,1.984375,4.0625,80.375,80.375,18.649999618530273,1.734375,44.875,3.921875,11.0625,0.8473957777023315,0.05833332985639572,0.921875,0.28125,0.0,3,3 1
397,2875.4287109375,2144.32861328125,1806.5347900390625,396.15936279296875,5.078125,0.328125,7.140625,14.25,5.046875,0.96875,2.0625,0.140625,6.03125,80.2249984741211,25.515625,2.0,4.078125,81.296875,81.296875,22.787500381469727,2.065624952316284,34.8125,4.25,12.796875,0.645312488079071,0.06796874850988388,0.921875,0.328125,0.0,3,3 1
398,2553.180419921875,1925.3642578125,1637.948974609375,379.0625,4.984375,0.0625,6.921875,13.828125,4.96875,0.921875,1.9375,0.03125,5.96875,72.984375,26.78125,2.0,3.984375,78.34375,78.34375,16.662500381469727,1.553125023841858,78.71875,4.5625,13.109375,0.5911458134651184,0.04895833507180214,1.015625,0.0625,0.0,3,3 1
399,2761.148193359375,2016.3909912109375,1714.4134521484375,384.5062561035156,5.03125,0.125,7.0625,14.109375,5.03125,0.953125,2.03125,0.09375,6.0,80.234375,27.671875,2.0,4.03125,87.75,87.75,23.518749237060547,2.0562500953674316,39.125,4.609375,13.984375,0.2697916626930237,0.01744791679084301,1.03125,0.125,0.0,3,3 1
400,2789.902587890625,2075.44189453125,1761.7835693359375,401.984375,5.09375,0.171875,7.078125,14.15625,5.09375,0.96875,1.984375,0.09375,6.015625,79.5406265258789,27.546875,2.0,4.09375,93.046875,93.046875,21.962499618530273,1.9874999523162842,41.59375,4.375,13.375,0.5041666626930237,0.04583333432674408,0.984375,0.171875,0.0,3,3 1
401,2886.841552734375,2167.2548828125,1830.081298828125,417.35626220703125,5.140625,0.296875,7.109375,14.1875,5.125,0.859375,1.96875,0.125,6.109375,80.5374984741211,26.859375,1.984375,4.140625,72.796875,72.796875,22.274999618530273,2.018749952316284,34.71875,4.21875,12.59375,0.9765625,0.06848958134651184,0.828125,0.296875,0.0,3,3 1
402,2659.206787109375,1985.778564453125,1683.7548828125,384.7875061035156,4.96875,0.15625,6.953125,13.90625,4.96875,0.9375,1.984375,0.0625,5.953125,74.71562194824219,25.984375,2.0,3.96875,61.21875,61.21875,18.049999237060547,1.584375023841858,55.84375,4.265625,13.265625,0.7838541865348816,0.06171875074505806,0.78125,0.15625,0.0,3,3 1
403,2684.00927734375,2026.3304443359375,1715.555419921875,407.29998779296875,5.015625,0.1875,7.015625,14.015625,5.0,0.953125,2.0,0.09375,5.96875,75.484375,25.40625,2.0,4.015625,78.984375,78.984375,18.625,1.7374999523162842,58.28125,4.296875,13.328125,0.895312488079071,0.07838542014360428,0.8125,0.1875,0.0,3,3 1
404,2736.953857421875,2036.7952880859375,1726.2562255859375,415.53125,5.0,0.1875,7.03125,14.046875,5.0,0.921875,2.015625,0.15625,5.953125,77.8375015258789,25.3125,2.140625,4.0,78.578125,78.578125,20.768749237060547,1.7999999523162842,50.21875,4.484375,13.578125,0.7333333492279053,0.05677083879709244,0.859375,0.1875,0.0,3,3 1
405,2725.11376953125,2033.3206787109375,1722.111083984375,414.54376220703125,5.0625,0.171875,6.90625,13.8125,5.03125,0.828125,1.875,0.046875,6.03125,76.171875,29.28125,1.984375,4.0625,85.484375,85.484375,19.174999237060547,1.6531250476837158,63.5,4.546875,13.828125,0.9260417222976685,0.05546874925494194,0.734375,0.171875,0.0,3,3 1
406,2680.561279296875,2010.1419677734375,1693.2894287109375,411.08123779296875,4.875,0.28125,6.796875,13.59375,4.890625,0.828125,1.90625,0.109375,5.859375,74.59062194824219,23.875,2.1875,3.875,82.578125,82.578125,18.725000381469727,1.6281249523162842,31.21875,3.625,10.890625,1.0776041746139526,0.0794270858168602,0.609375,0.28125,0.0,3,3 1
407,2861.56494140625,2120.958984375,1793.4263916015625,420.73748779296875,5.109375,0.25,7.015625,14.03125,5.09375,0.859375,1.921875,0.09375,6.0625,79.5374984741211,26.734375,2.0,4.109375,75.78125,75.78125,21.78125,1.9406249523162842,39.84375,4.25,13.140625,1.131250023841858,0.0755208358168602,0.6875,0.25,0.0,3,3 1
408,2863.840087890625,2146.97314453125,1816.5853271484375,414.1781311035156,5.15625,0.25,7.125,14.234375,5.125,0.921875,1.984375,0.109375,6.09375,79.65312194824219,27.203125,2.0,4.15625,79.734375,79.734375,20.831249237060547,1.8125,49.90625,4.46875,13.421875,0.8619791865348816,0.07890625298023224,0.796875,0.25,0.0,3,3 1
409,3053.21875,2289.392333984375,1934.9202880859375,420.8687438964844,5.296875,0.34375,7.171875,14.3125,5.234375,0.953125,1.90625,0.078125,6.140625,81.609375,28.25,2.0,4.296875,87.375,87.375,23.081249237060547,1.990625023841858,36.0,4.3125,13.03125,0.918749988079071,0.08958333730697632,0.6875,0.34375,0.0,3,3 1
410,2753.487060546875,2006.407470703125,1700.733154296875,394.0,4.96875,0.171875,6.890625,13.78125,4.953125,0.859375,1.9375,0.078125,5.953125,80.265625,28.796875,2.0,3.96875,70.15625,70.15625,23.887500762939453,2.081249952316284,26.65625,4.125,12.59375,0.6239583492279053,0.04114583507180214,0.890625,0.171875,0.0,3,3 1
411,2703.9033203125,2011.6312255859375,1706.391357421875,396.0562438964844,4.96875,0.171875,6.84375,13.671875,4.96875,0.875,1.859375,0.046875,5.921875,78.03125,27.71875,2.21875,3.96875,60.203125,60.203125,21.037500381469727,1.9093749523162842,38.25,4.109375,12.015625,0.6807291507720947,0.04218750074505806,0.90625,0.171875,0.0,3,3 1
412,2800.271240234375,2077.921875,1757.744140625,411.5562438964844,5.03125,0.234375,7.078125,14.140625,5.03125,0.890625,2.046875,0.15625,6.015625,79.4437484741211,24.90625,2.09375,4.03125,63.390625,63.390625,22.3125,1.931249976158142,37.1875,4.3125,12.671875,0.7437499761581421,0.06614583730697632,1.015625,0.234375,0.0,3,3 1
413,2664.59716796875,2014.0703125,1704.821044921875,402.3968811035156,5.0,0.1875,6.8125,13.625,4.953125,0.8125,1.859375,0.078125,5.921875,75.2906265258789,26.890625,2.046875,4.0,59.8125,59.8125,18.362499237060547,1.5968749523162842,56.9375,4.203125,12.140625,0.7328125238418579,0.05937499925494194,0.765625,0.1875,0.0,3,3 1
414,2632.929931640625,1987.293701171875,1679.5718994140625,384.8187561035156,4.90625,0.21875,6.734375,13.4375,4.90625,0.765625,1.796875,0.078125,5.890625,74.07499694824219,26.09375,2.09375,3.90625,51.859375,51.859375,17.956249237060547,1.5593750476837158,40.375,3.796875,11.296875,0.6546875238418579,0.04531250149011612,0.78125,0.21875,0.0,3,3 1
415,2657.71826171875,2000.190673828125,1695.61328125,388.5375061035156,4.96875,0.171875,6.921875,13.84375,4.953125,0.890625,1.96875,0.109375,5.921875,74.734375,26.046875,2.09375,3.96875,68.21875,68.21875,18.412500381469727,1.6062500476837158,51.375,4.15625,12.546875,0.9020832777023315,0.07604166865348816,0.734375,0.171875,0.0,3,3 1
416,2379.059814453125,1776.3841552734375,1512.4107666015625,350.82501220703125,4.71875,0.03125,6.515625,13.015625,4.71875,0.78125,1.78125,0.03125,5.703125,68.2906265258789,26.03125,2.09375,3.71875,51.671875,51.671875,14.181249618530273,1.1906249523162842,64.5625,3.953125,11.625,0.503125011920929,0.04374999925494194,0.765625,0.03125,0.0,3,3 1
417,2336.772705078125,1777.568359375,1515.1063232421875,346.51873779296875,4.78125,0.0,6.640625,13.28125,4.796875,0.84375,1.84375,0.015625,5.78125,66.16874694824219,29.109375,2.109375,3.78125,55.828125,55.828125,11.581250190734863,0.9937499761581421,85.53125,4.109375,12.09375,0.234375,0.02005208283662796,1.0,0.0,0.0,3,3 1
418,2350.46240234375,1826.67578125,1556.112060546875,364.0531311035156,4.90625,0.0,6.84375,13.6875,4.90625,0.9375,1.9375,0.0,5.90625,64.33125305175781,27.796875,1.984375,3.90625,69.09375,69.09375,10.193750381469727,0.953125,108.40625,4.46875,12.875,0.4557291567325592,0.0403645858168602,1.0625,0.0,0.0,3,3 4
419,1297.1651611328125,996.91650390625,846.7449951171875,260.609375,3.109375,0.0,4.625,9.25,3.546875,0.46875,1.078125,0.046875,4.109375,36.337501525878906,21.53125,8.09375,2.109375,56.84375,56.84375,5.574999809265137,0.5062500238418579,49.15625,2.03125,5.875,0.6484375,0.0442708320915699,0.703125,0.0,0.0,3,3 2
420,1249.305419921875,954.7645263671875,811.822509765625,258.58123779296875,3.0,0.0,4.46875,8.9375,3.484375,0.46875,0.984375,0.0,4.0,34.70624923706055,19.9375,7.875,2.0,61.671875,61.671875,4.90625,0.453125,57.8125,2.203125,5.90625,0.8333333134651184,0.05390625074505806,0.5625,0.0,0.0,3,3 2
421,1025.2991943359375,771.0968627929688,655.1678466796875,229.11563110351562,2.59375,0.0,3.953125,7.90625,3.171875,0.34375,0.78125,0.015625,3.59375,30.690624237060547,20.328125,10.3125,1.59375,53.96875,53.96875,5.537499904632568,0.5843750238418579,30.75,1.59375,4.75,0.5744791626930237,0.0,0.671875,0.0,0.0,3,3 4
422,720.3237915039062,560.027099609375,475.18536376953125,199.49063110351562,2.09375,0.015625,3.40625,6.796875,2.8125,0.28125,0.578125,0.046875,3.078125,21.774999618530273,20.125,12.171875,1.09375,48.46875,48.46875,2.625,0.3499999940395355,29.375,1.125,2.5,0.7348958253860474,0.02395833283662796,0.375,0.015625,0.0,3,3 2
423,517.971435546875,355.76873779296875,300.8075256347656,164.78750610351562,1.609375,0.03125,2.734375,5.46875,2.453125,0.125,0.28125,0.0,2.609375,16.590625762939453,17.984375,13.71875,0.609375,34.546875,34.546875,2.875,0.26875001192092896,6.875,0.578125,1.6875,0.82135409116745,0.00911458395421505,0.140625,0.03125,0.0,3,3 2
424,831.3002319335938,613.9586181640625,518.788330078125,217.16250610351562,2.203125,0.03125,3.4375,6.875,2.859375,0.25,0.578125,0.015625,3.171875,25.515625,19.375,12.15625,1.203125,51.34375,51.34375,4.043749809265137,0.4000000059604645,16.96875,1.046875,3.03125,0.7135416865348816,0.007031249813735485,0.40625,0.03125,0.0,3,3 2
425,792.291259765625,590.9682006835938,499.56646728515625,225.546875,2.21875,0.0,3.484375,6.96875,2.875,0.265625,0.609375,0.0,3.21875,25.231250762939453,18.859375,11.984375,1.21875,54.515625,54.515625,3.46875,0.3968749940395355,17.1875,0.9375,2.484375,0.754687488079071,0.02005208283662796,0.453125,0.0,0.0,3,3 4
