generation,best_fitness,mean_fitness,mean_reward,mean_survival,mean_kills,champion_id,elite_ids
0,367.29998779296875,168.95831298828125,92.99166870117188,75.76667022705078,0.20000000298023224,6,6 1 22 12 25 28
1,300.5,175.50665283203125,95.83999633789062,79.5,0.1666666716337204,0,0 27 9 2 10 15
2,266.79998779296875,172.5316925048828,95.99833679199219,76.23332977294922,0.30000001192092896,20,20 0 29 7 16 25
3,417.0,179.6416778564453,100.10832977294922,79.26667022705078,0.2666666805744171,20,20 19 21 3 4 5
4,307.6000061035156,176.38998413085938,99.18999481201172,76.96666717529297,0.23333333432674408,9,9 24 14 19 1 4
5,444.3000183105469,196.72000122070312,115.25333404541016,81.13333129882812,0.3333333432674408,19,19 14 12 22 24 1
6,487.0,178.9399871826172,102.90666961669922,75.76667022705078,0.2666666805744171,2,2 4 0 19 21 16
7,387.3500061035156,180.19833374023438,101.29833221435547,78.69999694824219,0.20000000298023224,9,9 13 19 17 3 26
8,313.3999938964844,188.29832458496094,106.2649917602539,81.69999694824219,0.3333333432674408,28,28 24 14 3 11 13
9,333.0,181.6050262451172,103.9050064086914,77.46666717529297,0.23333333432674408,26,26 23 5 8 24 13
10,367.5,200.2866668701172,116.78665924072266,83.16666412353516,0.3333333432674408,17,17 3 9 23 15 0
11,487.54998779296875,209.00833129882812,118.57500457763672,90.16666412353516,0.2666666805744171,26,26 8 16 0 12 2
12,374.79998779296875,175.56336975097656,101.96333312988281,73.23332977294922,0.36666667461395264,10,10 15 8 20 23 22
13,424.54998779296875,212.3716583251953,125.90499877929688,86.03333282470703,0.4333333373069763,9,9 5 13 0 22 6
14,476.1999816894531,203.96334838867188,121.36332702636719,82.26667022705078,0.3333333432674408,6,6 28 25 7 27 15
15,697.2000122070312,211.04501342773438,121.21166229248047,89.5999984741211,0.23333333432674408,18,18 12 2 5 21 1
16,377.3999938964844,186.1750030517578,110.37499237060547,75.46666717529297,0.3333333432674408,3,3 0 29 5 23 21
17,475.6000061035156,212.66998291015625,126.56999206542969,85.63333129882812,0.46666666865348816,12,12 3 20 0 16 13
18,397.5999755859375,231.3100128173828,135.14334106445312,95.9000015258789,0.2666666805744171,21,21 4 16 6 17 20
19,534.7000122070312,229.3333282470703,140.66668701171875,88.16666412353516,0.5,19,19 5 9 21 10 25
20,337.5999755859375,191.72164916992188,118.52167510986328,72.83333587646484,0.36666667461395264,1,1 5 26 8 2 18
21,453.0999755859375,203.1499786376953,120.01667022705078,82.93333435058594,0.20000000298023224,18,18 25 0 26 8 21
22,397.0,208.2333526611328,125.49999237060547,82.4000015258789,0.3333333432674408,27,27 19 0 10 6 5
23,329.95001220703125,189.35670471191406,115.0899887084961,73.9000015258789,0.36666667461395264,9,9 29 2 8 28 12
24,433.6000061035156,183.85333251953125,113.92000579833984,69.43333435058594,0.5,6,6 0 28 13 15 17
25,421.6000061035156,205.57168579101562,123.10501861572266,82.03333282470703,0.4333333373069763,26,26 9 4 19 10 1
26,416.1999816894531,209.7250213623047,126.05833435058594,83.26667022705078,0.4000000059604645,26,26 11 21 8 10 25
27,340.8500061035156,186.95169067382812,112.48500061035156,74.03333282470703,0.4333333373069763,1,1 14 16 2 9 13
28,420.800048828125,228.6699981689453,139.87001037597656,88.4000015258789,0.4000000059604645,18,18 17 28 13 4 20
29,408.79998779296875,198.44667053222656,121.7800064086914,76.16666412353516,0.5,17,17 25 7 23 27 14
30,411.0000305175781,207.6750030517578,126.04166412353516,81.23332977294922,0.4000000059604645,16,16 0 24 20 29 13
31,398.1499938964844,189.11834716796875,115.08499145507812,73.5999984741211,0.4333333373069763,13,13 17 10 7 15 23
32,596.1500244140625,238.7949676513672,145.6283416748047,92.76667022705078,0.4000000059604645,3,3 0 29 19 11 1
33,586.4500122070312,213.48834228515625,129.32167053222656,83.80000305175781,0.36666667461395264,3,3 28 17 11 21 19
34,566.550048828125,233.3050079345703,141.43833923339844,91.43333435058594,0.4333333373069763,28,28 4 21 25 3 10
35,354.1500244140625,219.5500030517578,129.85000610351562,89.46666717529297,0.23333333432674408,26,26 4 8 0 12 25
36,412.04998779296875,223.7716827392578,134.47166442871094,89.03333282470703,0.2666666805744171,12,12 13 14 7 5 15
37,567.2000732421875,223.74002075195312,131.0399932861328,92.33333587646484,0.36666667461395264,24,24 12 19 15 11 5
38,433.1000061035156,230.5900115966797,134.05667114257812,96.33333587646484,0.20000000298023224,6,6 1 18 0 21 16
39,566.9000244140625,235.68667602539062,139.55332946777344,95.86666870117188,0.2666666805744171,12,12 4 2 0 1 27
40,344.0,210.4733428955078,124.37333679199219,85.86666870117188,0.23333333432674408,1,1 5 25 14 11 6
41,303.20001220703125,201.64334106445312,117.57666778564453,83.80000305175781,0.2666666805744171,3,3 2 12 23 27 13
42,378.0,211.70664978027344,127.3399887084961,84.0,0.36666667461395264,12,12 3 13 15 20 2
43,489.0,229.5983428955078,138.4983367919922,90.69999694824219,0.4000000059604645,7,7 11 24 8 26 3
44,476.20001220703125,204.3633270263672,124.89665985107422,79.03333282470703,0.4333333373069763,22,22 26 0 2 20 13
45,563.4000244140625,254.4400177001953,156.9066619873047,97.0999984741211,0.4333333373069763,28,28 22 16 1 17 19
46,690.75,242.68331909179688,149.81668090820312,92.36666870117188,0.5,1,1 15 29 13 4 25
47,519.9000244140625,285.80169677734375,178.635009765625,106.63333129882812,0.5333333611488342,0,0 8 17 27 15 3
48,543.0,234.65499877929688,148.15499877929688,85.93333435058594,0.5666666626930237,2,2 6 3 20 23 21
49,590.0499877929688,280.6066589355469,172.5066680908203,107.69999694824219,0.4000000059604645,8,8 27 23 15 4 9
50,381.1500244140625,217.91500854492188,133.8483428955078,83.69999694824219,0.36666667461395264,26,26 5 11 6 12 8
51,512.4000244140625,237.61001586914062,146.2100067138672,91.0,0.4000000059604645,17,17 6 0 25 20 26
52,488.39996337890625,196.95333862304688,118.38667297363281,78.13333129882812,0.4333333373069763,10,10 8 11 26 3 22
53,407.39990234375,212.163330078125,127.49665832519531,84.30000305175781,0.36666667461395264,4,4 17 5 18 10 16
54,427.5,192.54000854492188,120.63999938964844,71.33333587646484,0.5666666626930237,23,23 21 5 25 4 26
55,448.5,201.0,120.06666564941406,80.5999984741211,0.3333333432674408,19,19 0 25 7 1 24
56,388.3999938964844,191.9533233642578,121.0533447265625,70.43333435058594,0.46666666865348816,26,26 28 6 3 23 19
57,574.7000122070312,206.510009765625,128.00999450683594,78.0,0.5,0,0 23 16 18 4 26
58,349.20001220703125,215.87832641601562,130.07833862304688,85.5,0.30000001192092896,16,16 9 15 2 26 10
59,598.4000244140625,232.3466796875,144.31332397460938,87.53333282470703,0.5,11,11 12 19 28 14 0
60,586.75,196.46168518066406,118.96166229248047,77.16666412353516,0.3333333432674408,6,6 14 26 2 9 27
61,479.6000061035156,201.83164978027344,123.1983413696289,78.19999694824219,0.4333333373069763,12,12 22 5 11 19 29
62,325.3999938964844,192.49502563476562,117.12833404541016,75.0999984741211,0.2666666805744171,27,27 1 18 29 7 5
63,432.70001220703125,183.9199981689453,108.78665924072266,74.73332977294922,0.4000000059604645,3,3 10 6 13 15 21
64,393.0,184.0549774169922,111.42166900634766,72.30000305175781,0.3333333432674408,20,20 6 11 21 15 28
65,563.699951171875,211.89334106445312,127.45999908447266,84.13333129882812,0.30000001192092896,8,8 12 21 17 18 0
66,379.9000244140625,186.88165283203125,120.78166961669922,65.46666717529297,0.6333333253860474,11,11 7 29 28 12 9
67,424.29998779296875,196.239990234375,120.97333526611328,74.73332977294922,0.5333333611488342,26,26 1 24 4 3 15
68,433.6000061035156,172.75001525878906,107.28333282470703,65.03333282470703,0.4333333373069763,17,17 6 10 18 27 24
69,422.6499938964844,194.81332397460938,118.3466796875,76.0999984741211,0.36666667461395264,29,29 1 13 4 21 9
70,341.0,210.1383514404297,128.10499572753906,81.69999694824219,0.3333333432674408,2,2 22 4 14 26 21
71,587.0,191.86000061035156,120.72667694091797,70.5999984741211,0.5333333611488342,4,4 9 15 27 5 1
72,370.5999755859375,202.42166137695312,126.48832702636719,75.43333435058594,0.5,2,2 9 25 12 29 21
73,516.4000244140625,224.61334228515625,134.34666442871094,90.0,0.2666666805744171,18,18 4 22 10 28 12
74,378.800048828125,209.60000610351562,130.89999389648438,78.30000305175781,0.4000000059604645,4,4 16 20 13 2 1
75,720.0,246.63333129882812,154.63333129882812,91.5,0.5,27,27 12 4 28 16 10
76,486.29998779296875,218.0166778564453,135.95001220703125,81.56666564941406,0.5,12,12 6 27 21 20 18
77,650.75,255.16668701171875,155.03335571289062,99.73332977294922,0.4000000059604645,10,10 26 4 0 25 9
78,555.39990234375,231.58665466308594,141.8866729736328,89.30000305175781,0.4000000059604645,18,18 3 23 10 6 0
79,618.0,234.75167846679688,144.2516632080078,90.0999984741211,0.4000000059604645,5,5 1 4 14 24 0
80,620.1000366210938,201.67164611816406,126.4050064086914,74.80000305175781,0.46666666865348816,21,21 15 19 29 1 5
81,514.5,228.21669006347656,140.28334045410156,87.46666717529297,0.46666666865348816,19,19 22 2 7 8 0
82,610.25,229.61834716796875,140.7183380126953,88.5,0.4000000059604645,28,28 26 23 12 5 25
83,649.300048828125,279.2550048828125,172.75502014160156,106.0999984741211,0.4000000059604645,26,26 13 23 11 10 17
84,439.2000427246094,247.14666748046875,150.77999877929688,95.96666717529297,0.4000000059604645,16,16 29 26 1 14 5
85,539.2000122070312,218.01834106445312,137.0850067138672,80.4000015258789,0.5333333611488342,5,5 29 3 27 12 16
86,502.0,213.4299774169922,130.3633270263672,82.69999694824219,0.36666667461395264,25,25 15 11 20 12 8
87,349.800048828125,211.413330078125,130.77999877929688,80.23332977294922,0.4000000059604645,20,20 1 21 6 0 24
88,491.3999938964844,193.16000366210938,120.39332580566406,72.33333587646484,0.4333333373069763,28,28 27 0 25 7 4
89,430.5,206.98667907714844,125.62001037597656,80.96666717529297,0.4000000059604645,19,19 0 15 22 5 18
90,445.79998779296875,199.2849884033203,123.4183349609375,75.4000015258789,0.46666666865348816,24,24 21 26 25 27 1
91,475.4000549316406,230.23001098632812,138.62998962402344,91.19999694824219,0.4000000059604645,16,16 10 18 26 28 7
92,678.8499755859375,227.07000732421875,139.57000732421875,86.93333435058594,0.5666666626930237,25,25 20 2 21 15 8
93,469.7500305175781,223.9149932861328,137.11500549316406,86.36666870117188,0.4333333373069763,29,29 24 0 2 1 4
94,434.6500244140625,215.7666473388672,127.5,87.93333435058594,0.3333333432674408,16,16 22 25 28 13 6
95,503.0,217.55667114257812,132.05667114257812,85.0999984741211,0.4000000059604645,23,23 5 28 20 18 4
96,547.300048828125,246.8833465576172,148.11668395996094,98.33333587646484,0.4333333373069763,12,12 2 21 27 8 3
97,478.20001220703125,258.2933349609375,149.39332580566406,108.73332977294922,0.1666666716337204,23,23 8 0 11 14 16
98,390.29998779296875,218.16830444335938,126.56832885742188,91.36666870117188,0.23333333432674408,8,8 7 5 19 22 29
99,528.3499755859375,249.47833251953125,142.0449981689453,107.26667022705078,0.1666666716337204,22,22 10 27 3 0 12
100,366.8999938964844,236.67166137695312,137.90499877929688,98.69999694824219,0.06666667014360428,14,14 12 27 2 24 3
101,339.75,216.13999938964844,126.37333679199219,89.53333282470703,0.23333333432674408,17,17 19 9 23 25 5
102,447.79998779296875,215.97166442871094,126.70500946044922,89.0,0.2666666805744171,23,23 11 5 26 18 29
103,610.4500122070312,240.54335021972656,148.27667236328125,91.76667022705078,0.5,29,29 24 14 8 6 27
104,527.0,245.68833923339844,145.82168579101562,99.5999984741211,0.2666666805744171,22,22 4 25 3 28 20
105,392.300048828125,210.87998962402344,124.4466552734375,86.0999984741211,0.3333333432674408,19,19 7 0 3 10 2
106,460.4499816894531,255.9016571044922,154.3683319091797,101.30000305175781,0.23333333432674408,13,13 4 10 2 24 18
107,378.20001220703125,207.60166931152344,125.33499908447266,81.96666717529297,0.30000001192092896,3,3 22 6 27 11 20
108,563.4000244140625,251.76498413085938,150.43165588378906,101.0999984741211,0.23333333432674408,18,18 0 29 11 8 15
109,495.5,282.1983337402344,172.53167724609375,109.36666870117188,0.30000001192092896,10,10 17 23 7 2 9
110,383.5,233.05665588378906,137.82333374023438,95.13333129882812,0.10000000149011612,16,16 3 12 20 5 17
111,500.10003662109375,269.4016418457031,162.56832885742188,106.5,0.3333333432674408,10,10 17 3 11 28 26
112,466.20001220703125,257.7533264160156,151.02000427246094,106.63333129882812,0.10000000149011612,29,29 10 18 17 23 7
113,441.0,246.07998657226562,144.17999267578125,101.80000305175781,0.10000000149011612,29,29 8 13 28 11 20
114,463.35003662109375,264.2066650390625,157.97335815429688,105.93333435058594,0.30000001192092896,1,1 2 4 5 16 25
115,549.4000244140625,240.6899871826172,142.88999938964844,97.46666717529297,0.3333333432674408,14,14 26 18 22 3 24
116,314.5999450683594,204.62002563476562,122.086669921875,82.33333587646484,0.20000000298023224,28,28 25 7 26 14 9
117,487.199951171875,195.22665405273438,115.12667846679688,79.9000015258789,0.20000000298023224,7,7 13 5 25 4 15
118,486.39996337890625,237.79331970214844,141.95999145507812,95.5999984741211,0.23333333432674408,23,23 28 18 10 14 0
119,366.79998779296875,216.1699981689453,127.50333404541016,88.33333587646484,0.3333333432674408,18,18 26 22 21 24 27
120,500.10003662109375,208.36668395996094,123.19999694824219,84.80000305175781,0.36666667461395264,10,10 5 25 14 11 26
121,668.9000244140625,219.38002014160156,127.24666595458984,91.93333435058594,0.20000000298023224,16,16 11 3 24 18 13
122,521.7999267578125,267.0316467285156,158.23165893554688,108.53333282470703,0.2666666805744171,19,19 22 10 25 24 23
123,590.6000366210938,243.3333282470703,143.83334350585938,99.19999694824219,0.30000001192092896,4,4 8 12 26 11 23
124,553.2999877929688,234.08999633789062,139.55667114257812,94.19999694824219,0.3333333432674408,26,26 29 1 2 18 9
125,573.2999877929688,282.1582946777344,169.82498168945312,112.03333282470703,0.30000001192092896,23,23 15 22 29 4 26
126,555.4000244140625,266.7650146484375,160.0650177001953,106.43333435058594,0.2666666805744171,15,15 7 14 22 23 4
127,456.20001220703125,224.3616485595703,131.2616729736328,92.83333587646484,0.2666666805744171,21,21 11 2 3 5 29
128,540.0,254.07496643066406,146.941650390625,106.83333587646484,0.30000001192092896,15,15 5 1 19 17 20
129,616.800048828125,277.7882995605469,164.5883331298828,112.93333435058594,0.2666666805744171,12,12 28 14 15 1 2
130,490.1999816894531,303.5450134277344,181.84500122070312,121.53333282470703,0.1666666716337204,2,2 13 0 28 6 19
131,607.25,257.98333740234375,157.95001220703125,99.5999984741211,0.4333333373069763,6,6 23 3 8 5 17
132,626.9000244140625,274.7400207519531,163.9399871826172,110.53333282470703,0.2666666805744171,11,11 5 10 21 20 7
133,548.2999877929688,247.87501525878906,144.74166870117188,102.93333435058594,0.20000000298023224,5,5 22 13 24 0 16
134,545.6500244140625,308.1466369628906,184.67999267578125,123.13333129882812,0.3333333432674408,4,4 22 2 15 18 24
135,368.5999755859375,202.0133514404297,121.74667358398438,79.80000305175781,0.46666666865348816,21,21 13 16 24 18 23
136,554.0,235.54335021972656,142.64332580566406,92.43333435058594,0.46666666865348816,17,17 6 14 22 26 21
137,514.699951171875,264.7499694824219,157.81666564941406,106.66666412353516,0.2666666805744171,9,9 16 0 24 10 25
138,512.7999877929688,260.8883361816406,152.52166748046875,108.16666412353516,0.20000000298023224,3,3 5 26 25 18 17
139,705.5999755859375,245.87332153320312,147.8400115966797,97.66666412353516,0.36666667461395264,26,26 24 20 16 23 3
140,337.29998779296875,222.13333129882812,133.76666259765625,88.13333129882812,0.23333333432674408,11,11 3 5 1 7 10
141,395.29998779296875,202.75498962402344,120.3883285522461,82.13333129882812,0.23333333432674408,5,5 13 18 29 4 0
142,456.29998779296875,206.1516571044922,127.05166625976562,78.63333129882812,0.46666666865348816,29,29 1 21 3 24 8
143,500.0,222.27334594726562,132.74000549316406,89.13333129882812,0.4000000059604645,9,9 3 1 17 27 21
144,384.7500305175781,197.10665893554688,114.63999938964844,82.16666412353516,0.30000001192092896,5,5 1 26 18 17 7
145,526.0,220.22666931152344,125.82666015625,94.16666412353516,0.23333333432674408,25,25 21 2 3 23 27
146,550.5,249.14833068847656,150.614990234375,98.06666564941406,0.46666666865348816,25,25 1 15 6 2 13
147,447.3999938964844,238.64002990722656,142.90667724609375,95.36666870117188,0.36666667461395264,1,1 16 14 22 2 20
148,398.0,238.1850128173828,142.7849884033203,95.16666412353516,0.23333333432674408,2,2 8 1 4 19 10
149,684.800048828125,332.2317199707031,205.4650115966797,126.43333435058594,0.3333333432674408,9,9 1 27 13 19 12
150,356.0,234.28834533691406,142.95501708984375,91.03333282470703,0.30000001192092896,2,2 15 16 25 18 11
151,512.9000244140625,251.11834716796875,150.48500061035156,100.26667022705078,0.36666667461395264,12,12 2 4 6 19 17
152,600.0999755859375,282.98333740234375,165.68333435058594,116.96666717529297,0.3333333432674408,11,11 22 17 29 13 3
153,380.1499938964844,222.91497802734375,130.78167724609375,91.96666717529297,0.1666666716337204,15,15 8 18 24 28 4
154,726.0,257.0683288574219,148.5349884033203,108.33333587646484,0.20000000298023224,2,2 25 24 16 18 26
155,636.0999755859375,277.76666259765625,159.46665954589844,118.19999694824219,0.10000000149011612,18,18 17 0 23 11 14
156,526.1000366210938,247.17332458496094,145.9066619873047,101.03333282470703,0.23333333432674408,18,18 24 25 14 12 7
157,651.5499877929688,251.74832153320312,148.14834594726562,103.36666870117188,0.23333333432674408,16,16 27 19 3 8 0
158,581.9500122070312,254.10665893554688,146.239990234375,107.66666412353516,0.20000000298023224,8,8 18 24 13 3 0
159,507.3000183105469,216.01502990722656,122.44832611083984,93.26667022705078,0.30000001192092896,18,18 6 2 29 23 5
160,325.1999816894531,205.91331481933594,117.4800033569336,88.16666412353516,0.2666666805744171,23,23 7 15 11 17 10
161,435.20001220703125,238.02667236328125,135.19332885742188,102.69999694824219,0.13333334028720856,29,29 17 21 3 10 2
162,374.75,207.16165161132812,124.96166229248047,81.83333587646484,0.36666667461395264,0,0 8 26 29 28 23
163,341.5,206.06832885742188,115.30167388916016,90.63333129882812,0.13333334028720856,11,11 7 5 25 19 1
164,390.20001220703125,210.79168701171875,123.72500610351562,86.5999984741211,0.46666666865348816,8,8 28 11 15 6 7
165,464.5000305175781,218.1800079345703,131.31332397460938,86.5,0.36666667461395264,22,22 29 14 27 6 19
166,557.5999755859375,250.36834716796875,148.50167846679688,101.56666564941406,0.30000001192092896,29,29 19 17 13 4 0
167,467.64996337890625,220.9550018310547,130.62167358398438,90.03333282470703,0.30000001192092896,3,3 18 7 19 27 13
168,515.75,227.74664306640625,135.54666137695312,91.80000305175781,0.4000000059604645,13,13 5 8 1 22 10
169,356.9000244140625,207.24000549316406,118.7400131225586,88.43333435058594,0.06666667014360428,3,3 16 12 22 15 11
170,491.1000061035156,268.5216369628906,164.42164611816406,103.76667022705078,0.3333333432674408,10,10 2 15 24 11 4
171,676.4500122070312,237.413330078125,139.98001098632812,97.13333129882812,0.30000001192092896,7,7 21 12 3 13 15
172,472.79998779296875,247.67333984375,147.87332153320312,99.53333282470703,0.2666666805744171,22,22 3 15 13 26 0
173,418.79998779296875,220.42831420898438,127.461669921875,92.76667022705078,0.20000000298023224,28,28 6 0 17 12 19
174,515.5999755859375,232.80499267578125,141.50498962402344,90.96666717529297,0.3333333432674408,17,17 22 19 14 21 9
175,615.5499877929688,264.6750183105469,159.04168701171875,105.23332977294922,0.4000000059604645,19,19 24 6 4 0 10
176,498.79998779296875,233.08668518066406,140.88668823242188,91.76667022705078,0.4333333373069763,28,28 13 27 9 12 19
177,503.8500061035156,249.49497985839844,148.72833251953125,100.43333435058594,0.3333333432674408,27,27 20 4 12 26 9
178,432.10003662109375,229.9216766357422,133.82168579101562,95.83333587646484,0.2666666805744171,24,24 26 29 20 10 11
179,310.7999572753906,211.375,127.94166564941406,83.13333129882812,0.30000001192092896,28,28 24 5 23 15 20
180,464.10003662109375,227.79669189453125,135.4966583251953,92.03333282470703,0.2666666805744171,2,2 24 6 10 29 22
181,551.0,218.65000915527344,135.21665954589844,82.9000015258789,0.5333333611488342,17,17 5 26 1 24 18
182,489.6499938964844,257.04998779296875,152.9499969482422,103.69999694824219,0.4000000059604645,11,11 14 13 24 4 21
183,457.1499938964844,231.42166137695312,135.6216583251953,95.53333282470703,0.2666666805744171,26,26 11 20 4 18 14
184,359.6999816894531,182.33665466308594,105.56999969482422,76.53333282470703,0.23333333432674408,19,19 24 11 26 21 13
185,420.79998779296875,204.75167846679688,120.9183349609375,83.43333435058594,0.4000000059604645,13,13 1 16 4 7 15
186,523.4000244140625,258.3367004394531,153.0033416748047,105.0,0.3333333432674408,1,1 17 26 14 13 16
187,805.4000244140625,245.92666625976562,146.6599884033203,99.06666564941406,0.20000000298023224,24,24 12 25 14 16 0
188,463.5,239.663330078125,151.16334533691406,87.9000015258789,0.6000000238418579,7,7 10 1 22 13 14
189,395.3000183105469,215.36996459960938,127.97000122070312,87.06666564941406,0.3333333432674408,26,26 25 3 0 17 19
190,643.7999877929688,270.2216796875,166.68833923339844,103.0999984741211,0.4333333373069763,12,12 15 16 3 28 7
191,466.0999755859375,208.45164489746094,128.2849884033203,79.80000305175781,0.36666667461395264,23,23 28 0 10 3 9
192,543.5,220.4833526611328,134.21665954589844,85.83333587646484,0.4333333373069763,13,13 12 10 29 3 6
193,357.79998779296875,193.18833923339844,115.78833770751953,77.03333282470703,0.36666667461395264,19,19 20 24 8 12 5
194,405.6000061035156,219.8400115966797,129.5733184814453,90.0,0.2666666805744171,10,10 2 1 14 9 21
195,418.8999938964844,230.50497436523438,140.7383270263672,89.36666870117188,0.4000000059604645,0,0 25 9 2 11 24
196,429.8999938964844,204.62667846679688,120.82666015625,83.5999984741211,0.20000000298023224,13,13 10 3 18 7 15
197,424.59991455078125,218.46664428710938,131.83334350585938,86.23332977294922,0.4000000059604645,10,10 29 28 8 2 25
198,451.3000183105469,205.42503356933594,125.85834503173828,79.03333282470703,0.5333333611488342,1,1 20 12 17 5 11
199,515.4000244140625,219.81500244140625,137.34832763671875,82.0,0.46666666865348816,4,4 13 26 24 16 27
200,391.59991455078125,202.15499877929688,123.6550064086914,78.16666412353516,0.3333333432674408,4,4 8 29 28 21 5
201,473.60003662109375,215.36166381835938,127.99500274658203,86.93333435058594,0.4333333373069763,0,0 24 17 1 12 3
202,445.79998779296875,224.828369140625,136.49501037597656,88.03333282470703,0.30000001192092896,16,16 22 7 29 14 12
203,547.0,206.5116729736328,124.81166076660156,81.30000305175781,0.4000000059604645,17,17 3 22 9 6 2
204,396.19989013671875,204.864990234375,122.06499481201172,82.43333435058594,0.36666667461395264,16,16 14 15 25 22 2
205,378.8500061035156,213.29331970214844,133.39332580566406,79.46666717529297,0.4333333373069763,16,16 7 11 20 8 14
206,420.39996337890625,205.78334045410156,126.48332977294922,78.83333587646484,0.46666666865348816,25,25 6 9 23 5 0
207,384.3999938964844,194.31332397460938,123.74666595458984,70.03333282470703,0.5333333611488342,20,20 10 12 16 13 1
208,552.0,186.76498413085938,115.46499633789062,70.69999694824219,0.6000000238418579,24,24 1 29 9 11 22
209,405.39996337890625,205.0066680908203,125.27332305908203,79.30000305175781,0.4333333373069763,8,8 22 1 26 28 12
210,418.800048828125,221.68331909179688,135.9166717529297,85.26667022705078,0.5,2,2 11 21 23 8 9
211,347.79998779296875,204.8983612060547,125.43167114257812,78.96666717529297,0.5,1,1 29 9 26 7 4
212,391.0,197.82501220703125,121.59166717529297,75.76667022705078,0.46666666865348816,10,10 29 25 7 18 23
213,321.6000061035156,191.39166259765625,112.39167022705078,78.69999694824219,0.30000001192092896,7,7 17 20 1 14 2
214,396.1999816894531,195.31166076660156,122.81166076660156,71.96666717529297,0.5333333611488342,2,2 15 12 8 25 21
215,433.2000427246094,226.73834228515625,139.17166137695312,87.0999984741211,0.46666666865348816,10,10 28 21 4 14 17
216,432.54998779296875,182.8783416748047,112.97832489013672,69.43333435058594,0.46666666865348816,6,6 0 14 3 8 21
217,403.5,196.1899871826172,122.32333374023438,73.26667022705078,0.6000000238418579,6,6 21 2 5 28 23
218,400.5,189.2050018310547,122.23833465576172,66.26667022705078,0.699999988079071,17,17 19 11 8 24 9
219,379.29998779296875,193.55335998535156,116.08666229248047,77.03333282470703,0.4333333373069763,20,20 3 9 28 18 27
220,335.20001220703125,190.48167419433594,114.34834289550781,75.66666412353516,0.46666666865348816,1,1 29 18 15 4 10
221,386.0,186.27166748046875,111.6050033569336,74.30000305175781,0.36666667461395264,26,26 17 21 29 7 10
222,324.5,167.49168395996094,103.05833435058594,63.900001525878906,0.5333333611488342,26,26 17 6 8 19 2
223,371.3999938964844,196.40333557128906,122.00332641601562,73.80000305175781,0.6000000238418579,9,9 18 21 26 23 20
224,447.39996337890625,179.00668334960938,109.2066650390625,69.19999694824219,0.6000000238418579,1,1 23 24 19 22 15
225,400.3999938964844,189.17669677734375,116.1766586303711,72.5,0.5,4,4 17 15 1 0 6
226,328.20001220703125,183.52833557128906,111.5616683959961,71.5,0.46666666865348816,18,18 28 20 13 29 15
227,342.39996337890625,168.28497314453125,103.3183364868164,64.5,0.46666666865348816,12,12 17 11 3 18 14
228,327.9999694824219,172.30001831054688,104.93333435058594,66.9000015258789,0.46666666865348816,0,0 8 16 27 19 29
229,455.5999755859375,185.08163452148438,116.6483383178711,67.83333587646484,0.6000000238418579,27,27 3 13 11 9 29
230,414.20001220703125,179.93667602539062,112.9033203125,66.43333435058594,0.6000000238418579,3,3 1 5 15 22 4
231,413.9999694824219,187.03997802734375,115.37332916259766,71.23332977294922,0.4333333373069763,24,24 0 14 23 28 13
232,361.3999938964844,187.2666778564453,114.83334350585938,72.0,0.4333333373069763,15,15 5 23 16 6 20
233,335.9999694824219,179.7383270263672,111.80500030517578,67.4000015258789,0.5333333611488342,13,13 10 25 3 4 5
234,341.4000244140625,201.05833435058594,120.52500915527344,80.16666412353516,0.36666667461395264,26,26 1 17 11 25 12
235,409.3999938964844,188.78167724609375,116.0149917602539,72.26667022705078,0.5,29,29 7 26 17 8 28
236,422.5000305175781,179.19166564941406,105.45832824707031,73.30000305175781,0.4333333373069763,16,16 13 28 3 23 2
237,316.699951171875,187.10498046875,113.538330078125,73.06666564941406,0.5,23,23 7 12 16 8 4
238,321.199951171875,198.67832946777344,123.01166534423828,75.16666412353516,0.5,15,15 28 12 14 4 27
239,331.39996337890625,167.69500732421875,107.79499053955078,59.36666488647461,0.5333333611488342,7,7 20 8 4 17 26
240,332.6499938964844,178.91168212890625,111.64500427246094,66.69999694824219,0.5666666626930237,2,2 6 15 25 18 3
241,468.8000183105469,176.70167541503906,112.50167083740234,63.599998474121094,0.6000000238418579,3,3 8 6 9 13 28
242,334.0,213.3200225830078,130.52000427246094,82.43333435058594,0.36666667461395264,13,13 14 16 28 7 6
243,293.1999816894531,193.9199981689453,116.75333404541016,76.80000305175781,0.36666667461395264,8,8 4 27 22 1 6
244,322.20001220703125,202.88168334960938,121.34832000732422,81.13333129882812,0.4000000059604645,11,11 4 22 0 3 6
245,408.0,204.85333251953125,123.41999816894531,81.06666564941406,0.36666667461395264,12,12 16 7 18 6 17
246,348.7999267578125,213.32498168945312,130.2916717529297,82.63333129882812,0.4000000059604645,18,18 15 16 19 12 3
247,350.79998779296875,188.0566864013672,112.9900131225586,74.63333129882812,0.4333333373069763,12,12 16 20 5 14 8
248,356.8500061035156,212.05337524414062,128.4199981689453,83.33333587646484,0.30000001192092896,15,15 2 13 12 3 19
249,597.0,216.2150115966797,137.68167114257812,78.0,0.5333333611488342,1,1 18 0 22 4 5
250,438.70001220703125,219.95501708984375,135.92166137695312,83.56666564941406,0.46666666865348816,8,8 3 11 27 24 14
251,493.5,239.6216583251953,146.52166748046875,92.66666412353516,0.4333333373069763,22,22 12 25 13 21 14
252,334.1999816894531,204.14999389648438,121.8166732788086,82.0,0.3333333432674408,19,19 22 1 28 25 0
253,474.800048828125,218.97665405273438,130.44334411621094,88.13333129882812,0.4000000059604645,0,0 27 8 20 13 23
254,420.5999755859375,225.34666442871094,131.34666442871094,93.69999694824219,0.30000001192092896,3,3 19 11 10 22 4
255,481.6000061035156,215.5966796875,129.16334533691406,85.96666717529297,0.46666666865348816,11,11 5 3 12 6 9
256,497.6000061035156,222.20668029785156,135.9399871826172,85.86666870117188,0.4000000059604645,2,2 13 14 27 20 8
257,377.5999755859375,229.7333526611328,137.7333526611328,91.66666412353516,0.3333333432674408,24,24 17 1 14 19 13
258,572.0,231.68833923339844,140.22166442871094,91.0999984741211,0.36666667461395264,4,4 11 1 10 21 0
259,527.0999755859375,254.82498168945312,155.09164428710938,99.33333587646484,0.4000000059604645,3,3 25 14 18 17 26
260,398.79998779296875,213.2466583251953,126.9466781616211,85.93333435058594,0.36666667461395264,19,19 21 24 11 29 14
261,511.75,241.95669555664062,145.356689453125,96.30000305175781,0.30000001192092896,12,12 14 20 29 0 17
262,447.0,243.68167114257812,145.2816619873047,98.03333282470703,0.36666667461395264,2,2 17 25 18 29 11
263,459.6000061035156,230.3016815185547,136.40167236328125,93.53333282470703,0.36666667461395264,7,7 2 27 8 4 9
264,411.9000244140625,225.97999572753906,133.8466796875,91.86666870117188,0.2666666805744171,16,16 8 12 24 0 22
265,339.25,198.62167358398438,117.92166137695312,80.30000305175781,0.4000000059604645,12,12 26 9 25 5 21
266,368.0500183105469,215.92835998535156,125.52832794189453,90.13333129882812,0.2666666805744171,17,17 5 1 27 4 20
267,500.0,230.74000549316406,135.54000854492188,94.93333435058594,0.2666666805744171,17,17 8 29 5 15 21
268,398.0,227.5416717529297,133.44166564941406,93.80000305175781,0.30000001192092896,7,7 26 1 24 23 11
269,592.5999755859375,248.32667541503906,152.72666931152344,95.19999694824219,0.4000000059604645,2,2 6 19 8 0 23
270,377.79998779296875,222.30667114257812,133.20668029785156,88.80000305175781,0.30000001192092896,3,3 16 24 19 4 7
271,450.3500061035156,239.29835510253906,138.231689453125,100.80000305175781,0.2666666805744171,28,28 11 0 16 9 14
272,445.29998779296875,239.7766571044922,144.3100128173828,95.06666564941406,0.4000000059604645,25,25 26 1 5 29 12
273,553.0999755859375,215.66168212890625,127.79500579833984,87.5,0.36666667461395264,4,4 26 19 21 17 3
274,546.7000122070312,263.9383544921875,156.6383514404297,106.96666717529297,0.3333333432674408,9,9 29 12 1 20 24
275,526.199951171875,257.5816650390625,154.88165283203125,102.33333587646484,0.36666667461395264,3,3 29 19 5 11 28
276,492.1999816894531,229.40333557128906,141.73666381835938,87.16666412353516,0.5,7,7 17 25 21 3 4
277,452.0,237.69834899902344,138.4983367919922,98.9000015258789,0.30000001192092896,26,26 17 7 0 3 25
278,472.79998779296875,222.316650390625,135.88333129882812,85.93333435058594,0.5,14,14 7 20 9 17 15
279,466.1999816894531,210.16665649414062,126.5,83.23332977294922,0.4333333373069763,0,0 24 26 2 4 16
280,339.20001220703125,195.80001831054688,115.19998931884766,80.30000305175781,0.30000001192092896,13,13 14 7 25 19 22
281,371.3999938964844,197.14498901367188,118.94498443603516,77.73332977294922,0.46666666865348816,23,23 29 8 7 20 11
282,492.20001220703125,221.45001220703125,133.21665954589844,87.73332977294922,0.5,20,20 7 21 8 12 26
283,388.3999938964844,199.5349884033203,115.53499603271484,83.66666412353516,0.3333333432674408,2,2 6 17 11 3 19
284,371.79998779296875,214.2383270263672,124.9716567993164,89.06666564941406,0.20000000298023224,2,2 21 24 25 20 28
285,345.20001220703125,208.23167419433594,123.83167266845703,84.0999984741211,0.30000001192092896,6,6 27 28 29 7 10
286,349.20001220703125,204.56167602539062,120.0949935913086,84.23332977294922,0.23333333432674408,12,12 8 24 2 25 0
287,367.20001220703125,221.9483184814453,133.01499938964844,88.43333435058594,0.5,4,4 22 11 19 5 9
288,409.5999755859375,238.2433319091797,145.34332275390625,92.46666717529297,0.4333333373069763,22,22 16 7 13 1 12
289,435.8500061035156,211.18833923339844,126.28833770751953,84.43333435058594,0.46666666865348816,6,6 14 11 10 26 29
290,403.79998779296875,195.44667053222656,115.5133285522461,79.56666564941406,0.36666667461395264,5,5 23 7 19 17 12
291,430.9000244140625,212.10997009277344,129.30999755859375,82.33333587646484,0.46666666865348816,21,21 0 11 6 13 1
292,349.1999816894531,221.106689453125,128.04000854492188,92.93333435058594,0.13333334028720856,24,24 14 25 20 6 27
293,383.6000061035156,189.31668090820312,113.15000915527344,75.80000305175781,0.36666667461395264,10,10 16 0 26 4 13
294,336.20001220703125,189.316650390625,116.68333435058594,72.0999984741211,0.5333333611488342,19,19 25 6 28 2 13
295,594.3500366210938,208.40499877929688,126.00499725341797,81.93333435058594,0.46666666865348816,16,16 4 24 8 25 29
296,344.79998779296875,188.6183319091797,116.51832580566406,71.5999984741211,0.5,24,24 26 17 11 9 25
297,529.4000244140625,203.92332458496094,126.38999938964844,77.0,0.5333333611488342,7,7 5 25 18 21 2
298,359.49993896484375,193.1466522216797,117.84664916992188,74.86666870117188,0.4333333373069763,16,16 26 11 8 25 10
299,403.3000183105469,185.6316680908203,113.16500091552734,72.03333282470703,0.4333333373069763,27,27 21 4 8 20 1
300,386.6000061035156,215.4399871826172,129.3733367919922,85.5999984741211,0.46666666865348816,9,9 15 29 25 6 28
301,421.3000183105469,202.61166381835938,122.31166076660156,79.86666870117188,0.4333333373069763,7,7 2 4 13 17 6
302,415.95001220703125,212.47164916992188,128.57167053222656,83.56666564941406,0.3333333432674408,8,8 29 21 11 3 5
303,404.5998840332031,178.06834411621094,106.50166320800781,71.0999984741211,0.46666666865348816,18,18 5 2 17 14 1
304,481.5,188.02333068847656,115.49000549316406,72.06666564941406,0.46666666865348816,0,0 3 6 12 23 2
305,359.6499938964844,205.53831481933594,126.07166290283203,79.13333129882812,0.3333333432674408,17,17 16 26 14 22 10
306,312.7999572753906,174.22499084472656,103.49166870117188,70.36666870117188,0.36666667461395264,29,29 16 19 8 13 20
307,364.09991455078125,184.48001098632812,112.71334075927734,71.33333587646484,0.4333333373069763,24,24 10 25 5 18 8
308,482.3999938964844,200.9366912841797,121.8699951171875,78.5,0.5666666626930237,29,29 23 22 6 4 27
309,283.4000244140625,190.55833435058594,117.15833282470703,72.96666717529297,0.4333333373069763,28,28 20 26 11 12 29
310,367.199951171875,200.79335021972656,121.39334106445312,79.06666564941406,0.3333333432674408,25,25 10 3 13 19 4
311,309.0000305175781,192.13168334960938,115.56501007080078,76.23332977294922,0.3333333432674408,17,17 20 9 18 23 22
312,361.8000183105469,184.2333526611328,111.19999694824219,72.66666412353516,0.36666667461395264,6,6 4 8 7 20 26
313,403.1000061035156,192.1616668701172,118.62832641601562,73.06666564941406,0.46666666865348816,3,3 24 2 25 8 7
314,386.5,204.15499877929688,125.02169036865234,78.73332977294922,0.4000000059604645,2,2 28 25 26 19 9
315,320.8500061035156,186.1699981689453,112.80333709716797,72.96666717529297,0.4000000059604645,2,2 26 0 24 9 27
316,406.39990234375,184.02499389648438,111.39167022705078,72.23332977294922,0.4000000059604645,21,21 15 26 19 6 10
317,381.5999450683594,203.40499877929688,123.80500793457031,79.23332977294922,0.36666667461395264,27,27 26 23 16 7 29
318,336.29998779296875,173.2616424560547,105.22832489013672,67.69999694824219,0.3333333432674408,2,2 23 5 15 7 11
319,346.79998779296875,193.49835205078125,113.33165740966797,79.86666870117188,0.30000001192092896,28,28 11 26 20 19 5
320,409.4000244140625,202.93331909179688,120.4000015258789,82.26667022705078,0.2666666805744171,17,17 13 14 18 15 25
321,421.8000183105469,215.52499389648438,128.0916748046875,87.06666564941406,0.36666667461395264,21,21 26 7 18 0 11
322,426.0,198.8333282470703,115.5333251953125,83.06666564941406,0.23333333432674408,12,12 7 3 15 24 27
323,389.5999755859375,205.69334411621094,118.02665710449219,87.53333282470703,0.13333334028720856,28,28 4 21 13 29 16
324,339.29998779296875,194.3433380126953,111.21000671386719,82.96666717529297,0.1666666716337204,17,17 14 0 27 23 20
325,336.6000061035156,192.67335510253906,114.87332916259766,77.46666717529297,0.3333333432674408,18,18 16 1 13 19 0
326,374.8999938964844,186.135009765625,107.635009765625,78.16666412353516,0.3333333432674408,29,29 16 12 25 1 20
327,471.6000061035156,197.10833740234375,114.64167785644531,82.23332977294922,0.23333333432674408,4,4 21 3 13 7 19
328,314.20001220703125,204.49334716796875,119.59334564208984,84.69999694824219,0.20000000298023224,24,24 23 8 28 4 17
329,453.10003662109375,181.9716796875,107.97167205810547,73.63333129882812,0.36666667461395264,12,12 21 18 3 9 27
330,408.4000244140625,209.2350311279297,121.70167541503906,87.4000015258789,0.13333334028720856,18,18 11 3 25 24 21
331,409.800048828125,221.4733123779297,129.67332458496094,91.53333282470703,0.2666666805744171,21,21 26 1 14 0 25
332,315.70001220703125,187.41334533691406,107.81334686279297,79.46666717529297,0.13333334028720856,19,19 5 24 29 25 17
333,362.5999755859375,202.74502563476562,120.97834777832031,81.5,0.2666666805744171,28,28 13 17 20 27 24
334,462.8999938964844,196.94668579101562,119.8133316040039,76.69999694824219,0.4333333373069763,24,24 7 21 1 23 26
335,488.79998779296875,227.92498779296875,134.22500610351562,93.43333435058594,0.2666666805744171,4,4 25 29 15 20 27
336,315.25,187.59498596191406,110.9283447265625,76.26667022705078,0.4000000059604645,27,27 17 9 1 24 16
337,321.20001220703125,190.56666564941406,110.96666717529297,79.26667022705078,0.3333333432674408,11,11 14 12 25 1 3
338,415.9500427246094,209.28001403808594,123.64665985107422,85.4000015258789,0.23333333432674408,2,2 16 17 14 5 20
339,432.20001220703125,214.6649932861328,127.39832305908203,86.96666717529297,0.30000001192092896,1,1 25 26 21 29 7
340,392.8499755859375,205.16502380371094,121.16500091552734,83.66666412353516,0.3333333432674408,3,3 24 13 4 8 29
341,390.0,201.10665893554688,115.97333526611328,84.9000015258789,0.23333333432674408,6,6 29 9 18 28 20
342,503.0,213.57000732421875,125.20333862304688,88.19999694824219,0.1666666716337204,4,4 13 15 3 29 23
343,443.70001220703125,215.79168701171875,128.89166259765625,86.33333587646484,0.5666666626930237,22,22 7 9 13 3 0
344,442.3999938964844,194.46499633789062,112.96499633789062,81.23332977294922,0.2666666805744171,25,25 6 23 28 7 29
345,442.6500244140625,226.62997436523438,131.16334533691406,95.16666412353516,0.30000001192092896,18,18 17 14 22 23 28
346,383.3999938964844,207.86167907714844,118.0949935913086,89.63333129882812,0.13333334028720856,29,29 1 22 4 18 8
347,410.6500244140625,228.8199920654297,134.71998596191406,93.76667022705078,0.3333333432674408,29,29 10 5 9 13 12
348,382.0,189.54666137695312,107.14665985107422,82.19999694824219,0.20000000298023224,24,24 3 8 23 11 13
349,357.70001220703125,189.3300323486328,110.89667510986328,78.0999984741211,0.3333333432674408,3,3 15 4 19 0 27
350,400.6499938964844,214.70333862304688,126.67000579833984,87.56666564941406,0.46666666865348816,24,24 27 28 23 7 5
351,378.9000244140625,204.11666870117188,119.68334197998047,84.16666412353516,0.2666666805744171,19,19 15 11 10 4 1
352,530.4000244140625,180.40834045410156,103.57499694824219,76.53333282470703,0.30000001192092896,0,0 27 19 3 15 23
353,529.5999755859375,203.6416778564453,120.70833587646484,82.5999984741211,0.3333333432674408,9,9 11 15 24 21 0
354,349.20001220703125,190.87498474121094,112.47499084472656,78.03333282470703,0.36666667461395264,4,4 10 15 1 17 25
355,319.3999938964844,180.89666748046875,106.5966567993164,73.96666717529297,0.3333333432674408,11,11 17 2 12 28 25
356,357.54998779296875,200.26498413085938,117.56501007080078,82.43333435058594,0.2666666805744171,7,7 18 21 2 0 25
357,352.1500549316406,197.62998962402344,119.06333923339844,78.16666412353516,0.4000000059604645,2,2 6 23 1 16 3
358,416.29998779296875,194.73667907714844,118.97000122070312,75.33333587646484,0.4333333373069763,14,14 26 29 27 20 16
359,316.20001220703125,177.7366485595703,105.2366714477539,72.13333129882812,0.36666667461395264,21,21 7 25 4 12 14
360,398.79998779296875,196.72830200195312,120.62833404541016,75.63333129882812,0.46666666865348816,1,1 26 28 29 12 23
361,409.5,187.51499938964844,111.21499633789062,75.86666870117188,0.4333333373069763,7,7 24 29 21 9 14
362,394.0,191.09832763671875,110.99832916259766,79.9000015258789,0.20000000298023224,3,3 14 0 12 29 19
363,475.79998779296875,202.20335388183594,119.10334014892578,82.80000305175781,0.30000001192092896,4,4 9 12 24 6 10
364,554.0,197.29498291015625,119.86166381835938,76.9000015258789,0.5333333611488342,25,25 23 21 2 22 5
365,390.6000061035156,196.89996337890625,116.30001068115234,80.4000015258789,0.20000000298023224,1,1 9 13 29 11 27
366,394.0,200.7533416748047,114.78666687011719,85.76667022705078,0.20000000298023224,26,26 4 16 10 7 28
367,459.3500061035156,209.6699981689453,125.30333709716797,83.96666717529297,0.4000000059604645,14,14 8 4 28 7 29
368,371.5999755859375,200.77835083007812,118.37833404541016,82.06666564941406,0.3333333432674408,21,21 24 18 17 0 1
369,388.0,198.5,116.5333251953125,81.5999984741211,0.36666667461395264,24,24 15 25 1 27 20
370,338.199951171875,205.1466522216797,121.81333923339844,83.0,0.3333333432674408,20,20 6 19 14 12 2
371,387.79998779296875,205.45834350585938,122.92501068115234,82.16666412353516,0.36666667461395264,21,21 11 16 26 12 25
372,409.0,221.17999267578125,131.81333923339844,88.9000015258789,0.46666666865348816,8,8 18 6 5 29 22
373,404.7999572753906,199.28334045410156,116.3499984741211,82.56666564941406,0.36666667461395264,2,2 26 0 29 23 17
374,348.5999755859375,185.50502014160156,109.00501251220703,76.16666412353516,0.3333333432674408,24,24 23 1 29 2 7
375,339.0,181.59332275390625,107.62667083740234,73.5999984741211,0.36666667461395264,25,25 21 15 3 17 5
376,489.29998779296875,211.4866485595703,127.68667602539062,83.5,0.30000001192092896,5,5 0 3 11 18 1
377,345.1999816894531,183.77835083007812,109.47834014892578,73.93333435058594,0.36666667461395264,18,18 28 4 21 27 22
378,407.70001220703125,187.7533416748047,112.6200180053711,74.73332977294922,0.4000000059604645,14,14 1 19 8 12 6
379,434.95001220703125,202.05999755859375,123.1933364868164,78.43333435058594,0.4333333373069763,20,20 18 22 19 29 27
380,443.1000061035156,220.68666076660156,130.55332946777344,89.73332977294922,0.4000000059604645,23,23 15 25 5 1 14
381,474.95001220703125,232.66000366210938,139.52667236328125,92.73332977294922,0.4000000059604645,14,14 24 3 15 22 25
382,381.70001220703125,219.81666564941406,133.5500030517578,85.96666717529297,0.30000001192092896,11,11 27 1 0 5 22
383,386.20001220703125,215.08334350585938,131.0833282470703,83.53333282470703,0.46666666865348816,22,22 28 5 19 0 24
384,350.75,196.09666442871094,114.46334075927734,81.33333587646484,0.30000001192092896,1,1 4 9 16 21 22
385,465.7000427246094,218.84002685546875,126.6066665649414,92.0,0.23333333432674408,9,9 14 29 1 24 20
386,414.45001220703125,222.70167541503906,128.53500366210938,93.9000015258789,0.2666666805744171,13,13 28 11 29 22 7
387,375.0,212.32333374023438,125.29000091552734,86.86666870117188,0.1666666716337204,5,5 29 17 6 22 7
388,487.1999816894531,234.37498474121094,139.5749969482422,94.43333435058594,0.36666667461395264,18,18 3 25 11 1 20
389,599.7999877929688,216.82168579101562,129.288330078125,87.23332977294922,0.30000001192092896,20,20 2 25 17 23 12
390,526.0999755859375,206.875,126.04165649414062,80.43333435058594,0.4000000059604645,19,19 26 28 22 24 15
391,421.0,215.068359375,129.83499145507812,84.86666870117188,0.36666667461395264,28,28 15 13 26 0 14
392,348.5999755859375,198.01168823242188,120.77833557128906,76.83333587646484,0.4000000059604645,10,10 24 14 28 18 22
393,322.79998779296875,188.2050018310547,111.07167053222656,76.76667022705078,0.36666667461395264,3,3 22 12 17 11 8
394,502.9000244140625,214.43331909179688,130.06666564941406,84.0,0.36666667461395264,5,5 8 19 23 26 28
395,433.2000732421875,207.6366729736328,124.47000885009766,82.76667022705078,0.4000000059604645,2,2 21 23 8 15 4
396,470.0000305175781,190.40834045410156,113.14165496826172,76.93333435058594,0.3333333432674408,12,12 18 11 0 24 1
397,688.5,200.06666564941406,122.5999984741211,77.06666564941406,0.4000000059604645,19,19 6 16 28 29 14
398,445.20001220703125,234.10499572753906,140.8050079345703,92.9000015258789,0.4000000059604645,2,2 8 23 15 1 17
399,425.3999938964844,198.62164306640625,119.65499114990234,78.66666412353516,0.30000001192092896,9,9 25 20 14 24 6
400,344.20001220703125,202.3050079345703,120.9383316040039,81.03333282470703,0.3333333432674408,10,10 28 0 18 15 29
401,391.8999938964844,220.97666931152344,131.7433319091797,88.93333435058594,0.30000001192092896,10,10 2 15 7 20 1
402,413.800048828125,203.1416473388672,122.9749984741211,79.80000305175781,0.36666667461395264,8,8 1 7 18 4 22
403,446.6000061035156,216.6999969482422,130.53334045410156,85.86666870117188,0.30000001192092896,16,16 22 9 20 21 18
404,389.20001220703125,230.93333435058594,135.93333435058594,94.63333129882812,0.36666667461395264,20,20 25 0 4 24 18
405,344.25,185.0650177001953,112.66500091552734,71.86666870117188,0.5333333611488342,25,25 20 13 16 15 7
406,357.5,177.82667541503906,105.36000061035156,72.03333282470703,0.4333333373069763,11,11 10 12 25 21 7
407,391.1999816894531,190.42831420898438,117.19499206542969,72.76667022705078,0.46666666865348816,20,20 27 16 29 28 15
408,442.0,208.1949920654297,121.9949951171875,85.9000015258789,0.30000001192092896,19,19 29 9 25 3 20
409,491.1499938964844,218.88331604003906,132.38333129882812,86.06666564941406,0.4333333373069763,21,21 13 29 22 9 4
410,319.3999938964844,199.27833557128906,120.37833404541016,78.46666717529297,0.4333333373069763,27,27 23 7 24 15 4
411,420.20001220703125,219.49331665039062,133.69332885742188,85.30000305175781,0.5,11,11 10 19 13 3 15
412,547.2999267578125,251.11831665039062,150.58499145507812,100.19999694824219,0.3333333432674408,1,1 8 9 19 15 25
413,526.7999877929688,209.48001098632812,125.68000793457031,83.43333435058594,0.36666667461395264,19,19 26 20 2 16 14
414,358.60003662109375,201.72833251953125,117.89500427246094,83.53333282470703,0.30000001192092896,9,9 23 14 18 3 0
415,349.1999816894531,204.94168090820312,118.67501068115234,86.0,0.2666666805744171,15,15 18 5 24 17 11
416,534.0499877929688,230.0749969482422,137.5749969482422,92.13333129882812,0.36666667461395264,27,27 9 17 18 13 19
417,324.79998779296875,187.0500030517578,109.51667022705078,77.23332977294922,0.30000001192092896,17,17 16 10 25 9 28
418,369.0,199.19833374023438,118.96499633789062,79.86666870117188,0.36666667461395264,27,27 26 12 6 15 0
419,354.0,194.80836486816406,115.94165802001953,78.5999984741211,0.2666666805744171,20,20 22 12 17 27 4
420,396.3999328613281,185.1316680908203,113.26499938964844,71.36666870117188,0.5,2,2 18 28 4 20 8
421,360.1999206542969,179.27667236328125,104.47666931152344,74.53333282470703,0.2666666805744171,21,21 4 23 0 12 27
422,336.1999816894531,197.25335693359375,118.78665924072266,78.16666412353516,0.30000001192092896,4,4 16 28 12 23 18
423,382.75,199.77999877929688,117.91333770751953,81.5,0.36666667461395264,28,28 12 23 7 22 21
424,400.0,202.84669494628906,125.28001403808594,77.03333282470703,0.5333333611488342,23,23 12 8 24 1 18
425,422.9999694824219,182.9116668701172,114.01166534423828,68.36666870117188,0.5333333611488342,18,18 22 23 8 26 3
426,413.10003662109375,206.70997619628906,120.77667999267578,85.56666564941406,0.36666667461395264,16,16 11 24 1 15 7
427,455.79998779296875,189.20999145507812,116.07667541503906,72.69999694824219,0.4333333373069763,7,7 26 27 8 9 21
428,284.5999755859375,178.92333984375,101.9566650390625,76.73332977294922,0.23333333432674408,11,11 26 25 23 27 13
429,274.0,184.45333862304688,105.65332794189453,78.5999984741211,0.20000000298023224,24,24 11 29 28 5 26
430,411.75,195.19667053222656,117.49667358398438,77.26667022705078,0.4333333373069763,17,17 8 15 22 3 24
431,414.3500061035156,178.87998962402344,102.84667205810547,75.80000305175781,0.23333333432674408,10,10 8 26 5 23 6
432,396.70001220703125,200.95167541503906,119.21833801269531,81.36666870117188,0.36666667461395264,1,1 17 14 18 26 29
433,337.6500244140625,193.6416473388672,110.47500610351562,82.9000015258789,0.2666666805744171,0,0 26 27 2 8 5
434,332.6499938964844,201.2799835205078,116.84667205810547,84.19999694824219,0.23333333432674408,3,3 20 21 27 25 23
435,386.3999938964844,170.2250213623047,101.82498931884766,67.93333435058594,0.46666666865348816,16,16 21 3 18 20 22
436,395.6000061035156,197.61166381835938,118.44499969482422,78.80000305175781,0.36666667461395264,0,0 23 11 22 7 29
437,374.0,182.23501586914062,107.33499908447266,74.46666717529297,0.4333333373069763,25,25 21 24 8 5 15
438,350.1999816894531,181.0066680908203,106.83999633789062,73.80000305175781,0.36666667461395264,28,28 22 4 29 3 0
439,459.70001220703125,187.83001708984375,115.02999114990234,72.30000305175781,0.5,28,28 27 7 9 4 25
440,395.8000183105469,212.39666748046875,124.9966812133789,87.06666564941406,0.3333333432674408,6,6 10 29 16 2 13
441,396.25,208.93667602539062,125.7699966430664,82.76667022705078,0.4000000059604645,10,10 28 25 22 13 17
442,377.6000061035156,189.23831176757812,113.6383285522461,75.13333129882812,0.46666666865348816,18,18 14 23 7 15 11
443,310.7999572753906,186.54501342773438,113.44501495361328,72.63333129882812,0.46666666865348816,11,11 26 12 0 8 17
444,375.54998779296875,170.4316864013672,107.29833984375,62.53333282470703,0.6000000238418579,4,4 1 14 28 3 26
445,326.0,194.75665283203125,116.29000854492188,78.0999984741211,0.36666667461395264,0,0 19 26 10 12 1
446,358.79998779296875,178.6000213623047,106.83333587646484,71.33333587646484,0.4333333373069763,18,18 17 10 7 14 13
447,332.79998779296875,171.62998962402344,105.83000183105469,65.4000015258789,0.4000000059604645,10,10 0 24 16 26 2
448,384.3999938964844,171.98831176757812,107.52165222167969,63.83333206176758,0.6333333253860474,29,29 28 26 20 11 6
449,350.20001220703125,177.70164489746094,109.33500671386719,67.80000305175781,0.5666666626930237,16,16 26 2 9 17 10
450,383.2999572753906,173.13333129882812,108.23334503173828,64.30000305175781,0.6000000238418579,18,18 4 22 0 7 20
451,381.9000244140625,176.41665649414062,108.41666412353516,67.5,0.5,2,2 16 4 24 25 18
452,407.6000061035156,186.7383270263672,112.63834381103516,73.66666412353516,0.4333333373069763,16,16 26 20 0 2 3
453,420.79998779296875,187.89999389648438,111.43334197998047,76.16666412353516,0.30000001192092896,2,2 5 13 11 8 17
454,421.4000244140625,184.14332580566406,108.97667694091797,74.86666870117188,0.30000001192092896,16,16 29 19 25 18 11
455,494.6500244140625,201.9550018310547,122.65499877929688,78.86666870117188,0.4333333373069763,25,25 8 10 17 16 4
456,399.75,185.4099884033203,113.010009765625,72.0,0.4000000059604645,6,6 14 23 20 26 15
457,340.9000244140625,187.17835998535156,112.44499206542969,74.5,0.23333333432674408,1,1 20 10 24 4 6
458,412.2999267578125,193.14332580566406,120.54332733154297,72.03333282470703,0.5666666626930237,8,8 1 15 22 6 7
459,396.0,186.44000244140625,112.67333221435547,73.36666870117188,0.4000000059604645,18,18 16 3 10 0 25
460,400.75,179.46334838867188,109.99667358398438,69.0,0.46666666865348816,9,9 20 15 5 18 17
461,420.54998779296875,162.4399871826172,99.20667266845703,62.66666793823242,0.5666666626930237,15,15 18 16 21 3 24
462,295.5,173.26832580566406,102.46834564208984,70.33333587646484,0.46666666865348816,15,15 1 8 2 18 14
463,435.54998779296875,192.5466766357422,118.94667053222656,73.0999984741211,0.5,16,16 15 28 23 1 13
464,362.1999206542969,169.42001342773438,102.45333099365234,66.5999984741211,0.36666667461395264,20,20 10 14 26 5 29
465,393.9000244140625,176.0550079345703,109.78833770751953,65.73332977294922,0.5333333611488342,5,5 8 21 16 23 10
466,398.8999938964844,197.72166442871094,123.55500793457031,73.5999984741211,0.5666666626930237,5,5 0 17 2 22 10
467,387.20001220703125,209.6716766357422,130.50502014160156,78.53333282470703,0.6333333253860474,11,11 22 2 12 27 0
468,432.79998779296875,213.62667846679688,130.52667236328125,82.69999694824219,0.4000000059604645,23,23 9 8 5 15 14
469,460.75,191.4149932861328,116.0816650390625,74.86666870117188,0.46666666865348816,17,17 25 22 1 16 29
470,365.8500061035156,200.61500549316406,123.58168029785156,76.63333129882812,0.4000000059604645,29,29 20 10 3 1 7
471,367.0,189.52835083007812,115.19499969482422,73.9000015258789,0.4333333373069763,4,4 27 14 17 7 25
472,322.70001220703125,168.6699981689453,103.27000427246094,64.9000015258789,0.5,22,22 21 20 9 27 18
473,450.04998779296875,192.0933380126953,114.7933349609375,76.96666717529297,0.3333333432674408,21,21 23 1 5 26 4
474,369.8000183105469,185.0850067138672,111.41834259033203,73.19999694824219,0.46666666865348816,22,22 24 5 11 26 18
475,293.0,189.78167724609375,117.34834289550781,72.0999984741211,0.3333333432674408,29,29 7 25 22 27 1
476,397.20001220703125,182.18499755859375,107.28500366210938,74.56666564941406,0.3333333432674408,20,20 3 29 17 19 24
477,469.3999938964844,213.9149932861328,128.44833374023438,85.06666564941406,0.4000000059604645,21,21 11 4 27 23 2
478,490.79998779296875,215.6983184814453,128.23167419433594,87.16666412353516,0.30000001192092896,15,15 26 22 13 11 18
479,380.0,179.5983428955078,109.93167114257812,69.19999694824219,0.46666666865348816,6,6 8 0 15 10 22
480,394.39996337890625,205.20999145507812,124.0433349609375,80.63333129882812,0.5333333611488342,5,5 25 19 24 15 10
481,314.6499938964844,161.96168518066406,98.26166534423828,63.33333206176758,0.36666667461395264,27,27 19 12 0 2 25
482,376.79998779296875,176.48165893554688,109.18165588378906,66.80000305175781,0.5,11,11 22 28 17 21 9
483,406.8999938964844,189.55166625976562,113.71834564208984,75.36666870117188,0.46666666865348816,25,25 12 21 28 5 9
484,375.60003662109375,199.0900115966797,119.82333374023438,78.76667022705078,0.5,4,4 26 1 9 7 10
485,627.2999877929688,190.18997192382812,114.5566635131836,75.13333129882812,0.5,0,0 19 25 4 16 7
486,381.6000061035156,187.6083526611328,109.30833435058594,78.0,0.30000001192092896,16,16 1 19 20 0 14
487,347.79998779296875,175.893310546875,107.62667846679688,67.76667022705078,0.5,4,4 28 23 20 8 11
488,318.5999755859375,181.43499755859375,107.76834106445312,73.36666870117188,0.30000001192092896,7,7 4 19 12 28 25
489,399.45001220703125,203.56500244140625,123.99832916259766,79.13333129882812,0.4333333373069763,13,13 2 14 17 22 11
490,434.04998779296875,192.52166748046875,112.72167205810547,79.4000015258789,0.4000000059604645,6,6 8 0 7 27 5
491,427.0,172.43331909179688,101.5999984741211,70.5,0.3333333432674408,13,13 26 29 20 11 3
492,451.0,202.69834899902344,124.69833374023438,77.56666564941406,0.4333333373069763,18,18 9 5 4 11 24
493,421.25,190.59664916992188,113.83000946044922,76.4000015258789,0.36666667461395264,23,23 7 12 8 28 5
494,347.1999816894531,181.55831909179688,107.32499694824219,74.0,0.23333333432674408,17,17 11 24 22 18 13
495,365.3999938964844,179.19500732421875,107.461669921875,71.4000015258789,0.3333333432674408,22,22 14 2 20 29 12
496,359.54998779296875,184.90000915527344,112.10001373291016,72.33333587646484,0.46666666865348816,8,8 23 26 27 4 5
497,423.6000061035156,189.5883331298828,114.68834686279297,74.46666717529297,0.4333333373069763,0,0 4 11 23 1 24
498,414.79998779296875,190.90333557128906,114.60332489013672,75.9000015258789,0.4000000059604645,1,1 2 19 5 17 13
499,374.6000061035156,174.69168090820312,106.29167938232422,67.96666717529297,0.4333333373069763,21,21 27 23 8 25 10
500,441.8999938964844,182.37002563476562,111.70333862304688,70.13333129882812,0.5333333611488342,1,1 6 19 25 16 5
501,416.0,182.0299835205078,111.06333923339844,70.5999984741211,0.36666667461395264,7,7 11 18 24 29 14
502,371.70001220703125,195.81500244140625,123.88167572021484,71.33333587646484,0.6000000238418579,22,22 26 25 16 6 1
503,393.8000183105469,197.5066680908203,119.87332916259766,77.0999984741211,0.5333333611488342,11,11 5 1 4 21 18
504,348.1499938964844,180.79669189453125,108.29666900634766,72.06666564941406,0.4333333373069763,19,19 9 14 6 24 26
505,397.0,173.614990234375,109.38166809082031,63.63333511352539,0.6000000238418579,0,0 5 16 20 21 13
506,503.8500061035156,186.75335693359375,113.08666229248047,73.30000305175781,0.36666667461395264,6,6 24 5 22 15 28
507,344.70001220703125,191.71832275390625,116.45166778564453,74.86666870117188,0.4000000059604645,25,25 19 17 6 11 4
508,467.75,185.61500549316406,112.9816665649414,72.16666412353516,0.46666666865348816,20,20 21 2 4 0 18
509,353.20001220703125,204.3616485595703,121.79499816894531,82.19999694824219,0.36666667461395264,15,15 28 13 18 23 22
510,415.0,192.2216796875,116.08832550048828,75.73332977294922,0.4000000059604645,26,26 18 25 10 29 4
511,331.5,181.61666870117188,109.1500015258789,72.03333282470703,0.4333333373069763,8,8 19 5 0 22 29
512,350.0,168.62001037597656,102.4866714477539,65.66666412353516,0.46666666865348816,2,2 13 15 5 18 24
513,382.0,208.75,126.25000762939453,82.13333129882812,0.36666667461395264,6,6 4 13 7 22 8
514,386.29998779296875,206.07167053222656,123.73833465576172,81.93333435058594,0.4000000059604645,16,16 5 17 23 20 11
515,511.6000061035156,216.14002990722656,127.47333526611328,88.4000015258789,0.2666666805744171,21,21 23 18 22 16 26
516,374.8999938964844,207.46664428710938,122.70000457763672,84.4000015258789,0.36666667461395264,2,2 12 4 21 22 1
517,365.6000061035156,209.0,131.00001525878906,77.4000015258789,0.6000000238418579,23,23 10 20 7 1 19
518,417.29998779296875,200.9216766357422,115.75498962402344,84.83333587646484,0.3333333432674408,20,20 0 7 9 29 25
519,319.0999755859375,211.1983184814453,121.43167114257812,89.63333129882812,0.13333334028720856,2,2 4 6 9 0 26
520,335.9999694824219,196.94664001464844,116.81334686279297,79.76667022705078,0.36666667461395264,29,29 0 26 24 20 4
521,302.04998779296875,191.58998107910156,115.0233383178711,76.13333129882812,0.4333333373069763,14,14 0 16 2 7 25
522,474.800048828125,201.19833374023438,121.46500396728516,79.33333587646484,0.4000000059604645,5,5 20 4 22 23 16
523,493.54998779296875,191.26832580566406,115.63499450683594,75.19999694824219,0.4333333373069763,16,16 14 0 21 18 15
524,557.5,205.2433319091797,121.01000213623047,84.03333282470703,0.20000000298023224,14,14 11 28 1 15 16
525,362.20001220703125,189.08499145507812,115.21833038330078,73.5,0.36666667461395264,14,14 23 24 29 28 15
526,454.45001220703125,198.64500427246094,118.6449966430664,79.73332977294922,0.2666666805744171,26,26 3 4 8 27 20
527,436.0,195.4116668701172,115.04500579833984,80.03333282470703,0.3333333432674408,24,24 21 11 1 2 3
528,328.0,182.04000854492188,105.97334289550781,75.86666870117188,0.20000000298023224,23,23 26 8 21 17 6
529,404.5,198.35333251953125,116.58667755126953,81.46666717529297,0.30000001192092896,20,20 25 29 17 27 6
530,395.79998779296875,195.12998962402344,115.13001251220703,79.73332977294922,0.2666666805744171,1,1 15 6 13 4 12
531,325.0,171.82333374023438,105.55667114257812,65.80000305175781,0.46666666865348816,23,23 25 26 29 28 27
532,390.3999938964844,205.2816619873047,123.64833068847656,81.26667022705078,0.36666667461395264,20,20 5 1 0 28 18
533,310.6499938964844,159.66165161132812,97.8949966430664,61.33333206176758,0.4333333373069763,6,6 25 12 3 29 14
534,427.99993896484375,186.3133087158203,112.47999572753906,73.43333435058594,0.4000000059604645,22,22 18 29 8 2 17
535,315.4000244140625,190.51498413085938,112.6816635131836,77.43333435058594,0.4000000059604645,20,20 5 10 6 17 26
536,404.70001220703125,187.0233612060547,112.52334594726562,74.06666564941406,0.4333333373069763,15,15 5 24 6 19 27
537,432.6999816894531,204.5366668701172,121.4699935913086,82.73332977294922,0.3333333432674408,9,9 24 3 8 17 26
538,378.8000183105469,204.84165954589844,126.04165649414062,78.13333129882812,0.6666666865348816,13,13 8 2 14 29 25
539,454.5,176.1649932861328,109.19833374023438,66.46666717529297,0.5,0,0 12 14 23 25 20
540,409.60003662109375,183.29335021972656,116.06000518798828,66.53333282470703,0.699999988079071,15,15 13 26 11 14 27
541,504.6499938964844,192.8800506591797,117.2800064086914,75.16666412353516,0.4333333373069763,14,14 28 22 8 29 18
542,375.3999938964844,198.9683074951172,118.93498992919922,79.5999984741211,0.4333333373069763,20,20 6 9 4 2 21
543,339.0,194.19834899902344,118.19833374023438,75.43333435058594,0.5666666626930237,24,24 12 2 23 14 10
544,389.0,179.0600128173828,109.2933349609375,69.30000305175781,0.46666666865348816,7,7 9 17 21 24 1
545,343.25,203.79664611816406,120.43000030517578,83.0,0.36666667461395264,28,28 18 6 4 16 12
546,428.9999694824219,208.49000549316406,126.49000549316406,81.56666564941406,0.4333333373069763,13,13 4 10 0 14 28
547,472.79998779296875,221.34500122070312,130.0783233642578,90.93333435058594,0.3333333432674408,1,1 26 18 19 27 14
548,368.3999938964844,178.90335083007812,108.03665924072266,70.43333435058594,0.4333333373069763,4,4 19 10 6 15 28
549,416.6500244140625,214.32998657226562,130.59666442871094,83.26667022705078,0.46666666865348816,27,27 24 28 16 15 18
550,394.7999267578125,208.5933380126953,122.75999450683594,85.43333435058594,0.4000000059604645,0,0 23 10 13 7 3
551,404.9000244140625,213.70166015625,125.1016616821289,88.30000305175781,0.30000001192092896,21,21 18 7 29 6 8
552,353.0,194.7366485595703,120.27000427246094,73.96666717529297,0.5,15,15 22 6 1 12 5
553,438.0,204.5249786376953,119.9916763305664,84.13333129882812,0.4000000059604645,22,22 2 21 24 4 11
554,365.199951171875,188.29832458496094,114.66500854492188,73.19999694824219,0.4333333373069763,19,19 8 0 17 21 3
555,340.3999938964844,197.2433624267578,118.20999145507812,78.5999984741211,0.4333333373069763,11,11 3 7 2 9 14
556,323.9000244140625,182.26666259765625,105.50001525878906,76.43333435058594,0.3333333432674408,11,11 23 19 20 26 14
557,297.5,190.17831420898438,110.01166534423828,79.93333435058594,0.23333333432674408,6,6 4 9 12 11 1
558,438.79998779296875,178.66830444335938,108.60166931152344,69.66666412353516,0.4000000059604645,0,0 16 19 13 15 10
559,455.0,207.51834106445312,125.21833038330078,81.80000305175781,0.5,13,13 29 28 8 7 27
560,401.75,192.01498413085938,115.71499633789062,75.86666870117188,0.4333333373069763,5,5 14 25 9 6 12
561,557.0,198.510009765625,123.47666931152344,74.46666717529297,0.5666666626930237,26,26 15 3 14 23 10
562,397.25,208.77166748046875,121.9383316040039,86.66666412353516,0.1666666716337204,2,2 21 29 17 4 26
563,424.5,194.77328491210938,116.37334442138672,77.86666870117188,0.5333333611488342,11,11 21 23 22 26 28
564,548.2000122070312,195.59503173828125,118.3949966430664,76.73332977294922,0.46666666865348816,0,0 24 17 11 15 13
565,575.25,208.27334594726562,125.93998718261719,81.9000015258789,0.4333333373069763,16,16 7 20 27 6 17
566,434.20001220703125,185.62832641601562,111.4949951171875,73.73332977294922,0.4000000059604645,28,28 9 7 18 14 13
567,453.5,173.3233184814453,106.02333068847656,66.9000015258789,0.4000000059604645,12,12 25 16 9 6 14
568,342.0,191.47666931152344,111.31000518798828,79.96666717529297,0.20000000298023224,3,3 11 25 14 4 24
569,344.8999938964844,183.80665588378906,111.50664520263672,71.9000015258789,0.4000000059604645,26,26 10 6 29 27 23
570,351.8000183105469,179.0,107.20001983642578,71.5,0.30000001192092896,22,22 8 13 4 11 23
571,397.29998779296875,192.34165954589844,120.90834045410156,70.76667022705078,0.6666666865348816,8,8 10 17 9 25 12
572,374.3999938964844,181.86331176757812,113.46333312988281,67.9000015258789,0.5,17,17 9 3 7 4 15
573,396.0,204.49000549316406,121.12333679199219,83.03333282470703,0.3333333432674408,17,17 25 27 1 24 26
574,316.4000244140625,193.8583221435547,115.35832977294922,78.13333129882812,0.36666667461395264,17,17 28 18 26 20 14
575,382.5,187.62667846679688,114.22666931152344,72.93333435058594,0.46666666865348816,24,24 20 16 4 0 15
576,341.5999755859375,189.80499267578125,115.6050033569336,73.83333587646484,0.36666667461395264,28,28 3 7 26 0 8
577,327.04998779296875,180.5349884033203,110.50166320800781,69.53333282470703,0.5,29,29 25 4 12 8 24
578,380.25,192.9350128173828,115.80167388916016,76.66666412353516,0.46666666865348816,28,28 5 17 24 16 27
579,410.1000061035156,171.89666748046875,105.06334686279297,66.4000015258789,0.4333333373069763,11,11 13 27 25 10 2
580,447.9000244140625,197.82333374023438,121.0566635131836,76.23332977294922,0.5333333611488342,22,22 9 23 7 6 28
581,325.3000183105469,191.05833435058594,112.72500610351562,78.06666564941406,0.2666666805744171,23,23 18 15 6 21 9
582,397.20001220703125,188.9750213623047,113.90833282470703,74.63333129882812,0.4333333373069763,11,11 19 17 3 12 4
583,370.0,175.9016571044922,107.6683349609375,67.76667022705078,0.46666666865348816,7,7 18 4 21 17 14
584,388.5,178.57667541503906,111.010009765625,67.03333282470703,0.5333333611488342,14,14 25 19 5 21 3
585,424.6499938964844,166.63331604003906,107.40000915527344,58.599998474121094,0.6333333253860474,11,11 29 10 17 24 6
586,462.70001220703125,191.81332397460938,116.68000793457031,74.69999694824219,0.4333333373069763,6,6 9 12 28 24 13
587,394.20001220703125,184.1649932861328,116.79832458496094,66.76667022705078,0.6000000238418579,22,22 20 3 0 29 21
588,443.3500061035156,179.65830993652344,107.12499237060547,72.06666564941406,0.46666666865348816,0,0 17 9 28 2 7
589,295.8999938964844,173.15499877929688,106.58831024169922,66.06666564941406,0.5,19,19 21 20 26 11 2
590,423.5,190.24835205078125,114.1816635131836,75.80000305175781,0.2666666805744171,8,8 20 26 16 22 12
591,420.25,180.05833435058594,110.65833282470703,68.9000015258789,0.5,29,29 18 6 0 23 15
592,425.2000427246094,200.30332946777344,118.93667602539062,81.03333282470703,0.3333333432674408,5,5 26 4 8 15 0
593,370.3999938964844,185.4099884033203,109.84333038330078,75.13333129882812,0.4333333373069763,2,2 8 21 18 1 3
594,314.6000061035156,193.0416717529297,118.94165802001953,73.66666412353516,0.4333333373069763,22,22 6 19 16 7 18
595,425.6000061035156,181.3466796875,109.81333923339844,71.13333129882812,0.4000000059604645,9,9 4 25 16 7 1
596,367.20001220703125,196.29335021972656,117.95999145507812,77.93333435058594,0.4000000059604645,24,24 26 28 27 5 1
597,415.7499694824219,173.44332885742188,107.07666778564453,65.96666717529297,0.4000000059604645,8,8 20 13 11 21 16
598,371.79998779296875,201.47669982910156,120.20999145507812,80.86666870117188,0.4000000059604645,1,1 16 23 26 7 9
599,404.99993896484375,194.2783203125,118.44499969482422,75.4000015258789,0.4333333373069763,18,18 8 7 15 1 25
600,344.1499938964844,176.43165588378906,111.59833526611328,64.23332977294922,0.6000000238418579,2,2 11 13 10 7 24
601,464.70001220703125,214.01002502441406,130.97666931152344,82.66666412353516,0.36666667461395264,13,13 8 18 20 0 28
602,512.0,214.55332946777344,128.4533233642578,85.69999694824219,0.4000000059604645,24,24 2 8 13 10 3
603,477.3999938964844,209.69334411621094,125.26000213623047,84.0,0.4333333373069763,7,7 23 9 21 18 27
604,391.3999938964844,206.344970703125,126.81166076660156,79.0999984741211,0.4333333373069763,25,25 10 17 16 29 1
605,400.04998779296875,202.38665771484375,128.2533416748047,73.5,0.6333333253860474,5,5 27 29 13 2 21
606,339.25,197.5699920654297,119.56999969482422,77.4000015258789,0.6000000238418579,13,13 21 15 14 19 16
607,413.70001220703125,181.93666076660156,109.7366714477539,71.80000305175781,0.4000000059604645,28,28 5 1 0 19 23
608,402.0,196.64166259765625,121.80833435058594,74.36666870117188,0.46666666865348816,25,25 6 23 27 9 11
609,314.0,185.0633087158203,110.19667053222656,74.4000015258789,0.46666666865348816,29,29 25 18 8 9 12
610,398.20001220703125,219.4833526611328,132.14999389648438,86.86666870117188,0.46666666865348816,29,29 3 17 5 27 7
611,420.1499938964844,195.4933319091797,123.52665710449219,71.33333587646484,0.6333333253860474,27,27 20 6 5 15 7
612,427.0,218.50003051757812,130.06666564941406,88.0999984741211,0.3333333432674408,26,26 8 29 19 6 21
613,488.79998779296875,210.74998474121094,129.25,81.0,0.5,29,29 22 9 15 3 24
614,355.0999755859375,204.25665283203125,123.25666809082031,80.66666412353516,0.3333333432674408,0,0 15 17 20 22 7
615,415.3999938964844,203.5449981689453,122.01167297363281,81.16666412353516,0.36666667461395264,15,15 13 28 19 17 29
616,567.9500122070312,210.67501831054688,127.5083236694336,82.80000305175781,0.36666667461395264,29,29 28 9 1 8 27
617,355.9999694824219,192.33502197265625,115.36833190917969,76.53333282470703,0.4333333373069763,8,8 11 17 2 29 21
618,351.70001220703125,200.57334899902344,120.07333374023438,80.06666564941406,0.4333333373069763,29,29 3 14 18 19 7
619,336.5,201.64666748046875,117.8800048828125,83.5,0.2666666805744171,29,29 23 2 15 13 10
620,403.8999938964844,180.91334533691406,111.84667205810547,68.56666564941406,0.5,4,4 17 24 12 5 28
621,345.39996337890625,193.39498901367188,114.4949951171875,78.5999984741211,0.30000001192092896,20,20 13 24 26 17 5
622,379.79998779296875,200.683349609375,119.71666717529297,80.56666564941406,0.4000000059604645,22,22 3 14 12 10 4
623,399.8000183105469,202.31167602539062,117.27832794189453,84.73332977294922,0.30000001192092896,14,14 15 28 18 22 24
624,352.5,208.20335388183594,126.7033462524414,81.06666564941406,0.4333333373069763,10,10 13 14 28 18 2
625,378.9000244140625,189.0833282470703,113.78334045410156,74.86666870117188,0.4333333373069763,13,13 25 0 28 8 24
626,390.3000183105469,216.41163635253906,125.7783432006836,90.33333587646484,0.30000001192092896,14,14 1 18 28 16 10
627,393.25,211.63833618164062,128.97166442871094,82.19999694824219,0.46666666865348816,9,9 20 16 28 3 21
628,464.0,238.08335876464844,138.71665954589844,99.0999984741211,0.2666666805744171,19,19 6 4 1 23 22
629,403.0,188.7283172607422,114.16166687011719,74.06666564941406,0.5,15,15 29 22 17 25 1
630,372.70001220703125,198.20166015625,116.66834259033203,81.13333129882812,0.4000000059604645,27,27 24 22 11 9 8
631,425.95001220703125,200.2799835205078,113.64665985107422,86.4000015258789,0.23333333432674408,18,18 19 28 10 20 0
632,369.9999694824219,216.57167053222656,126.27165985107422,89.93333435058594,0.36666667461395264,9,9 0 7 4 1 6
633,306.75,197.54498291015625,116.211669921875,80.86666870117188,0.46666666865348816,28,28 7 20 21 5 3
634,281.70001220703125,180.16331481933594,104.29666137695312,75.46666717529297,0.4000000059604645,10,10 19 24 21 22 13
635,391.6499938964844,197.7233428955078,114.05667877197266,83.30000305175781,0.36666667461395264,14,14 1 24 22 2 15
636,517.2999877929688,211.38833618164062,125.55500793457031,85.4000015258789,0.4333333373069763,13,13 21 23 14 27 1
637,382.79998779296875,211.71498107910156,122.28166961669922,89.0999984741211,0.3333333432674408,25,25 7 24 15 17 21
638,305.6000061035156,191.33663940429688,108.73666381835938,82.33333587646484,0.2666666805744171,4,4 18 1 25 24 10
639,360.5,184.05332946777344,111.25334167480469,72.30000305175781,0.5,10,10 14 7 13 11 1
640,324.5,192.91168212890625,111.211669921875,81.46666717529297,0.23333333432674408,8,8 28 21 24 16 10
641,374.45001220703125,211.6799774169922,121.54666137695312,89.9000015258789,0.23333333432674408,8,8 0 7 5 9 11
642,291.4000244140625,185.95167541503906,108.88499450683594,76.76667022705078,0.30000001192092896,25,25 27 14 21 2 10
643,501.0999755859375,206.62835693359375,120.82833862304688,85.46666717529297,0.3333333432674408,12,12 8 23 27 4 17
644,475.25,189.5683135986328,112.00166320800781,77.16666412353516,0.4000000059604645,21,21 27 2 17 22 24
645,502.54998779296875,208.86500549316406,126.83165740966797,81.56666564941406,0.46666666865348816,5,5 21 1 14 17 4
646,327.0,195.87332153320312,111.07333374023438,84.46666717529297,0.3333333432674408,14,14 15 29 2 22 18
647,416.5,218.47665405273438,129.41000366210938,88.63333129882812,0.4333333373069763,6,6 1 22 4 15 7
648,387.6000061035156,213.5700225830078,123.10334014892578,90.0999984741211,0.36666667461395264,26,26 12 8 14 6 9
649,350.75,199.7799835205078,118.37999725341797,80.93333435058594,0.46666666865348816,2,2 14 18 25 9 29
650,341.3999938964844,195.4766387939453,110.81000518798828,84.43333435058594,0.23333333432674408,15,15 20 2 4 17 5
651,409.6000061035156,213.2616729736328,122.92833709716797,90.03333282470703,0.30000001192092896,15,15 29 2 7 8 11
652,375.20001220703125,206.36167907714844,121.66166687011719,84.36666870117188,0.3333333432674408,23,23 7 1 26 20 8
653,425.5,192.22500610351562,112.125,79.73332977294922,0.36666667461395264,21,21 9 20 19 5 24
654,333.9999694824219,203.86831665039062,120.63500213623047,83.03333282470703,0.20000000298023224,12,12 26 4 15 14 17
655,415.800048828125,227.8533172607422,134.2866668701172,93.13333129882812,0.4333333373069763,1,1 23 18 13 10 0
656,438.9000244140625,199.44667053222656,117.78001403808594,81.23332977294922,0.4333333373069763,16,16 28 13 21 1 27
657,478.5,214.37501525878906,124.9416732788086,89.13333129882812,0.30000001192092896,15,15 8 24 10 2 13
658,408.0,188.87998962402344,109.08000183105469,79.5999984741211,0.20000000298023224,10,10 7 1 12 5 19
659,329.70001220703125,199.77166748046875,116.17166900634766,83.26667022705078,0.3333333432674408,5,5 22 14 12 10 15
660,449.0500183105469,195.26666259765625,113.80000305175781,81.06666564941406,0.4000000059604645,20,20 11 23 14 0 27
661,356.9000244140625,187.03834533691406,113.33833312988281,73.30000305175781,0.4000000059604645,7,7 26 15 18 12 1
662,395.29998779296875,190.78335571289062,109.65000915527344,80.86666870117188,0.2666666805744171,5,5 6 8 18 25 12
663,367.1000061035156,187.3866729736328,110.45333099365234,76.53333282470703,0.4000000059604645,18,18 6 27 20 2 3
664,381.3999938964844,181.93832397460938,108.9383316040039,72.56666564941406,0.4333333373069763,2,2 21 1 16 28 7
665,494.6499938964844,205.31500244140625,121.38168334960938,83.53333282470703,0.4000000059604645,3,3 28 14 25 5 19
666,445.25,204.0749969482422,122.07498931884766,81.53333282470703,0.46666666865348816,8,8 28 22 10 26 21
667,379.3999938964844,180.69166564941406,106.69165802001953,73.56666564941406,0.4333333373069763,7,7 0 12 14 24 21
668,459.7000427246094,204.36334228515625,121.56333923339844,82.4000015258789,0.4000000059604645,7,7 10 27 21 9 6
669,290.7000427246094,174.9583282470703,102.75833892822266,71.9000015258789,0.30000001192092896,24,24 9 28 20 8 1
670,400.0,222.57833862304688,134.57833862304688,87.5999984741211,0.4000000059604645,11,11 4 16 20 8 5
671,535.7999877929688,199.23497009277344,116.00166320800781,82.9000015258789,0.3333333432674408,10,10 27 8 11 2 21
672,442.0,180.91500854492188,104.44833374023438,76.23332977294922,0.23333333432674408,21,21 14 22 19 10 5
673,527.0999755859375,220.739990234375,131.63999938964844,88.63333129882812,0.46666666865348816,10,10 8 4 22 19 15
674,364.8000183105469,202.42832946777344,118.22832489013672,83.80000305175781,0.4000000059604645,11,11 17 25 3 13 10
675,368.29998779296875,196.79331970214844,113.56000518798828,83.0,0.23333333432674408,5,5 27 25 14 9 24
676,503.8999938964844,192.38165283203125,113.38167572021484,78.5999984741211,0.4000000059604645,13,13 29 4 8 11 3
677,406.75,204.93499755859375,123.00166320800781,81.5,0.4333333373069763,26,26 8 3 16 27 21
678,400.5,207.14666748046875,123.8133316040039,83.0,0.3333333432674408,10,10 5 14 3 1 27
679,485.54998779296875,212.21498107910156,127.91500091552734,83.83333587646484,0.46666666865348816,7,7 24 1 15 17 29
680,478.5999755859375,197.7483367919922,116.4483413696289,81.03333282470703,0.2666666805744171,13,13 25 7 29 8 26
681,333.1499938964844,184.30499267578125,111.27167510986328,72.66666412353516,0.36666667461395264,17,17 26 7 22 28 16
682,362.75,177.5749969482422,111.07499694824219,65.86666870117188,0.6333333253860474,16,16 6 5 15 12 24
683,438.79998779296875,209.4983367919922,127.8983383178711,81.03333282470703,0.5666666626930237,7,7 25 5 17 19 11
684,311.3999938964844,179.01498413085938,105.51499938964844,73.19999694824219,0.30000001192092896,12,12 24 29 22 20 9
685,359.8000183105469,178.10833740234375,108.37500762939453,69.26667022705078,0.46666666865348816,8,8 22 14 10 15 7
686,381.20001220703125,208.45333862304688,124.68666076660156,83.4000015258789,0.36666667461395264,25,25 7 13 26 1 27
687,338.25,188.42330932617188,112.48999786376953,75.53333282470703,0.4000000059604645,20,20 17 12 15 21 23
688,339.04998779296875,189.89498901367188,113.46166229248047,76.0,0.4333333373069763,13,13 12 27 19 15 23
689,411.0,193.3883514404297,114.45500183105469,78.5999984741211,0.3333333432674408,14,14 15 17 8 22 24
690,626.3499755859375,207.06167602539062,124.76165008544922,81.83333587646484,0.46666666865348816,11,11 23 9 26 19 10
691,376.45001220703125,191.15830993652344,114.99166870117188,75.66666412353516,0.5,16,16 28 22 29 4 17
692,418.6000061035156,209.85333251953125,122.05333709716797,87.56666564941406,0.23333333432674408,22,22 16 17 9 27 29
693,450.25,194.15167236328125,116.9183349609375,76.9000015258789,0.3333333432674408,6,6 24 1 25 17 2
694,336.29998779296875,174.2949981689453,106.42832946777344,67.4000015258789,0.46666666865348816,29,29 12 27 15 2 16
695,421.5500183105469,185.95664978027344,117.02333068847656,68.4000015258789,0.5333333611488342,16,16 28 8 5 9 2
696,329.79998779296875,205.89166259765625,125.39167022705078,80.06666564941406,0.4333333373069763,5,5 6 14 8 4 22
697,547.0,194.4583282470703,119.45832824707031,74.46666717529297,0.5333333611488342,1,1 28 3 10 17 27
698,394.3999938964844,194.74168395996094,118.17500305175781,76.19999694824219,0.36666667461395264,5,5 18 12 26 21 6
699,476.6000061035156,214.62332153320312,130.19000244140625,84.03333282470703,0.4000000059604645,15,15 19 20 23 8 1
700,451.75,189.7466583251953,112.91333770751953,76.5,0.3333333432674408,29,29 6 19 23 15 21
701,504.8000183105469,211.7766571044922,131.3433380126953,79.86666870117188,0.5666666626930237,22,22 12 16 29 3 11
702,483.29998779296875,196.8683319091797,121.93498992919922,74.43333435058594,0.5,24,24 22 12 21 20 0
703,446.20001220703125,222.57998657226562,132.01333618164062,90.23332977294922,0.3333333432674408,5,5 1 21 28 20 4
704,470.20001220703125,206.81002807617188,120.11000061035156,86.46666717529297,0.23333333432674408,29,29 2 23 12 6 1
705,384.6499938964844,180.17665100097656,107.37667846679688,72.36666870117188,0.4333333373069763,2,2 10 17 28 21 3
706,476.0,189.6133270263672,114.9466552734375,74.33333587646484,0.3333333432674408,11,11 6 5 1 26 29
707,472.0,211.9350128173828,126.70167541503906,84.86666870117188,0.36666667461395264,28,28 27 19 0 26 3
708,367.5,191.04000854492188,117.53999328613281,73.0999984741211,0.4000000059604645,15,15 28 13 22 12 19
709,425.0,207.57333374023438,122.60667419433594,84.5999984741211,0.36666667461395264,19,19 17 14 4 26 9
710,359.6000061035156,172.0349884033203,103.53501892089844,68.19999694824219,0.30000001192092896,26,26 1 27 12 21 3
711,461.1500549316406,195.7716522216797,121.33834075927734,73.9000015258789,0.5333333611488342,4,4 10 12 15 2 26
712,363.0,188.80831909179688,114.8416748046875,73.5999984741211,0.36666667461395264,0,0 25 13 14 18 23
713,451.04998779296875,185.6699676513672,111.26998901367188,74.03333282470703,0.36666667461395264,10,10 25 7 4 23 29
714,444.0,205.54330444335938,122.97666931152344,82.0999984741211,0.46666666865348816,15,15 22 20 18 23 11
715,448.40008544921875,193.95164489746094,115.75167083740234,77.83333587646484,0.36666667461395264,10,10 16 5 24 0 7
716,519.5999755859375,205.25167846679688,123.45166015625,81.4000015258789,0.4000000059604645,10,10 1 8 2 23 28
717,484.20001220703125,203.45335388183594,118.6866683959961,84.5,0.2666666805744171,0,0 24 25 21 5 29
718,324.79998779296875,191.1266632080078,116.86000061035156,73.86666870117188,0.4000000059604645,27,27 16 18 15 26 22
719,392.1000061035156,192.13499450683594,112.33499145507812,79.56666564941406,0.23333333432674408,25,25 7 24 19 21 16
720,362.3000183105469,193.46499633789062,114.23167419433594,78.93333435058594,0.30000001192092896,21,21 4 27 2 10 7
721,647.8499755859375,217.91165161132812,134.8783416748047,82.46666717529297,0.5666666626930237,4,4 0 26 20 17 7
722,341.800048828125,187.3383331298828,110.97166442871094,76.0999984741211,0.2666666805744171,7,7 25 21 5 9 13
723,493.8500061035156,191.7866668701172,115.9866714477539,75.30000305175781,0.5,19,19 24 9 21 16 28
724,316.3999938964844,187.5449981689453,112.91165924072266,74.23332977294922,0.4000000059604645,24,24 4 22 9 14 7
725,341.1000061035156,181.50497436523438,110.43833923339844,70.56666564941406,0.5,12,12 19 7 17 1 29
726,476.8999938964844,186.913330078125,112.54666137695312,73.86666870117188,0.5,25,25 8 27 14 28 26
727,421.20001220703125,196.0933380126953,119.62667083740234,76.03333282470703,0.4333333373069763,21,21 27 8 15 4 13
728,421.5,187.82666015625,114.59333801269531,72.80000305175781,0.4333333373069763,14,14 8 7 1 5 17
729,382.5,182.99334716796875,113.06001281738281,69.4000015258789,0.5333333611488342,10,10 23 29 2 26 19
730,345.6499938964844,176.76498413085938,104.63166809082031,71.66666412353516,0.46666666865348816,14,14 25 17 6 26 24
731,403.5,178.93333435058594,106.80000305175781,71.73332977294922,0.4000000059604645,10,10 21 20 8 22 14
732,492.3999938964844,191.16165161132812,114.29500579833984,76.53333282470703,0.3333333432674408,21,21 6 12 22 18 19
733,357.4000244140625,178.41998291015625,108.15332794189453,69.9000015258789,0.36666667461395264,2,2 4 23 18 17 9
734,446.20001220703125,187.00999450683594,113.64334106445312,73.0,0.36666667461395264,22,22 7 17 21 23 9
735,430.5,204.14996337890625,121.98334503173828,81.76667022705078,0.4000000059604645,18,18 6 9 8 10 20
736,405.3999938964844,188.35499572753906,112.72166442871094,75.23332977294922,0.4000000059604645,4,4 21 7 20 2 11
737,486.25,195.08169555664062,117.01500701904297,77.76667022705078,0.30000001192092896,2,2 28 4 25 21 3
738,392.9000244140625,200.0366668701172,116.03666687011719,83.76667022705078,0.23333333432674408,16,16 25 26 21 7 5
739,327.29998779296875,170.46163940429688,104.92833709716797,65.06666564941406,0.46666666865348816,0,0 2 21 28 9 1
740,386.8999938964844,188.98500061035156,114.98500061035156,73.53333282470703,0.46666666865348816,18,18 23 5 26 27 14
741,439.5,210.3866729736328,125.92000579833984,84.13333129882812,0.3333333432674408,18,18 11 27 17 14 21
742,367.79998779296875,205.25997924804688,117.95999145507812,87.06666564941406,0.23333333432674408,18,18 27 5 23 12 24
743,336.0,174.62001037597656,103.35332489013672,70.9000015258789,0.36666667461395264,26,26 8 21 1 18 9
744,351.4000244140625,200.3483428955078,118.21500396728516,81.86666870117188,0.2666666805744171,8,8 23 29 20 19 15
745,360.20001220703125,186.38331604003906,111.3499984741211,74.63333129882812,0.4000000059604645,0,0 25 10 24 3 21
746,374.6000061035156,181.92332458496094,104.3899917602539,77.36666870117188,0.1666666716337204,3,3 22 9 19 27 13
747,354.8000183105469,207.51834106445312,122.21834564208984,85.03333282470703,0.2666666805744171,14,14 28 11 2 0 5
748,386.3999938964844,193.8483428955078,110.78166961669922,82.80000305175781,0.2666666805744171,11,11 14 17 27 15 24
749,359.4000244140625,197.23001098632812,124.0633316040039,72.5999984741211,0.5666666626930237,15,15 18 12 16 9 2
750,606.800048828125,200.07501220703125,119.17501068115234,80.53333282470703,0.36666667461395264,23,23 24 19 16 21 8
751,405.5,189.67832946777344,118.21166229248047,71.0,0.46666666865348816,16,16 28 20 17 25 12
752,352.9000244140625,170.5366668701172,107.10334014892578,62.83333206176758,0.6000000238418579,26,26 24 15 9 4 25
753,356.6000061035156,198.44500732421875,117.91166687011719,80.30000305175781,0.23333333432674408,1,1 24 14 7 19 20
754,295.0,186.8733367919922,110.24002075195312,76.4000015258789,0.23333333432674408,20,20 23 1 15 4 2
755,404.3999938964844,196.55166625976562,112.71833038330078,83.63333129882812,0.20000000298023224,1,1 16 22 23 3 14
756,377.4999694824219,195.12332153320312,117.15666198730469,77.5,0.46666666865348816,6,6 17 26 9 13 29
757,550.25,192.4933319091797,111.86000061035156,80.26667022705078,0.36666667461395264,18,18 24 17 14 1 20
758,374.6499938964844,190.64002990722656,110.34000396728516,80.0999984741211,0.20000000298023224,11,11 7 20 22 8 25
759,507.0,204.59165954589844,119.89165496826172,84.36666870117188,0.3333333432674408,16,16 3 10 0 8 5
760,368.79998779296875,179.9716339111328,108.4716567993164,71.16666412353516,0.3333333432674408,26,26 14 7 15 13 28
761,452.8500061035156,194.5416717529297,118.4416732788086,75.5999984741211,0.5,23,23 24 14 1 7 2
762,479.6000061035156,198.9583282470703,116.62500762939453,81.96666717529297,0.36666667461395264,21,21 3 16 0 17 6
763,603.0499877929688,212.79331970214844,127.45999908447266,84.93333435058594,0.4000000059604645,26,26 16 2 7 10 18
764,458.6000061035156,206.72500610351562,125.25833129882812,80.96666717529297,0.5,19,19 10 28 26 4 24
765,369.60003662109375,184.25331115722656,113.55333709716797,70.16666412353516,0.5333333611488342,24,24 7 18 4 13 20
766,395.79998779296875,204.22833251953125,121.19499206542969,82.66666412353516,0.36666667461395264,6,6 8 27 14 20 25
767,383.75,191.1166534423828,113.38333892822266,77.4000015258789,0.3333333432674408,17,17 26 0 20 14 2
768,479.5,212.64500427246094,127.21166229248047,85.0999984741211,0.3333333432674408,1,1 19 24 5 25 29
769,354.39996337890625,201.15997314453125,124.86000061035156,75.76667022705078,0.5333333611488342,14,14 11 6 10 21 19
770,416.8000183105469,209.40667724609375,125.60667419433594,83.43333435058594,0.36666667461395264,27,27 16 26 6 10 5
771,544.9000244140625,199.87667846679688,122.41000366210938,77.03333282470703,0.4333333373069763,8,8 4 3 13 26 7
772,322.0,187.48333740234375,112.41665649414062,74.73332977294922,0.3333333432674408,17,17 27 1 0 26 3
773,470.0,196.98500061035156,119.45166015625,77.06666564941406,0.46666666865348816,3,3 1 2 27 19 9
774,474.0,195.76502990722656,116.36499786376953,79.03333282470703,0.36666667461395264,6,6 28 4 21 1 8
775,354.4000244140625,182.2566680908203,114.15666198730469,67.53333282470703,0.5666666626930237,19,19 13 14 21 24 23
776,339.95001220703125,171.50502014160156,101.37166595458984,69.80000305175781,0.3333333432674408,27,27 29 0 15 16 24
777,477.79998779296875,203.15664672851562,123.62334442138672,79.0999984741211,0.4333333373069763,18,18 12 15 3 5 14
778,508.9499816894531,213.62001037597656,125.68667602539062,87.66666412353516,0.2666666805744171,6,6 29 12 19 11 21
779,407.0,177.9583282470703,107.19166564941406,70.43333435058594,0.3333333432674408,13,13 28 24 17 21 22
780,442.0,180.9866485595703,110.75333404541016,69.83333587646484,0.4000000059604645,17,17 28 5 0 21 6
781,431.5999755859375,194.92999267578125,116.96333312988281,77.63333129882812,0.3333333432674408,12,12 4 17 5 24 14
782,330.04998779296875,159.68666076660156,99.72000122070312,59.46666717529297,0.5,3,3 0 17 29 13 19
783,302.5,172.91998291015625,105.1866683959961,67.33333587646484,0.4000000059604645,2,2 0 16 28 27 9
784,316.75,176.55502319335938,106.62167358398438,69.56666564941406,0.36666667461395264,20,20 11 27 19 1 6
785,314.1000061035156,173.95333862304688,105.82001495361328,67.69999694824219,0.4333333373069763,13,13 5 20 21 9 6
786,556.9000244140625,188.2899932861328,114.62332153320312,73.23332977294922,0.4333333373069763,27,27 10 4 28 18 14
787,468.6500244140625,203.7050018310547,125.70499420166016,77.46666717529297,0.5333333611488342,20,20 11 1 3 9 6
788,397.0,204.22000122070312,123.22000122070312,80.5999984741211,0.4000000059604645,10,10 23 6 17 28 3
789,312.70001220703125,172.1133270263672,104.51333618164062,67.19999694824219,0.4000000059604645,23,23 22 21 1 5 7
790,473.0,194.2033233642578,120.53667449951172,73.0999984741211,0.5666666626930237,5,5 19 28 21 20 7
791,358.1000061035156,172.538330078125,100.93833923339844,71.36666870117188,0.23333333432674408,0,0 14 18 7 27 1
792,386.9000244140625,178.86001586914062,106.52665710449219,71.93333435058594,0.4000000059604645,29,29 22 4 26 13 16
793,359.5999755859375,191.56167602539062,114.42833709716797,76.73332977294922,0.4000000059604645,0,0 10 26 3 9 11
794,514.0,186.6766815185547,114.010009765625,72.30000305175781,0.36666667461395264,13,13 14 27 24 29 16
795,460.5999755859375,186.31332397460938,115.18000030517578,70.66666412353516,0.46666666865348816,24,24 8 7 28 19 12
796,329.3999938964844,173.86166381835938,102.79499816894531,70.76667022705078,0.30000001192092896,23,23 3 17 24 21 22
797,412.6999816894531,194.4750213623047,116.30833435058594,77.80000305175781,0.36666667461395264,5,5 1 15 0 12 23
798,412.3000183105469,192.9483184814453,116.58168029785156,75.86666870117188,0.5,4,4 11 16 15 25 7
799,432.6499938964844,187.5116729736328,114.7449951171875,72.4000015258789,0.36666667461395264,25,25 20 6 27 17 16
800,477.3999938964844,206.56497192382812,125.16500091552734,80.9000015258789,0.5,9,9 2 19 27 0 12
801,346.5,189.09664916992188,111.6300048828125,77.13333129882812,0.3333333432674408,29,29 22 23 15 12 26
802,348.3999938964844,181.63665771484375,109.80332946777344,71.4000015258789,0.4333333373069763,15,15 9 19 1 2 3
803,360.8500061035156,177.913330078125,110.8133316040039,66.56666564941406,0.5333333611488342,21,21 18 16 27 29 26
804,306.4000244140625,189.4750213623047,111.8416748046875,77.26667022705078,0.36666667461395264,23,23 6 16 22 24 18
805,464.5,168.01499938964844,102.0150146484375,65.56666564941406,0.4333333373069763,18,18 4 20 5 2 25
806,341.2999572753906,185.09666442871094,107.23001098632812,77.63333129882812,0.23333333432674408,19,19 15 6 14 5 16
807,434.54998779296875,194.7633514404297,115.36334991455078,79.06666564941406,0.3333333432674408,3,3 16 26 19 28 23
808,476.20001220703125,187.22665405273438,113.42666625976562,73.26667022705078,0.5333333611488342,19,19 14 28 18 8 15
809,382.5,195.29501342773438,117.9283447265625,77.0,0.36666667461395264,13,13 25 2 10 19 0
810,541.9500122070312,200.45669555664062,127.42333984375,72.36666870117188,0.6666666865348816,20,20 14 1 11 8 25
811,355.3500061035156,176.14334106445312,110.37667083740234,65.13333129882812,0.6333333253860474,24,24 21 9 19 20 4
812,379.20001220703125,179.24334716796875,104.67666625976562,74.30000305175781,0.2666666805744171,6,6 24 19 14 8 7
813,408.9000244140625,188.25001525878906,111.61666870117188,76.26667022705078,0.36666667461395264,22,22 0 18 1 21 2
814,420.79998779296875,179.49166870117188,106.49166870117188,72.56666564941406,0.4333333373069763,19,19 26 9 22 24 17
815,419.79998779296875,203.96331787109375,120.43001556396484,83.19999694824219,0.3333333432674408,15,15 9 17 28 25 6
816,311.5500183105469,175.4166717529297,103.3166732788086,71.66666412353516,0.4333333373069763,7,7 28 2 3 14 22
817,392.5999755859375,186.8000030517578,112.73332977294922,73.69999694824219,0.36666667461395264,28,28 14 0 10 24 3
818,433.0,185.57168579101562,110.97167205810547,74.16666412353516,0.4333333373069763,27,27 22 5 28 13 18
819,385.2500305175781,202.34169006347656,120.97499084472656,81.0,0.36666667461395264,7,7 15 27 0 28 4
820,364.300048828125,180.72332763671875,110.18999481201172,70.13333129882812,0.4000000059604645,26,26 2 5 27 12 16
821,336.29998779296875,176.70333862304688,107.2033462524414,69.03333282470703,0.46666666865348816,11,11 26 12 16 17 10
822,484.9000244140625,208.7233123779297,128.88998413085938,79.30000305175781,0.5333333611488342,26,26 12 4 5 11 2
823,360.20001220703125,169.461669921875,103.3949966430664,65.66666412353516,0.4000000059604645,9,9 19 17 22 12 25
824,308.0,181.3816680908203,110.64833068847656,70.36666870117188,0.36666667461395264,16,16 4 6 28 15 5
825,346.45001220703125,183.90333557128906,112.53666687011719,70.86666870117188,0.5,15,15 5 4 6 11 24
826,389.4499816894531,175.42001342773438,106.35334014892578,68.5999984741211,0.46666666865348816,28,28 24 20 10 13 18
827,529.4000244140625,207.45501708984375,128.68832397460938,78.13333129882812,0.6333333253860474,9,9 14 29 6 18 2
828,528.1500244140625,182.85000610351562,110.51667022705078,71.86666870117188,0.46666666865348816,16,16 26 14 21 18 8
829,364.79998779296875,185.05335998535156,113.25334167480469,71.46666717529297,0.3333333432674408,4,4 6 7 17 24 21
830,495.8999938964844,178.10667419433594,109.47333526611328,68.19999694824219,0.4333333373069763,12,12 28 7 9 14 3
831,398.35003662109375,183.10501098632812,110.43833923339844,72.23332977294922,0.4333333373069763,0,0 1 7 10 20 6
832,335.3999938964844,189.03831481933594,114.1716537475586,74.5,0.36666667461395264,18,18 7 20 8 14 19
833,395.79998779296875,185.7783203125,112.711669921875,72.56666564941406,0.5,11,11 29 9 6 25 14
834,299.20001220703125,173.63331604003906,104.1333236694336,69.13333129882812,0.36666667461395264,11,11 22 4 20 7 2
835,395.6000061035156,182.6583709716797,104.85832977294922,77.46666717529297,0.3333333432674408,17,17 21 8 4 9 3
836,356.5,189.11166381835938,114.87833404541016,73.76667022705078,0.46666666865348816,23,23 15 7 22 29 13
837,436.79998779296875,202.2433319091797,119.37667083740234,82.5999984741211,0.2666666805744171,9,9 10 6 3 5 29
838,402.6000061035156,187.05169677734375,112.11833190917969,74.56666564941406,0.36666667461395264,24,24 15 12 8 0 7
839,379.8500061035156,176.36666870117188,105.70000457763672,70.16666412353516,0.5,21,21 0 27 22 10 1
840,378.8999938964844,178.37167358398438,108.9050064086914,69.06666564941406,0.4000000059604645,20,20 17 4 24 23 6
841,320.29998779296875,176.5549774169922,105.52168273925781,70.76667022705078,0.2666666805744171,8,8 1 14 5 15 10
842,546.8999633789062,191.336669921875,115.53665924072266,75.26667022705078,0.5333333611488342,14,14 5 19 9 28 7
843,336.29998779296875,172.64666748046875,102.68000793457031,69.63333129882812,0.3333333432674408,10,10 17 9 16 0 15
844,342.9000244140625,177.739990234375,105.67333221435547,71.80000305175781,0.2666666805744171,12,12 24 8 29 5 18
845,417.3000183105469,202.49664306640625,120.2633285522461,81.80000305175781,0.4333333373069763,3,3 14 16 11 24 27
846,403.0,190.49502563476562,118.42833709716797,71.5,0.5666666626930237,7,7 25 28 12 20 6
847,364.0,184.00497436523438,104.60499572753906,79.19999694824219,0.20000000298023224,28,28 2 26 8 12 9
848,537.7000122070312,197.78167724609375,114.11500549316406,83.46666717529297,0.20000000298023224,29,29 20 19 11 14 23
849,440.25,206.98333740234375,125.28333282470703,81.30000305175781,0.4000000059604645,2,2 13 29 0 12 18
850,706.6000366210938,209.86334228515625,127.09666442871094,82.4000015258789,0.36666667461395264,15,15 16 24 21 1 22
851,379.3500061035156,182.9166717529297,112.58332824707031,69.73332977294922,0.6000000238418579,23,23 19 20 6 17 7
852,328.75,180.44998168945312,108.68334197998047,71.30000305175781,0.46666666865348816,28,28 18 9 21 12 27
853,506.5999755859375,187.0500030517578,114.05001068115234,72.53333282470703,0.46666666865348816,24,24 17 16 3 1 5
854,498.54998779296875,200.14166259765625,119.10832214355469,80.69999694824219,0.3333333432674408,10,10 5 19 16 21 26
855,413.29998779296875,190.3633270263672,109.89668273925781,80.19999694824219,0.2666666805744171,13,13 4 11 9 10 6
856,360.5,177.31666564941406,104.51667022705078,72.4000015258789,0.4000000059604645,1,1 10 8 19 25 13
857,386.70001220703125,194.07501220703125,118.10832214355469,75.46666717529297,0.5,28,28 14 20 11 25 2
858,355.70001220703125,187.42169189453125,116.18833923339844,70.69999694824219,0.5333333611488342,29,29 28 20 23 21 24
859,464.800048828125,200.38499450683594,121.91835021972656,77.96666717529297,0.5,13,13 5 6 21 12 28
860,314.79998779296875,186.88165283203125,108.94834899902344,77.63333129882812,0.30000001192092896,9,9 15 12 6 14 7
861,333.0,184.39830017089844,108.99832153320312,75.23332977294922,0.1666666716337204,28,28 18 4 12 5 11
862,581.7000122070312,185.6816864013672,109.34831237792969,76.03333282470703,0.30000001192092896,4,4 9 5 16 12 24
863,545.2999877929688,198.18666076660156,123.18666076660156,74.5,0.5,1,1 27 22 14 16 24
864,312.20001220703125,168.14500427246094,101.5783462524414,66.16666412353516,0.4000000059604645,11,11 15 20 25 19 24
865,352.54998779296875,189.84169006347656,110.4416732788086,79.13333129882812,0.2666666805744171,20,20 25 16 19 23 29
866,423.45001220703125,198.68502807617188,120.48500061035156,77.86666870117188,0.3333333432674408,11,11 22 13 29 24 20
867,339.5999755859375,199.5749969482422,118.9749984741211,80.26667022705078,0.3333333432674408,3,3 16 14 18 6 1
868,367.79998779296875,208.86500549316406,121.864990234375,86.69999694824219,0.30000001192092896,8,8 23 29 22 2 7
869,474.5999755859375,208.9883575439453,125.58834075927734,83.06666564941406,0.3333333432674408,5,5 12 24 23 8 0
870,386.6000061035156,187.7233428955078,115.32333374023438,71.83333587646484,0.5666666626930237,11,11 18 13 1 17 9
871,448.20001220703125,198.52334594726562,117.65666198730469,80.5999984741211,0.2666666805744171,23,23 20 0 1 18 10
872,433.29998779296875,183.3233184814453,110.5233383178711,72.46666717529297,0.3333333432674408,3,3 2 26 8 6 10
873,470.8999938964844,189.5833282470703,114.48334503173828,74.63333129882812,0.46666666865348816,25,25 3 11 8 2 5
874,431.3999938964844,206.7716827392578,121.20500183105469,85.36666870117188,0.20000000298023224,7,7 26 18 8 13 1
875,517.25,192.29501342773438,116.82833099365234,74.93333435058594,0.5333333611488342,28,28 29 16 5 19 10
876,391.5,182.14999389648438,110.28334045410156,71.4000015258789,0.46666666865348816,20,20 8 9 5 24 6
877,457.25,210.6816864013672,127.68167877197266,82.56666564941406,0.4333333373069763,13,13 6 7 15 22 24
878,361.6499938964844,189.38333129882812,114.3833236694336,74.56666564941406,0.4333333373069763,5,5 9 25 15 2 11
879,287.6000061035156,182.5749969482422,109.27500915527344,72.93333435058594,0.36666667461395264,6,6 19 12 2 29 1
880,348.0,191.2866668701172,115.45333862304688,75.33333587646484,0.5,28,28 13 9 10 7 18
881,434.79998779296875,209.13333129882812,124.16667938232422,84.63333129882812,0.3333333432674408,24,24 11 8 29 7 17
882,438.0,212.47499084472656,125.00833892822266,87.19999694824219,0.2666666805744171,1,1 25 26 7 28 6
883,357.1999816894531,187.47496032714844,110.54166412353516,76.53333282470703,0.4000000059604645,19,19 13 15 29 8 28
884,355.3999938964844,185.37167358398438,114.63832092285156,70.30000305175781,0.4333333373069763,25,25 4 7 22 29 21
885,540.5,203.79833984375,123.864990234375,79.46666717529297,0.46666666865348816,20,20 1 9 21 7 17
886,470.5000305175781,193.78665161132812,119.38666534423828,73.96666717529297,0.4333333373069763,2,2 20 8 11 13 15
887,422.0,185.29666137695312,109.2633285522461,75.66666412353516,0.36666667461395264,29,29 0 27 14 7 15
888,317.70001220703125,185.76998901367188,108.30333709716797,77.16666412353516,0.30000001192092896,0,0 29 15 2 7 13
889,513.25,180.27835083007812,110.64501190185547,69.16666412353516,0.46666666865348816,9,9 6 2 16 18 15
890,373.6000061035156,197.89833068847656,119.56499481201172,77.9000015258789,0.4333333373069763,4,4 1 15 23 6 3
891,339.8999938964844,188.49334716796875,113.39334106445312,74.66666412353516,0.4333333373069763,5,5 14 6 20 3 7
892,383.3999938964844,184.23500061035156,110.20165252685547,73.69999694824219,0.3333333432674408,26,26 10 8 12 0 28
893,344.9999084472656,193.7183074951172,115.91831970214844,77.46666717529297,0.3333333432674408,22,22 10 8 0 24 27
894,377.0,188.7616729736328,110.29500579833984,78.16666412353516,0.30000001192092896,24,24 25 18 10 14 19
895,571.7999877929688,198.58665466308594,122.25333404541016,75.9000015258789,0.4333333373069763,27,27 1 26 22 10 5
896,403.6999816894531,186.6116485595703,110.31166076660156,75.9000015258789,0.4000000059604645,19,19 29 5 15 20 0
897,412.3999938964844,196.42999267578125,115.43000793457031,80.66666412353516,0.3333333432674408,16,16 14 21 18 8 17
898,439.8500061035156,202.08670043945312,121.1199951171875,80.5,0.46666666865348816,3,3 27 8 24 19 22
899,552.3999633789062,225.02999877929688,137.163330078125,87.33333587646484,0.5333333611488342,4,4 27 5 28 0 26
900,395.25,207.9633331298828,121.02999877929688,86.66666412353516,0.2666666805744171,12,12 13 3 20 23 8
901,517.4500122070312,221.04331970214844,135.67665100097656,84.80000305175781,0.5666666626930237,22,22 7 4 12 10 29
902,315.0,176.00001525878906,106.80001068115234,68.86666870117188,0.3333333432674408,26,26 29 5 9 27 10
903,487.6000061035156,210.43666076660156,126.00334167480469,83.93333435058594,0.5,18,18 16 5 3 1 19
904,576.6500244140625,187.73167419433594,112.06501007080078,75.26667022705078,0.4000000059604645,3,3 20 9 15 28 29
905,482.45001220703125,195.55499267578125,115.12167358398438,80.06666564941406,0.36666667461395264,13,13 19 29 4 10 8
906,363.20001220703125,193.20999145507812,115.6433334350586,77.19999694824219,0.36666667461395264,8,8 3 29 27 11 17
907,370.79998779296875,212.8666534423828,123.80000305175781,88.76667022705078,0.30000001192092896,23,23 4 6 16 1 9
908,435.8000183105469,208.51498413085938,121.94833374023438,86.19999694824219,0.36666667461395264,8,8 9 1 4 14 24
909,336.9000244140625,184.3333282470703,109.0333251953125,75.0,0.30000001192092896,22,22 21 5 18 3 1
910,328.0,194.03001403808594,115.76333618164062,77.9000015258789,0.36666667461395264,26,26 27 28 6 19 16
911,392.0,191.65834045410156,112.12500762939453,79.16666412353516,0.36666667461395264,26,26 18 6 27 11 17
912,425.04998779296875,204.5733184814453,120.23999786376953,83.96666717529297,0.36666667461395264,27,27 2 16 22 3 24
913,515.0499877929688,217.086669921875,130.2533416748047,86.4000015258789,0.4333333373069763,19,19 5 23 12 1 11
914,339.1499938964844,184.64334106445312,104.91000366210938,79.46666717529297,0.2666666805744171,28,28 26 0 16 21 12
915,444.0,213.33001708984375,123.86333465576172,89.26667022705078,0.20000000298023224,2,2 11 21 6 17 12
916,413.3999938964844,194.8099822998047,114.17666625976562,80.33333587646484,0.30000001192092896,16,16 0 28 23 15 21
917,349.6000061035156,185.17498779296875,109.54165649414062,75.33333587646484,0.30000001192092896,3,3 5 11 25 27 24
918,476.1000061035156,214.99168395996094,128.22500610351562,86.26667022705078,0.5,0,0 13 2 1 23 25
919,359.20001220703125,187.0650177001953,106.83165740966797,79.86666870117188,0.36666667461395264,12,12 7 24 23 16 20
920,448.29998779296875,219.2799835205078,128.41334533691406,90.46666717529297,0.4000000059604645,14,14 20 0 1 2 15
921,398.25,197.25833129882812,117.5916748046875,79.19999694824219,0.46666666865348816,11,11 17 18 9 10 2
922,361.45001220703125,200.086669921875,115.02000427246094,84.83333587646484,0.23333333432674408,6,6 15 5 19 22 9
923,330.6000061035156,193.15835571289062,112.62499237060547,80.23332977294922,0.30000001192092896,4,4 8 13 10 24 21
924,460.1000061035156,211.49835205078125,125.46500396728516,85.69999694824219,0.3333333432674408,3,3 10 5 20 18 0
925,375.79998779296875,181.77499389648438,111.7416763305664,69.53333282470703,0.5,25,25 19 23 28 24 10
926,462.6000061035156,205.73666381835938,122.33666229248047,83.06666564941406,0.3333333432674408,14,14 17 7 5 3 0
927,591.2999877929688,217.70999145507812,131.64334106445312,85.5999984741211,0.46666666865348816,16,16 22 1 9 3 20
928,467.70001220703125,199.683349609375,114.81668090820312,84.56666564941406,0.30000001192092896,10,10 26 3 14 1 23
929,370.79998779296875,212.66165161132812,122.19501495361328,90.23332977294922,0.23333333432674408,11,11 26 16 20 7 1
930,358.5999755859375,179.99334716796875,103.95999145507812,75.69999694824219,0.3333333432674408,28,28 0 18 23 29 9
931,318.29998779296875,193.37001037597656,116.07001495361328,76.93333435058594,0.36666667461395264,28,28 6 0 17 2 18
932,298.3999938964844,169.73501586914062,100.53499603271484,68.83333587646484,0.36666667461395264,18,18 4 13 9 6 15
933,480.8500061035156,212.86001586914062,128.16000366210938,84.33333587646484,0.36666667461395264,8,8 3 2 19 18 11
934,328.0,196.5216827392578,115.3883285522461,80.76667022705078,0.36666667461395264,11,11 13 8 26 15 28
935,453.20001220703125,190.2383270263672,111.8716812133789,78.03333282470703,0.3333333432674408,13,13 14 27 20 12 16
936,472.0,206.0399932861328,121.50667572021484,84.19999694824219,0.3333333432674408,8,8 14 0 12 23 18
937,356.1999816894531,193.9533233642578,113.15331268310547,80.56666564941406,0.23333333432674408,16,16 28 25 17 5 22
938,523.5,218.7416534423828,134.80833435058594,83.53333282470703,0.4000000059604645,16,16 13 10 19 6 25
939,416.2500305175781,189.5699920654297,113.43666076660156,75.83333587646484,0.30000001192092896,19,19 1 25 28 0 13
940,305.25,181.7466583251953,108.2800064086914,73.0999984741211,0.36666667461395264,22,22 21 9 3 8 15
941,434.1000061035156,199.6266632080078,118.22665405273438,80.96666717529297,0.4333333373069763,9,9 25 7 26 13 17
942,421.0,206.77333068847656,122.77334594726562,83.73332977294922,0.2666666805744171,3,3 23 8 20 18 28
943,402.6000061035156,201.21669006347656,117.05000305175781,83.93333435058594,0.23333333432674408,27,27 24 1 6 23 25
944,313.9999694824219,190.59165954589844,111.29167175292969,79.0,0.30000001192092896,17,17 27 15 23 5 21
945,557.25,229.09832763671875,139.69833374023438,89.0,0.4000000059604645,3,3 14 12 6 20 21
946,474.5,206.62332153320312,122.79000854492188,83.43333435058594,0.4000000059604645,16,16 8 19 6 3 12
947,320.9000244140625,185.34169006347656,108.27500915527344,76.80000305175781,0.2666666805744171,6,6 2 22 4 10 8
948,330.0,184.02000427246094,106.31999969482422,77.4000015258789,0.30000001192092896,0,0 11 8 21 27 10
949,292.79998779296875,180.61166381835938,104.67833709716797,75.83333587646484,0.10000000149011612,9,9 27 29 23 14 2
950,380.8500061035156,199.55166625976562,118.15166473388672,81.03333282470703,0.36666667461395264,22,22 24 4 20 2 18
951,339.79998779296875,202.39002990722656,119.15666198730469,83.0,0.23333333432674408,2,2 5 20 25 9 1
952,469.79998779296875,202.0216827392578,121.08833312988281,80.56666564941406,0.36666667461395264,8,8 26 14 10 9 11
953,398.79998779296875,192.27499389648438,110.94165802001953,81.0999984741211,0.23333333432674408,8,8 21 13 6 22 4
954,345.0,208.59332275390625,119.7266616821289,88.66666412353516,0.20000000298023224,22,22 13 25 27 3 28
955,348.4000244140625,213.7483367919922,123.28166961669922,90.26667022705078,0.20000000298023224,21,21 26 29 23 27 2
956,303.4000244140625,172.19833374023438,99.49832916259766,72.4000015258789,0.30000001192092896,2,2 5 13 15 14 1
957,354.29998779296875,191.96002197265625,113.1600112915039,78.43333435058594,0.36666667461395264,6,6 10 18 23 17 8
958,335.9000244140625,183.58499145507812,107.85167694091797,75.4000015258789,0.3333333432674408,0,0 8 15 9 4 12
959,354.1999816894531,186.49832153320312,108.2316665649414,78.0,0.2666666805744171,21,21 3 19 12 24 27
960,374.79998779296875,203.4933319091797,119.16000366210938,83.93333435058594,0.4000000059604645,21,21 1 22 5 0 2
961,399.20001220703125,182.96499633789062,109.4983139038086,73.0999984741211,0.36666667461395264,4,4 6 19 17 9 3
962,410.6000061035156,203.211669921875,121.07833099365234,81.73332977294922,0.4000000059604645,26,26 20 5 2 1 29
963,362.6000061035156,195.6316680908203,114.49832916259766,80.83333587646484,0.30000001192092896,25,25 22 21 23 11 17
964,360.8500061035156,187.64833068847656,113.14833068847656,74.06666564941406,0.4333333373069763,19,19 17 10 8 5 22
965,381.60003662109375,209.125,123.95834350585938,84.83333587646484,0.3333333432674408,25,25 17 11 16 12 26
966,326.10003662109375,191.75831604003906,113.72499084472656,77.5999984741211,0.4333333373069763,1,1 28 23 15 5 16
967,476.70001220703125,235.2483367919922,136.74832153320312,98.26667022705078,0.23333333432674408,6,6 25 11 22 19 15
968,463.0,200.8766632080078,115.91000366210938,84.63333129882812,0.3333333432674408,17,17 10 13 22 21 1
969,369.5999755859375,211.90667724609375,125.2066650390625,86.36666870117188,0.3333333432674408,6,6 26 1 24 20 17
970,382.6499938964844,174.7316436767578,107.83167266845703,66.4000015258789,0.5,11,11 12 10 20 0 23
971,402.5,198.385009765625,111.91832733154297,86.36666870117188,0.10000000149011612,5,5 2 20 11 4 13
972,344.5999755859375,179.65834045410156,107.12499237060547,72.16666412353516,0.36666667461395264,10,10 8 12 18 6 5
973,418.75,185.83001708984375,111.32999420166016,74.0999984741211,0.4000000059604645,25,25 3 11 2 21 29
974,548.1500244140625,215.8783416748047,127.11168670654297,88.56666564941406,0.20000000298023224,18,18 19 10 7 6 2
975,396.3999938964844,182.4633331298828,104.16333770751953,78.0999984741211,0.20000000298023224,15,15 14 2 9 25 28
976,322.3999938964844,184.16998291015625,101.70333099365234,82.4000015258789,0.06666667014360428,5,5 18 2 7 21 27
977,373.6000061035156,204.44334411621094,113.1100082397461,91.16666412353516,0.1666666716337204,5,5 20 14 12 7 23
978,423.3999938964844,198.2216796875,114.65499877929688,83.30000305175781,0.2666666805744171,29,29 18 11 25 21 26
979,398.6499938964844,204.38165283203125,120.04832458496094,83.93333435058594,0.4000000059604645,27,27 26 10 23 17 29
980,369.6500244140625,196.79335021972656,115.22667694091797,81.30000305175781,0.2666666805744171,0,0 13 17 2 23 27
981,422.79998779296875,182.3766632080078,108.4433364868164,73.46666717529297,0.46666666865348816,14,14 27 19 11 4 17
982,404.0,218.61666870117188,125.28333282470703,93.06666564941406,0.2666666805744171,3,3 22 27 13 2 9
983,388.29998779296875,212.7716827392578,123.53834533691406,89.0,0.23333333432674408,8,8 16 22 13 19 14
984,411.3999938964844,191.4582977294922,114.62500762939453,76.43333435058594,0.4000000059604645,3,3 25 18 29 8 9
985,287.39996337890625,170.23666381835938,100.8699951171875,69.0,0.36666667461395264,17,17 14 4 24 27 10
986,387.5,181.60000610351562,104.1333236694336,77.16666412353516,0.30000001192092896,7,7 26 13 6 15 0
987,295.6500244140625,200.66831970214844,110.00167083740234,90.46666717529297,0.20000000298023224,15,15 6 5 25 1 11
988,442.6999816894531,206.32168579101562,120.25498962402344,85.73332977294922,0.3333333432674408,4,4 17 22 20 28 14
989,317.5999755859375,172.88002014160156,100.11332702636719,72.53333282470703,0.23333333432674408,18,18 20 10 14 12 9
990,409.5,177.00668334960938,104.17333221435547,72.46666717529297,0.36666667461395264,5,5 15 24 7 13 12
991,445.5999755859375,176.1750030517578,102.67500305175781,73.0999984741211,0.4000000059604645,0,0 4 25 6 24 11
992,348.79998779296875,183.7083282470703,107.67501068115234,75.73332977294922,0.30000001192092896,1,1 7 27 24 13 6
993,327.20001220703125,180.11166381835938,103.24500274658203,76.5999984741211,0.2666666805744171,11,11 4 23 24 27 19
994,352.0,204.83168029785156,117.33167266845703,87.23332977294922,0.2666666805744171,6,6 4 1 2 16 10
995,272.79998779296875,180.72499084472656,101.85832977294922,78.63333129882812,0.23333333432674408,1,1 21 7 9 6 28
996,463.54998779296875,209.15333557128906,123.28667449951172,85.56666564941406,0.30000001192092896,21,21 18 19 22 20 23
997,379.04998779296875,180.56997680664062,105.56999969482422,74.66666412353516,0.3333333432674408,25,25 5 29 6 8 3
998,396.5999755859375,197.37501525878906,115.57498931884766,81.4000015258789,0.4000000059604645,18,18 10 9 27 23 29
999,419.6500244140625,187.04331970214844,112.71000671386719,73.86666870117188,0.46666666865348816,25,25 29 28 1 12 4
1000,389.9999694824219,181.26498413085938,109.93167114257812,70.83333587646484,0.5,22,22 16 6 10 21 24
1001,558.6000366210938,206.0616912841797,125.89500427246094,79.80000305175781,0.36666667461395264,28,28 0 6 19 21 17
1002,381.04998779296875,203.20335388183594,120.50334167480469,82.33333587646484,0.36666667461395264,22,22 25 28 20 11 7
1003,432.79998779296875,194.3233184814453,118.65668487548828,75.16666412353516,0.5,29,29 16 28 1 18 3
1004,411.8999938964844,193.27833557128906,118.31166076660156,74.4000015258789,0.5666666626930237,6,6 27 20 1 21 17
1005,335.79998779296875,184.6466827392578,107.04667663574219,77.26667022705078,0.3333333432674408,14,14 27 4 15 25 5
1006,421.8499755859375,195.37496948242188,117.87500762939453,77.06666564941406,0.4333333373069763,9,9 15 10 7 13 6
1007,407.3999938964844,176.90499877929688,105.93832397460938,70.63333129882812,0.3333333432674408,24,24 22 16 26 6 21
1008,469.00006103515625,201.02500915527344,122.22500610351562,78.26667022705078,0.5333333611488342,10,10 12 20 17 16 4
1009,409.25,180.67503356933594,108.77500915527344,71.5,0.4000000059604645,9,9 13 14 17 28 11
1010,409.1000061035156,197.3600311279297,117.05998992919922,79.9000015258789,0.4000000059604645,15,15 25 26 23 11 4
1011,447.0000305175781,194.163330078125,111.93000030517578,81.93333435058594,0.30000001192092896,3,3 5 4 20 6 17
1012,482.70001220703125,175.90167236328125,103.86833953857422,71.69999694824219,0.3333333432674408,15,15 28 17 0 9 18
1013,350.20001220703125,197.7233123779297,120.62333679199219,76.66666412353516,0.4333333373069763,17,17 5 12 21 10 1
1014,298.4000244140625,187.2250213623047,106.39167785644531,80.5999984741211,0.23333333432674408,8,8 29 25 5 12 1
1015,408.0,203.65664672851562,120.38999938964844,82.86666870117188,0.4000000059604645,6,6 3 15 5 22 9
1016,421.5999755859375,209.16500854492188,125.83167266845703,82.9000015258789,0.4333333373069763,11,11 12 9 27 19 10
1017,440.0,160.04830932617188,98.28166961669922,61.266666412353516,0.5,18,18 21 2 19 20 27
1018,310.5,168.9600067138672,100.32666015625,68.23332977294922,0.4000000059604645,22,22 12 24 1 27 28
1019,368.29998779296875,178.39500427246094,107.4283447265625,70.56666564941406,0.4000000059604645,23,23 6 26 4 25 24
1020,423.54998779296875,168.9933319091797,103.39332580566406,65.03333282470703,0.5666666626930237,23,23 29 13 3 25 22
1021,365.45001220703125,188.4600067138672,112.59333801269531,75.5999984741211,0.2666666805744171,1,1 26 28 18 9 5
1022,366.3999938964844,186.52000427246094,111.22000122070312,74.80000305175781,0.5,27,27 28 9 19 5 20
1023,428.5,193.35667419433594,117.52334594726562,75.36666870117188,0.46666666865348816,2,2 28 20 12 3 16
1024,311.29998779296875,193.35665893554688,110.68999481201172,82.5,0.1666666716337204,8,8 1 9 18 21 23
1025,304.0,182.5749969482422,108.2416763305664,74.0,0.3333333432674408,9,9 27 4 1 13 28
1026,360.3999938964844,180.84664916992188,107.84667205810547,72.69999694824219,0.30000001192092896,3,3 23 26 17 12 28
1027,399.3999938964844,194.1183624267578,115.71833801269531,77.9000015258789,0.5,12,12 20 28 27 2 17
1028,463.6499938964844,187.80001831054688,113.56666564941406,73.76667022705078,0.46666666865348816,16,16 1 17 4 28 26
1029,442.0,184.52835083007812,111.72834014892578,72.36666870117188,0.4333333373069763,17,17 25 11 7 5 12
1030,365.0,201.3883514404297,118.85501098632812,82.19999694824219,0.3333333432674408,7,7 5 8 12 9 11
1031,397.79998779296875,180.74501037597656,110.77833557128906,69.56666564941406,0.4000000059604645,20,20 23 11 24 29 6
1032,334.5,178.8400115966797,110.74000549316406,67.69999694824219,0.4000000059604645,7,7 10 23 6 16 26
1033,418.5,188.558349609375,110.62499237060547,77.63333129882812,0.30000001192092896,28,28 20 27 11 2 22
1034,443.6499938964844,183.72166442871094,112.8883285522461,70.30000305175781,0.5333333611488342,12,12 15 25 22 24 6
1035,410.20001220703125,204.6950225830078,122.16166687011719,82.19999694824219,0.3333333432674408,29,29 2 17 5 11 26
1036,327.9999694824219,175.5700225830078,102.93666076660156,72.33333587646484,0.30000001192092896,19,19 5 11 28 20 3
1037,378.5,216.86500549316406,130.26499938964844,86.16666412353516,0.4333333373069763,20,20 21 24 2 17 23
1038,441.20001220703125,209.02000427246094,125.52001953125,83.16666412353516,0.3333333432674408,15,15 13 0 27 4 7
1039,368.79998779296875,186.39500427246094,110.02833557128906,76.06666564941406,0.30000001192092896,18,18 11 25 6 7 13
1040,303.4000244140625,171.97499084472656,100.70834350585938,70.9000015258789,0.36666667461395264,26,26 1 25 15 14 27
1041,552.0999755859375,178.481689453125,108.01499938964844,70.0,0.46666666865348816,28,28 29 0 13 6 25
1042,487.20001220703125,193.82833862304688,114.0283203125,79.43333435058594,0.36666667461395264,29,29 15 6 27 25 12
1043,436.79998779296875,179.60166931152344,104.36833190917969,74.93333435058594,0.30000001192092896,18,18 3 22 0 20 5
1044,321.5,181.9016571044922,105.8016586303711,75.83333587646484,0.2666666805744171,9,9 2 16 20 14 27
1045,440.0,197.0749969482422,117.10832977294922,79.5999984741211,0.36666667461395264,23,23 28 2 12 21 24
1046,407.300048828125,179.2283477783203,112.76168823242188,65.96666717529297,0.5,16,16 11 14 4 17 15
1047,388.60003662109375,201.3733367919922,119.73999786376953,81.36666870117188,0.2666666805744171,9,9 13 5 27 2 20
1048,479.3999938964844,218.50668334960938,128.3733367919922,89.86666870117188,0.2666666805744171,16,16 27 21 9 3 29
1049,644.6500244140625,193.67835998535156,113.64500427246094,79.66666412353516,0.36666667461395264,1,1 7 11 9 28 23
1050,417.3999938964844,197.1599884033203,117.8933334350586,78.86666870117188,0.4000000059604645,18,18 24 13 16 27 29
1051,413.95001220703125,183.17999267578125,109.74667358398438,73.06666564941406,0.36666667461395264,6,6 25 14 4 18 20
1052,385.79998779296875,200.72000122070312,120.22000122070312,80.0999984741211,0.4000000059604645,11,11 0 5 24 28 8
1053,284.4000244140625,171.07167053222656,103.5050048828125,67.16666412353516,0.4000000059604645,12,12 5 24 4 6 16
1054,438.8000183105469,189.5266571044922,113.45999145507812,75.69999694824219,0.36666667461395264,11,11 5 9 28 23 7
1055,468.6999816894531,177.4933319091797,106.95999908447266,70.0999984741211,0.4333333373069763,18,18 3 23 20 27 17
1056,416.5,212.21832275390625,128.7516632080078,83.0999984741211,0.36666667461395264,12,12 21 11 8 24 2
1057,428.75,204.191650390625,122.6916732788086,81.03333282470703,0.46666666865348816,25,25 18 7 15 10 21
1058,489.6000061035156,199.99166870117188,121.49166870117188,78.0999984741211,0.4000000059604645,22,22 26 0 29 23 13
1059,404.75,180.43667602539062,106.8033447265625,73.33333587646484,0.30000001192092896,26,26 28 29 20 9 12
1060,388.89996337890625,178.44998168945312,110.25000762939453,67.83333587646484,0.36666667461395264,16,16 29 26 10 22 1
1061,336.79998779296875,190.9800262451172,112.74667358398438,77.86666870117188,0.36666667461395264,3,3 28 12 16 15 9
1062,380.3999938964844,175.36000061035156,109.99333953857422,64.9000015258789,0.46666666865348816,12,12 17 11 6 8 18
1063,418.199951171875,183.57666015625,111.00999450683594,72.06666564941406,0.5,27,27 9 28 0 3 17
1064,385.75,210.4316864013672,124.96500396728516,85.0999984741211,0.36666667461395264,18,18 29 14 25 20 19
1065,415.8500061035156,182.77835083007812,115.5450210571289,66.63333129882812,0.6000000238418579,7,7 14 0 23 26 12
1066,404.04998779296875,196.24000549316406,118.10667419433594,77.73332977294922,0.4000000059604645,8,8 20 2 11 9 19
1067,398.0,198.17832946777344,121.67832946777344,76.0999984741211,0.4000000059604645,19,19 14 16 7 25 3
1068,446.3999938964844,186.52333068847656,111.989990234375,74.03333282470703,0.5,28,28 11 6 19 16 5
1069,346.79998779296875,193.1083526611328,115.44168090820312,77.30000305175781,0.36666667461395264,20,20 22 16 11 8 15
1070,433.4000244140625,195.50001525878906,118.86666870117188,76.16666412353516,0.46666666865348816,29,29 4 6 28 12 1
1071,420.1000061035156,200.5066680908203,119.47333526611328,80.66666412353516,0.36666667461395264,19,19 24 28 26 0 17
1072,405.45001220703125,183.79666137695312,109.16333770751953,74.30000305175781,0.3333333432674408,9,9 26 12 24 14 23
1073,537.9000244140625,196.83499145507812,121.90165710449219,74.36666870117188,0.5666666626930237,4,4 3 6 23 22 29
1074,348.8500061035156,177.3733367919922,106.00666809082031,71.0,0.36666667461395264,6,6 13 20 18 24 22
1075,453.1999816894531,177.3433380126953,104.07666778564453,73.06666564941406,0.20000000298023224,22,22 20 24 0 3 7
1076,427.25,167.6466522216797,100.57999420166016,66.73332977294922,0.3333333432674408,6,6 29 24 13 27 21
1077,366.8500061035156,190.27334594726562,113.7733383178711,76.0999984741211,0.4000000059604645,18,18 25 28 10 23 0
1078,362.0,179.97665405273438,106.41000366210938,73.19999694824219,0.36666667461395264,8,8 24 16 25 17 28
1079,305.9999694824219,178.06333923339844,104.79666900634766,72.96666717529297,0.30000001192092896,23,23 16 22 21 29 15
1080,444.8999938964844,192.4282989501953,118.46166229248047,73.46666717529297,0.5,26,26 21 6 11 24 3
1081,291.79998779296875,174.45668029785156,105.3566665649414,68.73332977294922,0.36666667461395264,10,10 13 6 25 24 3
1082,336.20001220703125,183.8683319091797,110.16832733154297,73.36666870117188,0.3333333432674408,23,23 19 0 2 20 21
1083,272.79998779296875,166.14666748046875,97.51333618164062,68.33333587646484,0.30000001192092896,28,28 20 17 14 22 3
1084,334.20001220703125,183.29498291015625,104.66165924072266,78.36666870117188,0.2666666805744171,2,2 28 27 15 20 14
1085,337.04998779296875,185.89999389648438,114.0333480834961,71.43333435058594,0.4333333373069763,26,26 29 24 25 22 23
1086,296.0,178.0283203125,105.16167449951172,72.5,0.36666667461395264,9,9 23 29 6 16 7
1087,416.79998779296875,195.18833923339844,113.42166900634766,81.5999984741211,0.1666666716337204,0,0 3 2 20 9 19
1088,284.75,201.65835571289062,121.52499389648438,79.73332977294922,0.4000000059604645,7,7 21 18 4 5 23
1089,369.20001220703125,174.41000366210938,100.84333801269531,73.30000305175781,0.2666666805744171,7,7 8 11 16 24 14
1090,331.29998779296875,167.2383270263672,96.97167205810547,69.93333435058594,0.3333333432674408,22,22 26 29 20 13 21
1091,448.8999938964844,186.5016632080078,112.0683364868164,74.0,0.4333333373069763,18,18 23 21 15 28 0
1092,343.3500061035156,201.375,118.40834045410156,82.80000305175781,0.1666666716337204,9,9 16 2 24 15 12
1093,307.25,182.03334045410156,106.03333282470703,75.69999694824219,0.30000001192092896,12,12 0 26 13 4 15
1094,351.3999938964844,178.26502990722656,99.96499633789062,78.0999984741211,0.20000000298023224,7,7 8 20 25 11 19
1095,405.0000305175781,185.28334045410156,108.64999389648438,76.30000305175781,0.3333333432674408,8,8 10 1 20 3 12
1096,447.5999755859375,199.27500915527344,117.90833282470703,81.03333282470703,0.3333333432674408,21,21 17 3 20 22 1
1097,468.0,196.33999633789062,116.83999633789062,79.19999694824219,0.30000001192092896,16,16 25 12 4 14 29
1098,302.9000244140625,191.23831176757812,108.17167663574219,82.93333435058594,0.13333334028720856,18,18 14 24 19 1 5
1099,360.0,211.77166748046875,125.40499877929688,86.0,0.36666667461395264,16,16 17 10 15 13 26
1100,313.20001220703125,192.55335998535156,112.9866714477539,79.19999694824219,0.36666667461395264,23,23 25 3 4 16 11
1101,464.8999938964844,188.59664916992188,113.163330078125,75.0999984741211,0.3333333432674408,17,17 8 26 2 21 9
1102,354.95001220703125,187.74501037597656,108.37834167480469,79.03333282470703,0.3333333432674408,2,2 21 8 16 14 19
1103,342.20001220703125,194.18833923339844,120.08833312988281,73.5999984741211,0.5,26,26 15 29 0 9 5
1104,482.3999938964844,209.6566619873047,129.55667114257812,79.56666564941406,0.5333333611488342,9,9 21 7 6 16 11
1105,335.0999755859375,195.39501953125,113.89500427246094,81.23332977294922,0.2666666805744171,24,24 7 15 0 5 22
1106,525.5999755859375,195.7050018310547,114.80500030517578,80.63333129882812,0.2666666805744171,0,0 17 19 29 10 2
1107,333.79998779296875,183.64498901367188,105.51166534423828,77.86666870117188,0.2666666805744171,18,18 10 22 11 29 20
1108,352.1999816894531,173.37832641601562,102.94499206542969,70.13333129882812,0.30000001192092896,3,3 16 17 23 1 7
1109,491.04998779296875,221.0900115966797,134.7566680908203,85.93333435058594,0.4000000059604645,29,29 17 27 21 16 15
1110,369.8000183105469,194.45164489746094,112.61833953857422,81.56666564941406,0.2666666805744171,14,14 15 4 18 5 7
1111,398.20001220703125,194.77833557128906,115.64500427246094,78.73332977294922,0.4000000059604645,19,19 12 13 26 25 17
1112,380.20001220703125,190.2533416748047,109.95333862304688,80.03333282470703,0.2666666805744171,19,19 27 16 9 22 23
1113,408.8999938964844,182.79833984375,106.46500396728516,76.0,0.3333333432674408,6,6 11 4 26 7 19
1114,366.70001220703125,193.0800018310547,119.54666137695312,73.0,0.5333333611488342,21,21 15 22 19 6 7
1115,374.45001220703125,202.60501098632812,121.00499725341797,81.19999694824219,0.4000000059604645,5,5 0 8 25 26 14
1116,341.75,186.60499572753906,110.9383316040039,75.33333587646484,0.3333333432674408,3,3 29 1 12 25 19
1117,299.4999694824219,181.96998596191406,106.60332489013672,75.0999984741211,0.2666666805744171,20,20 12 17 5 21 14
1118,429.29998779296875,184.1699981689453,110.76998901367188,72.93333435058594,0.46666666865348816,17,17 23 26 10 19 14
1119,423.75,189.57666015625,113.9766616821289,75.30000305175781,0.30000001192092896,1,1 8 2 4 0 15
1120,349.25,186.28665161132812,108.78667449951172,77.23332977294922,0.2666666805744171,4,4 23 10 21 14 13
1121,418.54998779296875,175.56666564941406,104.83333587646484,70.33333587646484,0.4000000059604645,23,23 9 20 18 16 25
1122,322.8500061035156,186.01666259765625,112.01667785644531,73.5,0.5,29,29 24 21 9 10 20
1123,416.79998779296875,205.76834106445312,121.03498840332031,84.4000015258789,0.3333333432674408,5,5 26 27 17 1 25
1124,372.1999816894531,189.61500549316406,115.38167572021484,73.80000305175781,0.4333333373069763,20,20 9 3 0 10 8
1125,370.0,172.86500549316406,105.76500701904297,66.69999694824219,0.4000000059604645,19,19 20 12 8 3 0
1126,357.3999938964844,192.69500732421875,117.99500274658203,74.23332977294922,0.46666666865348816,12,12 22 25 16 9 14
1127,434.95001220703125,191.806640625,112.63999938964844,78.86666870117188,0.30000001192092896,23,23 5 15 18 24 22
1128,374.3999938964844,184.96334838867188,110.52999877929688,74.06666564941406,0.36666667461395264,3,3 22 26 19 14 15
1129,492.6000061035156,193.3000030517578,113.66667175292969,79.23332977294922,0.4000000059604645,29,29 18 17 27 9 10
1130,358.95001220703125,194.943359375,116.0433349609375,78.5,0.4000000059604645,6,6 2 28 25 24 7
1131,508.8999938964844,193.4449920654297,113.87834167480469,79.23332977294922,0.3333333432674408,22,22 25 23 28 19 0
1132,348.0,195.77333068847656,117.34000396728516,78.03333282470703,0.4000000059604645,16,16 26 19 3 11 29
1133,342.79998779296875,223.77333068847656,134.0066680908203,89.36666870117188,0.4000000059604645,7,7 20 27 4 19 25
1134,418.79998779296875,185.260009765625,105.79334259033203,79.19999694824219,0.2666666805744171,18,18 12 5 15 4 0
1135,385.04998779296875,173.98167419433594,106.34833526611328,67.16666412353516,0.46666666865348816,17,17 1 25 8 20 5
1136,403.70001220703125,208.88665771484375,125.22000122070312,83.33333587646484,0.3333333432674408,4,4 5 0 18 11 7
1137,426.5,199.93832397460938,114.73832702636719,84.93333435058594,0.2666666805744171,17,17 11 21 25 27 20
1138,409.5999755859375,187.7250213623047,111.95834350585938,75.33333587646484,0.4333333373069763,17,17 21 18 2 5 11
1139,324.1999816894531,198.34835815429688,112.11499786376953,86.0999984741211,0.13333334028720856,18,18 12 8 24 6 10
1140,379.70001220703125,185.24166870117188,108.10832977294922,76.80000305175781,0.3333333432674408,22,22 8 6 25 14 18
1141,319.20001220703125,181.0933074951172,108.89332580566406,71.83333587646484,0.36666667461395264,22,22 24 4 17 9 19
1142,446.1000061035156,205.42333984375,121.79000854492188,83.23332977294922,0.4000000059604645,1,1 12 16 27 2 22
1143,408.5,190.09164428710938,110.32501983642578,79.4000015258789,0.36666667461395264,9,9 29 17 0 13 3
1144,430.5,180.2633514404297,109.36332702636719,70.5,0.4000000059604645,8,8 15 1 28 17 7
1145,521.6000366210938,198.6033172607422,116.63667297363281,81.80000305175781,0.1666666716337204,2,2 17 29 3 0 14
1146,294.3500061035156,175.8283233642578,99.49498748779297,76.13333129882812,0.20000000298023224,15,15 13 25 18 22 14
1147,338.60003662109375,192.98333740234375,112.48335266113281,80.23332977294922,0.2666666805744171,15,15 19 10 23 17 5
1148,372.0,192.5783233642578,111.54500579833984,80.76667022705078,0.2666666805744171,3,3 5 7 24 18 14
1149,339.3999938964844,173.04830932617188,102.84833526611328,69.76667022705078,0.4333333373069763,22,22 16 25 0 7 4
1150,384.1000061035156,201.66998291015625,114.60332489013672,86.80000305175781,0.2666666805744171,5,5 9 29 14 18 23
1151,410.75,198.5349884033203,118.03499603271484,80.0999984741211,0.4000000059604645,8,8 4 1 18 28 27
1152,401.6000061035156,196.8233184814453,118.989990234375,77.46666717529297,0.36666667461395264,18,18 6 23 15 7 13
1153,415.3999938964844,218.43333435058594,125.83333587646484,92.36666870117188,0.23333333432674408,12,12 8 9 0 20 10
1154,384.20001220703125,183.28497314453125,110.11832427978516,72.76667022705078,0.4000000059604645,20,20 14 12 3 23 17
1155,339.70001220703125,199.99667358398438,118.2633285522461,81.33333587646484,0.4000000059604645,17,17 24 5 12 26 6
1156,385.45001220703125,192.35833740234375,111.89167022705078,80.16666412353516,0.30000001192092896,7,7 12 2 16 1 24
1157,404.1999816894531,202.30499267578125,117.67167663574219,84.36666870117188,0.2666666805744171,0,0 16 17 29 2 11
1158,464.0,183.73667907714844,109.8699951171875,73.5,0.36666667461395264,12,12 21 28 8 6 10
1159,329.0999755859375,182.55999755859375,112.49333953857422,69.56666564941406,0.5,28,28 5 13 22 10 23
1160,384.6499938964844,194.3300018310547,117.6966781616211,76.13333129882812,0.5,9,9 25 29 26 11 14
1161,431.75,183.04335021972656,106.31001281738281,76.56666564941406,0.1666666716337204,13,13 1 7 28 3 15
1162,602.75,213.42999267578125,125.26333618164062,87.86666870117188,0.30000001192092896,18,18 8 4 14 25 29
1163,559.5999755859375,230.10501098632812,130.7383270263672,99.19999694824219,0.1666666716337204,18,18 17 25 24 9 0
1164,448.3999938964844,212.29335021972656,125.49333190917969,86.43333435058594,0.36666667461395264,8,8 13 7 9 22 23
1165,337.79998779296875,193.72332763671875,115.72333526611328,77.63333129882812,0.36666667461395264,13,13 29 21 20 15 16
1166,420.25,205.9783477783203,120.37832641601562,85.26667022705078,0.3333333432674408,25,25 16 8 2 5 9
1167,480.8000183105469,227.6316680908203,133.364990234375,93.93333435058594,0.3333333432674408,16,16 21 3 28 1 24
1168,400.0500183105469,198.885009765625,114.48499298095703,84.0999984741211,0.30000001192092896,11,11 3 13 6 21 26
1169,481.3999938964844,239.3966827392578,139.66334533691406,99.53333282470703,0.20000000298023224,17,17 4 0 3 18 28
1170,414.3999938964844,214.0500030517578,125.98334503173828,87.63333129882812,0.4333333373069763,11,11 23 29 7 10 0
1171,436.79998779296875,218.0349884033203,130.03500366210938,87.56666564941406,0.4333333373069763,14,14 1 13 10 17 5
1172,382.25,191.20501708984375,113.77167510986328,76.96666717529297,0.46666666865348816,27,27 17 29 3 24 21
1173,429.20001220703125,200.18165588378906,113.71501159667969,86.19999694824219,0.2666666805744171,16,16 2 6 3 0 12
1174,401.79998779296875,205.40667724609375,116.33999633789062,88.83333587646484,0.23333333432674408,28,28 9 29 8 23 26
1175,452.9999694824219,201.3383331298828,115.67166900634766,85.36666870117188,0.30000001192092896,17,17 7 20 15 22 0
1176,443.7500305175781,192.86000061035156,110.92666625976562,81.5999984741211,0.3333333432674408,18,18 0 29 26 21 2
1177,337.79998779296875,214.05999755859375,123.02666473388672,90.73332977294922,0.30000001192092896,15,15 1 26 2 3 24
1178,340.54998779296875,187.4650115966797,108.13166809082031,79.0,0.3333333432674408,16,16 24 26 9 6 29
1179,357.3999938964844,200.7633514404297,117.16334533691406,83.4000015258789,0.20000000298023224,11,11 0 3 8 24 18
1180,341.8000183105469,210.7949981689453,119.22834014892578,91.33333587646484,0.23333333432674408,3,3 24 11 21 17 6
1181,484.25,183.6833038330078,110.01667785644531,73.19999694824219,0.46666666865348816,2,2 0 17 28 21 6
1182,366.20001220703125,199.84498596191406,115.54500579833984,84.03333282470703,0.2666666805744171,2,2 7 29 8 23 18
1183,582.0,223.3916778564453,131.7583465576172,91.19999694824219,0.4333333373069763,10,10 19 16 14 26 28
1184,403.29998779296875,192.21998596191406,116.55332946777344,75.16666412353516,0.5,28,28 0 29 16 14 25
1185,341.6499938964844,186.62167358398438,114.08833312988281,72.16666412353516,0.36666667461395264,21,21 5 13 11 22 2
1186,434.79998779296875,197.981689453125,115.4816665649414,82.19999694824219,0.30000001192092896,5,5 29 18 23 11 3
1187,452.6000061035156,215.22164916992188,124.55500030517578,90.33333587646484,0.3333333432674408,20,20 4 18 24 15 2
1188,372.79998779296875,191.79666137695312,110.93000030517578,80.69999694824219,0.1666666716337204,28,28 3 6 25 14 15
1189,437.29998779296875,207.91835021972656,119.01832580566406,88.56666564941406,0.3333333432674408,27,27 4 5 6 25 21
1190,290.8999938964844,190.50831604003906,115.60832214355469,74.36666870117188,0.5333333611488342,2,2 8 24 4 23 26
1191,478.20001220703125,203.8500213623047,123.28334045410156,80.0999984741211,0.46666666865348816,10,10 8 16 5 7 21
1192,355.29998779296875,194.37835693359375,113.47834014892578,80.63333129882812,0.2666666805744171,0,0 13 11 5 17 12
1193,444.79998779296875,215.32666015625,122.55998992919922,92.53333282470703,0.23333333432674408,19,19 27 26 21 23 28
1194,444.79998779296875,209.22998046875,119.7966537475586,89.13333129882812,0.30000001192092896,7,7 22 5 16 14 20
1195,370.1500244140625,206.8866729736328,120.61998748779297,85.83333587646484,0.4333333373069763,10,10 0 4 27 21 15
1196,332.0,198.49168395996094,111.99166107177734,86.26667022705078,0.23333333432674408,26,26 10 12 9 7 17
1197,362.54998779296875,189.68667602539062,110.05332946777344,79.23332977294922,0.4000000059604645,3,3 16 21 14 25 5
1198,289.20001220703125,190.913330078125,105.91333770751953,84.80000305175781,0.20000000298023224,13,13 24 4 22 16 7
1199,368.79998779296875,203.65164184570312,115.95166015625,87.43333435058594,0.2666666805744171,15,15 27 29 18 22 24
1200,356.79998779296875,215.11167907714844,125.71167755126953,89.0,0.4000000059604645,10,10 17 27 11 13 18
1201,404.0,183.32498168945312,112.65833282470703,70.13333129882812,0.5333333611488342,22,22 18 23 13 5 20
1202,382.20001220703125,207.39332580566406,122.66000366210938,84.43333435058594,0.30000001192092896,4,4 1 24 22 14 21
1203,329.29998779296875,190.1850128173828,111.3183364868164,78.5,0.36666667461395264,20,20 9 22 23 10 16
1204,372.79998779296875,205.49502563476562,120.62832641601562,84.5,0.36666667461395264,1,1 25 20 7 22 5
1205,431.8999938964844,206.04666137695312,125.34667205810547,80.19999694824219,0.5,1,1 10 23 13 15 24
1206,363.25,193.93167114257812,112.49832153320312,81.23332977294922,0.20000000298023224,12,12 0 17 18 10 6
1207,404.60003662109375,209.0149688720703,118.91500854492188,89.86666870117188,0.23333333432674408,16,16 9 1 6 28 12
1208,369.29998779296875,191.49163818359375,110.69166564941406,80.46666717529297,0.3333333432674408,22,22 17 19 28 5 27
1209,399.1000061035156,195.59002685546875,113.5233383178711,81.80000305175781,0.2666666805744171,18,18 12 23 3 0 10
1210,333.75,186.22000122070312,107.78665924072266,78.16666412353516,0.2666666805744171,21,21 25 23 20 17 0
1211,395.25,190.25497436523438,109.05500030517578,81.0,0.20000000298023224,14,14 13 18 9 3 1
1212,432.70001220703125,197.78665161132812,111.52000427246094,85.96666717529297,0.30000001192092896,3,3 21 26 13 12 6
1213,453.0,208.7100067138672,118.74333190917969,89.80000305175781,0.1666666716337204,27,27 29 18 25 9 21
1214,396.79998779296875,191.96832275390625,114.86833190917969,76.66666412353516,0.4333333373069763,18,18 1 6 15 14 10
1215,421.04998779296875,217.76666259765625,121.06666564941406,96.56666564941406,0.13333334028720856,3,3 21 1 5 9 16
1216,307.0,192.47500610351562,111.80833435058594,80.33333587646484,0.3333333432674408,2,2 21 16 7 27 23
1217,410.7999572753906,202.98333740234375,115.25,87.53333282470703,0.20000000298023224,0,0 6 23 2 10 19
1218,537.5999755859375,218.27833557128906,129.64498901367188,88.33333587646484,0.30000001192092896,3,3 6 10 7 4 0
1219,366.54998779296875,197.09664916992188,119.66332244873047,76.93333435058594,0.5,16,16 12 24 18 15 22
1220,400.25,197.04331970214844,115.91000366210938,80.76667022705078,0.36666667461395264,0,0 8 11 20 10 1
1221,527.5,213.68832397460938,126.08834075927734,87.23332977294922,0.36666667461395264,16,16 7 29 25 22 20
1222,462.04998779296875,202.45669555664062,117.79000091552734,84.4000015258789,0.2666666805744171,23,23 11 17 20 22 1
1223,434.6499938964844,198.82833862304688,119.66165924072266,78.80000305175781,0.36666667461395264,14,14 0 15 19 12 17
1224,432.20001220703125,206.11666870117188,121.28334045410156,84.56666564941406,0.2666666805744171,14,14 26 9 22 16 3
1225,419.20001220703125,198.6750030517578,117.20834350585938,81.16666412353516,0.30000001192092896,0,0 9 16 10 5 27
1226,436.79998779296875,202.94332885742188,120.97666931152344,81.66666412353516,0.30000001192092896,28,28 25 26 27 3 18
1227,423.20001220703125,193.96998596191406,114.83667755126953,78.83333587646484,0.30000001192092896,3,3 14 10 21 20 4
1228,430.0,192.98834228515625,113.42166900634766,79.16666412353516,0.4000000059604645,0,0 25 15 12 4 22
1229,387.0,199.54165649414062,119.64167785644531,79.5999984741211,0.30000001192092896,21,21 11 13 0 29 5
1230,351.3999938964844,192.87330627441406,111.47333526611328,81.13333129882812,0.2666666805744171,25,25 14 24 13 8 6
1231,419.0,205.06166076660156,120.52832794189453,84.19999694824219,0.3333333432674408,15,15 21 1 8 4 20
1232,538.5,204.15835571289062,122.35834503173828,81.26667022705078,0.5333333611488342,2,2 3 26 5 16 24
1233,336.75,192.14332580566406,114.91000366210938,76.86666870117188,0.36666667461395264,19,19 5 12 2 20 24
1234,319.20001220703125,190.19998168945312,109.56666564941406,80.36666870117188,0.2666666805744171,19,19 6 23 24 21 4
1235,460.0,211.11997985839844,123.6866683959961,87.03333282470703,0.4000000059604645,8,8 0 12 10 15 19
1236,476.0000305175781,215.3333282470703,130.56666564941406,84.4000015258789,0.36666667461395264,24,24 1 3 9 18 16
1237,310.0,183.37001037597656,105.3033447265625,77.83333587646484,0.23333333432674408,9,9 11 3 2 8 16
1238,436.0,198.72166442871094,114.25501251220703,84.13333129882812,0.3333333432674408,20,20 11 15 18 14 3
1239,311.5,183.45834350585938,102.45832824707031,80.86666870117188,0.13333334028720856,6,6 21 0 2 9 24
1240,539.2000122070312,204.93002319335938,118.6966552734375,85.9000015258789,0.3333333432674408,25,25 11 19 22 27 9
1241,280.70001220703125,179.77496337890625,105.04166412353516,74.36666870117188,0.36666667461395264,21,21 17 3 4 25 16
1242,312.20001220703125,177.82666015625,104.49333190917969,72.96666717529297,0.36666667461395264,19,19 21 29 24 18 16
1243,411.04998779296875,202.55831909179688,117.52500915527344,84.69999694824219,0.3333333432674408,12,12 0 26 3 1 21
1244,426.0,203.57168579101562,117.33834075927734,85.93333435058594,0.30000001192092896,23,23 19 11 0 12 10
1245,492.0,197.29833984375,117.16500854492188,79.76667022705078,0.36666667461395264,0,0 6 2 11 4 27
1246,297.75,186.90667724609375,112.03999328613281,74.46666717529297,0.4000000059604645,28,28 24 18 17 10 23
1247,336.8500061035156,196.12998962402344,119.03001403808594,76.56666564941406,0.5333333611488342,28,28 2 26 8 25 10
1248,396.79998779296875,181.40834045410156,108.17500305175781,72.86666870117188,0.36666667461395264,23,23 5 12 8 1 15
1249,370.29998779296875,213.35499572753906,127.52168273925781,85.4000015258789,0.4333333373069763,27,27 26 14 20 21 9
1250,373.70001220703125,200.06166076660156,117.99500274658203,81.66666412353516,0.4000000059604645,12,12 11 17 13 22 25
1251,283.29998779296875,185.62001037597656,106.25334167480469,79.19999694824219,0.1666666716337204,20,20 28 29 13 3 18
1252,382.0,201.308349609375,116.44165802001953,84.5999984741211,0.2666666805744171,4,4 12 24 23 26 16
1253,349.5,208.52166748046875,123.6883316040039,84.5,0.3333333432674408,26,26 20 29 28 15 4
1254,504.20001220703125,207.60665893554688,123.2066650390625,84.06666564941406,0.3333333432674408,3,3 4 0 18 20 11
1255,413.0,210.9350128173828,123.73500061035156,86.80000305175781,0.4000000059604645,4,4 13 24 18 11 10
1256,543.4000244140625,216.12164306640625,124.6883316040039,91.16666412353516,0.2666666805744171,25,25 15 14 26 13 19
1257,377.5,194.4349822998047,114.50167846679688,79.5999984741211,0.3333333432674408,23,23 11 24 29 3 27
1258,490.1499938964844,206.40333557128906,123.67001342773438,82.30000305175781,0.4333333373069763,15,15 26 16 6 0 5
1259,339.3000183105469,207.82833862304688,121.19499969482422,86.30000305175781,0.3333333432674408,25,25 4 28 14 13 12
1260,382.0999755859375,221.6383514404297,128.47166442871094,92.93333435058594,0.23333333432674408,8,8 25 11 28 1 22
1261,401.6500244140625,190.42832946777344,112.16165161132812,77.96666717529297,0.30000001192092896,23,23 8 2 16 7 25
1262,395.25,202.64666748046875,118.81333923339844,83.43333435058594,0.4000000059604645,4,4 24 21 11 12 8
1263,402.0,182.0316619873047,109.16499328613281,72.46666717529297,0.4000000059604645,28,28 16 13 23 5 29
1264,446.5999755859375,216.94500732421875,125.34500122070312,91.30000305175781,0.30000001192092896,17,17 22 2 0 25 18
1265,451.8999938964844,187.19833374023438,113.99832153320312,72.5999984741211,0.6000000238418579,10,10 27 22 14 11 18
1266,449.25,188.1083221435547,111.47499084472656,76.26667022705078,0.36666667461395264,22,22 0 7 14 1 25
1267,365.75,190.5983123779297,112.16500854492188,78.13333129882812,0.30000001192092896,14,14 12 5 2 27 26
1268,334.5,190.76998901367188,111.50333404541016,79.03333282470703,0.23333333432674408,3,3 2 28 4 17 26
1269,484.6499938964844,194.02667236328125,114.32666778564453,79.30000305175781,0.4000000059604645,3,3 0 2 18 6 26
1270,490.9499816894531,194.10501098632812,115.57166290283203,78.03333282470703,0.5,4,4 8 21 20 28 27
1271,506.5,219.52499389648438,132.69166564941406,86.4000015258789,0.4333333373069763,17,17 1 19 8 5 9
1272,300.75,178.36001586914062,104.42666625976562,73.5999984741211,0.3333333432674408,15,15 2 5 17 19 11
1273,429.20001220703125,201.96499633789062,126.03166198730469,75.4000015258789,0.5333333611488342,15,15 23 20 25 13 5
1274,346.6000061035156,194.6116485595703,115.64501190185547,78.53333282470703,0.4333333373069763,9,9 27 15 19 10 17
1275,316.6499938964844,183.10833740234375,110.5083236694336,72.23332977294922,0.36666667461395264,4,4 9 26 28 18 7
1276,363.1999816894531,196.0316619873047,116.96499633789062,78.73332977294922,0.3333333432674408,0,0 29 6 9 26 14
1277,338.3000183105469,174.94500732421875,103.44499206542969,71.16666412353516,0.3333333432674408,15,15 29 21 22 14 26
1278,433.95001220703125,191.2666778564453,115.26667785644531,75.63333129882812,0.36666667461395264,6,6 28 4 5 29 12
1279,339.3999938964844,181.20663452148438,106.5733413696289,74.16666412353516,0.46666666865348816,24,24 1 4 20 16 28
1280,339.75,179.57667541503906,107.9100112915039,71.33333587646484,0.3333333432674408,14,14 20 11 18 21 26
1281,285.0,193.14834594726562,110.68167114257812,82.26667022705078,0.20000000298023224,0,0 10 7 27 16 23
1282,434.0,188.88002014160156,110.68000030517578,77.9000015258789,0.30000001192092896,6,6 11 2 19 14 18
1283,385.5,179.125,107.59166717529297,71.16666412353516,0.36666667461395264,24,24 7 17 18 25 27
1284,434.60003662109375,192.47669982910156,114.94334411621094,77.0999984741211,0.4333333373069763,15,15 9 12 24 21 17
1285,406.3000183105469,169.04998779296875,97.75,71.03333282470703,0.2666666805744171,26,26 24 9 11 3 2
1286,439.8999938964844,179.85165405273438,109.55167388916016,69.83333587646484,0.46666666865348816,12,12 8 28 25 6 1
1287,345.1000061035156,174.92832946777344,103.82833862304688,70.69999694824219,0.4000000059604645,11,11 2 19 27 7 29
1288,358.0,182.10165405273438,106.86833190917969,74.93333435058594,0.30000001192092896,4,4 3 13 10 9 17
1289,320.29998779296875,173.99832153320312,100.66500091552734,73.0999984741211,0.23333333432674408,14,14 11 7 5 29 18
1290,358.8500061035156,178.84500122070312,109.74498748779297,68.56666564941406,0.5333333611488342,8,8 19 0 27 4 21
1291,370.0,189.9383087158203,110.27167510986328,79.43333435058594,0.23333333432674408,2,2 26 3 20 27 12
1292,304.6000061035156,189.9116668701172,113.11167907714844,76.5,0.30000001192092896,8,8 26 27 21 5 1
1293,373.7999572753906,195.77999877929688,111.2800064086914,84.23332977294922,0.2666666805744171,28,28 20 19 26 23 8
1294,300.79998779296875,181.43667602539062,105.67000579833984,75.46666717529297,0.30000001192092896,1,1 3 16 25 20 0
1295,347.3999938964844,204.58168029785156,114.88167572021484,89.56666564941406,0.13333334028720856,22,22 18 7 4 12 5
1296,425.45001220703125,191.76502990722656,119.13166809082031,72.13333129882812,0.5,9,9 27 15 7 8 12
1297,329.4000244140625,191.22332763671875,110.69001007080078,80.30000305175781,0.23333333432674408,27,27 20 26 28 11 10
1298,420.0,191.11500549316406,110.41500091552734,80.4000015258789,0.30000001192092896,14,14 5 10 16 23 9
1299,317.75,199.33331298828125,114.66666412353516,84.43333435058594,0.23333333432674408,16,16 17 6 14 3 13
1300,388.9500427246094,221.8583526611328,131.62501525878906,89.83333587646484,0.4000000059604645,21,21 24 27 4 14 28
1301,388.45001220703125,202.85833740234375,122.95833587646484,79.53333282470703,0.36666667461395264,23,23 27 24 17 12 25
1302,411.70001220703125,192.2599639892578,114.26000213623047,77.5999984741211,0.4000000059604645,4,4 28 27 0 3 24
1303,448.29998779296875,196.5700225830078,118.27001190185547,77.86666870117188,0.4333333373069763,20,20 29 5 21 14 3
1304,417.29998779296875,195.3766632080078,118.40999603271484,76.53333282470703,0.4333333373069763,10,10 26 23 27 21 14
1305,363.5,191.04501342773438,113.07833099365234,77.73332977294922,0.23333333432674408,21,21 14 15 2 3 5
1306,355.5,174.2766571044922,109.20999145507812,64.53333282470703,0.5333333611488342,25,25 19 22 16 21 2
1307,356.1000061035156,191.2633514404297,114.02999114990234,76.83333587646484,0.4000000059604645,18,18 21 0 16 15 22
1308,393.1499938964844,195.38998413085938,114.25667572021484,80.93333435058594,0.20000000298023224,14,14 27 22 15 29 28
1309,441.6499938964844,226.92332458496094,136.12332153320312,90.46666717529297,0.3333333432674408,11,11 2 9 3 16 5
1310,372.8999938964844,193.87330627441406,118.7066650390625,74.69999694824219,0.46666666865348816,19,19 10 24 12 22 28
1311,361.45001220703125,181.80166625976562,108.93500518798828,72.5999984741211,0.2666666805744171,6,6 4 18 10 0 13
1312,425.20001220703125,190.61669921875,113.55001068115234,76.73332977294922,0.3333333432674408,2,2 15 29 3 7 13
1313,512.3499755859375,194.4583282470703,117.1916732788086,76.9000015258789,0.36666667461395264,24,24 26 23 0 4 1
1314,365.6000061035156,200.7333221435547,118.69998168945312,81.5999984741211,0.4333333373069763,11,11 16 3 17 21 12
1315,336.3999938964844,188.43832397460938,109.13834381103516,79.03333282470703,0.2666666805744171,11,11 8 9 14 7 6
1316,320.3999938964844,175.28834533691406,102.95500183105469,72.0999984741211,0.23333333432674408,27,27 1 25 20 5 23
1317,409.1499938964844,178.53001403808594,109.69666290283203,68.30000305175781,0.5333333611488342,4,4 27 16 8 20 1
1318,365.9000244140625,180.77667236328125,107.80998992919922,72.5999984741211,0.36666667461395264,1,1 23 20 13 14 15
1319,385.25,197.77166748046875,116.87167358398438,80.66666412353516,0.23333333432674408,26,26 17 9 7 21 6
1320,574.0,194.1283416748047,118.32833862304688,75.33333587646484,0.46666666865348816,13,13 15 19 6 21 18
1321,374.95001220703125,178.28834533691406,110.05500793457031,67.69999694824219,0.5333333611488342,7,7 2 17 28 21 8
1322,428.8000183105469,186.2899932861328,116.12332916259766,69.63333129882812,0.5333333611488342,10,10 29 23 14 15 7
1323,343.0,206.43832397460938,125.70499420166016,80.36666870117188,0.36666667461395264,15,15 13 28 18 23 0
1324,442.20001220703125,207.4766387939453,122.91000366210938,84.26667022705078,0.30000001192092896,4,4 23 29 16 24 11
1325,458.0,185.31500244140625,111.64833068847656,73.16666412353516,0.5,10,10 6 20 16 28 21
1326,370.5999755859375,185.36834716796875,111.33499908447266,73.63333129882812,0.4000000059604645,28,28 12 1 11 15 10
1327,303.6000061035156,173.05499267578125,105.65499877929688,66.93333435058594,0.46666666865348816,29,29 0 20 26 23 17
1328,374.95001220703125,197.33334350585938,119.53333282470703,77.46666717529297,0.3333333432674408,12,12 21 10 2 17 5
1329,497.8499755859375,231.98666381835938,139.8200225830078,91.76667022705078,0.4000000059604645,22,22 12 2 0 10 9
1330,607.800048828125,198.83499145507812,124.63500213623047,73.66666412353516,0.5333333611488342,27,27 9 6 5 16 24
1331,374.8000183105469,168.44500732421875,97.91167449951172,70.33333587646484,0.20000000298023224,22,22 26 24 11 6 14
1332,343.0,199.60165405273438,121.50167083740234,77.73332977294922,0.36666667461395264,24,24 12 9 7 4 14
1333,325.04998779296875,170.73834228515625,103.23832702636719,67.06666564941406,0.4333333373069763,24,24 12 27 17 15 5
1334,399.8000183105469,205.635009765625,124.86833190917969,80.19999694824219,0.5666666626930237,18,18 2 24 9 17 15
1335,534.0,216.75498962402344,128.22166442871094,88.23332977294922,0.30000001192092896,21,21 10 26 23 7 19
1336,464.8500061035156,225.3733367919922,132.0399932861328,93.0,0.3333333432674408,12,12 16 18 15 26 4
1337,336.39996337890625,163.49502563476562,97.22832489013672,65.93333435058594,0.3333333432674408,9,9 23 24 25 5 28
1338,459.3500061035156,209.29501342773438,128.6949920654297,80.06666564941406,0.5333333611488342,24,24 27 18 12 6 15
1339,474.1000061035156,193.29498291015625,120.0283432006836,72.76667022705078,0.5,26,26 25 20 10 12 18
1340,419.20001220703125,187.72166442871094,117.72167205810547,69.43333435058594,0.5666666626930237,17,17 24 4 11 16 1
1341,455.9000244140625,163.51666259765625,99.48332977294922,63.70000076293945,0.3333333432674408,9,9 13 4 10 24 11
1342,378.5999755859375,197.25167846679688,115.71833038330078,81.19999694824219,0.3333333432674408,12,12 1 6 21 29 9
1343,397.5,196.9199981689453,115.18666076660156,81.46666717529297,0.2666666805744171,4,4 19 2 1 22 20
1344,461.25,175.98497009277344,106.38500213623047,69.23332977294922,0.36666667461395264,9,9 22 2 10 12 15
1345,500.4000244140625,204.0016632080078,121.23500061035156,82.43333435058594,0.3333333432674408,13,13 18 24 11 14 19
1346,390.6499938964844,187.12835693359375,109.9283447265625,76.83333587646484,0.36666667461395264,0,0 24 29 15 7 1
1347,386.29998779296875,205.48667907714844,121.65333557128906,83.5,0.3333333432674408,3,3 28 14 4 1 12
1348,406.20001220703125,198.45664978027344,118.4566650390625,79.46666717529297,0.5333333611488342,21,21 19 16 24 10 6
1349,560.300048828125,208.12832641601562,127.66165924072266,80.06666564941406,0.4000000059604645,13,13 16 28 10 8 4
1350,337.6499938964844,186.9916534423828,113.82499694824219,72.66666412353516,0.5,1,1 5 19 12 27 3
1351,418.3999938964844,190.81832885742188,112.05168151855469,78.5,0.2666666805744171,20,20 7 16 24 14 3
1352,562.0,201.1416778564453,118.84166717529297,82.0,0.30000001192092896,13,13 12 27 5 28 21
1353,392.79998779296875,190.24664306640625,114.94666290283203,74.80000305175781,0.5,15,15 1 2 24 4 3
1354,470.79998779296875,192.53834533691406,117.87167358398438,74.16666412353516,0.5,4,4 16 29 1 23 11
1355,409.25,194.12332153320312,113.45665740966797,80.46666717529297,0.20000000298023224,28,28 27 20 25 2 9
1356,414.0,202.82667541503906,118.16000366210938,84.33333587646484,0.3333333432674408,24,24 13 21 29 3 4
1357,312.75,184.2233123779297,110.4566650390625,73.36666870117188,0.4000000059604645,28,28 19 9 20 8 29
1358,290.75,175.4550018310547,107.32167053222656,67.69999694824219,0.4333333373069763,14,14 18 11 24 9 25
1359,364.0,184.00833129882812,104.67501068115234,79.0999984741211,0.23333333432674408,19,19 0 16 13 9 1
1360,338.20001220703125,175.36331176757812,109.6966552734375,65.19999694824219,0.46666666865348816,23,23 12 20 17 19 24
1361,354.1999816894531,186.1316680908203,112.09832000732422,73.69999694824219,0.3333333432674408,15,15 21 4 22 5 20
1362,415.3999938964844,187.5299835205078,106.89667510986328,80.46666717529297,0.1666666716337204,3,3 18 26 22 27 15
1363,624.0,195.913330078125,115.413330078125,80.16666412353516,0.3333333432674408,20,20 0 17 26 29 15
1364,284.20001220703125,175.683349609375,99.84999084472656,75.56666564941406,0.2666666805744171,14,14 5 17 24 9 22
1365,405.3500061035156,204.40164184570312,121.06832885742188,82.80000305175781,0.5333333611488342,3,3 13 26 6 12 21
1366,339.3999938964844,174.24000549316406,101.57333374023438,72.36666870117188,0.30000001192092896,4,4 28 17 27 22 16
1367,376.5999755859375,195.93499755859375,114.83500671386719,80.76667022705078,0.3333333432674408,19,19 9 3 27 28 10
1368,405.1000061035156,201.68670654296875,121.88667297363281,79.43333435058594,0.36666667461395264,24,24 12 22 23 16 1
1369,456.95001220703125,181.7816619873047,109.2149887084961,72.13333129882812,0.4333333373069763,2,2 9 27 5 4 0
1370,370.800048828125,201.87664794921875,115.17666625976562,86.43333435058594,0.2666666805744171,7,7 11 18 25 9 28
1371,398.54998779296875,183.48167419433594,109.98168182373047,73.03333282470703,0.46666666865348816,9,9 8 23 11 7 22
1372,438.75,220.0366668701172,132.07000732421875,87.5999984741211,0.36666667461395264,25,25 7 8 17 18 16
1373,358.3999938964844,187.18666076660156,108.6866683959961,78.0999984741211,0.4000000059604645,20,20 8 19 9 3 14
1374,358.60003662109375,183.35833740234375,109.49166870117188,73.43333435058594,0.4333333373069763,20,20 29 15 17 1 13
1375,352.79998779296875,182.7999725341797,106.53334045410156,75.96666717529297,0.30000001192092896,0,0 23 22 9 17 20
1376,342.5999755859375,185.6133270263672,111.71332550048828,73.46666717529297,0.4333333373069763,10,10 9 22 26 11 16
1377,409.6000061035156,190.65667724609375,108.42333984375,82.0,0.23333333432674408,24,24 5 3 21 15 18
1378,463.5999755859375,199.8466796875,118.0133285522461,81.56666564941406,0.2666666805744171,5,5 14 6 20 29 12
1379,450.0,219.5733184814453,130.4066619873047,88.83333587646484,0.3333333432674408,13,13 17 19 9 29 0
1380,434.70001220703125,185.78665161132812,114.18667602539062,71.13333129882812,0.46666666865348816,16,16 29 20 1 10 21
1381,404.0,193.25498962402344,113.32167053222656,79.53333282470703,0.4000000059604645,16,16 21 20 9 8 10
1382,388.70001220703125,204.32667541503906,118.59333801269531,85.36666870117188,0.36666667461395264,19,19 18 11 0 4 2
1383,443.0,199.31832885742188,115.91834259033203,83.06666564941406,0.3333333432674408,11,11 21 19 23 8 15
1384,456.79998779296875,187.33499145507812,106.16834259033203,80.93333435058594,0.23333333432674408,8,8 17 29 4 19 2
1385,528.5,214.5216522216797,124.65499877929688,89.5,0.36666667461395264,10,10 11 14 25 17 1
1386,303.0,174.00999450683594,100.27665710449219,73.43333435058594,0.30000001192092896,8,8 27 12 22 10 6
1387,309.9000244140625,175.72999572753906,99.62999725341797,75.93333435058594,0.1666666716337204,21,21 15 16 10 5 23
1388,315.1999816894531,199.94833374023438,116.1816635131836,83.46666717529297,0.30000001192092896,15,15 19 8 18 5 27
1389,395.25,204.76333618164062,120.29666900634766,84.19999694824219,0.2666666805744171,19,19 10 25 20 16 14
1390,447.75,205.5083465576172,121.47500610351562,83.5999984741211,0.4333333373069763,13,13 9 29 18 7 0
1391,373.4000244140625,201.989990234375,121.65666961669922,79.86666870117188,0.46666666865348816,4,4 6 11 24 14 16
1392,390.79998779296875,210.3149871826172,122.04833984375,88.0,0.2666666805744171,18,18 27 20 21 3 11
1393,382.6000061035156,190.9250030517578,111.2249984741211,79.30000305175781,0.4000000059604645,24,24 20 2 19 13 3
1394,351.6000061035156,194.5883331298828,107.8883285522461,86.5,0.20000000298023224,15,15 0 28 21 27 26
1395,352.85003662109375,185.0066680908203,109.00666809082031,75.66666412353516,0.3333333432674408,18,18 5 17 26 10 8
1396,405.6000061035156,184.40834045410156,112.10832214355469,71.86666870117188,0.4333333373069763,20,20 13 25 7 29 24
1397,572.7999877929688,202.32835388183594,116.72834014892578,85.33333587646484,0.2666666805744171,14,14 17 10 9 3 25
1398,388.3999938964844,190.92166137695312,110.12166595458984,80.53333282470703,0.2666666805744171,18,18 13 17 0 1 19
1399,405.6000061035156,192.64332580566406,112.6433334350586,79.63333129882812,0.36666667461395264,21,21 10 20 4 8 12
1400,424.75,181.72500610351562,109.32499694824219,71.93333435058594,0.46666666865348816,24,24 1 27 19 26 20
1401,321.6500244140625,201.17330932617188,116.50666046142578,84.33333587646484,0.3333333432674408,26,26 4 18 6 10 8
1402,316.3999938964844,171.65835571289062,100.62499237060547,70.53333282470703,0.5,24,24 22 4 11 26 6
1403,469.5000305175781,194.61834716796875,116.91834259033203,77.16666412353516,0.5333333611488342,8,8 16 0 5 2 22
1404,336.20001220703125,202.59500122070312,116.9949951171875,85.26667022705078,0.3333333432674408,16,16 19 8 26 18 12
1405,366.0,189.6983184814453,113.26499938964844,76.03333282470703,0.4000000059604645,25,25 5 24 22 9 19
1406,391.8000183105469,201.55331420898438,115.55332946777344,85.69999694824219,0.30000001192092896,1,1 4 13 11 15 9
1407,386.5,208.89334106445312,123.95999908447266,84.5,0.4333333373069763,25,25 2 0 16 19 11
1408,440.7500305175781,180.20330810546875,107.50333404541016,72.30000305175781,0.4000000059604645,22,22 7 28 21 12 2
1409,331.79998779296875,184.00497436523438,108.73833465576172,74.93333435058594,0.3333333432674408,12,12 27 9 6 28 11
1410,406.3999938964844,190.7233123779297,111.72335052490234,78.5999984741211,0.4000000059604645,17,17 4 20 14 5 9
1411,414.1999816894531,166.91001892089844,99.70999908447266,66.76667022705078,0.4333333373069763,26,26 7 5 13 14 20
1412,421.79998779296875,193.48997497558594,118.68999481201172,74.26667022705078,0.5333333611488342,24,24 0 29 2 5 12
1413,291.3999938964844,195.99664306640625,114.69666290283203,80.86666870117188,0.4333333373069763,1,1 3 27 6 10 17
1414,450.8999938964844,180.34500122070312,109.7449951171875,70.0,0.6000000238418579,18,18 27 24 20 2 9
1415,389.6000061035156,206.4199981689453,123.72000885009766,82.30000305175781,0.4000000059604645,2,2 9 20 10 1 28
1416,293.5,170.67501831054688,103.80833435058594,66.30000305175781,0.5666666626930237,27,27 12 15 28 9 16
1417,354.20001220703125,186.71168518066406,111.94499969482422,74.36666870117188,0.4000000059604645,22,22 27 18 12 4 5
1418,346.0,177.74998474121094,106.98334503173828,70.33333587646484,0.4333333373069763,19,19 25 14 15 29 8
1419,434.5000305175781,196.39833068847656,117.7316665649414,78.19999694824219,0.46666666865348816,18,18 7 27 23 2 19
1420,279.5,179.90000915527344,106.5999984741211,72.9000015258789,0.4000000059604645,12,12 15 1 17 2 11
1421,465.79998779296875,200.04331970214844,121.81000518798828,77.76667022705078,0.46666666865348816,17,17 28 12 27 6 2
1422,512.75,183.91998291015625,113.01998901367188,70.36666870117188,0.5333333611488342,22,22 17 11 21 16 4
1423,346.20001220703125,186.28167724609375,107.1816635131836,78.80000305175781,0.30000001192092896,16,16 28 2 21 7 12
1424,468.25,199.48666381835938,116.586669921875,82.5999984741211,0.30000001192092896,7,7 14 10 28 22 2
1425,361.5999755859375,186.22166442871094,112.288330078125,73.53333282470703,0.4000000059604645,10,10 11 20 9 7 18
1426,386.0,193.89498901367188,112.19499969482422,81.43333435058594,0.2666666805744171,21,21 0 11 19 3 10
1427,450.0,188.05499267578125,111.48832702636719,76.19999694824219,0.36666667461395264,19,19 17 20 4 11 5
1428,363.0,187.4016571044922,113.635009765625,73.26667022705078,0.5,14,14 17 29 18 23 1
1429,303.95001220703125,184.68667602539062,108.9866714477539,75.30000305175781,0.4000000059604645,8,8 19 24 16 2 1
1430,393.0,174.7733612060547,106.80667114257812,67.46666717529297,0.5,7,7 25 28 29 19 2
1431,363.0,179.08834838867188,104.92166900634766,73.83333587646484,0.3333333432674408,11,11 8 13 22 27 9
1432,438.0,197.06166076660156,116.82833862304688,79.93333435058594,0.30000001192092896,16,16 11 13 18 4 27
1433,324.8999938964844,194.07330322265625,115.37332916259766,78.33333587646484,0.36666667461395264,10,10 21 27 22 5 29
1434,345.75,190.1266632080078,116.95999908447266,72.69999694824219,0.46666666865348816,18,18 27 26 14 23 16
1435,363.0500183105469,173.23001098632812,100.29666900634766,72.63333129882812,0.30000001192092896,0,0 13 10 5 26 25
1436,347.9499816894531,179.41668701171875,104.91666412353516,74.0999984741211,0.4000000059604645,1,1 12 5 4 17 6
1437,275.5999755859375,174.99497985839844,99.461669921875,75.33333587646484,0.20000000298023224,9,9 0 11 27 6 2
1438,518.0,197.93331909179688,114.26665496826172,83.4000015258789,0.2666666805744171,9,9 2 4 16 8 25
1439,370.29998779296875,202.3999786376953,119.96666717529297,82.06666564941406,0.36666667461395264,22,22 9 25 11 24 28
1440,393.54998779296875,183.94166564941406,107.40834045410156,76.33333587646484,0.20000000298023224,19,19 2 12 10 15 23
1441,293.5,181.52999877929688,105.33000183105469,75.9000015258789,0.30000001192092896,6,6 13 12 25 8 20
1442,385.3999938964844,185.61000061035156,107.37667083740234,78.03333282470703,0.20000000298023224,10,10 8 11 23 22 20
1443,393.54998779296875,190.46664428710938,112.93333435058594,77.19999694824219,0.3333333432674408,14,14 16 29 4 18 0
1444,386.4000244140625,183.2466583251953,106.14667510986328,76.83333587646484,0.2666666805744171,6,6 12 7 28 11 17
1445,366.79998779296875,193.72666931152344,114.79331970214844,78.56666564941406,0.36666667461395264,12,12 0 5 7 14 9
1446,359.20001220703125,194.7716522216797,112.83834075927734,81.63333129882812,0.30000001192092896,8,8 12 10 20 25 28
1447,372.20001220703125,194.21665954589844,114.55000305175781,79.36666870117188,0.30000001192092896,16,16 20 12 14 7 17
1448,415.0,209.711669921875,123.37833404541016,85.83333587646484,0.5,4,4 6 13 8 27 18
1449,352.8000183105469,204.7516632080078,122.41832733154297,82.0,0.3333333432674408,18,18 8 2 1 11 3
1450,471.8999938964844,203.49000549316406,120.42333221435547,82.69999694824219,0.36666667461395264,23,23 9 29 25 18 11
1451,382.0,192.32669067382812,111.39334106445312,80.66666412353516,0.2666666805744171,15,15 27 19 14 10 7
1452,492.8499755859375,207.28167724609375,123.24832916259766,83.69999694824219,0.3333333432674408,9,9 16 14 2 0 6
1453,381.3999938964844,214.0783233642578,122.57833099365234,91.26667022705078,0.23333333432674408,10,10 27 22 14 16 29
1454,392.5,180.36001586914062,105.45999145507812,74.63333129882812,0.2666666805744171,19,19 27 24 25 15 17
1455,345.25,177.34165954589844,101.47501373291016,75.56666564941406,0.30000001192092896,9,9 12 15 1 13 17
1456,397.0,203.9783172607422,120.41165924072266,83.19999694824219,0.36666667461395264,19,19 0 6 10 7 5
1457,369.1999816894531,193.48001098632812,110.11333465576172,83.06666564941406,0.30000001192092896,19,19 1 27 16 17 9
1458,362.0,181.6483612060547,105.6816635131836,75.66666412353516,0.30000001192092896,13,13 25 8 12 24 3
1459,374.1499938964844,200.3683319091797,118.10166931152344,82.0,0.2666666805744171,10,10 15 18 29 9 11
1460,659.7999877929688,213.84332275390625,128.91000366210938,84.5,0.4333333373069763,13,13 0 18 25 2 17
1461,346.25,174.99334716796875,102.95999145507812,71.5999984741211,0.4333333373069763,29,29 3 14 23 25 13
1462,395.0,197.04832458496094,116.04833221435547,80.5999984741211,0.4000000059604645,1,1 8 24 2 12 7
1463,378.20001220703125,202.8616485595703,119.8949966430664,82.66666412353516,0.30000001192092896,23,23 29 17 11 28 0
1464,448.1000061035156,195.4049835205078,114.73831939697266,80.30000305175781,0.36666667461395264,21,21 2 10 7 24 29
1465,428.0,207.8666534423828,120.36666107177734,87.19999694824219,0.30000001192092896,8,8 27 17 7 29 2
1466,318.79998779296875,181.93666076660156,107.63666534423828,73.9000015258789,0.4000000059604645,4,4 12 27 11 18 1
1467,417.20001220703125,196.89830017089844,114.73167419433594,81.83333587646484,0.3333333432674408,2,2 14 26 21 16 15
1468,493.75,205.3583221435547,123.15833282470703,81.80000305175781,0.4000000059604645,24,24 9 21 2 22 4
1469,510.6000061035156,225.4933624267578,132.29331970214844,93.0,0.20000000298023224,11,11 8 4 20 7 19
1470,506.79998779296875,209.19668579101562,117.36332702636719,91.5999984741211,0.23333333432674408,11,11 17 4 19 6 29
1471,465.8499755859375,195.95167541503906,113.78500366210938,81.76667022705078,0.4000000059604645,25,25 3 7 21 16 4
1472,327.3999938964844,198.47332763671875,117.0733413696289,81.03333282470703,0.36666667461395264,3,3 25 15 9 14 12
1473,346.2500305175781,191.7716522216797,110.37166595458984,81.16666412353516,0.23333333432674408,16,16 9 24 1 11 15
1474,288.25,184.3300018310547,104.46333312988281,79.56666564941406,0.30000001192092896,13,16 13 11 28 22 5
1475,495.25,185.87164306640625,107.0716781616211,78.53333282470703,0.2666666805744171,10,10 14 22 7 19 16
1476,380.79998779296875,201.5449981689453,119.17833709716797,82.0,0.36666667461395264,16,16 12 20 29 21 19
1477,321.8000183105469,192.681640625,113.61499786376953,78.80000305175781,0.2666666805744171,24,24 12 25 5 3 8
1478,389.6000061035156,187.16000366210938,105.32666015625,81.53333282470703,0.30000001192092896,4,4 7 15 12 1 8
1479,376.1500244140625,210.56834411621094,123.76832580566406,86.5,0.30000001192092896,9,9 10 2 22 5 16
1480,384.20001220703125,205.59832763671875,119.16500091552734,86.26667022705078,0.1666666716337204,20,20 18 2 26 5 1
1481,343.70001220703125,197.11167907714844,118.27833557128906,78.36666870117188,0.46666666865348816,12,12 18 22 2 4 11
1482,417.45001220703125,195.8500213623047,111.94999694824219,83.66666412353516,0.23333333432674408,21,21 1 24 15 27 12
1483,349.3999938964844,177.81332397460938,99.74666595458984,77.83333587646484,0.23333333432674408,28,28 20 21 3 24 6
1484,450.0,205.68833923339844,118.8883285522461,86.43333435058594,0.36666667461395264,17,17 22 8 27 6 4
1485,447.6499938964844,199.3333282470703,115.20000457763672,83.9000015258789,0.23333333432674408,10,10 20 29 3 18 26
1486,366.95001220703125,198.87998962402344,113.18000030517578,85.5,0.20000000298023224,29,29 0 8 7 1 14
1487,375.25,194.68499755859375,112.08499908447266,82.36666870117188,0.23333333432674408,2,2 1 29 10 28 26
1488,385.3000183105469,200.54664611816406,118.2800064086914,81.93333435058594,0.3333333432674408,22,22 25 19 9 2 15
1489,473.20001220703125,228.21832275390625,136.4183349609375,91.46666717529297,0.3333333432674408,16,16 13 28 21 9 22
1490,355.5,205.91165161132812,120.8449935913086,84.73332977294922,0.3333333432674408,25,25 4 12 19 6 22
1491,348.0,209.9116668701172,121.97832489013672,87.66666412353516,0.2666666805744171,29,29 7 15 23 9 10
1492,519.9000244140625,207.82164001464844,120.42166900634766,87.03333282470703,0.36666667461395264,19,19 25 21 13 9 3
1493,349.25,198.56500244140625,114.9316635131836,83.36666870117188,0.2666666805744171,14,14 5 21 9 11 4
1494,448.0,215.70333862304688,123.73665618896484,91.5999984741211,0.36666667461395264,0,0 12 27 19 22 20
1495,317.8000183105469,210.78665161132812,118.65332794189453,91.9000015258789,0.23333333432674408,26,26 24 7 5 8 15
1496,496.5,209.17333984375,123.14000701904297,85.73332977294922,0.30000001192092896,10,10 0 13 1 25 6
1497,406.75,185.42332458496094,105.25666809082031,79.9000015258789,0.2666666805744171,9,9 15 14 1 19 4
1498,560.9000244140625,217.52999877929688,132.79666137695312,84.19999694824219,0.5333333611488342,17,17 29 24 21 28 5
1499,376.79998779296875,185.28831481933594,113.1883316040039,71.66666412353516,0.4333333373069763,15,15 0 11 1 5 22
1500,364.29998779296875,185.96665954589844,108.73332977294922,76.9000015258789,0.3333333432674408,28,28 1 22 25 13 10
1501,431.0,198.3433380126953,114.9433364868164,83.03333282470703,0.36666667461395264,2,2 15 13 6 5 22
1502,389.3999938964844,197.2483367919922,116.78165435791016,80.16666412353516,0.30000001192092896,7,7 25 11 0 3 4
1503,468.79998779296875,206.058349609375,118.89165496826172,86.83333587646484,0.3333333432674408,7,7 10 11 13 1 20
1504,320.0,210.15335083007812,120.01998901367188,89.86666870117188,0.2666666805744171,29,29 12 11 4 7 28
1505,541.2000122070312,222.71499633789062,127.74833679199219,94.80000305175781,0.1666666716337204,20,20 27 18 26 22 19
1506,327.25,183.42332458496094,108.79000854492188,74.30000305175781,0.3333333432674408,9,9 14 18 7 17 20
1507,350.5,187.57666015625,106.97666931152344,80.33333587646484,0.2666666805744171,18,18 3 26 7 9 15
1508,279.1500244140625,197.92332458496094,117.28999328613281,80.36666870117188,0.2666666805744171,6,6 10 7 20 22 14
1509,380.1000061035156,192.38833618164062,108.12165832519531,84.06666564941406,0.20000000298023224,14,14 7 5 25 10 24
1510,501.4000549316406,211.66000366210938,123.92666625976562,87.30000305175781,0.4333333373069763,4,4 8 21 22 11 13
1511,339.0999755859375,193.2383270263672,111.07167053222656,81.9000015258789,0.2666666805744171,12,12 13 8 28 11 14
1512,340.0,187.2916717529297,104.82500457763672,82.19999694824219,0.2666666805744171,11,11 6 12 27 24 20
1513,352.04998779296875,198.76165771484375,115.5283432006836,82.86666870117188,0.36666667461395264,3,3 24 6 2 17 22
1514,503.8000183105469,217.78829956054688,127.25499725341797,90.19999694824219,0.3333333432674408,14,14 23 19 18 3 1
1515,380.8000183105469,193.08499145507812,112.98499298095703,79.69999694824219,0.4000000059604645,5,5 24 23 20 13 22
1516,387.5500183105469,186.60166931152344,108.50167846679688,77.69999694824219,0.4000000059604645,12,12 14 22 29 19 18
1517,381.8000183105469,199.86331176757812,112.69667053222656,87.03333282470703,0.13333334028720856,27,27 6 17 9 14 21
1518,361.9000244140625,193.04000854492188,114.97333526611328,77.63333129882812,0.4333333373069763,24,24 4 18 12 6 16
1519,374.25,188.12498474121094,112.15833282470703,75.53333282470703,0.4333333373069763,22,22 25 23 11 14 19
1520,305.25,191.42164611816406,116.88832092285156,74.13333129882812,0.4000000059604645,24,24 0 28 14 7 3
1521,341.3999938964844,188.5550079345703,104.52165985107422,83.80000305175781,0.23333333432674408,9,9 12 20 25 21 19
1522,399.54998779296875,201.27999877929688,118.57999420166016,82.33333587646484,0.36666667461395264,9,9 13 15 14 19 2
1523,343.54998779296875,179.2100067138672,101.9433364868164,76.96666717529297,0.30000001192092896,5,5 9 27 29 26 16
1524,336.8999938964844,183.84500122070312,106.07833099365234,77.5,0.2666666805744171,18,18 28 11 13 9 7
1525,296.1000061035156,180.40333557128906,103.70333862304688,76.4000015258789,0.30000001192092896,7,7 25 29 11 18 6
1526,328.5,180.83164978027344,100.89833068847656,79.63333129882812,0.30000001192092896,3,3 11 1 5 25 7
1527,310.79998779296875,190.33164978027344,106.79833221435547,83.33333587646484,0.20000000298023224,24,24 18 5 25 13 29
1528,322.6000061035156,208.16497802734375,119.99832916259766,87.9000015258789,0.2666666805744171,3,3 27 29 21 2 17
1529,386.1499938964844,209.81166076660156,121.91166687011719,87.53333282470703,0.36666667461395264,13,13 19 12 10 22 14
1530,395.800048828125,182.91502380371094,104.54832458496094,78.16666412353516,0.20000000298023224,28,28 0 21 9 11 27
1531,421.5500183105469,201.56167602539062,119.0949935913086,82.13333129882812,0.3333333432674408,18,18 22 21 7 4 11
1532,463.3999938964844,202.63665771484375,124.06999206542969,78.13333129882812,0.4333333373069763,21,21 14 9 7 16 22
1533,369.20001220703125,202.57000732421875,115.30332946777344,87.06666564941406,0.20000000298023224,2,2 17 21 7 23 25
1534,412.6000061035156,187.78167724609375,110.78166961669922,76.5,0.5,3,3 5 13 18 15 20
1535,337.3999938964844,183.69667053222656,105.42998504638672,77.9000015258789,0.36666667461395264,10,10 1 2 21 14 16
1536,440.4000244140625,192.03665161132812,109.86998748779297,81.9000015258789,0.2666666805744171,28,28 13 14 15 2 24
1537,467.1999816894531,181.49331665039062,109.45999145507812,71.73332977294922,0.30000001192092896,10,10 9 2 6 21 5
1538,434.54998779296875,209.39833068847656,123.83167266845703,85.16666412353516,0.4000000059604645,16,16 2 28 3 15 0
1539,314.6499938964844,185.60000610351562,108.83334350585938,76.33333587646484,0.4333333373069763,22,22 12 13 28 11 4
1540,346.79998779296875,203.17831420898438,119.77832794189453,83.0999984741211,0.30000001192092896,25,25 15 12 5 24 10
1541,397.70001220703125,204.64834594726562,123.7149887084961,80.43333435058594,0.5,29,29 3 18 11 22 28
1542,422.79998779296875,175.92666625976562,105.1600112915039,70.26667022705078,0.5,14,14 28 24 3 19 23
1543,412.79998779296875,196.0283203125,118.22831726074219,77.33333587646484,0.46666666865348816,24,24 23 15 11 1 20
1544,338.3999938964844,206.45664978027344,115.59000396728516,90.69999694824219,0.1666666716337204,24,24 21 2 16 11 26
1545,364.5,179.03334045410156,110.06666564941406,68.36666870117188,0.6000000238418579,15,15 29 27 17 23 14
1546,493.75,203.90997314453125,123.57666778564453,79.83333587646484,0.5,13,13 12 17 24 5 23
1547,403.79998779296875,197.43333435058594,115.93333435058594,81.19999694824219,0.30000001192092896,12,12 23 10 3 7 4
1548,356.79998779296875,192.60665893554688,109.5733413696289,82.76667022705078,0.2666666805744171,12,12 8 20 19 15 25
1549,385.0,177.181640625,102.91499328613281,73.9000015258789,0.36666667461395264,9,9 21 23 27 22 14
1550,389.3500061035156,189.18333435058594,110.68333435058594,78.16666412353516,0.3333333432674408,19,19 17 2 13 16 29
1551,384.75006103515625,216.60166931152344,128.80166625976562,87.33333587646484,0.46666666865348816,23,23 2 16 8 19 0
1552,399.8499755859375,194.4149932861328,113.1483383178711,80.86666870117188,0.4000000059604645,12,12 1 7 21 24 17
1553,321.25,182.27999877929688,104.57999420166016,77.36666870117188,0.3333333432674408,20,20 29 7 17 22 23
1554,313.9499816894531,180.86166381835938,103.26167297363281,77.4000015258789,0.20000000298023224,15,15 27 18 3 25 26
1555,428.5,198.56666564941406,119.63333892822266,78.56666564941406,0.36666667461395264,27,27 22 15 26 9 7
1556,333.5500183105469,181.7516632080078,104.68500518798828,76.76667022705078,0.30000001192092896,24,24 0 9 15 11 1
1557,336.29998779296875,190.1083221435547,114.30833435058594,75.46666717529297,0.3333333432674408,3,3 10 19 11 12 6
1558,417.6000061035156,208.4467010498047,121.94666290283203,86.06666564941406,0.4333333373069763,20,20 9 8 22 21 27
1559,339.35003662109375,196.961669921875,112.26168060302734,84.53333282470703,0.1666666716337204,17,17 10 13 4 20 19
1560,395.79998779296875,205.82330322265625,121.8233413696289,83.53333282470703,0.46666666865348816,10,10 13 15 20 4 3
1561,387.20001220703125,183.42999267578125,106.163330078125,77.06666564941406,0.20000000298023224,9,9 1 28 12 18 17
1562,334.0,190.12498474121094,110.85832214355469,78.9000015258789,0.36666667461395264,8,8 13 7 6 19 2
1563,316.54998779296875,180.11000061035156,107.74332427978516,72.0,0.36666667461395264,22,22 13 0 2 1 16
1564,373.75,208.0966796875,121.5300064086914,86.23332977294922,0.3333333432674408,22,22 9 25 26 28 12
1565,403.0,201.31333923339844,118.37998962402344,82.46666717529297,0.46666666865348816,20,20 5 0 1 29 21
1566,478.1999816894531,206.1266632080078,123.32666778564453,82.26667022705078,0.5333333611488342,29,29 12 4 24 25 21
1567,460.6000671386719,198.0699920654297,116.17000579833984,81.5,0.4000000059604645,12,12 5 14 20 19 21
1568,386.70001220703125,189.38833618164062,115.2550048828125,73.66666412353516,0.46666666865348816,18,18 0 20 7 1 9
1569,430.3999938964844,207.10667419433594,122.54000091552734,84.16666412353516,0.4000000059604645,21,21 22 3 27 5 6
1570,347.6000061035156,200.39498901367188,117.8949966430664,82.16666412353516,0.3333333432674408,15,15 26 21 5 24 14
1571,528.0,202.77166748046875,120.5050048828125,81.73332977294922,0.5333333611488342,6,6 0 17 26 10 23
1572,366.0,202.3000030517578,117.0999984741211,85.0,0.20000000298023224,25,25 20 28 29 1 26
1573,347.3999938964844,194.41000366210938,115.44332885742188,78.53333282470703,0.4333333373069763,18,18 5 14 27 17 20
1574,393.20001220703125,191.49501037597656,113.26167297363281,77.93333435058594,0.30000001192092896,23,23 26 1 11 21 13
1575,331.3999938964844,186.14332580566406,110.51000213623047,75.26667022705078,0.36666667461395264,18,18 15 14 11 21 8
1576,431.0,204.9350128173828,118.86832427978516,85.76667022705078,0.30000001192092896,20,20 12 16 29 22 28
1577,371.5,183.57666015625,106.94334411621094,76.23332977294922,0.4000000059604645,10,10 7 29 27 20 13
1578,401.25,208.59832763671875,120.2316665649414,88.03333282470703,0.3333333432674408,21,21 29 24 6 14 8
1579,346.5000305175781,193.42666625976562,113.52666473388672,79.5,0.4000000059604645,7,7 4 3 26 24 22
1580,375.0,210.41334533691406,123.67998504638672,86.36666870117188,0.36666667461395264,0,0 8 13 18 15 9
1581,373.75,191.05166625976562,112.58499145507812,77.93333435058594,0.5333333611488342,17,17 14 20 5 7 15
1582,318.5,182.39334106445312,105.2933349609375,76.76667022705078,0.3333333432674408,7,7 22 8 0 17 5
1583,330.0,188.11668395996094,110.71666717529297,77.06666564941406,0.3333333432674408,0,0 8 2 18 4 21
1584,440.25,216.0733184814453,126.7066650390625,88.86666870117188,0.5,10,10 28 26 5 22 6
1585,362.8999938964844,192.45999145507812,115.29331970214844,76.66666412353516,0.5,19,19 9 13 29 7 24
1586,399.0,207.10333251953125,118.30333709716797,88.56666564941406,0.23333333432674408,13,13 20 29 2 22 24
1587,525.4000244140625,201.27830505371094,117.7783432006836,83.06666564941406,0.4333333373069763,13,13 28 1 20 0 18
1588,341.79998779296875,194.64166259765625,113.30834197998047,80.96666717529297,0.36666667461395264,21,21 26 3 15 17 14
1589,357.45001220703125,190.2649688720703,115.63167572021484,74.19999694824219,0.4333333373069763,1,1 9 26 19 7 10
1590,308.1999816894531,166.36500549316406,97.2316665649414,68.76667022705078,0.36666667461395264,26,26 25 6 22 5 28
1591,321.9000244140625,194.18667602539062,114.85334014892578,78.96666717529297,0.36666667461395264,13,13 27 25 3 7 15
1592,311.45001220703125,178.5066680908203,107.67333221435547,70.33333587646484,0.5,14,14 2 16 24 11 12
1593,293.20001220703125,180.63502502441406,104.30167388916016,75.96666717529297,0.36666667461395264,25,25 6 29 16 4 24
1594,359.70001220703125,200.52163696289062,116.45499420166016,83.76667022705078,0.30000001192092896,21,21 26 3 14 25 24
1595,414.0,205.03330993652344,124.80000305175781,79.73332977294922,0.5,3,3 10 6 23 29 28
1596,391.8500061035156,201.1766815185547,118.87666320800781,81.9000015258789,0.4000000059604645,1,1 19 4 7 2 26
1597,388.0,194.52830505371094,115.66166687011719,78.5,0.36666667461395264,1,1 5 26 12 8 10
1598,323.20001220703125,191.6616668701172,110.19499969482422,81.23332977294922,0.23333333432674408,5,5 21 18 9 23 25
1599,355.75,174.44667053222656,105.34666442871094,68.5999984741211,0.5,17,17 23 18 7 15 10
1600,395.29998779296875,182.88999938964844,111.3233413696289,71.06666564941406,0.5,7,7 10 13 12 8 16
1601,345.75,181.24832153320312,107.18167114257812,73.63333129882812,0.4333333373069763,22,22 7 6 16 5 11
1602,283.20001220703125,176.64999389648438,98.35000610351562,78.06666564941406,0.23333333432674408,13,13 15 5 22 6 0
1603,350.25,184.1116485595703,105.6449966430664,78.13333129882812,0.3333333432674408,21,21 1 12 14 25 29
1604,364.3999938964844,183.94998168945312,107.4166488647461,76.19999694824219,0.3333333432674408,26,26 23 18 14 11 9
1605,436.6499938964844,185.99835205078125,111.56501007080078,74.0999984741211,0.3333333432674408,20,20 11 19 24 4 3
1606,327.85003662109375,188.82333374023438,110.25666809082031,78.0999984741211,0.46666666865348816,12,12 21 27 8 9 5
1607,325.20001220703125,179.03164672851562,101.09835052490234,77.5999984741211,0.3333333432674408,20,20 23 0 13 28 25
1608,322.29998779296875,170.09332275390625,99.75999450683594,69.96666717529297,0.36666667461395264,16,16 15 17 23 28 22
1609,389.0,189.3350067138672,109.6016616821289,79.5,0.23333333432674408,12,12 11 18 22 15 8
1610,408.1999816894531,200.89834594726562,115.56498718261719,85.0,0.3333333432674408,20,20 21 22 4 0 19
1611,428.3500061035156,198.55331420898438,118.68667602539062,79.46666717529297,0.4000000059604645,18,18 12 10 22 5 7
1612,287.79998779296875,181.20999145507812,104.47666931152344,76.4000015258789,0.3333333432674408,18,18 22 28 17 3 20
1613,456.0,185.7716522216797,111.1050033569336,74.23332977294922,0.4333333373069763,14,14 5 8 25 4 24
1614,329.3999938964844,187.06666564941406,109.60000610351562,77.0999984741211,0.36666667461395264,11,11 21 14 10 22 26
1615,389.70001220703125,181.05665588378906,105.8233413696289,74.93333435058594,0.30000001192092896,11,11 23 14 12 27 5
1616,339.3999938964844,193.41665649414062,113.85000610351562,79.0999984741211,0.46666666865348816,5,5 26 20 19 25 10
1617,343.0000305175781,193.01333618164062,112.64665222167969,80.03333282470703,0.3333333432674408,23,23 24 25 9 12 10
1618,375.1499938964844,219.34996032714844,128.21665954589844,90.83333587646484,0.30000001192092896,19,19 8 6 14 15 18
1619,417.25,198.50502014160156,118.70500183105469,79.43333435058594,0.36666667461395264,26,26 4 19 17 24 7
1620,396.6499938964844,206.10665893554688,117.23999786376953,88.5999984741211,0.2666666805744171,12,12 22 26 13 11 0
1621,296.20001220703125,185.60496520996094,109.83834075927734,75.43333435058594,0.3333333432674408,21,21 4 24 14 3 10
1622,447.3999938964844,218.67996215820312,127.21334075927734,91.26667022705078,0.20000000298023224,23,23 25 12 28 27 18
1623,381.5,182.55165100097656,108.25166320800781,73.86666870117188,0.4333333373069763,17,17 28 12 21 20 13
1624,311.3999938964844,172.69998168945312,100.33333587646484,72.06666564941406,0.30000001192092896,16,16 2 25 27 29 14
1625,350.20001220703125,191.03500366210938,111.23500061035156,79.5,0.30000001192092896,21,21 13 11 23 16 6
1626,280.5999755859375,175.52333068847656,99.45664978027344,75.83333587646484,0.23333333432674408,10,10 17 8 18 23 4
1627,305.79998779296875,181.78831481933594,108.82166290283203,72.53333282470703,0.4333333373069763,9,9 26 14 5 21 1
1628,345.29998779296875,203.08497619628906,119.11833953857422,83.5999984741211,0.36666667461395264,0,0 16 3 22 24 20
1629,381.550048828125,206.89834594726562,122.39834594726562,84.23332977294922,0.2666666805744171,25,25 11 15 18 9 8
1630,496.8000183105469,205.0699920654297,117.67000579833984,87.16666412353516,0.23333333432674408,19,19 6 20 23 12 1
1631,371.3999938964844,189.66500854492188,108.9649887084961,80.36666870117188,0.3333333432674408,26,26 14 12 11 7 6
1632,306.79998779296875,194.13832092285156,110.73831939697266,83.26667022705078,0.13333334028720856,26,26 16 28 29 17 3
1633,352.0,200.41502380371094,115.9483413696289,84.30000305175781,0.1666666716337204,22,22 25 24 6 0 5
1634,362.04998779296875,198.50001525878906,118.33332824707031,79.76667022705078,0.4000000059604645,22,22 20 17 25 5 11
1635,311.0,179.05667114257812,102.59000396728516,76.13333129882812,0.3333333432674408,28,28 19 2 20 5 4
1636,353.3999938964844,203.2133331298828,115.14665985107422,87.80000305175781,0.2666666805744171,7,7 20 18 14 27 26
1637,290.0500183105469,174.2183074951172,102.4183349609375,71.43333435058594,0.36666667461395264,18,18 24 4 1 23 11
1638,387.7500305175781,190.12997436523438,109.02999114990234,80.9000015258789,0.20000000298023224,28,28 13 14 23 12 7
1639,374.20001220703125,179.07168579101562,105.13833618164062,73.5,0.4333333373069763,28,28 16 0 8 26 24
1640,465.45001220703125,192.78001403808594,109.5133285522461,83.0,0.2666666805744171,3,3 0 25 6 8 23
1641,404.79998779296875,198.05665588378906,113.25666809082031,84.43333435058594,0.36666667461395264,19,19 22 14 18 29 26
1642,393.0,171.6766815185547,103.10999298095703,68.03333282470703,0.5333333611488342,9,9 5 21 14 28 11
1643,342.0,196.03330993652344,117.29999542236328,78.26667022705078,0.46666666865348816,20,20 10 27 3 4 26
1644,396.3000183105469,202.90834045410156,120.24166870117188,82.26667022705078,0.4000000059604645,3,3 13 5 15 18 6
1645,350.79998779296875,184.10000610351562,108.73332977294922,75.03333282470703,0.3333333432674408,20,20 21 25 1 5 27
1646,487.6000061035156,176.61166381835938,104.64498901367188,71.5999984741211,0.36666667461395264,19,19 8 18 24 21 1
1647,328.25,187.79833984375,109.7649917602539,77.56666564941406,0.46666666865348816,20,20 3 17 26 1 9
1648,380.3500061035156,172.3616485595703,97.0616683959961,75.0999984741211,0.20000000298023224,14,14 0 6 24 28 17
1649,326.0,183.36166381835938,112.09500885009766,70.69999694824219,0.5666666626930237,24,24 28 5 0 19 2
1650,430.10003662109375,208.28330993652344,123.21665954589844,84.63333129882812,0.4333333373069763,6,6 19 9 4 15 12
1651,333.6499938964844,165.39999389648438,95.06665802001953,70.06666564941406,0.2666666805744171,5,5 28 1 21 19 3
1652,352.0,194.66665649414062,119.86666870117188,74.30000305175781,0.5,26,26 0 4 12 17 3
1653,280.3999938964844,168.49998474121094,97.89999389648438,70.19999694824219,0.4000000059604645,7,7 27 20 19 6 25
1654,375.25,174.05999755859375,102.72667694091797,71.0,0.3333333432674408,17,17 29 10 1 0 21
1655,333.25,189.11502075195312,111.78166198730469,77.06666564941406,0.2666666805744171,2,2 29 11 0 28 16
1656,380.95001220703125,187.44332885742188,107.1766586303711,80.0,0.2666666805744171,20,20 5 16 3 0 18
1657,429.0,179.65834045410156,107.45834350585938,71.80000305175781,0.4000000059604645,13,13 23 26 7 6 18
1658,367.95001220703125,181.26333618164062,107.76333618164062,73.16666412353516,0.3333333432674408,2,2 8 27 11 0 3
1659,372.5999755859375,175.93165588378906,105.29832458496094,70.26667022705078,0.36666667461395264,3,3 18 1 27 8 5
1660,385.1000061035156,173.2133331298828,103.94666290283203,68.83333587646484,0.4333333373069763,12,12 18 23 9 25 27
1661,344.3999938964844,168.9550018310547,101.25498962402344,67.30000305175781,0.4000000059604645,7,7 15 9 18 11 13
1662,494.35003662109375,199.8249969482422,116.92500305175781,82.5999984741211,0.30000001192092896,11,11 16 6 27 25 5
1663,397.75,191.57833862304688,108.74500274658203,82.5999984741211,0.23333333432674408,10,10 17 7 29 5 3
1664,459.8000183105469,206.43499755859375,120.13499450683594,86.0,0.30000001192092896,20,20 7 14 16 1 27
1665,361.3500061035156,181.93667602539062,108.06999969482422,73.4000015258789,0.46666666865348816,26,26 28 21 14 9 0
1666,322.0,178.13499450683594,106.96834564208984,70.73332977294922,0.4333333373069763,29,29 19 15 8 13 4
1667,437.0000305175781,176.01834106445312,103.3516616821289,72.16666412353516,0.5,18,18 15 3 24 16 12
1668,303.25,174.0700225830078,100.63667297363281,73.0999984741211,0.3333333432674408,14,14 27 4 11 2 21
1669,320.25,196.4300079345703,117.46333312988281,78.5999984741211,0.36666667461395264,18,18 0 28 6 1 23
1670,329.60003662109375,165.56832885742188,100.10166931152344,65.03333282470703,0.4333333373069763,13,13 25 20 23 8 0
1671,321.1500244140625,196.09832763671875,116.3316650390625,79.5,0.2666666805744171,0,0 26 3 29 24 25
1672,305.79998779296875,184.3783416748047,109.01168060302734,74.9000015258789,0.46666666865348816,27,27 24 13 21 15 4
1673,349.70001220703125,178.70167541503906,106.23500061035156,72.06666564941406,0.4000000059604645,9,9 11 23 16 3 17
1674,303.79998779296875,170.70333862304688,101.9699935913086,68.26667022705078,0.46666666865348816,3,3 28 22 1 23 16
1675,341.04998779296875,199.47500610351562,117.54165649414062,81.5999984741211,0.3333333432674408,12,12 2 16 13 18 8
1676,329.54998779296875,188.5700225830078,110.4699935913086,77.86666870117188,0.23333333432674408,17,17 7 22 23 13 29
1677,304.6000061035156,186.78836059570312,111.52167510986328,74.83333587646484,0.4333333373069763,19,19 18 21 5 8 10
1678,431.8000183105469,184.17332458496094,111.1066665649414,72.63333129882812,0.4333333373069763,28,28 19 26 9 29 27
1679,382.1999816894531,187.2899932861328,110.22334289550781,76.73332977294922,0.3333333432674408,19,19 20 21 3 15 7
1680,381.3999938964844,165.22999572753906,95.79666900634766,69.06666564941406,0.36666667461395264,29,29 17 9 13 6 28
1681,361.2500305175781,171.0516815185547,102.48500061035156,68.0,0.5666666626930237,19,19 9 21 20 12 3
1682,340.0,172.0933380126953,105.49333953857422,66.19999694824219,0.4000000059604645,8,8 14 17 28 15 23
1683,292.3500061035156,173.66165161132812,102.79501342773438,70.43333435058594,0.4333333373069763,12,12 25 0 7 4 1
1684,380.550048828125,205.66331481933594,122.49666595458984,82.83333587646484,0.3333333432674408,6,6 26 5 13 22 27
1685,338.75,169.14169311523438,99.34166717529297,69.5,0.30000001192092896,19,19 10 13 23 8 20
1686,338.5,187.2233428955078,110.8899917602539,76.03333282470703,0.30000001192092896,6,6 2 19 5 24 1
1687,415.3500061035156,190.89166259765625,112.89165496826172,77.66666412353516,0.3333333432674408,20,20 29 7 13 26 10
1688,304.04998779296875,187.1266632080078,112.92667388916016,73.73332977294922,0.46666666865348816,22,22 1 18 19 14 29
1689,408.70001220703125,179.808349609375,108.00833129882812,71.36666870117188,0.4333333373069763,12,12 16 25 10 29 5
1690,385.75,179.663330078125,108.93001556396484,70.23332977294922,0.5,6,6 4 10 23 24 26
1691,386.79998779296875,177.99334716796875,102.32666778564453,75.46666717529297,0.20000000298023224,12,12 1 23 19 10 15
1692,398.79998779296875,183.60499572753906,109.67166137695312,73.5999984741211,0.3333333432674408,24,24 13 29 9 3 21
1693,357.70001220703125,187.17333984375,113.50666809082031,73.16666412353516,0.5,25,25 6 0 22 29 1
1694,392.0,188.71665954589844,114.01668548583984,74.23332977294922,0.46666666865348816,15,15 23 11 12 9 24
1695,300.4000244140625,184.45335388183594,109.35332489013672,74.76667022705078,0.3333333432674408,0,0 13 4 14 15 8
1696,430.0,203.50167846679688,122.90168762207031,80.0999984741211,0.5,10,10 14 21 18 0 7
1697,310.4000244140625,185.94000244140625,108.10667419433594,77.5,0.3333333432674408,26,26 25 6 21 16 18
1698,269.20001220703125,159.04833984375,95.81498718261719,62.86666488647461,0.36666667461395264,3,3 5 18 4 20 21
1699,320.6000061035156,175.60833740234375,105.10832977294922,70.16666412353516,0.3333333432674408,19,19 11 29 16 14 4
1700,416.4000244140625,190.25167846679688,114.71834564208984,75.0999984741211,0.4333333373069763,29,29 13 23 26 21 7
1701,352.8999938964844,164.49497985839844,99.12833404541016,65.0,0.36666667461395264,4,4 10 5 25 9 8
1702,349.8999938964844,184.02496337890625,112.39167022705078,71.16666412353516,0.46666666865348816,5,5 29 0 25 20 6
1703,291.8999938964844,170.32168579101562,102.1883316040039,67.73332977294922,0.4000000059604645,20,20 27 17 19 2 23
1704,355.79998779296875,175.12832641601562,109.89500427246094,64.69999694824219,0.5333333611488342,11,11 23 25 29 28 13
1705,451.39996337890625,172.34500122070312,103.81166076660156,68.03333282470703,0.5,14,14 11 22 17 28 3
1706,353.0,188.2183380126953,114.4183349609375,73.33333587646484,0.46666666865348816,15,15 3 17 24 14 28
1707,500.5500183105469,210.7783203125,127.3116683959961,83.03333282470703,0.4333333373069763,9,9 10 28 3 21 0
1708,312.5,178.89498901367188,105.69499206542969,72.96666717529297,0.23333333432674408,9,9 26 11 8 10 25
1709,386.9000244140625,177.65834045410156,106.125,71.13333129882812,0.4000000059604645,13,13 21 5 6 20 0
1710,361.0,197.1116485595703,117.57832336425781,79.19999694824219,0.3333333432674408,17,17 11 16 23 3 18
1711,354.0,186.63833618164062,111.40499877929688,74.86666870117188,0.36666667461395264,15,15 23 6 18 26 1
1712,400.8000183105469,185.3716583251953,111.63833618164062,73.23332977294922,0.5,25,25 7 21 14 13 16
1713,354.75,178.40164184570312,110.23500061035156,67.69999694824219,0.46666666865348816,14,14 12 27 28 16 22
1714,294.8000183105469,174.91830444335938,104.21833038330078,70.26667022705078,0.4333333373069763,16,16 26 20 29 28 3
1715,530.0,206.086669921875,122.42001342773438,83.33333587646484,0.3333333432674408,15,15 13 6 2 18 28
1716,303.6000061035156,174.03834533691406,101.07167053222656,72.66666412353516,0.30000001192092896,5,5 6 3 1 25 10
1717,330.5999755859375,173.125,108.52500915527344,64.03333282470703,0.5666666626930237,23,23 2 10 29 26 21
1718,375.3999938964844,191.0166473388672,111.6500015258789,79.03333282470703,0.3333333432674408,11,11 28 14 23 17 2
1719,404.5999755859375,195.53330993652344,116.86666870117188,78.16666412353516,0.5,5,5 15 6 1 19 12
1720,371.0999755859375,177.25833129882812,102.29166412353516,74.66666412353516,0.30000001192092896,8,8 12 15 16 25 20
1721,329.3999938964844,168.0249786376953,100.125,67.53333282470703,0.36666667461395264,4,4 14 0 15 1 13
1722,412.79998779296875,180.58998107910156,110.42333221435547,69.63333129882812,0.5333333611488342,0,0 5 22 10 19 27
1723,426.5,192.4583282470703,114.85834503173828,77.16666412353516,0.4333333373069763,10,10 0 29 26 14 20
1724,349.1999816894531,173.70166015625,103.43500518798828,69.86666870117188,0.4000000059604645,15,15 19 9 13 4 0
1725,282.3999938964844,172.7150115966797,101.41500854492188,71.0,0.30000001192092896,9,9 24 10 23 12 26
1726,385.0,196.40834045410156,118.14165496826172,77.80000305175781,0.46666666865348816,16,16 26 8 15 27 3
1727,355.6000061035156,183.7783203125,108.47832489013672,75.0,0.30000001192092896,17,17 0 2 1 4 8
1728,378.75,184.52499389648438,108.09165954589844,76.16666412353516,0.2666666805744171,25,25 14 7 24 5 10
1729,466.8000183105469,202.99998474121094,121.80001068115234,80.83333587646484,0.36666667461395264,8,8 11 4 17 0 18
1730,297.6000061035156,182.0800018310547,105.71334075927734,76.06666564941406,0.30000001192092896,18,18 27 28 14 11 25
1731,389.54998779296875,173.12167358398438,104.62166595458984,67.96666717529297,0.5333333611488342,9,9 27 28 8 25 5
1732,350.0,172.68502807617188,100.0183334350586,72.46666717529297,0.20000000298023224,14,14 3 0 6 8 28
1733,439.79998779296875,205.7766571044922,120.01000213623047,85.43333435058594,0.3333333432674408,20,20 25 18 6 24 3
1734,304.3999938964844,177.05833435058594,104.09166717529297,72.66666412353516,0.30000001192092896,14,14 15 11 27 28 18
1735,302.25,174.87332153320312,102.2066650390625,72.4000015258789,0.2666666805744171,1,1 7 11 5 0 20
1736,351.0,172.5983428955078,103.19832611083984,69.06666564941406,0.3333333432674408,21,21 27 28 1 8 6
1737,342.04998779296875,193.23165893554688,115.59834289550781,77.23332977294922,0.4000000059604645,6,6 27 5 29 26 22
1738,372.6500549316406,159.7266387939453,99.26000213623047,59.93333435058594,0.5333333611488342,29,29 4 16 20 0 28
1739,436.6000061035156,182.34666442871094,108.74666595458984,73.19999694824219,0.4000000059604645,27,27 19 22 10 29 5
1740,470.1999816894531,184.75001525878906,108.65000915527344,75.66666412353516,0.4333333373069763,17,17 9 24 5 3 1
1741,411.20001220703125,199.35667419433594,117.82333374023438,81.16666412353516,0.36666667461395264,25,25 27 8 22 2 14
1742,353.3999938964844,191.66168212890625,113.09500122070312,78.30000305175781,0.2666666805744171,8,8 28 21 7 5 17
1743,286.3999938964844,162.44332885742188,94.94332885742188,67.23332977294922,0.2666666805744171,12,12 1 16 11 9 26
1744,302.3999938964844,180.34498596191406,106.94499969482422,73.0,0.4000000059604645,6,6 22 26 18 27 17
1745,472.0,181.4266815185547,108.09334564208984,72.93333435058594,0.4000000059604645,3,3 27 22 16 20 0
1746,332.0,183.41163635253906,106.3116683959961,76.80000305175781,0.30000001192092896,18,18 1 17 4 20 22
1747,366.6500244140625,175.6050262451172,103.60499572753906,71.63333129882812,0.36666667461395264,11,11 25 28 4 16 6
1748,355.6000061035156,177.88999938964844,106.19001007080078,71.30000305175781,0.4000000059604645,24,24 27 16 18 25 14
1749,358.5,204.64999389648438,120.7166748046875,83.56666564941406,0.36666667461395264,24,24 18 23 1 3 0
1750,348.8000183105469,167.80499267578125,100.43833923339844,67.0,0.36666667461395264,28,28 4 14 22 2 11
1751,396.54998779296875,197.13333129882812,117.43334197998047,79.43333435058594,0.2666666805744171,24,24 5 2 28 3 1
1752,456.5,187.96832275390625,114.23499298095703,73.19999694824219,0.5333333611488342,29,29 16 25 15 27 5
1753,341.79998779296875,173.7666473388672,104.29999542236328,69.06666564941406,0.4000000059604645,18,18 20 7 24 14 26
1754,400.5,187.63499450683594,112.93501281738281,74.33333587646484,0.36666667461395264,24,24 10 19 28 8 23
1755,292.79998779296875,180.69833374023438,102.59835052490234,77.9000015258789,0.20000000298023224,4,4 14 15 13 24 0
1756,325.0,183.33164978027344,105.63166809082031,77.53333282470703,0.1666666716337204,26,26 5 8 28 16 27
1757,344.79998779296875,187.33831787109375,113.30500030517578,73.5,0.5333333611488342,29,29 9 1 4 11 18
1758,296.10003662109375,190.70834350585938,113.80833435058594,76.46666717529297,0.4333333373069763,21,21 27 3 25 1 20
1759,431.29998779296875,189.90830993652344,113.70833587646484,75.80000305175781,0.4000000059604645,26,26 10 21 27 19 25
1760,334.79998779296875,184.61000061035156,109.61000061035156,74.5,0.5,1,1 18 21 9 15 22
1761,313.25,184.54335021972656,108.4433364868164,75.69999694824219,0.4000000059604645,25,25 16 9 11 1 5
1762,346.20001220703125,195.62330627441406,114.02332305908203,81.30000305175781,0.30000001192092896,9,9 26 8 22 2 0
1763,388.3999938964844,198.28836059570312,117.75499725341797,80.16666412353516,0.36666667461395264,20,20 21 24 6 22 15
1764,348.8500061035156,186.5216827392578,108.48833465576172,77.66666412353516,0.36666667461395264,29,29 20 21 16 24 13
1765,326.6000061035156,180.2216796875,106.42166137695312,73.4000015258789,0.4000000059604645,2,2 21 28 13 5 8
1766,312.3999938964844,181.35166931152344,107.15167999267578,73.9000015258789,0.30000001192092896,13,13 5 25 23 6 17
1767,456.3500061035156,193.2383270263672,115.47167205810547,77.36666870117188,0.4000000059604645,21,21 19 28 18 4 26
1768,373.3999938964844,189.66500854492188,110.46499633789062,79.0,0.20000000298023224,18,18 15 22 7 4 27
1769,335.0,181.35166931152344,106.28500366210938,74.73332977294922,0.3333333432674408,11,11 26 25 3 29 23
1770,334.20001220703125,181.64500427246094,105.81166076660156,75.43333435058594,0.4000000059604645,29,29 19 5 28 15 7
1771,388.5,194.0500030517578,114.11666107177734,79.5999984741211,0.3333333432674408,6,6 16 5 26 8 20
1772,469.25,186.17332458496094,110.17333984375,75.73332977294922,0.2666666805744171,13,13 4 21 20 11 26
1773,384.75,182.3783416748047,104.8116683959961,77.26667022705078,0.30000001192092896,20,20 27 11 28 12 16
1774,352.3500061035156,196.27833557128906,115.87832641601562,80.06666564941406,0.3333333432674408,6,6 5 20 21 7 12
1775,324.6500244140625,185.76499938964844,109.73167419433594,75.69999694824219,0.3333333432674408,26,26 4 6 9 10 12
1776,482.20001220703125,200.2549591064453,114.288330078125,85.80000305175781,0.1666666716337204,15,15 23 22 13 26 8
1777,412.75,199.913330078125,121.3133316040039,78.13333129882812,0.46666666865348816,22,22 26 8 24 2 18
1778,316.0,181.63165283203125,105.7316665649414,75.5999984741211,0.30000001192092896,15,15 19 20 25 1 4
1779,365.5,187.94664001464844,112.71334075927734,74.9000015258789,0.3333333432674408,10,10 18 27 26 5 21
1780,491.5,192.99832153320312,112.89833068847656,79.66666412353516,0.4333333373069763,3,3 23 18 15 7 6
1781,421.54998779296875,204.22833251953125,119.0616683959961,84.9000015258789,0.2666666805744171,23,23 17 13 16 27 2
1782,295.8999938964844,183.59498596191406,108.22832489013672,75.06666564941406,0.30000001192092896,29,29 27 23 8 19 17
1783,411.1000061035156,190.49667358398438,112.93000793457031,77.19999694824219,0.36666667461395264,22,22 12 13 8 20 26
1784,508.3500061035156,210.385009765625,124.9183349609375,85.06666564941406,0.4000000059604645,3,3 25 22 20 18 4
1785,360.04998779296875,188.05831909179688,113.39167785644531,74.19999694824219,0.46666666865348816,17,17 24 1 29 5 26
1786,448.10003662109375,201.6166534423828,120.01667022705078,81.23332977294922,0.36666667461395264,11,11 22 26 17 24 29
1787,348.29998779296875,191.68165588378906,114.74834442138672,76.43333435058594,0.5,26,26 6 21 22 17 10
1788,468.0000305175781,189.5283203125,113.62833404541016,75.36666870117188,0.5333333611488342,14,14 20 25 24 4 16
1789,363.04998779296875,198.60665893554688,117.239990234375,80.93333435058594,0.4333333373069763,12,12 16 8 9 18 27
1790,407.9499816894531,185.15667724609375,114.45668029785156,70.13333129882812,0.5666666626930237,10,10 28 24 18 2 25
1791,337.3999938964844,188.3100128173828,111.74332427978516,76.19999694824219,0.36666667461395264,28,28 25 14 16 29 15
1792,379.60003662109375,182.03668212890625,107.70333099365234,73.96666717529297,0.36666667461395264,26,26 18 11 3 28 20
1793,482.25,208.36000061035156,123.42666625976562,84.5999984741211,0.3333333432674408,23,23 9 6 26 7 27
1794,445.3000183105469,224.94334411621094,132.67666625976562,91.96666717529297,0.30000001192092896,16,16 14 1 15 7 21
1795,374.1499938964844,200.30665588378906,122.7733383178711,77.03333282470703,0.5,12,12 28 4 0 15 21
1796,311.3999938964844,183.84664916992188,108.31332397460938,75.13333129882812,0.4000000059604645,28,28 1 13 5 16 23
1797,465.95001220703125,195.34500122070312,114.84500122070312,80.16666412353516,0.3333333432674408,7,7 15 19 18 8 12
1798,410.75,194.04501342773438,118.8116683959961,74.73332977294922,0.5,16,16 26 8 18 15 4
1799,327.95001220703125,180.79832458496094,107.26500701904297,73.0999984741211,0.4333333373069763,0,0 18 6 11 8 28
1800,285.9500427246094,175.4833526611328,102.65000915527344,72.53333282470703,0.30000001192092896,26,26 14 23 24 6 11
1801,314.1000061035156,179.6533203125,108.15333557128906,71.16666412353516,0.3333333432674408,6,6 18 29 3 28 10
1802,391.5999755859375,173.7233428955078,106.29000091552734,66.86666870117188,0.5666666626930237,13,13 11 29 15 12 27
1803,403.9000244140625,209.72166442871094,121.72166442871094,87.76667022705078,0.23333333432674408,18,18 20 23 10 3 4
1804,348.20001220703125,185.3100128173828,107.84333801269531,77.16666412353516,0.30000001192092896,23,23 25 2 17 12 26
1805,412.8000183105469,188.2816619873047,112.4483413696289,75.5,0.3333333432674408,22,22 24 10 11 3 4
1806,410.6000061035156,196.16831970214844,116.03501892089844,79.69999694824219,0.4333333373069763,9,9 29 22 1 17 0
1807,471.5999755859375,188.1066436767578,110.30667114257812,77.53333282470703,0.2666666805744171,13,13 12 10 17 25 14
1808,302.70001220703125,192.22500610351562,113.72501373291016,78.0999984741211,0.4000000059604645,11,11 9 12 10 3 29
1809,402.75,190.95166015625,113.88500213623047,76.66666412353516,0.4000000059604645,17,17 16 14 13 8 19
1810,400.95001220703125,199.97500610351562,114.04165649414062,85.66666412353516,0.2666666805744171,11,11 15 14 24 2 22
1811,380.1999816894531,195.9399871826172,114.8399887084961,80.80000305175781,0.30000001192092896,28,28 22 17 10 3 7
1812,401.3500061035156,181.2200164794922,104.22000122070312,76.63333129882812,0.36666667461395264,5,5 16 22 0 3 8
1813,378.25,174.56832885742188,102.3016586303711,71.96666717529297,0.30000001192092896,18,18 24 22 7 27 14
1814,364.25,187.22500610351562,112.32499694824219,74.5,0.4000000059604645,23,23 4 5 12 7 19
1815,407.25,194.19664001464844,113.43000793457031,80.46666717529297,0.30000001192092896,28,28 4 7 8 9 27
1816,452.0,201.09498596191406,115.8949966430664,85.0,0.20000000298023224,28,28 13 2 20 14 22
1817,284.20001220703125,165.48333740234375,97.78334045410156,67.19999694824219,0.5,15,15 3 16 18 12 13
1818,363.4000244140625,189.2916717529297,109.35834503173828,79.63333129882812,0.30000001192092896,20,20 28 17 24 8 1
1819,407.0,196.0033416748047,115.97000122070312,79.66666412353516,0.36666667461395264,20,20 29 21 16 3 0
1820,300.04998779296875,174.63998413085938,101.47333526611328,72.93333435058594,0.23333333432674408,14,14 7 22 10 18 26
1821,282.1000061035156,170.47166442871094,102.47166442871094,67.5999984741211,0.4000000059604645,16,16 15 23 4 27 3
1822,497.20001220703125,209.2716827392578,123.4383316040039,85.46666717529297,0.36666667461395264,4,4 29 18 17 28 27
1823,300.7500305175781,184.55999755859375,111.95999145507812,72.16666412353516,0.4333333373069763,13,13 28 2 8 18 5
1824,378.0,188.20664978027344,111.2733383178711,76.66666412353516,0.2666666805744171,15,15 14 1 25 12 22
1825,296.70001220703125,174.65000915527344,97.91666412353516,76.46666717529297,0.2666666805744171,27,27 10 14 5 13 11
1826,503.54998779296875,207.6466522216797,125.61333465576172,81.5999984741211,0.4333333373069763,24,24 25 13 19 1 26
1827,416.1499938964844,202.32167053222656,120.05500030517578,81.86666870117188,0.4000000059604645,7,7 8 5 23 16 13
1828,399.8999938964844,177.6699981689453,104.67001342773438,72.53333282470703,0.46666666865348816,24,24 1 10 0 13 18
1829,455.3000183105469,188.76498413085938,109.13166809082031,79.30000305175781,0.3333333432674408,24,24 23 9 2 6 21
1830,320.550048828125,166.65501403808594,100.18832397460938,66.03333282470703,0.4333333373069763,14,14 21 11 7 22 4
1831,417.95001220703125,206.84999084472656,123.3833236694336,83.13333129882812,0.3333333432674408,20,20 10 25 14 27 15
1832,438.8000183105469,185.9933319091797,105.82666015625,79.9000015258789,0.2666666805744171,23,23 20 0 1 14 19
1833,390.0999755859375,200.25,116.18334197998047,83.73332977294922,0.3333333432674408,16,16 13 28 18 0 25
1834,348.3999938964844,201.29498291015625,115.16165924072266,85.86666870117188,0.2666666805744171,13,13 8 6 3 1 22
1835,433.6000061035156,188.3016815185547,108.06832122802734,79.93333435058594,0.30000001192092896,21,21 14 9 8 12 19
1836,425.4000244140625,212.90000915527344,125.03334045410156,87.53333282470703,0.3333333432674408,9,9 21 26 11 4 20
1837,494.79998779296875,206.4033203125,118.67000579833984,87.43333435058594,0.30000001192092896,17,17 4 9 28 24 11
1838,350.3999938964844,174.7082977294922,100.77500915527344,73.5999984741211,0.3333333432674408,2,2 12 14 11 1 18
1839,347.8000183105469,182.3383331298828,106.23833465576172,75.76667022705078,0.3333333432674408,26,26 16 6 15 8 18
1840,310.25,170.5316619873047,96.8316650390625,73.43333435058594,0.2666666805744171,16,16 29 10 27 24 23
1841,398.6000061035156,196.53334045410156,118.70000457763672,77.43333435058594,0.4000000059604645,7,7 11 16 4 12 13
1842,419.8999938964844,189.22830200195312,111.86165618896484,76.96666717529297,0.4000000059604645,9,9 13 0 17 18 22
1843,376.25,196.4716796875,117.1383285522461,78.96666717529297,0.36666667461395264,2,2 25 6 9 26 17
1844,320.5,184.24664306640625,108.4800033569336,75.43333435058594,0.3333333432674408,7,7 11 10 8 15 9
1845,315.95001220703125,175.7966766357422,106.0633316040039,69.33333587646484,0.4000000059604645,14,14 19 6 7 1 15
1846,415.1000061035156,204.8766632080078,120.07667541503906,84.4000015258789,0.4000000059604645,18,18 12 29 4 15 13
1847,344.79998779296875,193.163330078125,111.1966552734375,81.63333129882812,0.3333333432674408,13,13 1 23 9 25 18
1848,377.3999938964844,194.7749786376953,109.20832824707031,85.33333587646484,0.23333333432674408,19,19 5 28 11 6 20
1849,426.4000549316406,191.06166076660156,112.99500274658203,77.73332977294922,0.3333333432674408,9,9 27 2 28 7 12
1850,381.79998779296875,185.10165405273438,110.73499298095703,73.96666717529297,0.4000000059604645,1,1 7 25 20 14 10
1851,383.00006103515625,194.66836547851562,110.40167999267578,84.0999984741211,0.1666666716337204,14,14 24 5 17 27 3
1852,362.54998779296875,178.57501220703125,100.10832977294922,78.19999694824219,0.2666666805744171,6,6 16 0 11 5 25
1853,367.3000183105469,195.33665466308594,112.10332489013672,82.93333435058594,0.30000001192092896,4,4 12 29 8 2 28
1854,390.1999816894531,193.07167053222656,109.6050033569336,83.33333587646484,0.13333334028720856,2,2 26 0 19 5 17
1855,382.54998779296875,194.96165466308594,115.3949966430664,79.26667022705078,0.30000001192092896,7,7 22 14 28 11 2
1856,410.20001220703125,195.98501586914062,110.65166473388672,85.13333129882812,0.20000000298023224,15,15 29 18 2 21 16
1857,382.75,196.30335998535156,114.8033447265625,81.06666564941406,0.4333333373069763,4,4 29 16 23 27 18
1858,365.0500183105469,180.38833618164062,101.1550064086914,79.06666564941406,0.1666666716337204,6,6 15 25 21 13 28
1859,509.4000244140625,213.54998779296875,124.81666564941406,88.36666870117188,0.36666667461395264,9,9 22 19 16 7 5
1860,320.1500244140625,186.06832885742188,108.76832580566406,76.83333587646484,0.46666666865348816,5,5 15 22 8 20 19
1861,517.0,198.7566680908203,119.58999633789062,78.69999694824219,0.46666666865348816,3,3 17 21 5 11 13
1862,375.3500061035156,198.0399932861328,114.77332305908203,82.9000015258789,0.36666667461395264,1,1 0 27 4 19 9
1863,418.5500183105469,207.50498962402344,119.97166442871094,87.19999694824219,0.3333333432674408,15,15 10 19 2 3 14
1864,290.3500061035156,165.481689453125,97.1816635131836,67.93333435058594,0.36666667461395264,28,28 0 4 5 26 10
1865,434.20001220703125,183.69166564941406,105.05834197998047,78.43333435058594,0.20000000298023224,12,12 19 25 13 24 2
1866,366.800048828125,200.04664611816406,114.08000183105469,85.73332977294922,0.23333333432674408,29,29 27 24 12 22 26
1867,394.79998779296875,220.12832641601562,125.5616683959961,94.26667022705078,0.30000001192092896,14,14 9 18 4 11 29
1868,380.0,193.32667541503906,113.12667083740234,79.86666870117188,0.3333333432674408,28,28 4 17 18 20 16
1869,345.20001220703125,183.0399932861328,104.67333221435547,78.13333129882812,0.23333333432674408,18,18 23 27 13 19 9
1870,382.25,188.15000915527344,104.21666717529297,83.76667022705078,0.1666666716337204,4,4 16 19 22 11 27
1871,413.70001220703125,191.33164978027344,111.09833526611328,79.83333587646484,0.4000000059604645,1,1 8 6 11 12 7
1872,380.050048828125,189.51333618164062,110.21333312988281,78.93333435058594,0.36666667461395264,18,18 8 28 0 19 29
1873,284.0,174.02000427246094,98.38667297363281,75.23332977294922,0.4000000059604645,6,6 4 13 3 18 27
1874,367.6499938964844,197.51165771484375,114.8116683959961,82.33333587646484,0.36666667461395264,15,15 6 23 1 21 3
1875,539.9000244140625,195.76834106445312,112.66834259033203,82.5999984741211,0.5,11,11 4 18 2 17 1
1876,372.3999938964844,194.27334594726562,112.77332305908203,81.16666412353516,0.3333333432674408,12,12 28 29 27 0 26
1877,358.5999755859375,201.09332275390625,118.1933364868164,82.53333282470703,0.36666667461395264,18,18 23 21 8 22 4
1878,451.75,206.9166717529297,121.48332977294922,85.0,0.4333333373069763,14,14 28 17 1 5 18
1879,392.1999816894531,216.69500732421875,125.62834167480469,90.80000305175781,0.2666666805744171,6,6 22 9 14 13 10
1880,434.0,191.2333526611328,108.93333435058594,82.06666564941406,0.23333333432674408,11,11 9 6 14 24 2
1881,481.1499938964844,209.35499572753906,122.62167358398438,86.33333587646484,0.4000000059604645,13,13 16 2 10 8 7
1882,372.20001220703125,208.77000427246094,120.97000885009766,87.56666564941406,0.23333333432674408,8,8 3 2 10 6 29
1883,398.79998779296875,218.18331909179688,122.94998931884766,95.13333129882812,0.10000000149011612,25,25 24 5 26 11 18
1884,442.6000061035156,206.61668395996094,119.48332977294922,86.73332977294922,0.4000000059604645,3,3 1 19 16 20 25
1885,417.10003662109375,205.43832397460938,125.07167053222656,79.93333435058594,0.4333333373069763,12,12 25 29 22 19 8
1886,296.1000061035156,179.0616912841797,98.89500427246094,80.03333282470703,0.13333334028720856,6,6 8 17 12 14 21
1887,499.5,213.14501953125,128.07833862304688,84.63333129882812,0.4333333373069763,15,15 17 19 23 11 3
1888,544.75,235.52499389648438,133.22500610351562,102.0999984741211,0.20000000298023224,9,9 21 3 5 10 27
1889,376.79998779296875,188.50497436523438,110.33834075927734,77.9000015258789,0.2666666805744171,5,5 10 29 22 23 25
1890,422.45001220703125,199.81500244140625,116.21499633789062,83.16666412353516,0.4333333373069763,12,12 19 18 22 27 20
1891,374.29998779296875,187.92665100097656,105.69332885742188,81.80000305175781,0.4333333373069763,26,26 9 21 10 8 2
1892,485.20001220703125,209.4583282470703,119.05833435058594,90.16666412353516,0.23333333432674408,16,16 29 27 12 18 13
1893,432.2500305175781,238.09165954589844,141.25833129882812,96.4000015258789,0.4333333373069763,23,23 28 29 9 2 18
1894,344.29998779296875,204.0199737548828,119.35331726074219,84.30000305175781,0.36666667461395264,4,4 7 0 12 14 16
1895,407.20001220703125,186.11500549316406,106.54833221435547,79.26667022705078,0.30000001192092896,25,25 28 4 5 7 9
1896,325.3999938964844,186.0850067138672,105.88500213623047,79.93333435058594,0.2666666805744171,2,2 26 17 12 7 14
1897,307.1499938964844,183.76333618164062,107.32999420166016,76.16666412353516,0.2666666805744171,24,24 4 6 19 14 27
1898,357.04998779296875,178.22999572753906,103.69666290283203,74.13333129882812,0.4000000059604645,22,22 5 9 3 0 10
1899,347.5,202.7483367919922,116.21499633789062,86.36666870117188,0.1666666716337204,18,18 22 19 5 16 3
1900,413.20001220703125,199.75665283203125,111.79000091552734,87.76667022705078,0.20000000298023224,3,3 28 11 6 19 26
1901,311.3999938964844,178.1699981689453,102.70333862304688,75.13333129882812,0.3333333432674408,19,19 20 26 7 21 28
1902,411.75,197.03997802734375,116.2066650390625,80.46666717529297,0.36666667461395264,9,9 27 28 15 24 14
1903,544.2000122070312,185.81166076660156,106.41165161132812,79.23332977294922,0.1666666716337204,4,4 5 8 22 16 19
1904,446.0,194.88165283203125,116.0816650390625,78.36666870117188,0.4333333373069763,6,6 28 19 5 21 8
1905,568.7999877929688,209.413330078125,121.11333465576172,88.0999984741211,0.20000000298023224,28,28 24 19 7 25 0
1906,405.8999938964844,193.43667602539062,113.46998596191406,79.5999984741211,0.36666667461395264,29,29 22 18 12 24 15
1907,350.70001220703125,196.375,116.7750015258789,79.13333129882812,0.46666666865348816,13,13 16 12 8 7 21
1908,654.0,218.44667053222656,128.41334533691406,89.73332977294922,0.30000001192092896,6,6 9 21 17 24 25
1909,406.20001220703125,224.77833557128906,132.27835083007812,92.33333587646484,0.1666666716337204,11,11 13 3 8 17 5
1910,376.5,205.02334594726562,120.32332611083984,84.36666870117188,0.3333333432674408,11,11 29 1 5 18 24
1911,366.0,197.6283416748047,114.42832946777344,82.9000015258789,0.30000001192092896,18,18 7 24 4 26 17
1912,307.5999755859375,183.19833374023438,107.03166961669922,75.93333435058594,0.23333333432674408,7,7 1 5 26 8 17
1913,396.0,200.3616485595703,121.72834014892578,78.19999694824219,0.4333333373069763,8,8 3 1 23 25 22
1914,367.3999938964844,183.96331787109375,109.33000946044922,74.23332977294922,0.4000000059604645,3,3 4 16 2 20 14
1915,403.29998779296875,199.81167602539062,117.37833404541016,82.0,0.4333333373069763,15,15 7 23 3 18 9
1916,382.70001220703125,199.36166381835938,115.56166076660156,83.53333282470703,0.2666666805744171,27,27 11 12 23 14 2
1917,396.0,189.82167053222656,112.08833312988281,77.30000305175781,0.4333333373069763,28,28 19 21 15 10 29
1918,391.1000061035156,196.32000732421875,113.28665924072266,82.76667022705078,0.2666666805744171,25,25 14 13 19 15 22
1919,388.8000183105469,193.47000122070312,115.47000122070312,77.63333129882812,0.36666667461395264,29,29 6 7 3 24 28
1920,365.95001220703125,189.67332458496094,109.30665588378906,80.03333282470703,0.3333333432674408,4,4 1 12 26 13 2
1921,460.20001220703125,189.78001403808594,112.37999725341797,76.96666717529297,0.4333333373069763,17,17 5 7 4 27 3
1922,385.0,188.03167724609375,113.9316635131836,73.5999984741211,0.5,15,15 8 12 24 28 5
1923,445.60003662109375,221.21665954589844,132.3833465576172,88.36666870117188,0.46666666865348816,15,15 10 24 3 18 7
1924,392.1500244140625,192.45333862304688,113.4866714477539,78.56666564941406,0.4000000059604645,1,1 27 4 20 26 13
1925,446.6500244140625,204.0800018310547,120.27999877929688,83.4000015258789,0.4000000059604645,8,8 2 3 4 22 24
1926,493.6000061035156,190.0833282470703,111.91665649414062,77.83333587646484,0.3333333432674408,1,1 8 22 9 18 21
1927,318.75,191.0516815185547,113.9850082397461,76.66666412353516,0.4000000059604645,19,19 6 2 13 26 9
1928,406.1999816894531,216.41835021972656,125.91832733154297,90.30000305175781,0.20000000298023224,19,19 27 24 7 4 1
1929,377.8999938964844,209.191650390625,124.95832824707031,83.9000015258789,0.3333333432674408,1,1 26 20 24 4 28
1930,339.3999938964844,189.14996337890625,110.71665954589844,78.13333129882812,0.30000001192092896,27,27 20 13 0 21 4
1931,331.5,176.6033172607422,105.70333099365234,70.36666870117188,0.5333333611488342,10,10 9 19 13 8 2
1932,377.5,199.20166015625,119.40166473388672,79.43333435058594,0.36666667461395264,29,29 21 16 12 22 27
1933,438.3000183105469,186.79165649414062,109.125,77.30000305175781,0.36666667461395264,25,25 14 26 4 7 1
1934,466.25,190.00665283203125,113.17332458496094,76.53333282470703,0.30000001192092896,19,19 23 9 3 11 16
1935,307.6500244140625,182.19667053222656,110.26332092285156,71.46666717529297,0.46666666865348816,21,21 28 15 27 9 10
1936,293.20001220703125,182.1950225830078,105.52832794189453,76.36666870117188,0.30000001192092896,26,26 25 5 1 14 16
1937,444.35003662109375,196.80332946777344,113.3699951171875,83.13333129882812,0.30000001192092896,2,2 14 25 24 15 4
1938,355.3999938964844,198.364990234375,118.06498718261719,79.86666870117188,0.4333333373069763,21,21 16 17 24 10 29
1939,507.79998779296875,197.3583526611328,113.52500915527344,83.5999984741211,0.23333333432674408,20,20 11 0 26 14 22
1940,327.1000061035156,167.2466583251953,101.57999420166016,65.23332977294922,0.4333333373069763,23,23 3 17 18 7 26
1941,319.04998779296875,178.76666259765625,102.70000457763672,75.73332977294922,0.3333333432674408,6,6 12 27 1 26 17
1942,409.70001220703125,177.24166870117188,107.37499237060547,69.33333587646484,0.5333333611488342,20,20 19 14 5 1 18
1943,479.45001220703125,176.47332763671875,103.63999938964844,72.46666717529297,0.36666667461395264,14,14 28 13 8 26 23
1944,536.1500244140625,201.52166748046875,121.05498504638672,80.06666564941406,0.4000000059604645,0,0 10 23 8 26 21
1945,331.60003662109375,191.78665161132812,114.2199935913086,77.13333129882812,0.4333333373069763,29,29 6 14 10 25 21
1946,445.25,208.41831970214844,123.2850112915039,84.76667022705078,0.36666667461395264,16,16 17 13 15 12 19
1947,400.25,178.35499572753906,103.35499572753906,74.69999694824219,0.30000001192092896,29,29 7 4 0 15 27
1948,594.300048828125,245.64834594726562,146.8483428955078,98.4000015258789,0.4000000059604645,4,4 0 20 28 25 7
1949,382.20001220703125,218.643310546875,128.94332885742188,89.43333435058594,0.2666666805744171,17,17 21 14 16 25 28
1950,349.9500427246094,194.16998291015625,111.47000885009766,82.43333435058594,0.2666666805744171,20,20 8 22 18 16 21
1951,368.0,189.62667846679688,109.9599838256836,79.36666870117188,0.30000001192092896,3,3 0 14 25 26 24
1952,474.25,222.33999633789062,131.17332458496094,90.80000305175781,0.36666667461395264,20,20 12 11 9 29 14
1953,421.4000244140625,202.6699676513672,117.7699966430664,84.5999984741211,0.30000001192092896,28,28 10 21 2 3 22
1954,356.0,208.6850128173828,124.05166625976562,84.23332977294922,0.4000000059604645,23,23 2 14 15 3 25
1955,441.75,189.81500244140625,109.78165435791016,79.5999984741211,0.4333333373069763,25,25 12 1 10 18 15
1956,326.1000061035156,190.08999633789062,109.72332000732422,80.0999984741211,0.2666666805744171,10,10 1 7 22 21 28
1957,339.20001220703125,195.4199981689453,113.88666534423828,81.16666412353516,0.36666667461395264,17,17 28 18 14 26 27
1958,375.04998779296875,221.260009765625,126.95999908447266,94.0999984741211,0.20000000298023224,28,28 13 9 27 8 16
1959,477.79998779296875,202.54498291015625,117.44499969482422,84.86666870117188,0.23333333432674408,15,15 2 6 12 11 3
1960,435.4499816894531,195.77499389648438,113.67499542236328,81.80000305175781,0.30000001192092896,15,15 23 10 28 27 7
1961,544.7999877929688,226.4550323486328,131.82167053222656,94.33333587646484,0.30000001192092896,23,23 5 4 9 10 22
1962,335.5,192.01165771484375,110.11165618896484,81.63333129882812,0.2666666805744171,4,4 28 27 12 26 19
1963,423.95001220703125,211.78335571289062,122.88333129882812,88.53333282470703,0.36666667461395264,25,25 19 3 14 0 5
1964,485.6500244140625,214.43997192382812,123.00666809082031,91.16666412353516,0.2666666805744171,17,17 7 6 4 2 21
1965,391.0,179.33998107910156,104.57332611083984,74.4000015258789,0.36666667461395264,23,23 7 27 15 26 8
1966,370.1000061035156,202.10333251953125,118.53665924072266,83.13333129882812,0.4333333373069763,23,23 8 0 14 6 15
1967,560.7000122070312,215.28167724609375,126.88166046142578,87.9000015258789,0.5,2,2 16 9 24 13 23
1968,406.5,208.9783172607422,122.57833862304688,86.0,0.4000000059604645,18,18 22 8 23 10 14
1969,460.79998779296875,202.17164611816406,120.77167510986328,80.93333435058594,0.46666666865348816,25,25 11 2 4 10 17
1970,305.8000183105469,199.70664978027344,115.37332153320312,83.93333435058594,0.4000000059604645,13,13 25 7 11 6 3
1971,545.75,207.6000213623047,121.19998931884766,86.06666564941406,0.3333333432674408,0,0 9 17 8 20 12
1972,383.5,201.41168212890625,116.11166381835938,85.0,0.30000001192092896,6,6 0 25 9 10 3
1973,641.7999877929688,225.5416717529297,131.57498168945312,93.69999694824219,0.2666666805744171,12,12 21 14 10 4 22
1974,351.5,209.75498962402344,122.25499725341797,87.23332977294922,0.2666666805744171,14,14 20 12 25 10 28
1975,405.8000183105469,186.88833618164062,109.02165985107422,77.53333282470703,0.3333333432674408,0,0 28 17 26 13 8
1976,383.20001220703125,199.69332885742188,112.76000213623047,86.73332977294922,0.20000000298023224,9,9 11 23 3 0 29
1977,435.75,220.98667907714844,133.18667602539062,87.43333435058594,0.36666667461395264,10,10 3 17 11 4 9
1978,402.29998779296875,185.2749786376953,106.24166107177734,78.56666564941406,0.46666666865348816,20,20 19 0 29 22 12
1979,453.1000061035156,203.93667602539062,119.8699951171875,83.66666412353516,0.4000000059604645,27,27 20 7 3 13 14
1980,438.60003662109375,207.56167602539062,118.42832946777344,88.86666870117188,0.2666666805744171,10,10 19 15 16 8 26
1981,448.54998779296875,225.01499938964844,133.98167419433594,90.5999984741211,0.4333333373069763,25,25 6 26 11 4 1
1982,396.0,195.29335021972656,110.22666931152344,84.76667022705078,0.30000001192092896,29,29 15 28 24 10 11
1983,328.70001220703125,180.7083282470703,106.44166564941406,73.76667022705078,0.5,23,23 4 13 11 9 28
1984,349.8000183105469,206.11997985839844,121.41999816894531,84.46666717529297,0.23333333432674408,25,25 18 17 19 0 9
1985,314.8000183105469,187.2816619873047,108.48167419433594,78.46666717529297,0.3333333432674408,28,28 11 19 20 14 3
1986,417.6500244140625,199.47998046875,121.21334838867188,77.73332977294922,0.5333333611488342,14,14 4 13 12 25 7
1987,369.3999938964844,179.0983428955078,104.3316650390625,74.36666870117188,0.4000000059604645,8,8 10 7 25 5 9
1988,540.7999877929688,215.84500122070312,126.2449951171875,89.23332977294922,0.36666667461395264,11,11 8 24 3 4 13
1989,438.5,203.48666381835938,119.91999816894531,83.13333129882812,0.4333333373069763,25,25 17 21 7 6 8
1990,513.800048828125,202.70164489746094,117.6683349609375,84.76667022705078,0.2666666805744171,10,10 3 22 17 6 2
1991,453.3999938964844,212.4966583251953,123.66333770751953,88.53333282470703,0.30000001192092896,11,11 19 12 16 24 5
1992,477.29998779296875,207.59664916992188,122.29666137695312,84.9000015258789,0.4000000059604645,3,3 0 11 10 14 6
1993,359.75,176.29335021972656,102.7933349609375,73.19999694824219,0.30000001192092896,18,18 7 8 25 21 29
1994,275.45001220703125,200.9216766357422,118.55501556396484,82.06666564941406,0.30000001192092896,6,6 25 27 16 20 4
1995,375.3999938964844,185.10499572753906,106.4383316040039,78.43333435058594,0.23333333432674408,28,28 20 26 1 2 27
1996,329.5,201.58163452148438,115.04833221435547,86.36666870117188,0.1666666716337204,22,22 16 3 9 5 19
1997,480.3500061035156,186.00498962402344,106.6050033569336,79.13333129882812,0.2666666805744171,4,4 13 26 22 5 11
1998,394.0,201.80166625976562,116.36833190917969,85.16666412353516,0.2666666805744171,26,26 1 11 5 12 18
1999,328.8999938964844,191.54331970214844,108.81000518798828,82.46666717529297,0.2666666805744171,16,16 22 18 29 7 19
